ST_CASE,State Name,State Abbreviation,# of Vehicle involved,Parked_Vehicles_Involved,Pedestrains,Person_Not_in_Motor_Vehicle,Persons_in_motor_vehicle,Total_Persons_in_accident,COUNTY,CITY,City_County_Name,Calendar_DAY,MONTH,Month_name,YEAR,DAY_WEEK,Day_Week_desc,HOUR,MINUTE,NHS_Desc,trafficway,Route,MILEPT,LATITUDE,LONGITUD,First_Crash_event,Light_cond_desc,Weather_condition,School_bus_involved,Crash_cause,FATALS,DRUNK_DR
10154,ALABAMA,AL,6,6,0,0,7,7,97,2100,AXIS,16,3,March,2012,6,Friday,10,8,0,16,4,0,30.66112500,-88.22539444,12,1,0,0,0,1,0
10155,ALABAMA,AL,2,2,0,0,3,3,97,0,AXIS,16,3,March,2012,6,Friday,15,30,0,3,3,150,30.46307500,-88.11483611,12,1,0,0,0,1,0
10156,ALABAMA,AL,1,1,0,0,1,1,1,0,AUTAUGA,17,3,March,2012,7,Saturday,2,10,0,4,4,0,32.52451944,-86.89781667,34,2,0,0,0,1,0
10157,ALABAMA,AL,2,2,1,1,2,2,97,2100,AXIS,17,3,March,2012,7,Saturday,21,10,0,12,2,0,30.67800278,-88.08045833,8,3,0,0,0,1,1
10158,ALABAMA,AL,1,1,0,0,1,1,95,0,ALBERTVILLE,18,3,March,2012,1,Sunday,17,50,0,4,4,0,34.49536389,-86.23398056,32,1,0,0,0,1,0
10159,ALABAMA,AL,1,1,1,1,1,1,3,1493,BALDWIN,21,2,February,2012,3,Tuesday,18,0,0,6,4,0,30.29743333,-87.66884722,9,2,0,0,0,1,1
10160,ALABAMA,AL,2,2,0,0,2,2,3,2355,BALDWIN,22,2,February,2012,4,Wednesday,12,50,0,15,3,250,30.28985556,-87.62947778,12,1,0,0,0,1,0
10161,ALABAMA,AL,1,1,0,0,1,1,15,0,ANNISTON,18,3,March,2012,1,Sunday,0,10,1,2,3,895,33.74445278,-86.04890556,42,2,0,0,0,1,1
10162,ALABAMA,AL,2,2,0,0,2,2,95,0,ALBERTVILLE,19,3,March,2012,2,Monday,19,45,1,2,2,2900,34.36908611,-86.51086667,12,2,0,0,0,2,1
10163,ALABAMA,AL,1,1,0,0,1,1,89,0,BROWNSBORO,21,3,March,2012,4,Wednesday,19,5,0,4,4,0,34.88002222,-86.58886667,34,2,0,0,0,1,0
10164,ALABAMA,AL,1,1,0,0,3,3,97,2100,AXIS,21,3,March,2012,4,Wednesday,23,27,0,16,2,0,30.69046667,-88.05713889,42,3,0,0,0,1,0
10165,ALABAMA,AL,1,1,0,0,7,7,35,0,BROOKLYN,10,3,March,2012,7,Saturday,10,40,1,1,1,1032,31.50639722,-86.92220833,1,1,0,0,0,1,0
10166,ALABAMA,AL,2,2,0,0,2,2,19,1852,CEDAR BLUFF,28,3,March,2012,4,Wednesday,14,33,0,14,2,2362,34.17789722,-85.76002500,12,1,0,0,0,1,0
10167,ALABAMA,AL,2,2,0,0,2,2,101,2130,BOYLSTON,15,3,March,2012,5,Thursday,15,59,1,12,2,0,32.30666667,-86.39862222,1,1,0,0,0,1,0
10168,ALABAMA,AL,3,3,0,0,4,4,125,0,BROOKWOOD,18,3,March,2012,1,Sunday,10,38,1,2,2,576,33.12571389,-87.48337778,12,1,0,0,0,1,0
10169,ALABAMA,AL,1,1,0,0,1,1,47,0,BROWNS,22,3,March,2012,5,Thursday,23,30,0,5,4,0,32.55512778,-87.03888333,42,2,0,0,0,1,1
10170,ALABAMA,AL,2,2,0,0,4,4,21,0,CHILTON,23,3,March,2012,6,Friday,17,0,1,1,1,2215,33.00632778,-86.70603611,12,1,0,0,0,1,0
10171,ALABAMA,AL,2,2,0,0,3,3,117,530,BIRMINGHAM,23,3,March,2012,6,Friday,10,46,0,14,2,2440,33.12048611,-86.75300278,12,1,0,0,0,1,0
10172,ALABAMA,AL,1,1,0,0,1,1,21,0,CHILTON,24,3,March,2012,7,Saturday,16,0,0,5,4,0,32.92735278,-86.69600833,34,1,0,0,0,1,0
10173,ALABAMA,AL,2,2,0,0,3,3,127,0,BURNWELL,24,3,March,2012,7,Saturday,15,5,1,2,3,1629,33.80707500,-87.14337778,12,1,0,0,0,1,0
10174,ALABAMA,AL,1,1,1,1,1,1,81,0,AUBURN,25,3,March,2012,1,Sunday,5,20,1,2,2,1286,32.59458889,-85.22263889,8,2,0,0,0,1,0
10175,ALABAMA,AL,1,1,0,0,1,1,85,0,BENTON,25,3,March,2012,1,Sunday,17,25,0,3,2,1580,32.05656111,-86.41636667,1,1,0,0,0,1,0
10176,ALABAMA,AL,2,1,0,0,1,1,125,3050,BROOKWOOD,27,3,March,2012,3,Tuesday,19,53,0,16,6,0,33.19353056,-87.56180833,14,3,0,0,0,1,1
10177,ALABAMA,AL,1,1,0,0,1,1,3,0,BALDWIN,28,3,March,2012,4,Wednesday,9,30,0,4,4,0,30.47251667,-87.75938056,34,1,0,0,0,1,0
10178,ALABAMA,AL,2,2,0,0,3,3,73,350,ARGO,29,3,March,2012,5,Thursday,19,55,0,4,4,0,33.47675556,-87.08765556,12,2,0,0,0,1,0
10179,ALABAMA,AL,2,2,0,0,3,3,43,0,BAILEYTON,29,3,March,2012,5,Thursday,21,5,0,3,3,2242,33.95588889,-87.00813611,12,2,0,0,0,2,0
10180,ALABAMA,AL,1,1,4,4,1,1,125,2260,BROOKWOOD,31,3,March,2012,7,Saturday,16,23,0,14,4,0,33.21945556,-87.59128611,8,1,0,0,0,1,1
10181,ALABAMA,AL,2,2,0,0,4,4,125,718,BROOKWOOD,31,3,March,2012,7,Saturday,18,37,0,14,2,938,33.17017778,-87.34063611,12,5,0,0,0,1,0
10182,ALABAMA,AL,1,1,0,0,2,2,93,0,BEAR CREEK,31,3,March,2012,7,Saturday,20,45,0,4,3,222,34.17429722,-87.83707778,34,2,0,0,0,1,0
10183,ALABAMA,AL,1,1,0,0,1,1,73,0,ARGO,31,3,March,2012,7,Saturday,7,25,0,14,4,0,33.64474167,-86.77215833,42,1,0,0,0,1,0
10184,ALABAMA,AL,1,1,0,0,1,1,45,0,ARITON,31,3,March,2012,7,Saturday,2,15,0,4,4,0,31.39720000,-85.56591111,58,2,0,0,0,1,1
10185,ALABAMA,AL,4,4,0,0,4,4,117,0,BIRMINGHAM,1,4,April,2012,1,Sunday,0,40,1,2,2,119,33.37400556,-86.66565278,12,2,0,0,0,1,0
10186,ALABAMA,AL,1,1,0,0,1,1,31,1030,COFFEE,3,4,April,2012,3,Tuesday,8,10,0,14,3,0,31.33288889,-85.79871389,33,1,0,0,0,1,0
10187,ALABAMA,AL,1,1,0,0,1,1,45,2470,ARITON,10,4,April,2012,3,Tuesday,2,17,1,12,2,315,31.32627778,-85.52678056,42,2,0,0,0,1,0
10188,ALABAMA,AL,1,1,0,0,1,1,55,400,ATTALLA,14,4,April,2012,7,Saturday,5,7,0,14,3,13,34.17330000,-86.15356111,58,3,0,0,0,1,0
10189,ALABAMA,AL,1,1,1,1,1,1,73,350,ARGO,3,4,April,2012,3,Tuesday,12,45,0,14,6,0,33.53476667,-86.75447500,8,1,0,0,0,1,0
10190,ALABAMA,AL,1,1,0,0,1,1,117,0,BIRMINGHAM,1,4,April,2012,1,Sunday,17,30,0,3,3,1620,33.48401667,-86.52559167,35,1,0,0,0,1,1
10191,ALABAMA,AL,1,1,0,0,1,1,1,0,AUTAUGA,2,4,April,2012,2,Monday,17,0,0,6,4,0,32.44461389,-86.49020556,42,1,0,0,0,1,0
10192,ALABAMA,AL,1,1,0,0,1,1,73,0,ARGO,2,4,April,2012,2,Monday,14,16,0,4,4,0,33.77373889,-86.93325556,42,1,0,0,0,1,0
10193,ALABAMA,AL,2,2,0,0,4,4,39,2712,ANDALUSIA,4,4,April,2012,4,Wednesday,16,3,0,4,4,0,31.31808611,-86.40690000,12,1,0,0,0,1,0
10194,ALABAMA,AL,1,1,0,0,1,1,73,0,ARGO,5,4,April,2012,5,Thursday,15,55,0,6,4,0,33.83248056,-86.83369167,34,1,0,0,0,1,1
10195,ALABAMA,AL,1,1,0,0,1,1,1,0,AUTAUGA,5,4,April,2012,5,Thursday,11,20,0,4,4,0,32.44435556,-86.58940833,42,1,0,0,0,1,1
10196,ALABAMA,AL,1,1,0,0,1,1,87,0,ARMSTRONG,6,4,April,2012,6,Friday,23,12,0,3,3,35,32.48331389,-85.73797222,59,2,0,0,0,1,1
10197,ALABAMA,AL,1,1,0,0,1,1,49,0,COLLINSVILLE,7,4,April,2012,7,Saturday,19,25,0,5,4,0,34.29494722,-86.03820000,23,2,0,0,0,1,1
10198,ALABAMA,AL,1,1,0,0,2,2,125,0,BROOKWOOD,7,4,April,2012,7,Saturday,12,10,1,2,2,685,33.03678889,-87.35360000,42,1,0,0,0,1,0
10199,ALABAMA,AL,1,1,0,0,1,1,1,0,AUTAUGA,10,4,April,2012,3,Tuesday,4,45,0,4,4,0,32.67220000,-86.64515000,34,2,0,0,0,1,0
10200,ALABAMA,AL,2,2,0,0,3,3,49,0,COLLINSVILLE,12,4,April,2012,5,Thursday,15,50,0,6,4,0,34.26475000,-85.97988611,12,1,0,0,0,1,0
10201,ALABAMA,AL,1,1,0,0,1,1,27,0,ASHLAND,13,4,April,2012,6,Friday,12,30,0,4,4,0,33.46076111,-85.72939722,42,1,0,0,0,1,0
10202,ALABAMA,AL,2,2,0,0,3,3,1,0,AUTAUGA,23,3,March,2012,6,Friday,23,29,1,1,1,1823,32.50154444,-86.41842500,12,2,0,0,0,1,0
10203,ALABAMA,AL,1,1,1,1,3,3,97,2100,AXIS,15,4,April,2012,1,Sunday,1,20,0,16,6,0,30.71968056,-88.18571111,8,2,0,0,0,1,0
10204,ALABAMA,AL,3,3,0,0,3,3,97,2100,AXIS,14,4,April,2012,7,Saturday,23,0,1,11,1,12,30.64061389,-88.11859722,12,3,0,0,0,1,1
10205,ALABAMA,AL,1,1,1,1,1,1,89,1730,BROWNSBORO,26,1,January,2012,5,Thursday,15,0,0,15,6,0,34.72790278,-86.69876389,9,1,0,0,0,1,0
10206,ALABAMA,AL,1,1,2,2,1,1,73,330,ARGO,2,3,March,2012,6,Friday,21,49,0,12,6,0,33.42180556,-86.94870278,8,2,0,0,0,2,0
10207,ALABAMA,AL,1,1,0,0,1,1,109,0,ANSLEY,29,3,March,2012,5,Thursday,13,50,0,5,4,0,31.76142778,-85.96144722,42,1,0,0,0,1,0
10208,ALABAMA,AL,2,2,0,0,2,2,103,0,DANVILLE,6,3,March,2012,3,Tuesday,16,10,0,2,2,3050,34.54669444,-86.58757500,12,1,0,0,0,1,0
10209,ALABAMA,AL,2,2,0,0,2,2,73,330,ARGO,9,4,April,2012,2,Monday,16,17,0,12,6,0,33.41114167,-86.95717222,12,1,0,0,0,1,0
10210,ALABAMA,AL,1,1,0,0,2,2,77,0,ANDERSON,9,4,April,2012,2,Monday,14,45,0,4,4,0,34.85004722,-87.25537778,32,1,0,0,0,2,0
10211,ALABAMA,AL,1,1,0,0,3,3,53,0,ATMORE,12,4,April,2012,5,Thursday,13,7,0,3,3,72,31.09962778,-87.47996944,34,1,0,0,0,2,1
10212,ALABAMA,AL,2,2,0,0,4,4,79,0,COURTLAND,13,4,April,2012,6,Friday,23,45,1,2,3,571,34.51621111,-87.20598056,12,6,0,0,0,1,0
10213,ALABAMA,AL,1,1,0,0,2,2,5,0,BAKER HILL,13,4,April,2012,6,Friday,18,15,0,4,3,542,31.93489722,-85.49785000,1,1,0,0,0,1,1
10214,ALABAMA,AL,2,2,0,0,4,4,3,860,BALDWIN,14,4,April,2012,7,Saturday,10,44,1,11,1,355,30.65609167,-87.90759722,57,1,0,0,0,1,0
10215,ALABAMA,AL,1,1,0,0,1,1,117,0,BIRMINGHAM,14,4,April,2012,7,Saturday,18,25,0,3,3,1567,33.49191667,-86.54189722,24,1,0,0,0,1,1
10216,ALABAMA,AL,2,2,0,0,3,3,97,0,AXIS,15,4,April,2012,1,Sunday,13,55,1,2,2,31,30.83109722,-88.38544722,12,1,0,0,0,1,0
10217,ALABAMA,AL,3,3,0,0,7,7,127,1780,BURNWELL,17,4,April,2012,3,Tuesday,17,38,0,5,6,0,33.85987778,-87.26544444,12,1,0,0,0,1,0
10218,ALABAMA,AL,2,2,0,0,7,7,125,0,BROOKWOOD,17,4,April,2012,3,Tuesday,6,37,0,4,4,0,33.13174444,-87.74516389,12,1,0,0,0,1,0
10219,ALABAMA,AL,1,1,1,1,1,1,77,0,ANDERSON,17,4,April,2012,3,Tuesday,8,15,1,2,2,3335,34.96871667,-87.52286944,8,1,0,0,0,1,0
10220,ALABAMA,AL,2,2,0,0,4,4,117,1630,BIRMINGHAM,18,4,April,2012,4,Wednesday,8,55,0,14,4,0,33.28593056,-86.88115833,12,1,0,0,0,1,0
10221,ALABAMA,AL,2,2,0,0,2,2,19,0,CEDAR BLUFF,18,4,April,2012,4,Wednesday,21,25,0,4,2,2551,34.08630833,-85.46177222,12,2,0,0,0,1,0
10222,ALABAMA,AL,1,1,0,0,1,1,77,0,ANDERSON,19,4,April,2012,5,Thursday,21,25,0,6,4,0,34.80781944,-87.90125000,42,2,0,0,0,1,1
10223,ALABAMA,AL,1,1,0,0,1,1,97,2100,AXIS,19,4,April,2012,5,Thursday,22,20,0,14,6,0,30.59889167,-88.16327500,33,2,0,0,0,1,1
10224,ALABAMA,AL,1,1,0,0,1,1,85,2147,BENTON,21,4,April,2012,7,Saturday,6,45,0,5,4,0,32.18173889,-86.71330556,58,4,0,0,0,1,1
10225,ALABAMA,AL,1,1,0,0,2,2,97,0,AXIS,21,4,April,2012,7,Saturday,3,28,0,6,4,0,30.61815000,-88.24277778,32,2,0,0,0,1,1
10226,ALABAMA,AL,2,2,0,0,2,2,73,0,ARGO,23,4,April,2012,2,Monday,13,40,0,4,4,0,33.51423889,-87.13414444,12,1,0,0,0,1,0
10227,ALABAMA,AL,2,2,0,0,19,19,47,0,BROWNS,23,4,April,2012,2,Monday,15,25,1,2,3,335,32.25585833,-87.40262778,12,1,0,1,0,1,0
10228,ALABAMA,AL,1,1,0,0,2,2,127,0,BURNWELL,23,4,April,2012,2,Monday,11,30,0,3,3,1875,33.98773056,-87.47805556,42,1,0,0,0,1,0
10229,ALABAMA,AL,1,1,0,0,1,1,9,0,BLOUNT,24,4,April,2012,3,Tuesday,4,50,1,2,3,300,33.92723889,-86.60364444,42,2,0,0,0,1,0
10230,ALABAMA,AL,1,1,0,0,1,1,117,530,BIRMINGHAM,25,4,April,2012,4,Wednesday,5,30,0,4,4,0,33.10479167,-86.75018333,42,4,0,0,0,1,0
10231,ALABAMA,AL,1,1,0,0,1,1,35,0,BROOKLYN,27,4,April,2012,6,Friday,21,5,0,4,4,0,31.33153056,-87.12772500,42,2,0,0,0,1,1
10232,ALABAMA,AL,1,1,0,0,1,1,127,0,BURNWELL,28,4,April,2012,7,Saturday,17,30,0,6,4,0,33.64251389,-87.14800000,42,1,0,0,0,1,0
10233,ALABAMA,AL,1,1,0,0,1,1,119,0,BELLAMY,29,4,April,2012,1,Sunday,19,30,0,4,2,213,32.63746667,-88.17322500,42,5,0,0,0,1,1
10234,ALABAMA,AL,2,2,0,0,2,2,55,0,ATTALLA,29,4,April,2012,1,Sunday,6,22,0,3,2,2285,34.11772500,-85.86036389,12,4,0,0,0,1,1
10235,ALABAMA,AL,1,1,0,0,1,1,89,1970,BROWNSBORO,21,4,April,2012,7,Saturday,1,42,0,14,6,0,34.73904444,-86.74999722,30,3,0,0,0,1,1
10236,ALABAMA,AL,1,1,1,1,1,1,29,1620,BORDEN SPRINGS,22,4,April,2012,1,Sunday,20,0,0,14,2,1750,33.64156389,-85.59073333,8,3,0,0,0,1,0
10237,ALABAMA,AL,1,1,0,0,1,1,97,2100,AXIS,30,4,April,2012,2,Monday,2,20,0,14,6,0,30.71145833,-88.16396111,1,3,0,0,0,1,0
10238,ALABAMA,AL,1,1,0,0,3,3,73,330,ARGO,28,4,April,2012,7,Saturday,17,52,1,11,1,1125,33.41581389,-86.96353889,59,5,0,0,0,1,1
10239,ALABAMA,AL,1,1,0,0,1,1,73,1750,ARGO,15,4,April,2012,1,Sunday,10,21,0,15,6,0,33.56290556,-86.61146944,59,1,0,0,0,1,0
10240,ALABAMA,AL,2,2,0,0,2,2,89,0,BROWNSBORO,23,4,April,2012,2,Monday,10,45,1,2,2,3499,34.94562222,-86.57176667,12,1,0,0,0,1,0
10241,ALABAMA,AL,1,1,0,0,1,1,81,0,AUBURN,27,4,April,2012,6,Friday,22,26,1,2,2,1423,32.71205278,-85.37487222,1,2,0,0,0,1,1
10242,ALABAMA,AL,1,1,0,0,1,1,73,0,ARGO,2,5,May,2012,4,Wednesday,12,15,0,15,4,0,33.41204444,-86.75793889,35,1,0,0,0,1,0
10243,ALABAMA,AL,1,1,0,0,1,1,97,2100,AXIS,3,5,May,2012,5,Thursday,7,12,1,11,1,20,30.65261667,-88.12038333,52,1,0,0,0,1,0
10244,ALABAMA,AL,1,1,1,1,3,3,125,3050,BROOKWOOD,5,5,May,2012,7,Saturday,20,7,0,14,5,0,33.19434722,-87.59840556,8,3,0,0,0,1,0
10245,ALABAMA,AL,2,2,0,0,3,3,7,620,BIBB,7,5,May,2012,2,Monday,8,0,0,15,2,830,32.95874444,-87.14762778,12,1,0,0,0,1,0
10246,ALABAMA,AL,1,1,0,0,1,1,51,970,CENTRAL,11,5,May,2012,6,Friday,21,10,0,4,6,0,32.63194167,-86.03436111,34,3,0,0,0,1,0
10247,ALABAMA,AL,1,1,1,1,1,1,89,1730,BROWNSBORO,12,5,May,2012,7,Saturday,23,34,1,12,3,0,34.72011944,-86.61517778,8,3,0,0,0,1,0
10248,ALABAMA,AL,1,1,0,0,1,1,89,2368,BROWNSBORO,12,5,May,2012,7,Saturday,3,0,0,4,6,0,34.56493333,-86.45394167,30,2,0,0,0,1,0
10249,ALABAMA,AL,1,1,0,0,1,1,103,0,DANVILLE,1,5,May,2012,3,Tuesday,20,35,1,1,1,3340,34.54608611,-86.90628333,1,2,0,0,0,1,0
10250,ALABAMA,AL,1,1,0,0,1,1,21,0,CHILTON,1,5,May,2012,3,Tuesday,15,28,0,6,4,0,32.72965556,-86.81389444,35,1,0,0,0,1,1
10251,ALABAMA,AL,2,2,0,0,3,3,89,0,BROWNSBORO,3,5,May,2012,5,Thursday,12,20,0,3,4,0,34.76481667,-86.74949444,12,1,0,0,0,1,0
10252,ALABAMA,AL,3,3,0,0,3,3,73,1750,ARGO,4,5,May,2012,6,Friday,15,35,1,11,1,270,33.52895833,-86.65622222,12,1,0,0,0,1,0
10253,ALABAMA,AL,1,1,0,0,1,1,121,0,BON AIR,5,5,May,2012,7,Saturday,13,30,0,4,4,0,33.55332222,-85.94040000,42,1,0,0,0,1,1
10254,ALABAMA,AL,2,2,0,0,3,3,125,0,BROOKWOOD,7,5,May,2012,2,Monday,14,46,0,5,4,0,33.45931944,-87.70105556,12,1,0,0,0,1,0
10255,ALABAMA,AL,1,1,0,0,1,1,117,0,BIRMINGHAM,7,5,May,2012,2,Monday,12,55,1,1,1,2295,33.12057222,-86.74163333,24,1,0,0,0,1,0
10257,ALABAMA,AL,2,1,0,0,1,1,51,0,CENTRAL,7,5,May,2012,2,Monday,6,50,0,3,3,101,32.63127778,-86.06923889,34,1,0,0,0,1,0
10258,ALABAMA,AL,1,1,0,0,1,1,113,2440,COTTONTON,8,5,May,2012,3,Tuesday,2,30,1,12,2,2166,32.49883889,-85.01859167,42,2,0,0,0,1,1
10259,ALABAMA,AL,1,1,0,0,1,1,37,0,BRADFORD,16,5,May,2012,4,Wednesday,13,30,0,4,4,0,32.94983611,-86.44012778,42,1,0,0,0,1,0
10260,ALABAMA,AL,1,1,1,1,2,2,97,0,AXIS,17,5,May,2012,5,Thursday,18,40,0,5,4,0,30.76506389,-88.25972500,8,1,0,0,0,1,0
10261,ALABAMA,AL,2,2,0,0,2,2,49,2904,COLLINSVILLE,17,5,May,2012,5,Thursday,12,19,0,4,4,0,34.53891111,-85.76353056,12,1,0,0,0,1,0
10262,ALABAMA,AL,1,1,0,0,4,4,29,0,BORDEN SPRINGS,18,5,May,2012,6,Friday,22,20,0,3,2,1862,33.72772222,-85.45393333,35,2,0,0,0,1,1
10263,ALABAMA,AL,2,2,0,0,5,5,45,2380,ARITON,18,5,May,2012,6,Friday,13,28,1,12,2,421,31.43579722,-85.63545000,43,1,0,0,0,1,0
10264,ALABAMA,AL,1,1,1,1,4,4,101,2130,BOYLSTON,19,5,May,2012,7,Saturday,13,42,0,16,6,0,32.35601667,-86.31960278,8,1,0,0,0,1,0
10265,ALABAMA,AL,1,1,0,0,2,2,113,0,COTTONTON,20,5,May,2012,1,Sunday,20,37,0,4,4,0,32.46135833,-85.22575000,1,2,0,0,0,2,0
10266,ALABAMA,AL,1,1,0,0,1,1,111,0,GRAHAM,20,5,May,2012,1,Sunday,3,45,0,3,3,203,33.33438889,-85.42708611,30,2,0,0,0,1,0
10267,ALABAMA,AL,3,3,0,0,5,5,55,0,ATTALLA,20,5,May,2012,1,Sunday,16,20,0,4,4,0,34.02489444,-85.83030278,12,1,0,0,0,1,0
10268,ALABAMA,AL,2,2,0,0,2,2,11,3090,BULLOCK,23,3,March,2012,6,Friday,7,45,0,16,6,0,32.13754722,-85.72633333,12,1,0,0,0,1,0
10269,ALABAMA,AL,2,2,0,0,2,2,125,0,BROOKWOOD,12,4,April,2012,5,Thursday,11,45,1,2,2,556,33.14181944,-87.51375278,12,1,0,0,0,1,0
10270,ALABAMA,AL,1,1,0,0,1,1,73,350,ARGO,13,4,April,2012,6,Friday,22,40,0,15,6,0,33.54756389,-86.90003056,1,2,0,0,0,1,0
10271,ALABAMA,AL,1,1,0,0,2,2,73,0,ARGO,16,4,April,2012,2,Monday,22,30,0,15,6,0,33.46632500,-86.97997500,42,2,0,0,0,2,0
10272,ALABAMA,AL,4,4,0,0,4,4,7,0,BIBB,8,5,May,2012,3,Tuesday,6,55,1,2,2,885,32.93984722,-87.07407500,12,1,0,0,0,1,0
10273,ALABAMA,AL,2,2,0,0,4,4,81,0,AUBURN,12,5,May,2012,7,Saturday,8,30,0,3,3,211,32.57121944,-85.31163611,12,1,0,0,0,1,1
10274,ALABAMA,AL,3,3,0,0,3,3,73,1716,ARGO,13,5,May,2012,1,Sunday,7,54,0,14,4,0,33.40918611,-86.80595556,12,1,0,0,0,1,1
10275,ALABAMA,AL,1,1,1,1,1,1,77,0,ANDERSON,15,5,May,2012,3,Tuesday,3,40,0,4,3,757,34.90358056,-87.74066389,8,2,0,0,0,1,0
10276,ALABAMA,AL,2,2,0,0,2,2,53,0,ATMORE,16,5,May,2012,4,Wednesday,5,55,0,3,3,108,31.14759167,-87.46355000,12,4,0,0,0,1,0
10277,ALABAMA,AL,3,3,0,0,3,3,9,0,BLOUNT,19,5,May,2012,7,Saturday,22,30,0,3,3,135,33.77130278,-86.63075278,12,2,0,0,0,1,0
10278,ALABAMA,AL,2,2,0,0,3,3,81,0,AUBURN,19,5,May,2012,7,Saturday,18,46,0,6,4,0,32.51810000,-85.14592778,12,1,0,0,0,1,0
10279,ALABAMA,AL,1,1,0,0,1,1,97,2100,AXIS,20,5,May,2012,1,Sunday,6,5,0,16,6,0,30.69530833,-88.08458333,42,4,0,0,0,1,0
10280,ALABAMA,AL,1,1,0,0,1,1,89,1970,BROWNSBORO,20,5,May,2012,1,Sunday,1,50,0,5,6,0,34.69220556,-86.77181389,42,2,0,0,0,1,0
10281,ALABAMA,AL,2,2,0,0,4,4,99,0,BEATRICE,21,5,May,2012,2,Monday,13,35,0,4,3,315,31.40931389,-87.42890278,12,1,0,0,0,1,0
10282,ALABAMA,AL,1,1,1,1,1,1,97,2100,AXIS,23,5,May,2012,4,Wednesday,0,51,0,15,6,0,30.74016111,-88.14900833,8,2,0,0,0,1,0
10283,ALABAMA,AL,1,1,0,0,1,1,109,0,ANSLEY,24,5,May,2012,5,Thursday,12,45,1,6,4,0,32.00039167,-85.92708333,34,1,0,0,0,1,0
10284,ALABAMA,AL,1,1,0,0,1,1,127,0,BURNWELL,25,5,May,2012,6,Friday,23,58,1,2,1,610,33.81381111,-87.30766111,52,2,0,0,0,1,1
10285,ALABAMA,AL,1,1,0,0,1,1,133,0,ARLEY,26,5,May,2012,7,Saturday,14,5,0,4,4,0,34.06806111,-87.45407500,42,1,0,0,0,1,0
10286,ALABAMA,AL,1,1,0,0,1,1,89,1970,BROWNSBORO,27,5,May,2012,1,Sunday,2,30,1,11,1,95,34.67298889,-86.75370278,1,3,0,0,0,1,0
10287,ALABAMA,AL,1,1,0,0,1,1,49,0,COLLINSVILLE,31,5,May,2012,5,Thursday,7,55,0,6,4,0,34.42985833,-85.85525278,34,1,0,0,0,1,0
10288,ALABAMA,AL,1,1,0,0,1,1,89,1730,BROWNSBORO,24,5,May,2012,5,Thursday,12,20,0,15,6,0,34.68943333,-86.58420000,33,1,0,0,0,1,0
10289,ALABAMA,AL,1,1,0,0,1,1,43,0,BAILEYTON,1,5,May,2012,3,Tuesday,17,10,1,1,1,2954,34.00269444,-86.86179444,42,1,0,0,0,1,0
10290,ALABAMA,AL,1,1,0,0,1,1,73,0,ARGO,20,5,May,2012,1,Sunday,16,40,0,4,4,0,33.78880000,-86.89093611,35,1,0,0,0,1,0
10291,ALABAMA,AL,3,3,0,0,4,4,117,2405,BIRMINGHAM,30,5,May,2012,4,Wednesday,16,12,0,14,4,0,33.29616111,-86.74943333,12,1,0,0,0,2,0
10292,ALABAMA,AL,1,1,0,0,1,1,85,0,BENTON,30,5,May,2012,4,Wednesday,18,5,1,1,1,1480,32.05218333,-86.49695556,42,1,0,0,0,1,0
10293,ALABAMA,AL,1,1,0,0,1,1,103,0,DANVILLE,30,5,May,2012,4,Wednesday,11,40,0,6,4,0,34.44203889,-86.65057222,32,1,0,0,0,1,1
10294,ALABAMA,AL,2,2,0,0,3,3,73,1315,ARGO,31,5,May,2012,5,Thursday,14,30,0,14,3,2850,33.65722778,-86.81163889,12,1,0,0,0,1,0
10295,ALABAMA,AL,2,2,0,0,2,2,121,0,BON AIR,31,5,May,2012,5,Thursday,8,50,1,2,2,449,33.13457500,-86.24748056,12,1,0,0,0,1,0
10296,ALABAMA,AL,1,1,0,0,3,3,73,350,ARGO,27,5,May,2012,1,Sunday,5,0,0,14,6,0,33.48088889,-86.86058333,19,3,0,0,0,1,1
10297,ALABAMA,AL,1,1,0,0,1,1,103,1590,DANVILLE,28,5,May,2012,2,Monday,15,52,0,12,2,3495,34.48772222,-86.96420000,1,1,0,0,0,1,0
10298,ALABAMA,AL,2,2,0,0,2,2,97,0,AXIS,2,6,June,2012,7,Saturday,0,25,0,4,4,0,30.46248889,-88.16121111,12,2,0,0,0,1,2
10299,ALABAMA,AL,1,1,0,0,1,1,23,0,BLADON SPRINGS,3,6,June,2012,1,Sunday,16,45,0,6,4,0,31.78228611,-88.45488056,42,1,0,0,0,1,0
10300,ALABAMA,AL,1,1,0,0,1,1,43,0,BAILEYTON,3,6,June,2012,1,Sunday,21,0,0,5,4,0,34.09324444,-86.67796944,34,3,0,0,0,1,1
10301,ALABAMA,AL,1,1,0,0,1,1,127,0,BURNWELL,4,6,June,2012,2,Monday,0,10,0,3,3,2148,33.90301389,-87.14253611,42,2,0,0,0,1,0
10302,ALABAMA,AL,2,2,0,0,3,3,59,0,FRANKLIN,5,6,June,2012,3,Tuesday,12,38,1,2,3,2860,34.38775278,-87.73696389,12,1,0,0,0,1,0
10303,ALABAMA,AL,1,1,0,0,1,1,97,2100,AXIS,9,6,June,2012,7,Saturday,23,45,0,12,6,0,30.64066111,-88.15826667,33,3,0,0,0,1,1
10304,ALABAMA,AL,2,2,0,0,5,5,89,1730,BROWNSBORO,10,6,June,2012,1,Sunday,15,12,0,16,6,0,34.66648056,-86.53055833,12,1,0,0,0,1,0
10305,ALABAMA,AL,1,1,0,0,1,1,115,2410,ASHVILLE,2,6,June,2012,7,Saturday,7,10,0,3,6,0,33.58101111,-86.28382778,34,1,0,0,0,1,0
10306,ALABAMA,AL,1,1,0,0,2,2,73,1710,ARGO,3,6,June,2012,1,Sunday,1,54,1,11,1,2560,33.46909722,-86.82783611,30,3,0,0,0,1,0
10307,ALABAMA,AL,2,2,0,0,4,4,131,2490,ARLINGTON,7,6,June,2012,5,Thursday,10,43,1,2,3,120,31.99498611,-87.57510278,12,1,0,0,0,1,0
10308,ALABAMA,AL,1,1,0,0,1,1,89,1730,BROWNSBORO,9,6,June,2012,7,Saturday,2,17,0,15,6,0,34.78806944,-86.49182222,34,2,0,0,0,1,0
10309,ALABAMA,AL,1,1,0,0,1,1,73,350,ARGO,4,6,June,2012,2,Monday,11,15,1,15,6,0,33.59959167,-86.73323611,1,1,0,0,0,1,0