ST_CASE,State Name,State Abbreviation,# of Vehicle involved,Parked_Vehicles_Involved,Pedestrains,Person_Not_in_Motor_Vehicle,Persons_in_motor_vehicle,Total_Persons_in_accident,COUNTY,CITY,City_County_Name,Calendar_DAY,MONTH,Month_name,YEAR,DAY_WEEK,Day_Week_desc,HOUR,MINUTE,NHS_Desc,trafficway,Route,MILEPT,LATITUDE,LONGITUD,First_Crash_event,Light_cond_desc,Weather_condition,School_bus_involved,Crash_cause,FATALS,DRUNK_DR
10765,ALABAMA,AL,2,2,0,0,7,7,107,0,CARROLLTON,29,12,December,2012,7,Saturday,18,39,0,3,3,2070,33.34250556,-88.02650833,12,2,0,0,0,2,0
10766,ALABAMA,AL,2,2,0,0,4,4,21,0,CHILTON,23,8,August,2012,5,Thursday,17,45,1,3,2,2262,32.88724722,-86.67160278,12,1,0,0,0,1,0
10767,ALABAMA,AL,1,1,0,0,2,2,73,0,ARGO,19,12,December,2012,4,Wednesday,20,50,0,4,4,0,33.75127778,-86.76417500,34,2,0,0,0,1,0
10768,ALABAMA,AL,2,2,0,0,2,2,97,2100,AXIS,4,8,August,2012,7,Saturday,22,51,1,13,6,0,30.67647778,-88.09372778,12,3,0,0,0,1,0
10769,ALABAMA,AL,2,2,0,0,2,2,105,2020,MARION,17,12,December,2012,2,Monday,17,20,0,3,3,890,32.63986389,-87.29503889,12,5,0,0,0,1,1
10770,ALABAMA,AL,1,1,0,0,2,2,73,350,ARGO,18,9,September,2012,3,Tuesday,13,55,1,11,1,1282,33.54670833,-86.78238056,24,1,0,0,0,1,0
10771,ALABAMA,AL,1,1,0,0,1,1,73,3080,ARGO,5,2,February,2012,1,Sunday,4,30,9,99,9,0,33.63874444,-86.58095556,3,9,0,0,0,1,0
10772,ALABAMA,AL,1,1,0,0,1,1,73,350,ARGO,26,4,April,2012,5,Thursday,0,20,1,11,1,2580,33.41418611,-86.81020556,42,3,0,0,0,1,0
10773,ALABAMA,AL,3,3,0,0,6,6,73,350,ARGO,17,2,February,2012,6,Friday,13,15,1,11,1,2626,33.54190556,-86.82600000,12,1,0,0,0,1,0
10774,ALABAMA,AL,2,2,0,0,6,6,73,350,ARGO,13,9,September,2012,5,Thursday,6,30,1,13,6,0,33.43387778,-86.87486389,12,1,0,0,0,1,0
10775,ALABAMA,AL,2,2,0,0,2,2,73,2960,ARGO,25,7,July,2012,4,Wednesday,17,42,1,13,3,0,33.59795556,-86.75801667,12,1,0,0,0,1,0
10776,ALABAMA,AL,1,1,1,1,1,1,73,350,ARGO,5,11,November,2012,2,Monday,19,45,0,15,6,0,33.44798333,-86.89587778,8,3,0,0,0,1,0
10777,ALABAMA,AL,3,3,0,0,5,5,73,350,ARGO,22,12,December,2012,7,Saturday,7,10,1,13,2,0,33.55211389,-86.88400278,12,1,0,0,0,1,0
10778,ALABAMA,AL,1,1,0,0,1,1,73,350,ARGO,25,1,January,2012,4,Wednesday,10,45,1,13,3,0,33.39717778,-86.95790556,1,1,0,0,0,1,0
10779,ALABAMA,AL,3,3,0,0,6,6,89,1730,BROWNSBORO,25,8,August,2012,7,Saturday,13,53,0,15,6,0,34.74958889,-86.63343889,12,1,0,0,0,1,0
10780,ALABAMA,AL,3,3,0,0,4,4,73,350,ARGO,5,4,April,2012,5,Thursday,23,20,1,11,1,1262,33.52841944,-86.80443056,12,3,0,0,0,1,1
10781,ALABAMA,AL,1,1,0,0,1,1,73,1315,ARGO,31,5,May,2012,5,Thursday,19,55,0,14,2,2880,33.69240278,-86.81910556,42,2,0,0,0,1,0
10782,ALABAMA,AL,6,6,0,0,9,9,73,350,ARGO,30,5,May,2012,4,Wednesday,15,37,1,11,1,2580,33.49990278,-86.81413889,12,1,0,0,0,2,1
10783,ALABAMA,AL,2,2,0,0,4,4,81,200,AUBURN,7,12,December,2012,6,Friday,13,39,1,11,1,549,32.58845278,-85.45901944,12,1,0,0,0,1,0
10784,ALABAMA,AL,3,3,0,0,5,5,81,200,AUBURN,19,12,December,2012,4,Wednesday,17,5,0,14,2,0,32.54073333,-85.51630556,12,2,0,0,0,1,0
10785,ALABAMA,AL,4,4,0,0,9,9,73,350,ARGO,9,6,June,2012,7,Saturday,23,20,1,11,1,1235,33.52091111,-86.84914444,12,3,0,0,0,1,0
10786,ALABAMA,AL,1,1,0,0,2,2,73,1270,ARGO,20,12,December,2012,5,Thursday,99,99,0,14,4,0,33.62145278,-86.78774167,1,9,0,0,0,2,0
10787,ALABAMA,AL,1,1,2,2,1,1,73,0,ARGO,9,11,November,2012,6,Friday,21,10,1,13,3,88,33.70677778,-86.66771667,8,2,0,0,0,2,0
10788,ALABAMA,AL,1,1,0,0,1,1,97,2550,AXIS,14,1,January,2012,7,Saturday,1,17,0,16,6,0,30.75521111,-88.08026667,19,3,0,0,0,1,1
10789,ALABAMA,AL,1,1,0,0,1,1,73,350,ARGO,22,3,March,2012,5,Thursday,16,20,0,16,6,0,33.50971944,-86.76557222,33,1,0,0,0,1,0
10790,ALABAMA,AL,1,1,0,0,1,1,121,680,BON AIR,29,6,June,2012,6,Friday,12,55,0,15,4,0,33.26820000,-86.37586667,34,1,0,0,0,1,0
10791,ALABAMA,AL,1,1,1,1,1,1,97,2550,AXIS,28,6,June,2012,5,Thursday,0,5,1,13,2,0,30.79746389,-88.15138889,8,2,0,0,0,1,0
10792,ALABAMA,AL,3,3,0,0,3,3,103,890,DANVILLE,1,6,June,2012,6,Friday,9,52,0,4,6,0,34.52590278,-87.00060278,12,1,0,0,0,1,0
10793,ALABAMA,AL,2,2,0,0,2,2,73,350,ARGO,5,7,July,2012,5,Thursday,0,20,1,11,1,1310,33.54666111,-86.76301111,12,2,0,0,0,1,0
10794,ALABAMA,AL,1,1,0,0,2,2,121,680,BON AIR,18,8,August,2012,7,Saturday,13,50,0,6,6,0,33.27318611,-86.35334722,32,1,0,0,0,1,1
10795,ALABAMA,AL,2,1,0,1,3,4,123,60,ALEXANDER CITY,2,11,November,2012,6,Friday,9,25,0,16,3,320,32.95590000,-85.94432500,14,1,0,0,0,2,0
10796,ALABAMA,AL,1,1,0,0,1,1,73,330,ARGO,11,11,November,2012,1,Sunday,0,48,0,14,6,0,33.37531111,-86.97677222,30,2,0,0,0,1,0
10797,ALABAMA,AL,2,2,0,0,2,2,25,2980,BARLOW BEND,9,2,February,2012,5,Thursday,6,5,1,2,2,884,31.87417222,-87.74561944,12,2,0,0,0,1,0
10798,ALABAMA,AL,2,2,0,0,3,3,115,2136,ASHVILLE,25,3,March,2012,1,Sunday,0,37,0,14,2,1755,33.60304444,-86.47734722,12,2,0,0,0,1,1
10799,ALABAMA,AL,1,1,0,0,1,1,73,1717,ARGO,1,6,June,2012,6,Friday,22,36,0,5,4,0,33.39215000,-87.05305000,30,2,0,0,0,1,0
10800,ALABAMA,AL,1,1,0,0,1,1,77,0,ANDERSON,13,6,June,2012,4,Wednesday,19,25,0,4,4,0,34.86967778,-87.78997222,1,1,0,0,0,1,0
10801,ALABAMA,AL,1,1,0,0,1,1,73,330,ARGO,20,10,October,2012,7,Saturday,15,35,1,11,1,1140,33.44040833,-86.95684444,34,1,0,0,0,1,0
10802,ALABAMA,AL,2,2,0,0,3,3,91,1880,DAYTON,6,10,October,2012,7,Saturday,8,9,1,2,2,0,32.31220278,-87.79806389,12,1,0,0,0,1,0
10803,ALABAMA,AL,2,2,0,0,2,2,69,0,ASHFORD,10,11,November,2012,7,Saturday,15,39,1,2,2,1967,31.24196111,-85.61298056,12,1,0,0,0,1,0
10804,ALABAMA,AL,1,1,1,1,3,3,95,110,ALBERTVILLE,1,12,December,2012,7,Saturday,2,0,0,6,6,0,34.33111667,-86.47885556,8,2,0,0,0,1,1
10805,ALABAMA,AL,1,1,0,0,1,1,105,2020,MARION,15,2,February,2012,4,Wednesday,11,30,0,5,6,0,32.61705556,-87.30626944,42,1,0,0,0,1,0
10806,ALABAMA,AL,1,1,0,0,1,1,33,1860,CHEROKEE,10,3,March,2012,7,Saturday,16,17,0,14,4,0,34.78737500,-87.60329444,1,1,0,0,0,1,0
10807,ALABAMA,AL,1,1,0,0,1,1,87,3070,ARMSTRONG,17,3,March,2012,7,Saturday,21,30,0,6,6,0,32.42528611,-85.67842778,3,2,0,0,0,1,0
10808,ALABAMA,AL,1,1,0,0,1,1,49,1230,COLLINSVILLE,19,3,March,2012,2,Monday,3,0,0,16,6,0,34.44763889,-85.75258889,42,2,0,0,0,1,0
10809,ALABAMA,AL,2,2,0,0,5,5,49,1230,COLLINSVILLE,15,6,June,2012,6,Friday,17,47,0,15,4,0,34.45996111,-85.67840000,12,1,0,0,0,1,0
10810,ALABAMA,AL,1,1,0,0,1,1,73,350,ARGO,13,11,November,2012,3,Tuesday,12,0,0,99,9,0,33.43261111,-86.92438611,5,1,0,0,0,1,0
10811,ALABAMA,AL,2,2,0,0,3,3,85,2147,BENTON,16,10,October,2012,3,Tuesday,15,45,0,5,4,0,32.18726944,-86.71332778,12,1,0,0,0,1,1
10812,ALABAMA,AL,1,1,0,0,1,1,33,2190,CHEROKEE,27,11,November,2012,3,Tuesday,6,44,1,13,6,0,34.75763611,-87.57671667,32,1,0,0,0,1,0
10813,ALABAMA,AL,1,1,0,0,2,2,71,0,BRIDGEPORT,23,3,March,2012,6,Friday,14,35,1,2,2,1166,34.67285000,-86.32941111,34,1,0,0,0,1,0
10814,ALABAMA,AL,2,2,0,0,2,2,45,2050,ARITON,2,10,October,2012,3,Tuesday,19,9,0,14,3,368,31.31529722,-85.50016667,12,3,0,0,0,1,0
20002,ALASKA,AK,2,2,0,0,3,3,90,770,AURORA LODGE,9,1,January,2012,2,Monday,12,8,0,14,5,16,64.82738611,-147.77851111,12,1,0,0,0,1,0
20003,ALASKA,AK,2,2,0,0,6,6,261,0,ALAGANIK,9,3,March,2012,6,Friday,14,23,1,2,3,582,61.35549167,-145.29223611,12,1,0,0,0,1,0
20004,ALASKA,AK,1,1,1,1,2,2,20,130,ANCHORAGE,25,3,March,2012,1,Sunday,21,48,0,15,6,3,61.19379444,-149.87669722,8,3,0,0,0,1,0
20005,ALASKA,AK,1,1,0,0,2,2,122,0,ANCHOR POINT,30,3,March,2012,6,Friday,16,25,0,6,5,7,60.65686944,-151.22933056,1,1,0,0,0,1,0
20006,ALASKA,AK,2,2,0,0,5,5,90,0,AURORA LODGE,7,4,April,2012,7,Saturday,0,4,0,4,5,29,64.85481667,-147.40533889,12,2,0,0,0,2,1
20007,ALASKA,AK,2,2,0,0,2,2,90,0,AURORA LODGE,19,4,April,2012,5,Thursday,7,48,0,4,6,32,64.83158889,-147.96091111,12,1,0,0,0,1,1
20008,ALASKA,AK,1,1,0,0,1,1,188,1380,AMBLER,25,5,May,2012,6,Friday,23,35,0,6,5,4,66.90092500,-162.56909722,31,1,0,0,0,1,1
20009,ALASKA,AK,2,2,0,0,2,2,170,0,ALEXANDER,16,5,May,2012,4,Wednesday,12,16,0,4,5,126,61.55600833,-149.04002222,12,1,0,0,0,1,0
20010,ALASKA,AK,1,1,0,0,1,1,122,0,ANCHOR POINT,12,6,June,2012,3,Tuesday,3,30,1,1,3,380,60.54791111,-149.57778889,1,2,0,0,0,1,1
20011,ALASKA,AK,2,2,0,0,4,4,122,0,ANCHOR POINT,9,1,January,2012,2,Monday,19,58,1,1,3,503,60.52323333,-150.87833611,12,3,0,0,0,2,0
20012,ALASKA,AK,1,1,0,0,4,4,70,0,ALEKNAGIK,29,7,July,2012,1,Sunday,2,32,0,4,5,138,59.20590556,-158.67134444,1,2,2,0,0,1,1
20013,ALASKA,AK,1,1,0,0,1,1,170,0,ALEXANDER,22,7,July,2012,1,Sunday,16,37,0,14,5,39,61.60518889,-149.34940833,1,1,0,0,0,1,0
20014,ALASKA,AK,2,2,0,0,2,2,122,0,ANCHOR POINT,30,5,May,2012,4,Wednesday,15,55,1,1,1,542,60.50175556,-150.97916944,12,1,0,0,0,1,0
20015,ALASKA,AK,1,1,1,1,3,3,20,130,ANCHORAGE,25,5,May,2012,6,Friday,5,36,1,11,3,2,61.22593333,-149.73150278,8,4,0,0,0,1,0
20016,ALASKA,AK,3,3,0,0,3,3,20,130,ANCHORAGE,1,7,July,2012,1,Sunday,23,32,0,14,6,59,61.12308889,-149.83405833,12,1,0,0,0,1,0
20017,ALASKA,AK,1,1,0,0,1,1,240,0,BIG DELTA,5,7,July,2012,5,Thursday,10,45,1,1,1,1562,63.70191389,-144.63849167,58,1,0,0,0,1,0
20018,ALASKA,AK,1,1,0,0,1,1,240,0,BIG DELTA,15,7,July,2012,1,Sunday,4,38,1,1,3,2823,64.18508611,-145.88715833,11,1,0,0,0,1,1
20019,ALASKA,AK,1,1,0,0,1,1,170,0,ALEXANDER,26,5,May,2012,7,Saturday,17,48,0,15,5,34,61.57145833,-149.35300000,34,1,0,0,0,1,0
20020,ALASKA,AK,3,3,0,0,6,6,170,0,ALEXANDER,1,8,August,2012,4,Wednesday,13,10,1,1,3,571,61.73042500,-148.79910278,12,1,0,0,0,1,1
20021,ALASKA,AK,1,1,0,0,1,1,20,130,ANCHORAGE,7,8,August,2012,3,Tuesday,21,20,1,1,3,1118,61.02677500,-149.75265000,24,1,0,0,0,1,1
20022,ALASKA,AK,1,1,0,0,4,4,201,0,ANNETTE,11,8,August,2012,7,Saturday,17,30,0,4,5,95,55.91043056,-132.92315833,35,1,0,0,0,1,1
20023,ALASKA,AK,2,2,0,0,2,2,110,1130,JUNEAU,14,8,August,2012,3,Tuesday,13,20,1,13,3,8,58.30223333,-134.42590000,12,1,0,0,0,1,0
20024,ALASKA,AK,3,3,0,0,3,3,90,770,AURORA LODGE,21,8,August,2012,3,Tuesday,18,54,0,14,6,7,64.85371944,-147.71343333,12,1,0,0,0,1,0
20025,ALASKA,AK,1,1,0,0,2,2,50,0,AGUIKCHUK,2,9,September,2012,1,Sunday,21,30,0,4,5,0,61.10316389,-160.96893611,1,5,0,0,0,1,1
20026,ALASKA,AK,2,2,0,0,4,4,170,0,ALEXANDER,19,7,July,2012,5,Thursday,13,15,1,1,3,283,61.67083611,-149.95878611,12,1,0,0,0,1,0
20027,ALASKA,AK,2,2,0,0,3,3,122,0,ANCHOR POINT,2,10,October,2012,3,Tuesday,14,48,1,2,6,155,60.59717222,-151.33408889,12,1,0,0,0,1,0
20028,ALASKA,AK,1,1,0,0,1,1,170,0,ALEXANDER,6,10,October,2012,7,Saturday,17,43,1,1,3,472,61.68138333,-149.05066667,24,1,0,0,0,1,1
20029,ALASKA,AK,2,2,0,0,2,2,170,0,ALEXANDER,7,10,October,2012,1,Sunday,16,33,1,1,3,309,61.70354444,-149.99999722,12,1,0,0,0,1,0
20030,ALASKA,AK,2,2,0,0,2,2,20,130,ANCHORAGE,21,9,September,2012,6,Friday,8,39,1,12,6,28,61.13741944,-149.93692222,12,1,0,0,0,1,0
20031,ALASKA,AK,1,1,0,0,1,1,170,0,ALEXANDER,7,8,August,2012,3,Tuesday,12,54,0,15,6,84,61.52723056,-149.52884167,11,1,0,0,0,1,0
20032,ALASKA,AK,1,1,0,0,2,2,122,0,ANCHOR POINT,11,11,November,2012,1,Sunday,13,29,1,1,3,384,60.55255833,-149.58567500,35,1,0,0,0,1,0
20033,ALASKA,AK,1,1,0,0,4,4,130,0,CLOVER PASS,19,11,November,2012,2,Monday,21,5,0,14,6,34,55.33200000,-131.62296111,39,2,0,0,0,2,1
20034,ALASKA,AK,2,2,0,0,5,5,90,0,AURORA LODGE,30,11,November,2012,6,Friday,15,27,1,1,3,2999,64.75712500,-148.36605278,12,5,0,0,0,2,0
20035,ALASKA,AK,3,3,0,0,6,6,122,0,ANCHOR POINT,7,12,December,2012,6,Friday,16,40,1,1,3,484,60.70688611,-149.47084722,12,3,0,0,0,2,0
20036,ALASKA,AK,2,2,0,0,4,4,170,0,ALEXANDER,14,12,December,2012,6,Friday,20,24,1,1,3,563,62.03167222,-150.07471111,12,2,0,0,0,1,0
20037,ALASKA,AK,2,2,0,0,2,2,220,2360,LITTLE PORT WALTER,23,12,December,2012,1,Sunday,23,18,1,14,6,65,57.12676389,-135.38237500,12,3,0,0,0,1,1
20038,ALASKA,AK,3,3,0,0,4,4,122,0,ANCHOR POINT,21,4,April,2012,7,Saturday,13,26,1,2,6,249,60.71641111,-151.34474722,12,1,0,0,0,1,0
20039,ALASKA,AK,1,1,1,1,1,1,90,0,AURORA LODGE,21,8,August,2012,3,Tuesday,14,55,0,14,6,7,64.81711944,-147.56853889,9,1,0,0,0,1,0
20040,ALASKA,AK,2,2,0,0,4,4,122,0,ANCHOR POINT,16,11,November,2012,6,Friday,12,4,1,2,3,698,60.33527778,-151.23899167,12,1,0,0,0,1,0
20041,ALASKA,AK,3,1,1,1,2,2,20,130,ANCHORAGE,24,11,November,2012,7,Saturday,14,13,1,1,3,871,60.91299167,-149.09619444,14,1,0,0,0,1,0
20042,ALASKA,AK,1,1,0,0,1,1,170,0,ALEXANDER,22,10,October,2012,2,Monday,8,48,1,1,3,409,61.82530278,-150.07342500,1,1,0,0,0,1,0
20043,ALASKA,AK,1,1,0,0,1,1,170,0,ALEXANDER,17,10,October,2012,4,Wednesday,21,26,0,6,5,2,61.53740278,-149.75248611,11,2,0,0,0,1,0
20044,ALASKA,AK,2,2,0,0,4,4,122,0,ANCHOR POINT,11,6,June,2012,2,Monday,20,44,1,1,3,362,60.53500000,-150.49479167,12,1,0,0,0,1,0
20045,ALASKA,AK,1,1,0,0,2,2,90,0,AURORA LODGE,7,7,July,2012,7,Saturday,17,53,1,2,3,193,65.15917778,-147.91551667,34,1,0,0,0,1,1
20046,ALASKA,AK,2,2,0,0,2,2,68,0,ANDERSON,25,7,July,2012,4,Wednesday,1,21,1,1,3,2512,64.32290278,-149.04029167,11,5,0,0,0,1,0
20047,ALASKA,AK,1,1,1,1,7,7,20,130,ANCHORAGE,31,8,August,2012,6,Friday,23,32,1,12,6,31,61.18094444,-149.82728056,8,3,0,0,0,1,0
20048,ALASKA,AK,1,1,1,1,1,1,20,130,ANCHORAGE,11,9,September,2012,3,Tuesday,21,19,0,16,6,1,61.22420833,-149.77319167,15,2,0,0,0,1,0
20049,ALASKA,AK,1,1,1,1,1,1,20,130,ANCHORAGE,12,9,September,2012,4,Wednesday,1,44,0,12,6,26,61.21844444,-149.77858611,8,3,0,0,0,1,0
20050,ALASKA,AK,2,2,0,0,2,2,90,0,AURORA LODGE,20,9,September,2012,5,Thursday,8,28,0,3,6,60,64.89235833,-147.43924722,12,1,0,0,0,1,0
20051,ALASKA,AK,1,1,1,1,1,1,90,0,AURORA LODGE,21,9,September,2012,6,Friday,23,45,1,11,3,3558,64.76930278,-147.42078889,8,2,0,0,0,1,0
20052,ALASKA,AK,1,1,0,0,1,1,90,0,AURORA LODGE,3,10,October,2012,4,Wednesday,20,16,0,4,6,84,64.95706667,-147.62206389,1,3,0,0,0,1,1
20053,ALASKA,AK,1,1,1,1,1,1,20,130,ANCHORAGE,20,10,October,2012,7,Saturday,1,28,1,12,6,7,61.18078333,-149.89786667,8,3,0,0,0,1,0
20054,ALASKA,AK,1,1,1,1,1,1,20,130,ANCHORAGE,10,12,December,2012,2,Monday,18,22,0,12,6,31,61.18078056,-149.82706667,8,3,0,0,0,1,0
20055,ALASKA,AK,1,1,0,0,1,1,20,130,ANCHORAGE,26,7,July,2012,5,Thursday,11,13,0,4,6,28,61.28766667,-149.50952500,1,1,0,0,0,1,0
40001,ARIZONA,AZ,1,1,0,0,1,1,19,0,CEDAR BLUFF,1,1,January,2012,1,Sunday,2,13,0,16,6,0,32.18285833,-111.16517778,1,2,0,0,0,1,1
40002,ARIZONA,AZ,1,1,0,0,2,2,25,90,BARLOW BEND,1,1,January,2012,1,Sunday,16,33,0,4,3,99999,34.75831667,-112.05859444,33,1,0,0,0,1,1
40003,ARIZONA,AZ,1,1,1,1,0,0,13,370,BOLLING,1,1,January,2012,1,Sunday,18,4,0,15,6,0,33.50790833,-112.20758056,8,3,0,0,0,1,0
40004,ARIZONA,AZ,2,2,0,0,2,2,13,190,BOLLING,1,1,January,2012,1,Sunday,20,3,0,15,6,0,33.35022222,-111.73836667,12,3,0,0,0,1,0
40005,ARIZONA,AZ,2,2,0,0,4,4,19,530,CEDAR BLUFF,4,1,January,2012,4,Wednesday,0,17,0,4,3,508,31.90023889,-110.66463333,24,2,0,0,0,1,0
40006,ARIZONA,AZ,1,1,1,1,1,1,13,290,BOLLING,4,1,January,2012,4,Wednesday,9,46,0,14,6,0,33.39298889,-111.86569722,15,1,0,0,0,1,0
40007,ARIZONA,AZ,1,1,0,0,2,2,13,370,BOLLING,4,1,January,2012,4,Wednesday,21,54,1,12,3,271,33.66890278,-112.04890000,25,3,0,0,0,1,0
40008,ARIZONA,AZ,3,3,1,1,6,6,17,565,CHAMBERS,5,1,January,2012,5,Thursday,18,17,0,15,3,3393,33.84031944,-109.96426667,8,2,0,0,0,1,0
40009,ARIZONA,AZ,1,1,0,0,4,4,23,392,BLADON SPRINGS,6,1,January,2012,6,Friday,14,54,1,11,1,94,31.45153333,-110.97501667,1,1,0,0,0,1,0
40010,ARIZONA,AZ,1,1,0,0,1,1,25,0,BARLOW BEND,6,1,January,2012,6,Friday,17,24,0,3,3,3622,34.78898611,-111.91963333,1,1,0,0,0,1,0
40011,ARIZONA,AZ,1,1,0,0,1,1,13,370,BOLLING,7,1,January,2012,7,Saturday,23,49,1,12,3,235,33.66892500,-112.11262500,25,3,0,0,0,1,1
40012,ARIZONA,AZ,2,2,0,0,2,2,13,80,BOLLING,9,1,January,2012,2,Monday,9,52,0,13,6,0,33.35425278,-111.89386389,12,1,0,0,0,1,0
40013,ARIZONA,AZ,1,1,0,0,2,2,13,290,BOLLING,9,1,January,2012,2,Monday,15,10,0,14,6,0,33.36423333,-111.85149722,1,1,0,0,0,1,0
40014,ARIZONA,AZ,1,1,1,1,1,1,9,0,BLOUNT,9,1,January,2012,2,Monday,20,11,0,3,2,1198,32.81645833,-109.70763056,8,2,0,0,0,1,0
40015,ARIZONA,AZ,1,1,0,0,3,3,25,0,BARLOW BEND,10,1,January,2012,3,Tuesday,13,53,1,1,1,1015,35.23548333,-113.21022778,1,1,0,0,0,2,0
40016,ARIZONA,AZ,1,1,0,0,1,1,13,0,BOLLING,10,1,January,2012,3,Tuesday,16,52,0,13,9,0,33.37031667,-112.60828611,42,1,0,0,0,1,0
40017,ARIZONA,AZ,2,2,0,0,2,2,21,0,CHILTON,11,1,January,2012,4,Wednesday,6,20,0,3,2,2232,33.28087500,-111.15838889,12,2,0,0,0,1,0
40018,ARIZONA,AZ,1,1,1,1,1,1,13,370,BOLLING,11,1,January,2012,4,Wednesday,22,16,0,15,6,0,33.51690000,-112.11695278,8,3,0,0,0,1,1
40019,ARIZONA,AZ,1,1,2,2,1,1,9,410,BLOUNT,12,1,January,2012,5,Thursday,18,49,0,13,2,99999,32.83487222,-109.72474167,8,3,0,0,0,1,0
40020,ARIZONA,AZ,2,2,0,0,5,5,13,80,BOLLING,15,1,January,2012,1,Sunday,11,23,0,15,6,0,33.21895000,-111.80656111,12,1,0,0,0,1,0
40021,ARIZONA,AZ,2,2,0,0,3,3,5,0,BAKER HILL,14,1,January,2012,7,Saturday,15,28,1,1,1,1554,35.22178333,-112.31749167,12,1,0,0,0,1,0
40023,ARIZONA,AZ,3,3,0,0,5,5,13,290,BOLLING,15,1,January,2012,1,Sunday,19,29,0,14,6,0,33.43722222,-111.73636389,12,3,0,0,0,1,0
40024,ARIZONA,AZ,1,1,0,0,1,1,13,368,BOLLING,16,1,January,2012,2,Monday,2,12,1,12,3,80,33.55027500,-112.26590000,41,3,0,0,0,1,1
40025,ARIZONA,AZ,1,1,1,1,1,1,19,530,CEDAR BLUFF,17,1,January,2012,3,Tuesday,22,24,1,11,1,2627,32.17625278,-110.94232778,8,2,0,0,0,1,0
40027,ARIZONA,AZ,3,3,0,0,6,6,19,0,CEDAR BLUFF,19,1,January,2012,5,Thursday,17,33,0,4,9,0,32.32568056,-111.12113889,12,1,0,0,0,1,0
40028,ARIZONA,AZ,1,1,0,0,1,1,15,0,ANNISTON,20,1,January,2012,6,Friday,99,99,1,1,1,159,36.93153611,-113.82765833,25,5,0,0,0,1,0
40029,ARIZONA,AZ,1,1,0,0,1,1,13,370,BOLLING,20,1,January,2012,6,Friday,15,30,1,12,3,67,33.55419167,-112.03772778,38,1,0,0,0,1,0
40030,ARIZONA,AZ,1,1,0,0,2,2,21,22,CHILTON,21,1,January,2012,7,Saturday,9,37,1,12,2,1972,33.38615556,-111.52679444,1,1,0,0,0,1,0
40031,ARIZONA,AZ,1,1,0,0,1,1,17,0,CHAMBERS,21,1,January,2012,7,Saturday,15,46,1,2,3,2958,34.36710278,-110.68757500,42,1,0,0,0,1,1
40032,ARIZONA,AZ,1,1,1,1,1,1,13,290,BOLLING,21,1,January,2012,7,Saturday,23,9,0,13,6,0,33.36423333,-111.85911944,9,3,0,0,0,1,0
40033,ARIZONA,AZ,3,3,0,0,5,5,21,0,CHILTON,22,1,January,2012,1,Sunday,16,54,1,1,1,2243,32.59849167,-111.34430556,12,1,0,0,0,1,0
40034,ARIZONA,AZ,3,3,0,0,3,3,13,370,BOLLING,23,1,January,2012,2,Monday,4,17,1,11,1,2177,33.70905278,-112.11677778,12,3,0,0,0,1,0
40035,ARIZONA,AZ,1,1,0,0,2,2,5,0,BAKER HILL,24,1,January,2012,3,Tuesday,15,56,1,1,1,2339,35.11005556,-111.03045556,21,1,0,0,0,1,0
40037,ARIZONA,AZ,4,4,0,0,8,8,7,365,BIBB,27,1,January,2012,6,Friday,12,47,0,14,3,2529,34.24483889,-111.32280833,12,1,0,0,0,1,0
40038,ARIZONA,AZ,1,1,1,1,3,3,17,0,CHAMBERS,29,1,January,2012,1,Sunday,4,45,0,4,9,0,34.31554722,-109.95424167,8,2,0,0,0,1,0
40039,ARIZONA,AZ,2,2,0,0,2,2,13,200,BOLLING,3,1,January,2012,3,Tuesday,18,37,0,14,6,0,33.51626667,-112.22046389,12,3,0,0,0,1,0
40040,ARIZONA,AZ,1,1,0,0,1,1,17,0,CHAMBERS,3,1,January,2012,3,Tuesday,99,99,0,16,9,0,34.39983056,-109.89983889,42,3,0,0,0,1,1
40041,ARIZONA,AZ,1,1,1,1,1,1,13,370,BOLLING,2,1,January,2012,2,Monday,6,46,0,13,6,0,33.49475833,-112.04119444,8,3,0,0,0,1,0
40042,ARIZONA,AZ,1,1,0,0,1,1,15,0,ANNISTON,2,1,January,2012,2,Monday,2,32,0,4,3,975,35.50425833,-113.52327222,1,2,0,0,0,1,1
40043,ARIZONA,AZ,2,2,0,0,2,2,19,530,CEDAR BLUFF,3,1,January,2012,3,Tuesday,9,42,0,14,6,0,32.27933889,-110.96115000,12,1,0,0,0,1,0
40044,ARIZONA,AZ,2,2,0,0,2,2,23,0,BLADON SPRINGS,3,1,January,2012,3,Tuesday,15,27,1,11,1,10,31.33914167,-110.95422222,12,1,0,0,0,1,0
40045,ARIZONA,AZ,1,1,0,0,1,1,19,530,CEDAR BLUFF,5,1,January,2012,5,Thursday,17,50,1,13,6,0,32.19452778,-110.91008056,24,5,0,0,0,1,1
40047,ARIZONA,AZ,2,2,0,0,2,2,13,370,BOLLING,12,1,January,2012,5,Thursday,6,25,0,13,6,0,33.67185000,-112.03096944,12,4,0,0,0,1,0
40048,ARIZONA,AZ,1,1,1,1,1,1,13,420,BOLLING,13,1,January,2012,6,Friday,15,1,0,16,6,0,33.55339444,-111.89381667,9,1,0,0,0,1,1
40049,ARIZONA,AZ,2,2,1,1,2,2,13,370,BOLLING,14,1,January,2012,7,Saturday,2,25,0,13,6,0,33.49157778,-112.16895278,8,2,0,0,0,1,0