ST_CASE,State Name,State Abbreviation,# of Vehicle involved,Parked_Vehicles_Involved,Pedestrains,Person_Not_in_Motor_Vehicle,Persons_in_motor_vehicle,Total_Persons_in_accident,COUNTY,CITY,City_County_Name,Calendar_DAY,MONTH,Month_name,YEAR,DAY_WEEK,Day_Week_desc,HOUR,MINUTE,NHS_Desc,trafficway,Route,MILEPT,LATITUDE,LONGITUD,First_Crash_event,Light_cond_desc,Weather_condition,School_bus_involved,Crash_cause,FATALS,DRUNK_DR
40557,ARIZONA,AZ,2,2,0,0,3,3,13,0,BOLLING,21,10,October,2012,1,Sunday,8,50,1,1,1,2341,33.94408333,-112.14071944,12,1,0,0,0,1,0
40558,ARIZONA,AZ,1,1,1,1,2,2,21,22,CHILTON,23,10,October,2012,3,Tuesday,18,51,0,13,6,0,33.41535833,-111.57249722,8,3,0,0,0,1,0
40559,ARIZONA,AZ,1,1,0,0,1,1,12,0,BOUSE,23,10,October,2012,3,Tuesday,19,55,0,6,9,0,34.22464167,-113.53711111,1,2,0,0,0,1,0
40561,ARIZONA,AZ,2,2,0,0,4,4,5,0,BAKER HILL,25,10,October,2012,5,Thursday,18,55,1,2,2,5346,36.75323333,-111.57326389,12,2,0,0,0,1,0
40562,ARIZONA,AZ,1,1,0,0,1,1,25,0,BARLOW BEND,28,10,October,2012,1,Sunday,13,10,0,4,9,0,34.77462778,-112.62095278,41,1,0,0,0,1,0
40563,ARIZONA,AZ,1,1,0,0,1,1,25,386,BARLOW BEND,28,10,October,2012,1,Sunday,12,46,0,14,3,3183,34.61975833,-112.42458889,5,1,0,0,0,1,0
40564,ARIZONA,AZ,2,2,0,0,4,4,21,0,CHILTON,28,10,October,2012,1,Sunday,22,45,0,3,3,1075,32.65156667,-110.70584167,31,2,0,0,0,1,1
40566,ARIZONA,AZ,1,1,0,0,1,1,25,0,BARLOW BEND,31,10,October,2012,4,Wednesday,11,58,0,3,3,3629,34.79811944,-111.91456944,1,1,0,0,0,1,1
40567,ARIZONA,AZ,2,2,0,0,2,2,5,0,BAKER HILL,31,10,October,2012,4,Wednesday,14,3,1,2,3,2079,35.57261389,-112.15453611,12,1,0,0,0,1,0
40568,ARIZONA,AZ,2,2,0,0,4,4,13,370,BOLLING,22,9,September,2012,7,Saturday,7,1,0,15,6,0,33.42118333,-112.25564722,12,1,0,0,0,1,1
40569,ARIZONA,AZ,2,2,0,0,4,4,13,80,BOLLING,28,9,September,2012,6,Friday,9,54,0,13,6,0,33.33510833,-111.84718333,12,1,0,0,0,1,0
40570,ARIZONA,AZ,2,2,0,0,6,6,13,370,BOLLING,13,10,October,2012,7,Saturday,5,12,0,15,6,0,33.42764444,-112.20389167,12,3,0,0,0,1,1
40571,ARIZONA,AZ,1,1,0,0,1,1,13,370,BOLLING,27,10,October,2012,7,Saturday,23,27,0,16,6,0,33.29101111,-112.10029722,17,2,0,0,0,1,1
40572,ARIZONA,AZ,1,1,0,0,1,1,21,110,CHILTON,31,10,October,2012,4,Wednesday,8,3,0,3,3,1374,33.00245278,-111.57163611,1,1,0,0,0,1,0
40573,ARIZONA,AZ,1,1,0,0,1,1,13,200,BOLLING,28,8,August,2012,3,Tuesday,19,48,1,13,2,1535,33.55258889,-112.20256944,33,3,0,0,0,1,0
40574,ARIZONA,AZ,1,1,0,0,2,2,19,295,CEDAR BLUFF,23,10,October,2012,3,Tuesday,4,43,1,1,1,2493,32.33204722,-111.06073056,1,3,0,0,0,1,0
40575,ARIZONA,AZ,1,1,0,0,1,1,21,426,CHILTON,30,6,June,2012,7,Saturday,14,50,0,6,6,0,32.59965278,-110.63153333,30,1,0,0,0,1,0
40576,ARIZONA,AZ,1,1,0,0,1,1,13,486,BOLLING,11,7,July,2012,4,Wednesday,14,58,0,16,6,0,33.66741111,-112.42071389,41,1,0,0,0,1,0
40577,ARIZONA,AZ,2,2,0,0,5,5,13,486,BOLLING,24,8,August,2012,6,Friday,16,36,0,15,6,0,33.63890278,-112.41853333,12,1,0,0,0,1,0
40578,ARIZONA,AZ,1,1,0,0,2,2,1,0,AUTAUGA,30,6,June,2012,7,Saturday,6,29,0,3,2,4684,36.88653056,-109.05562778,42,2,0,0,0,1,1
40579,ARIZONA,AZ,2,2,0,0,4,4,13,158,BOLLING,4,9,September,2012,3,Tuesday,14,0,0,16,6,0,33.59451389,-112.33327500,12,1,0,0,0,1,0
40580,ARIZONA,AZ,1,1,1,1,1,1,19,530,CEDAR BLUFF,18,9,September,2012,3,Tuesday,18,14,0,14,6,0,32.27217500,-110.94823889,9,5,0,0,0,1,0
40581,ARIZONA,AZ,1,1,1,1,1,1,19,530,CEDAR BLUFF,27,9,September,2012,5,Thursday,18,48,0,14,6,0,32.16312500,-110.94343889,8,3,0,0,0,1,0
40582,ARIZONA,AZ,1,1,0,0,1,1,19,530,CEDAR BLUFF,11,10,October,2012,5,Thursday,3,46,0,14,6,0,32.25810278,-110.81766111,1,2,0,0,0,1,1
40584,ARIZONA,AZ,1,1,1,1,1,1,17,240,CHAMBERS,22,10,October,2012,2,Monday,18,25,0,6,6,0,34.90596111,-110.15805833,8,3,0,0,0,1,0
40585,ARIZONA,AZ,2,1,0,0,1,1,17,489,CHAMBERS,27,10,October,2012,7,Saturday,5,12,0,6,9,0,34.46724167,-110.09971111,14,2,0,0,0,1,1
40586,ARIZONA,AZ,1,1,0,0,3,3,5,0,BAKER HILL,1,9,September,2012,7,Saturday,99,99,0,3,3,3332,36.01980833,-111.11811111,1,9,0,0,0,2,0
40587,ARIZONA,AZ,2,2,0,0,5,5,1,0,AUTAUGA,4,9,September,2012,3,Tuesday,19,12,0,6,8,0,99.99990000,999.99990000,12,8,0,0,0,1,1
40588,ARIZONA,AZ,1,1,0,0,1,1,21,0,CHILTON,1,9,September,2012,7,Saturday,21,23,0,16,9,0,33.31673889,-111.56343333,1,2,0,0,0,1,1
40589,ARIZONA,AZ,1,1,1,1,1,1,1,0,AUTAUGA,2,9,September,2012,1,Sunday,99,99,0,9,9,0,99.99990000,999.99990000,99,9,0,0,0,1,0
40590,ARIZONA,AZ,1,1,0,0,3,3,21,0,CHILTON,2,9,September,2012,1,Sunday,2,12,0,6,9,0,32.95827778,-111.35473333,42,6,0,0,0,1,1
40591,ARIZONA,AZ,1,1,1,1,1,1,13,370,BOLLING,2,9,September,2012,1,Sunday,22,41,0,13,6,0,99.99990000,999.99990000,8,6,0,0,0,1,0
40592,ARIZONA,AZ,1,1,0,0,2,2,17,0,CHAMBERS,3,9,September,2012,2,Monday,99,99,0,6,8,0,99.99990000,999.99990000,1,9,0,0,0,1,0
40593,ARIZONA,AZ,1,1,1,1,3,3,13,227,BOLLING,5,9,September,2012,4,Wednesday,18,27,0,16,6,0,33.36470000,-111.96076944,8,1,0,0,0,1,0
40594,ARIZONA,AZ,1,1,0,0,1,1,1,0,AUTAUGA,5,9,September,2012,4,Wednesday,18,59,0,4,8,0,36.17583889,-109.47600833,1,5,0,0,0,1,0
40595,ARIZONA,AZ,1,1,0,0,5,5,1,0,AUTAUGA,8,9,September,2012,7,Saturday,21,48,0,6,8,0,99.99990000,999.99990000,5,6,0,0,0,1,0
40596,ARIZONA,AZ,1,1,0,0,1,1,3,0,BALDWIN,8,9,September,2012,7,Saturday,99,99,0,6,9,0,32.23333333,-110.33333333,1,1,0,0,0,1,0
40597,ARIZONA,AZ,1,1,1,1,1,1,5,170,BAKER HILL,9,9,September,2012,1,Sunday,22,3,0,16,6,0,35.16165278,-111.65976389,9,3,0,0,0,1,1
40598,ARIZONA,AZ,2,2,0,0,2,2,21,0,CHILTON,14,9,September,2012,6,Friday,18,44,0,4,9,0,32.86490000,-111.75733611,12,5,0,0,0,1,0
40599,ARIZONA,AZ,2,2,0,0,2,2,13,0,BOLLING,18,9,September,2012,3,Tuesday,10,13,0,14,6,0,33.42228889,-111.59797222,12,1,0,0,0,1,0
40600,ARIZONA,AZ,1,1,0,0,2,2,3,580,BALDWIN,19,9,September,2012,4,Wednesday,99,99,0,16,6,0,99.99990000,999.99990000,5,9,0,0,0,1,0
40601,ARIZONA,AZ,1,1,0,0,1,1,5,0,BAKER HILL,20,9,September,2012,5,Thursday,16,49,0,9,8,0,36.07124167,-111.31140556,35,1,0,0,0,1,1
40602,ARIZONA,AZ,1,1,1,1,1,1,13,370,BOLLING,21,9,September,2012,6,Friday,21,32,0,13,6,0,33.49821944,-112.03018611,8,3,0,0,0,1,0
40603,ARIZONA,AZ,1,1,1,1,2,2,1,0,AUTAUGA,22,9,September,2012,7,Saturday,20,15,0,4,2,4483,36.16675000,-109.58550000,8,2,0,0,0,1,0
40604,ARIZONA,AZ,1,1,0,0,1,1,1,0,AUTAUGA,23,9,September,2012,1,Sunday,11,0,0,3,3,4598,35.70795278,-109.31707222,1,1,0,0,0,1,0
40605,ARIZONA,AZ,2,2,0,0,3,3,1,0,AUTAUGA,27,9,September,2012,5,Thursday,16,58,0,3,3,4560,35.71884444,-109.38263333,12,1,0,0,0,2,0
40606,ARIZONA,AZ,3,3,0,0,3,3,13,0,BOLLING,8,5,May,2012,3,Tuesday,13,50,0,4,8,0,33.74133889,-111.74370556,12,1,0,0,0,1,1
40607,ARIZONA,AZ,1,1,0,0,2,2,17,0,CHAMBERS,14,1,January,2012,7,Saturday,16,37,0,9,9,0,99.99990000,999.99990000,35,1,0,0,0,1,0
40608,ARIZONA,AZ,1,1,0,0,2,2,13,486,BOLLING,26,5,May,2012,7,Saturday,9,3,0,16,6,0,33.64570000,-112.36641944,5,1,0,0,0,1,0
40609,ARIZONA,AZ,2,2,0,0,2,2,13,420,BOLLING,12,10,October,2012,6,Friday,9,1,0,13,6,0,33.58670833,-111.92593333,12,1,0,0,0,1,0
40610,ARIZONA,AZ,1,1,0,0,1,1,3,0,BALDWIN,12,10,October,2012,6,Friday,12,29,0,3,2,911,32.40695556,-109.66198611,1,1,0,0,0,1,0
40611,ARIZONA,AZ,1,1,1,1,1,1,13,370,BOLLING,17,10,October,2012,4,Wednesday,18,22,0,13,6,0,33.48025278,-112.04327778,8,3,0,0,0,1,0
40612,ARIZONA,AZ,1,1,0,0,1,1,13,475,BOLLING,19,10,October,2012,6,Friday,8,7,0,16,6,0,33.64751944,-112.28636389,33,4,0,0,0,1,0
40613,ARIZONA,AZ,1,1,0,0,1,1,5,0,BAKER HILL,1,10,October,2012,2,Monday,99,99,1,2,2,3480,36.36962500,-110.89614167,99,9,0,0,0,1,0
40614,ARIZONA,AZ,1,1,1,1,1,1,13,420,BOLLING,2,10,October,2012,3,Tuesday,6,49,0,13,6,0,33.45133611,-111.89107778,9,4,0,0,0,1,0
40615,ARIZONA,AZ,2,2,0,0,4,4,13,370,BOLLING,2,10,October,2012,3,Tuesday,16,26,0,15,6,0,33.68384722,-112.06239722,12,1,0,0,0,1,0
40616,ARIZONA,AZ,2,2,0,0,2,2,13,370,BOLLING,8,10,October,2012,2,Monday,18,18,0,15,6,0,33.45876389,-112.22086944,1,5,0,0,0,1,0
40617,ARIZONA,AZ,1,1,0,0,1,1,15,0,ANNISTON,10,10,October,2012,4,Wednesday,13,16,0,6,9,0,99.99990000,999.99990000,1,1,0,0,0,1,1
40618,ARIZONA,AZ,2,2,0,0,2,2,13,370,BOLLING,12,10,October,2012,6,Friday,17,42,0,15,6,0,33.68377222,-112.10647778,12,1,0,0,0,1,0
40619,ARIZONA,AZ,1,1,0,0,2,2,21,0,CHILTON,12,10,October,2012,6,Friday,16,8,0,6,9,0,99.99990000,999.99990000,99,1,0,0,0,1,0
40620,ARIZONA,AZ,1,1,1,1,1,1,13,370,BOLLING,12,10,October,2012,6,Friday,20,45,0,15,6,0,33.38084722,-112.25427500,8,2,0,0,0,1,0
40621,ARIZONA,AZ,1,1,0,0,1,1,13,370,BOLLING,13,10,October,2012,7,Saturday,1,6,0,14,6,0,33.46594722,-112.14313333,46,3,0,0,0,1,1
40622,ARIZONA,AZ,1,1,1,1,2,2,13,368,BOLLING,14,10,October,2012,1,Sunday,12,56,0,14,6,0,33.60730278,-112.22009722,8,1,0,0,0,1,0
40623,ARIZONA,AZ,2,2,0,0,4,4,13,370,BOLLING,15,10,October,2012,2,Monday,7,19,0,13,6,0,33.43677222,-112.16491111,1,1,0,0,0,1,0
40624,ARIZONA,AZ,1,1,0,0,1,1,13,370,BOLLING,16,10,October,2012,3,Tuesday,99,99,0,14,6,0,99.99990000,999.99990000,3,9,0,0,0,1,0
40625,ARIZONA,AZ,1,1,0,0,1,1,13,80,BOLLING,20,10,October,2012,7,Saturday,4,7,0,16,6,0,33.31038333,-111.84450833,33,3,0,0,0,1,0
40626,ARIZONA,AZ,2,2,0,0,2,2,13,368,BOLLING,24,10,October,2012,4,Wednesday,17,57,0,14,6,0,33.58082222,-112.25390833,12,1,0,0,0,1,0
40627,ARIZONA,AZ,1,1,0,0,1,1,17,0,CHAMBERS,25,10,October,2012,5,Thursday,12,31,0,4,8,0,99.99990000,999.99990000,99,1,0,0,0,1,0
40628,ARIZONA,AZ,1,1,1,1,2,2,13,370,BOLLING,25,10,October,2012,5,Thursday,18,11,0,13,6,0,33.43318056,-112.09991667,8,6,0,0,0,1,0
40629,ARIZONA,AZ,2,2,0,0,3,3,13,370,BOLLING,25,10,October,2012,5,Thursday,20,27,0,15,6,0,33.50080278,-112.29010833,12,2,0,0,0,2,1
40630,ARIZONA,AZ,1,1,0,0,2,2,13,0,BOLLING,26,10,October,2012,6,Friday,0,56,0,5,6,0,33.37839722,-112.39728889,17,2,0,0,0,1,1
40631,ARIZONA,AZ,2,2,0,0,2,2,13,370,BOLLING,29,10,October,2012,2,Monday,23,24,0,14,6,0,33.50817500,-112.28999167,12,3,0,0,0,1,1
40632,ARIZONA,AZ,2,2,0,0,2,2,13,80,BOLLING,30,10,October,2012,3,Tuesday,16,22,0,13,6,0,33.33516389,-111.87315833,12,1,0,0,0,1,0
40633,ARIZONA,AZ,3,3,0,0,3,3,13,420,BOLLING,31,10,October,2012,4,Wednesday,8,57,0,13,6,0,33.57841944,-111.92615556,12,1,0,0,0,1,0
40634,ARIZONA,AZ,2,2,1,1,3,3,13,370,BOLLING,31,10,October,2012,4,Wednesday,14,40,0,13,6,0,33.49501667,-112.10163333,9,1,0,0,0,1,0
40635,ARIZONA,AZ,1,1,1,1,3,3,13,290,BOLLING,12,10,October,2012,6,Friday,21,47,0,13,6,0,33.45153056,-111.80445833,8,3,0,0,0,1,0
40636,ARIZONA,AZ,2,2,0,0,3,3,25,386,BARLOW BEND,1,11,November,2012,5,Thursday,11,18,0,14,6,0,34.55689167,-112.47511944,12,1,0,0,0,1,0
40637,ARIZONA,AZ,1,1,1,1,1,1,13,80,BOLLING,2,11,November,2012,6,Friday,19,12,0,14,6,0,33.29151389,-111.83772222,8,3,0,0,0,1,0
40638,ARIZONA,AZ,1,1,0,0,3,3,21,0,CHILTON,4,11,November,2012,1,Sunday,16,43,1,1,1,2043,32.77354167,-111.61325556,1,1,0,0,0,1,0
40642,ARIZONA,AZ,1,1,1,1,1,1,5,336,BAKER HILL,9,11,November,2012,6,Friday,17,38,0,14,9,0,36.90765278,-111.45516944,8,5,0,0,0,1,0
40643,ARIZONA,AZ,1,1,1,1,1,1,13,200,BOLLING,11,11,November,2012,1,Sunday,3,20,0,13,6,0,33.50881667,-112.24800278,8,2,0,0,0,1,0
40644,ARIZONA,AZ,2,2,0,0,3,3,13,0,BOLLING,11,11,November,2012,1,Sunday,19,25,1,13,3,1495,33.35570278,-112.62618056,12,2,0,0,0,1,0
40645,ARIZONA,AZ,1,1,1,1,1,1,13,370,BOLLING,12,11,November,2012,2,Monday,7,47,0,13,6,0,33.58183611,-112.12209722,8,1,0,0,0,1,0
40646,ARIZONA,AZ,1,1,0,0,1,1,3,0,BALDWIN,12,11,November,2012,2,Monday,99,99,0,4,3,3808,31.48372500,-109.41303056,38,1,0,0,0,1,1
40647,ARIZONA,AZ,1,1,1,1,1,1,21,487,CHILTON,12,11,November,2012,2,Monday,19,46,0,3,2,2263,33.28726667,-111.10574444,8,3,0,0,0,1,0
40648,ARIZONA,AZ,1,1,0,0,1,1,13,200,BOLLING,12,11,November,2012,2,Monday,20,37,0,13,6,0,33.63818056,-112.20937500,33,3,0,0,0,1,0
40649,ARIZONA,AZ,2,2,0,0,1,1,13,370,BOLLING,13,11,November,2012,3,Tuesday,23,25,1,11,1,1533,33.41080556,-111.98009444,12,3,0,0,0,1,0
40650,ARIZONA,AZ,2,1,0,0,1,1,1,0,AUTAUGA,14,11,November,2012,4,Wednesday,10,49,0,3,3,4720,35.65916667,-109.11683889,18,1,0,0,0,1,0
40651,ARIZONA,AZ,1,1,1,1,1,1,13,370,BOLLING,15,11,November,2012,5,Thursday,4,47,1,11,1,1464,33.46214722,-112.05285833,8,3,0,0,0,1,0
40652,ARIZONA,AZ,2,2,0,0,2,2,13,190,BOLLING,16,11,November,2012,6,Friday,17,40,0,16,6,0,33.36725833,-111.76131111,12,5,0,0,0,1,0
40653,ARIZONA,AZ,1,1,1,1,1,1,25,386,BARLOW BEND,17,11,November,2012,7,Saturday,17,57,0,14,9,0,34.56775556,-112.49459444,8,3,0,0,0,1,0
40654,ARIZONA,AZ,3,3,0,0,6,6,19,295,CEDAR BLUFF,17,11,November,2012,7,Saturday,18,41,1,11,1,2487,32.33752222,-111.06659444,12,2,0,0,0,1,0
40655,ARIZONA,AZ,2,2,0,0,4,4,12,0,BOUSE,18,11,November,2012,1,Sunday,9,20,0,4,2,593,33.80484722,-113.57300278,12,1,0,0,0,1,0
40656,ARIZONA,AZ,2,2,0,0,4,4,13,0,BOLLING,19,11,November,2012,2,Monday,18,42,1,2,2,1140,33.93473333,-112.69204444,12,2,0,0,0,1,0
40657,ARIZONA,AZ,1,1,0,0,1,1,1,0,AUTAUGA,20,11,November,2012,3,Tuesday,3,3,1,1,1,3308,35.17142500,-109.47574444,1,2,0,0,0,1,0
40658,ARIZONA,AZ,3,3,0,0,12,12,21,0,CHILTON,20,11,November,2012,3,Tuesday,14,16,1,1,1,1965,32.85654444,-111.68699167,12,1,0,0,0,1,0
40659,ARIZONA,AZ,2,2,0,0,2,2,5,0,BAKER HILL,21,11,November,2012,4,Wednesday,5,54,1,2,2,5318,36.71561667,-111.59224167,12,3,0,0,0,1,1
40660,ARIZONA,AZ,1,1,0,0,1,1,12,0,BOUSE,21,11,November,2012,4,Wednesday,99,99,0,6,9,0,33.53543333,-113.43966111,23,2,0,0,0,1,1
40661,ARIZONA,AZ,4,4,0,0,6,6,13,370,BOLLING,22,11,November,2012,5,Thursday,16,1,0,14,6,0,33.37761389,-112.15105000,12,1,0,0,0,1,0
40662,ARIZONA,AZ,1,1,0,0,3,3,19,0,CEDAR BLUFF,23,11,November,2012,6,Friday,8,59,0,3,3,670,32.20456944,-112.53140278,42,1,0,0,0,1,0
40663,ARIZONA,AZ,2,2,0,0,3,3,19,530,CEDAR BLUFF,23,11,November,2012,6,Friday,11,49,1,13,6,0,32.14167500,-110.86654444,12,1,0,0,0,1,0
40664,ARIZONA,AZ,4,4,0,0,6,6,13,0,BOLLING,23,11,November,2012,6,Friday,18,42,0,3,3,1885,33.25217500,-111.96040833,12,2,0,0,0,1,1
40665,ARIZONA,AZ,2,2,0,0,2,2,13,190,BOLLING,23,11,November,2012,6,Friday,20,48,0,14,6,0,33.33558611,-111.77290833,12,3,0,0,0,1,0
40666,ARIZONA,AZ,2,2,0,0,4,4,21,0,CHILTON,24,11,November,2012,7,Saturday,14,13,0,6,9,0,32.56197778,-110.70687778,12,1,0,0,0,1,0
40667,ARIZONA,AZ,3,3,0,0,3,3,21,0,CHILTON,27,11,November,2012,3,Tuesday,21,31,0,3,3,1198,32.87968333,-111.61913889,12,2,0,0,0,2,0
40668,ARIZONA,AZ,1,1,0,0,2,2,13,0,BOLLING,28,11,November,2012,4,Wednesday,14,0,1,2,2,1141,33.93363056,-112.69081111,42,1,0,0,0,1,0
40669,ARIZONA,AZ,1,1,1,1,3,3,13,290,BOLLING,29,11,November,2012,5,Thursday,11,36,0,13,6,0,33.41565000,-111.71048056,15,1,0,0,0,1,0
40670,ARIZONA,AZ,1,1,1,1,1,1,19,530,CEDAR BLUFF,30,11,November,2012,6,Friday,0,3,1,13,6,0,32.20287778,-110.90943889,8,3,0,0,0,1,0
40671,ARIZONA,AZ,1,1,0,0,1,1,25,82,BARLOW BEND,1,12,December,2012,7,Saturday,0,42,0,4,3,3252,34.71593056,-112.45324444,33,3,0,0,0,1,1
40672,ARIZONA,AZ,1,1,0,0,1,1,19,0,CEDAR BLUFF,1,12,December,2012,7,Saturday,7,18,0,3,3,1383,32.03753889,-111.51248333,35,1,0,0,0,1,1
40673,ARIZONA,AZ,2,2,0,0,3,3,13,0,BOLLING,1,12,December,2012,7,Saturday,12,25,0,4,3,117,33.83027500,-112.43660833,12,1,0,0,0,1,0
40674,ARIZONA,AZ,2,2,0,0,3,3,13,290,BOLLING,2,12,December,2012,1,Sunday,16,43,0,14,6,0,33.40768056,-111.71916389,12,1,0,0,0,1,0
40675,ARIZONA,AZ,3,3,0,0,4,4,13,490,BOLLING,3,12,December,2012,2,Monday,15,2,1,12,3,554,33.38076944,-111.89224722,12,1,0,0,0,1,0
40676,ARIZONA,AZ,2,2,0,0,5,5,7,0,BIBB,4,12,December,2012,3,Tuesday,4,7,1,2,3,2600,34.26713611,-111.19081111,12,3,0,0,0,1,0
40677,ARIZONA,AZ,1,1,0,0,1,1,13,370,BOLLING,4,12,December,2012,3,Tuesday,5,51,1,11,1,2135,33.64701667,-112.11523611,30,3,0,0,0,1,0
40678,ARIZONA,AZ,1,1,1,1,1,1,5,170,BAKER HILL,6,12,December,2012,5,Thursday,17,52,1,13,2,4190,35.22311389,-111.58502222,8,2,0,0,0,1,0
40679,ARIZONA,AZ,2,2,0,0,4,4,13,370,BOLLING,8,12,December,2012,7,Saturday,2,21,1,12,3,9,33.46281667,-112.03770833,12,3,0,0,0,1,1
40680,ARIZONA,AZ,1,1,0,0,2,2,13,80,BOLLING,8,12,December,2012,7,Saturday,8,13,1,11,1,1610,33.30218333,-111.97245278,1,1,0,0,0,1,0
40681,ARIZONA,AZ,2,2,0,0,5,5,13,370,BOLLING,8,12,December,2012,7,Saturday,12,41,0,13,6,0,33.55149444,-112.09965833,12,1,0,0,0,1,1
40682,ARIZONA,AZ,1,1,0,0,1,1,25,373,BARLOW BEND,9,12,December,2012,1,Sunday,9,5,1,13,3,2859,34.57872500,-112.29553889,35,1,0,0,0,1,0
40683,ARIZONA,AZ,2,2,0,0,2,2,13,200,BOLLING,9,12,December,2012,1,Sunday,13,25,0,15,6,0,33.54494167,-112.35862222,12,1,0,0,0,1,0
40684,ARIZONA,AZ,1,1,1,1,1,1,13,370,BOLLING,10,12,December,2012,2,Monday,14,51,0,14,6,0,33.51657222,-112.11693611,9,1,0,0,0,1,0
40685,ARIZONA,AZ,1,1,0,0,1,1,19,530,CEDAR BLUFF,10,12,December,2012,2,Monday,15,42,0,14,6,0,32.19978056,-110.90089444,33,1,0,0,0,1,0
40686,ARIZONA,AZ,1,1,0,0,2,2,1,0,AUTAUGA,15,12,December,2012,7,Saturday,0,55,1,2,2,3565,34.27500278,-109.77582500,42,2,0,0,0,1,0
40687,ARIZONA,AZ,2,2,0,0,3,3,19,530,CEDAR BLUFF,15,12,December,2012,7,Saturday,2,45,0,16,6,0,32.20315556,-111.01175000,12,3,0,0,0,1,2
40688,ARIZONA,AZ,1,1,0,0,1,1,13,370,BOLLING,15,12,December,2012,7,Saturday,12,11,1,11,1,1474,33.45997500,-112.03736389,1,1,0,0,0,1,0
40689,ARIZONA,AZ,2,2,0,0,3,3,13,290,BOLLING,17,12,December,2012,2,Monday,16,12,0,15,6,0,33.45440278,-111.70147222,12,1,0,0,0,1,0
40690,ARIZONA,AZ,1,1,1,1,2,2,21,70,CHILTON,18,12,December,2012,3,Tuesday,9,13,0,14,6,0,32.89413333,-111.74426944,8,1,0,0,0,1,0
40693,ARIZONA,AZ,1,1,1,1,5,5,13,370,BOLLING,26,12,December,2012,4,Wednesday,19,45,0,13,6,0,33.37760000,-112.13346389,8,3,0,0,0,1,0
40694,ARIZONA,AZ,3,3,0,0,9,9,7,0,BIBB,29,12,December,2012,7,Saturday,16,30,1,2,3,2711,34.31603333,-111.05804167,12,1,0,0,0,1,0
40695,ARIZONA,AZ,2,2,0,0,7,7,13,0,BOLLING,23,11,November,2012,6,Friday,22,51,1,1,1,748,33.55585833,-113.26480000,12,2,0,0,0,1,0
40696,ARIZONA,AZ,1,1,0,0,1,1,13,290,BOLLING,4,11,November,2012,1,Sunday,11,0,0,16,6,0,33.34771944,-111.59244167,41,1,0,0,0,1,0
40697,ARIZONA,AZ,1,1,1,1,1,1,13,370,BOLLING,1,11,November,2012,5,Thursday,20,33,0,13,6,0,33.49430833,-112.27245833,9,2,0,0,0,1,0
40698,ARIZONA,AZ,1,1,1,1,1,1,13,370,BOLLING,5,11,November,2012,2,Monday,18,2,0,13,6,0,33.59415278,-112.09960833,8,3,0,0,0,1,0
40699,ARIZONA,AZ,1,1,0,0,2,2,5,0,BAKER HILL,10,11,November,2012,7,Saturday,7,0,0,3,3,3540,35.96032778,-110.85167222,1,9,0,0,0,1,0
40700,ARIZONA,AZ,2,2,0,0,2,2,13,370,BOLLING,14,11,November,2012,4,Wednesday,0,13,0,13,6,0,99.99990000,999.99990000,12,6,0,0,0,1,0
40702,ARIZONA,AZ,1,1,1,1,1,1,13,370,BOLLING,15,11,November,2012,5,Thursday,18,37,0,13,6,0,33.57425556,-112.09962778,8,3,0,0,0,1,0
40703,ARIZONA,AZ,1,1,1,1,1,1,13,370,BOLLING,18,11,November,2012,1,Sunday,19,16,0,13,6,0,99.99990000,999.99990000,8,9,0,0,0,1,0
40704,ARIZONA,AZ,1,1,0,0,2,2,1,0,AUTAUGA,19,11,November,2012,2,Monday,99,99,0,6,8,0,99.99990000,999.99990000,35,9,0,0,0,1,0
40705,ARIZONA,AZ,1,1,0,0,2,2,17,0,CHAMBERS,21,11,November,2012,4,Wednesday,99,99,0,6,9,0,99.99990000,999.99990000,99,9,0,0,0,1,0
40706,ARIZONA,AZ,2,2,0,0,2,2,13,80,BOLLING,24,11,November,2012,7,Saturday,17,7,0,16,6,0,33.24806389,-111.80470000,1,1,0,0,0,1,0
40707,ARIZONA,AZ,7,7,0,0,11,11,13,60,BOLLING,20,11,November,2012,3,Tuesday,23,44,1,11,1,1170,33.44450556,-112.55651944,12,2,0,0,0,1,0
40708,ARIZONA,AZ,2,2,0,0,4,4,21,160,CHILTON,6,12,December,2012,5,Thursday,11,50,0,4,3,1158,32.73412500,-111.51579722,12,1,0,0,0,2,0
40709,ARIZONA,AZ,1,1,0,0,1,1,19,530,CEDAR BLUFF,9,11,November,2012,6,Friday,19,49,0,16,9,0,32.29005833,-110.93700556,2,6,0,0,0,1,1
40710,ARIZONA,AZ,1,1,0,0,1,1,1,470,AUTAUGA,12,12,December,2012,4,Wednesday,4,40,0,3,2,3932,34.19008611,-109.32091389,17,2,0,0,0,1,1
40711,ARIZONA,AZ,1,1,0,0,2,2,1,0,AUTAUGA,2,12,December,2012,1,Sunday,22,18,1,1,1,3223,35.10736111,-109.60222222,42,2,0,0,0,1,0
40712,ARIZONA,AZ,1,1,0,0,2,2,13,200,BOLLING,9,12,December,2012,1,Sunday,6,49,0,14,6,0,33.52146944,-112.20312222,30,1,0,0,0,2,1
40713,ARIZONA,AZ,2,1,0,0,1,1,5,0,BAKER HILL,12,12,December,2012,4,Wednesday,7,9,0,4,9,0,35.20968611,-111.41660000,53,4,0,0,0,1,0