ST_CASE,State Name,State Abbreviation,# of Vehicle involved,Parked_Vehicles_Involved,Pedestrains,Person_Not_in_Motor_Vehicle,Persons_in_motor_vehicle,Total_Persons_in_accident,COUNTY,CITY,City_County_Name,Calendar_DAY,MONTH,Month_name,YEAR,DAY_WEEK,Day_Week_desc,HOUR,MINUTE,NHS_Desc,trafficway,Route,MILEPT,LATITUDE,LONGITUD,First_Crash_event,Light_cond_desc,Weather_condition,School_bus_involved,Crash_cause,FATALS,DRUNK_DR
40714,ARIZONA,AZ,1,1,1,1,1,1,13,200,BOLLING,15,12,December,2012,7,Saturday,3,31,1,12,3,181,33.66844444,-112.19900556,8,3,0,0,0,1,0
40715,ARIZONA,AZ,2,2,0,0,3,3,5,0,BAKER HILL,15,12,December,2012,7,Saturday,12,44,0,3,9,0,35.24661111,-111.84406667,12,1,0,0,0,1,0
40716,ARIZONA,AZ,2,2,0,0,7,7,19,0,CEDAR BLUFF,16,12,December,2012,1,Sunday,0,8,1,1,1,2856,31.99808056,-110.62629167,1,2,0,0,0,1,1
40717,ARIZONA,AZ,2,2,0,0,2,2,19,0,CEDAR BLUFF,18,12,December,2012,3,Tuesday,5,16,0,4,9,0,32.14745278,-111.21773889,1,2,0,0,0,1,0
40718,ARIZONA,AZ,1,1,2,2,3,3,13,420,BOLLING,19,12,December,2012,4,Wednesday,12,3,0,13,6,0,33.58625833,-111.83511944,8,1,0,0,0,1,0
40719,ARIZONA,AZ,1,1,0,0,2,2,21,0,CHILTON,22,12,December,2012,7,Saturday,15,22,1,1,1,2268,32.56912500,-111.31921667,1,1,0,0,0,1,0
40720,ARIZONA,AZ,1,1,0,0,1,1,13,370,BOLLING,1,12,December,2012,7,Saturday,11,54,0,13,6,0,33.56754722,-112.09265000,33,1,0,0,0,1,0
40721,ARIZONA,AZ,1,1,0,0,1,1,13,200,BOLLING,2,12,December,2012,1,Sunday,0,6,0,14,6,0,33.54450556,-112.25516667,1,3,0,0,0,1,1
40722,ARIZONA,AZ,2,2,0,0,2,2,13,370,BOLLING,4,12,December,2012,3,Tuesday,18,21,0,14,6,0,33.46578611,-112.02581667,12,3,0,0,0,1,0
40723,ARIZONA,AZ,1,1,0,0,2,2,21,0,CHILTON,8,12,December,2012,7,Saturday,99,99,0,9,9,0,99.99990000,999.99990000,3,9,0,0,0,1,0
40724,ARIZONA,AZ,1,1,1,1,2,2,13,370,BOLLING,11,12,December,2012,3,Tuesday,18,26,0,14,6,0,33.46822222,-112.15173611,8,3,0,0,0,1,0
40725,ARIZONA,AZ,1,1,1,1,1,1,13,370,BOLLING,12,12,December,2012,4,Wednesday,4,57,0,14,6,0,33.46555000,-112.18651944,8,3,0,0,0,1,0
40726,ARIZONA,AZ,1,1,0,0,1,1,12,0,BOUSE,13,12,December,2012,5,Thursday,17,5,0,6,9,0,99.99990000,999.99990000,3,1,0,0,0,1,0
40727,ARIZONA,AZ,2,2,0,0,2,2,13,0,BOLLING,15,12,December,2012,7,Saturday,2,14,0,13,9,0,33.40308056,-112.43348333,12,2,0,0,0,1,1
40728,ARIZONA,AZ,2,2,0,0,2,2,13,0,BOLLING,16,12,December,2012,1,Sunday,4,48,0,15,6,0,33.40849444,-112.21621667,12,2,0,0,0,1,1
40729,ARIZONA,AZ,2,2,0,0,2,2,13,370,BOLLING,18,12,December,2012,3,Tuesday,12,53,0,16,6,0,33.43308889,-112.08902500,12,1,0,0,0,1,0
40730,ARIZONA,AZ,2,2,0,0,6,6,21,0,CHILTON,22,12,December,2012,7,Saturday,14,16,0,6,9,0,33.21993333,-111.56326111,12,1,0,0,0,1,0
40731,ARIZONA,AZ,2,2,0,0,3,3,13,370,BOLLING,21,12,December,2012,6,Friday,13,30,0,13,6,0,33.61012222,-112.16846667,1,1,0,0,0,1,0
40732,ARIZONA,AZ,1,1,1,1,1,1,13,370,BOLLING,23,12,December,2012,1,Sunday,3,25,0,13,6,0,33.54640833,-112.09958056,8,3,0,0,0,1,0
40733,ARIZONA,AZ,1,1,0,0,1,1,21,0,CHILTON,25,12,December,2012,3,Tuesday,13,33,0,6,9,0,33.01666667,-111.58333333,99,1,0,0,0,1,1
40734,ARIZONA,AZ,2,2,0,0,5,5,13,80,BOLLING,26,12,December,2012,4,Wednesday,12,33,0,15,6,0,33.24830556,-111.78946667,12,1,0,0,0,1,0
40735,ARIZONA,AZ,2,2,0,0,2,2,13,370,BOLLING,26,12,December,2012,4,Wednesday,16,52,0,13,6,0,33.62631667,-111.99605833,12,1,0,0,0,1,0
40736,ARIZONA,AZ,1,1,0,0,1,1,13,370,BOLLING,27,12,December,2012,5,Thursday,10,36,0,15,6,0,33.59988056,-111.99244444,33,1,0,0,0,1,0
40737,ARIZONA,AZ,1,1,1,1,1,1,13,370,BOLLING,28,12,December,2012,6,Friday,6,58,0,13,6,0,33.48045278,-112.00418333,8,4,0,0,0,1,0
40738,ARIZONA,AZ,1,1,0,0,3,3,13,200,BOLLING,30,12,December,2012,1,Sunday,23,56,0,15,6,0,33.63979167,-112.23344444,33,3,0,0,0,2,1
40739,ARIZONA,AZ,1,1,1,1,0,0,21,0,CHILTON,14,7,July,2012,7,Saturday,16,18,0,16,9,0,32.55448333,-110.78386667,8,1,0,0,0,1,0
40740,ARIZONA,AZ,1,1,0,0,6,6,1,0,AUTAUGA,4,12,December,2012,3,Tuesday,1,3,0,3,3,4630,35.69280000,-109.26352222,99,6,0,0,0,3,0
40741,ARIZONA,AZ,1,1,1,1,1,1,13,60,BOLLING,21,12,December,2012,6,Friday,13,0,0,15,6,0,33.43554722,-112.55610000,8,1,0,0,0,1,0
40742,ARIZONA,AZ,1,1,0,0,1,1,17,0,CHAMBERS,8,9,September,2012,7,Saturday,99,99,0,4,3,3961,35.65561944,-110.49117222,99,9,0,0,0,1,0
40743,ARIZONA,AZ,1,1,0,0,2,2,5,0,BAKER HILL,9,10,October,2012,3,Tuesday,11,25,0,4,3,99999,99.99990000,999.99990000,42,1,0,0,0,1,0
40744,ARIZONA,AZ,2,2,0,0,4,4,13,490,BOLLING,14,12,December,2012,6,Friday,3,32,1,12,3,566,33.36367222,-111.89408611,12,3,0,0,0,1,0
40745,ARIZONA,AZ,2,2,0,0,4,4,21,22,CHILTON,22,11,November,2012,5,Thursday,16,50,0,13,3,1975,33.43151667,-111.52875000,12,1,0,0,0,1,0
40746,ARIZONA,AZ,2,2,0,0,2,2,3,0,BALDWIN,3,12,December,2012,2,Monday,16,11,0,6,9,0,31.96326111,-109.89827222,12,1,0,0,0,1,0
40747,ARIZONA,AZ,2,2,0,0,2,2,21,0,CHILTON,14,12,December,2012,6,Friday,16,30,0,5,9,0,33.21994167,-111.56673611,12,1,0,0,0,1,0
40748,ARIZONA,AZ,1,1,1,1,1,1,13,370,BOLLING,31,12,December,2012,2,Monday,19,30,0,14,6,0,33.46568056,-111.99212500,15,3,0,0,0,1,0
40749,ARIZONA,AZ,1,1,0,0,2,2,13,370,BOLLING,26,11,November,2012,2,Monday,0,53,0,16,6,0,33.68194722,-112.14333333,1,3,0,0,0,1,1
40750,ARIZONA,AZ,1,1,0,0,1,1,999,9999,UNKNOWN,31,10,October,2012,4,Wednesday,99,99,0,99,9,0,99.99990000,999.99990000,34,9,0,0,0,1,0
40751,ARIZONA,AZ,1,1,2,2,1,1,1,0,AUTAUGA,21,5,May,2012,2,Monday,5,22,0,4,8,0,99.99990000,999.99990000,8,3,0,0,0,1,0
40752,ARIZONA,AZ,1,1,0,0,2,2,1,0,AUTAUGA,2,9,September,2012,1,Sunday,99,99,0,5,8,0,99.99990000,999.99990000,5,9,0,0,0,1,0
40753,ARIZONA,AZ,1,1,0,0,2,2,17,0,CHAMBERS,7,2,February,2012,3,Tuesday,99,99,0,9,9,0,99.99990000,999.99990000,5,9,0,0,0,1,0
40754,ARIZONA,AZ,1,1,1,1,1,1,1,0,AUTAUGA,8,12,December,2012,7,Saturday,99,99,0,6,9,0,99.99990000,999.99990000,8,9,0,0,0,1,0
50001,ARKANSAS,AR,1,1,0,0,1,1,29,0,BORDEN SPRINGS,1,1,January,2012,1,Sunday,0,30,0,3,3,121,35.27313056,-92.62520278,42,2,0,0,0,1,0
50002,ARKANSAS,AR,1,1,1,1,1,1,51,0,CENTRAL,2,1,January,2012,2,Monday,16,35,1,2,2,135,34.50727222,-93.18355000,8,1,0,0,0,1,0
50003,ARKANSAS,AR,1,1,0,0,2,2,29,0,BORDEN SPRINGS,3,1,January,2012,3,Tuesday,0,17,0,3,3,54,35.21583056,-92.69947222,31,2,0,0,0,1,1
50004,ARKANSAS,AR,2,2,0,0,2,2,53,2260,ATMORE,3,1,January,2012,3,Tuesday,15,45,0,4,3,72,34.20602778,-92.55082222,12,1,0,0,0,1,0
50005,ARKANSAS,AR,2,2,0,0,2,2,81,0,AUBURN,4,1,January,2012,4,Wednesday,11,45,0,4,3,79,33.68003889,-94.00741111,12,1,0,0,0,1,0
50006,ARKANSAS,AR,1,1,0,0,1,1,15,0,ANNISTON,5,1,January,2012,5,Thursday,14,38,0,3,3,20,36.41828611,-93.55875000,42,1,0,0,0,1,0
50007,ARKANSAS,AR,1,1,0,0,1,1,107,0,CARROLLTON,5,1,January,2012,5,Thursday,18,5,0,4,3,0,34.49278333,-90.66316667,24,2,0,0,0,1,0
50008,ARKANSAS,AR,1,1,0,0,3,3,33,0,CHEROKEE,6,1,January,2012,6,Friday,7,0,0,9,3,43,35.43498333,-94.26693611,21,1,0,0,0,1,0
50009,ARKANSAS,AR,2,2,0,0,4,4,63,2335,BOLIGEE,7,1,January,2012,7,Saturday,18,53,0,3,3,40,35.71838611,-91.74382778,12,2,0,0,0,1,0
50010,ARKANSAS,AR,2,2,0,0,2,2,135,0,ASH FLAT,8,1,January,2012,1,Sunday,18,30,1,2,2,208,36.20761389,-91.61153611,12,2,0,0,0,1,0
50011,ARKANSAS,AR,3,3,0,0,7,7,9,342,BLOUNT,11,1,January,2012,4,Wednesday,7,21,0,9,3,91,36.30908889,-93.01709444,12,1,0,0,0,1,0
50012,ARKANSAS,AR,1,1,0,0,1,1,59,0,FRANKLIN,11,1,January,2012,4,Wednesday,19,5,1,1,1,855,34.26834167,-92.97335833,1,2,0,0,0,1,0
50013,ARKANSAS,AR,1,1,0,0,1,1,119,2320,BELLAMY,11,1,January,2012,4,Wednesday,21,11,0,16,6,0,34.74338611,-92.32141389,42,3,0,0,0,1,0
50014,ARKANSAS,AR,1,1,0,0,1,1,55,0,ATTALLA,12,1,January,2012,5,Thursday,15,5,0,9,3,15,36.23297500,-90.79357500,42,1,0,0,0,1,0
50015,ARKANSAS,AR,1,1,0,0,1,1,49,3500,COLLINSVILLE,12,1,January,2012,5,Thursday,16,56,0,6,6,0,36.37027222,-91.82475556,31,1,0,0,0,1,0
50016,ARKANSAS,AR,2,2,0,0,4,4,45,0,ARITON,16,1,January,2012,2,Monday,21,50,0,9,3,212,35.28708611,-92.12630833,12,2,0,0,0,1,0
50017,ARKANSAS,AR,1,1,0,0,1,1,71,9997,BRIDGEPORT,20,1,January,2012,6,Friday,17,29,0,9,4,99998,35.55888611,-93.43747778,42,1,0,0,0,1,1
50018,ARKANSAS,AR,2,2,0,0,3,3,119,2320,BELLAMY,23,1,January,2012,2,Monday,14,40,0,13,3,0,34.71799722,-92.35243889,12,1,0,0,0,1,0
50019,ARKANSAS,AR,1,1,0,0,1,1,117,0,BIRMINGHAM,24,1,January,2012,3,Tuesday,14,30,0,9,3,14,34.68261667,-91.45482500,35,1,0,0,0,1,0
50020,ARKANSAS,AR,5,5,0,0,8,8,119,2320,BELLAMY,24,1,January,2012,3,Tuesday,15,5,0,13,2,99998,34.67760000,-92.35531389,12,1,0,1,0,2,1
50021,ARKANSAS,AR,1,1,0,0,2,2,71,800,BRIDGEPORT,26,1,January,2012,5,Thursday,1,33,1,11,1,579,35.45788333,-93.48075833,42,2,0,0,0,1,1
50022,ARKANSAS,AR,2,2,0,0,3,3,119,3570,BELLAMY,26,1,January,2012,5,Thursday,16,42,0,13,3,59,34.85120556,-92.22676111,12,1,0,0,0,1,0
50023,ARKANSAS,AR,1,1,0,0,1,1,9,0,BLOUNT,27,1,January,2012,6,Friday,10,50,0,9,3,146,36.43891944,-93.03729167,42,1,0,0,0,1,1
50024,ARKANSAS,AR,1,1,0,0,1,1,131,1370,ARLINGTON,27,1,January,2012,6,Friday,17,7,0,9,3,18,35.37282778,-94.39332778,33,1,0,0,0,1,1
50025,ARKANSAS,AR,2,2,0,0,6,6,53,0,ATMORE,27,1,January,2012,6,Friday,20,36,0,9,4,0,34.24148056,-92.46110278,12,2,0,0,0,1,1
50026,ARKANSAS,AR,2,2,1,1,1,1,29,0,BORDEN SPRINGS,28,1,January,2012,7,Saturday,6,37,0,3,3,150,35.30606111,-92.60294722,12,4,0,0,0,1,0
50027,ARKANSAS,AR,1,1,0,0,1,1,45,0,ARITON,28,1,January,2012,7,Saturday,18,10,0,9,4,70,35.13230278,-92.32971667,42,2,0,0,0,1,0
50028,ARKANSAS,AR,1,1,1,1,1,1,69,80,ASHFORD,28,1,January,2012,7,Saturday,18,51,1,2,2,14,34.32973611,-91.85423611,8,2,0,0,0,1,1
50029,ARKANSAS,AR,1,1,0,0,4,4,17,0,CHAMBERS,29,1,January,2012,1,Sunday,14,48,1,1,2,33,33.51810833,-91.36658889,25,1,0,0,0,2,0
50030,ARKANSAS,AR,1,1,1,1,1,1,51,1907,CENTRAL,29,1,January,2012,1,Sunday,21,41,0,16,6,0,34.47790833,-93.05885833,8,5,0,0,0,1,0
50031,ARKANSAS,AR,2,2,0,0,2,2,143,1310,CANEHILL,31,1,January,2012,3,Tuesday,18,6,1,11,1,639,36.07423333,-94.20241944,12,5,0,0,0,1,0
50032,ARKANSAS,AR,2,2,0,0,2,2,119,0,BELLAMY,17,1,January,2012,3,Tuesday,17,54,0,6,4,0,34.79553611,-92.18655833,12,2,0,0,0,1,2
50033,ARKANSAS,AR,1,1,0,0,1,1,3,0,BALDWIN,4,2,February,2012,7,Saturday,4,50,0,9,3,11,33.27072500,-91.58808889,1,2,0,0,0,1,1
50034,ARKANSAS,AR,1,1,0,0,1,1,75,0,BEAVERTON,5,2,February,2012,1,Sunday,10,45,0,4,3,14,35.98125278,-91.33504167,52,1,0,0,0,1,0
50035,ARKANSAS,AR,2,2,0,0,8,8,149,743,BELLEVILLE,5,2,February,2012,1,Sunday,15,43,0,2,3,64,35.10698056,-93.16918889,12,1,0,0,0,5,0
50036,ARKANSAS,AR,2,2,0,0,2,2,125,330,BROOKWOOD,6,2,February,2012,2,Monday,12,58,0,6,4,0,34.61118333,-92.56983889,12,1,0,0,0,1,0
50037,ARKANSAS,AR,1,1,0,0,1,1,59,0,FRANKLIN,9,2,February,2012,5,Thursday,5,49,0,2,2,44,34.36503889,-92.76647500,1,6,0,0,0,1,0
50038,ARKANSAS,AR,2,2,0,0,2,2,119,2320,BELLAMY,10,2,February,2012,6,Friday,10,40,0,16,6,0,34.75229444,-92.34261944,12,1,0,0,0,1,0
50039,ARKANSAS,AR,1,1,0,0,2,2,139,0,CALION,12,2,February,2012,1,Sunday,13,45,1,2,3,59,33.08810556,-92.68035556,1,1,0,0,0,2,0
50040,ARKANSAS,AR,1,1,0,0,1,1,31,0,COFFEE,13,2,February,2012,2,Monday,13,7,1,2,3,76,35.87671944,-90.78341389,42,1,0,0,0,1,0
50041,ARKANSAS,AR,2,2,0,0,3,3,29,9999,BORDEN SPRINGS,13,2,February,2012,2,Monday,13,20,0,3,3,149,35.30578333,-92.60509167,12,1,0,0,0,2,0
50042,ARKANSAS,AR,2,2,0,0,3,3,97,0,AXIS,14,2,February,2012,3,Tuesday,7,28,0,4,3,5,34.63499722,-93.73593611,12,1,0,0,0,2,0
50043,ARKANSAS,AR,2,2,0,0,5,5,143,3250,CANEHILL,14,2,February,2012,3,Tuesday,16,18,0,3,2,134,35.98583333,-94.29914167,12,1,0,0,0,1,0
50044,ARKANSAS,AR,2,2,0,0,4,4,35,2550,BROOKLYN,15,2,February,2012,4,Wednesday,21,33,1,1,3,1160,35.14360278,-90.11683056,12,2,0,0,0,2,0
50045,ARKANSAS,AR,1,1,1,1,1,1,119,2320,BELLAMY,16,2,February,2012,5,Thursday,18,32,1,11,1,31,34.74491667,-92.31647500,8,2,0,0,0,1,0
50046,ARKANSAS,AR,2,2,0,0,5,5,91,0,DAYTON,17,2,February,2012,6,Friday,6,20,1,2,3,193,33.40952500,-93.74566389,12,2,0,0,0,1,0
50047,ARKANSAS,AR,1,1,0,0,1,1,65,2763,CYPRESS,17,2,February,2012,6,Friday,6,56,0,3,3,79,35.98844444,-91.78542222,35,2,0,0,0,1,0
50048,ARKANSAS,AR,1,1,0,0,3,3,139,0,CALION,18,2,February,2012,7,Saturday,14,0,0,4,3,870,33.25198056,-92.36995000,42,1,0,0,0,1,0
50049,ARKANSAS,AR,2,2,0,0,2,2,145,290,BALD KNOB,18,2,February,2012,7,Saturday,17,50,1,2,3,41,35.08250000,-91.89596944,12,2,0,0,0,1,0
50050,ARKANSAS,AR,1,1,0,0,3,3,119,2320,BELLAMY,18,2,February,2012,7,Saturday,20,31,0,13,3,86,34.85446944,-92.34348056,32,6,0,0,0,1,1
50051,ARKANSAS,AR,3,3,1,1,4,4,119,2320,BELLAMY,18,2,February,2012,7,Saturday,23,24,1,11,1,10,34.74110556,-92.28189722,8,3,0,0,0,1,0
50052,ARKANSAS,AR,1,1,0,0,1,1,99,0,BEATRICE,20,2,February,2012,2,Monday,9,20,0,3,3,194,33.57443611,-93.18258889,1,1,0,0,0,1,0
50053,ARKANSAS,AR,2,2,0,0,2,2,143,9997,CANEHILL,20,2,February,2012,2,Monday,17,40,1,2,3,170,36.16533056,-94.04543889,12,1,0,0,0,1,0
50054,ARKANSAS,AR,2,2,0,0,2,2,133,1060,ARLEY,21,2,February,2012,3,Tuesday,13,35,0,14,3,0,34.03731944,-94.32997222,12,1,0,0,0,1,0
50055,ARKANSAS,AR,2,2,0,0,2,2,27,1230,ASHLAND,21,2,February,2012,3,Tuesday,18,40,0,2,3,53,33.03310833,-93.15868056,12,2,0,0,0,1,1
50056,ARKANSAS,AR,1,1,1,1,1,1,51,1907,CENTRAL,22,2,February,2012,4,Wednesday,18,29,0,13,3,118,34.52463056,-93.05322500,8,6,0,0,0,1,1
50057,ARKANSAS,AR,1,1,1,1,2,2,35,0,BROOKLYN,22,2,February,2012,4,Wednesday,21,15,1,11,1,2832,35.15315833,-90.09246389,8,3,0,0,0,1,0
50058,ARKANSAS,AR,1,1,0,0,1,1,119,9997,BELLAMY,25,2,February,2012,7,Saturday,2,56,1,1,1,1388,34.92886667,-92.41088611,35,2,0,0,0,1,1
50059,ARKANSAS,AR,1,1,0,0,3,3,21,0,CHILTON,25,2,February,2012,7,Saturday,4,41,0,2,3,100,36.39949444,-90.51593333,31,2,0,0,0,1,1
50060,ARKANSAS,AR,2,2,0,0,2,2,91,0,DAYTON,25,2,February,2012,7,Saturday,6,58,1,2,3,17,33.04422500,-93.89552778,12,1,0,0,0,1,1
50061,ARKANSAS,AR,1,1,1,1,1,1,125,0,BROOKWOOD,26,2,February,2012,1,Sunday,0,25,0,6,4,0,34.61175556,-92.34925278,9,6,0,0,0,1,1
50062,ARKANSAS,AR,2,2,0,0,2,2,145,0,BALD KNOB,28,2,February,2012,3,Tuesday,13,50,0,4,3,53,35.09956389,-91.88307222,12,1,0,0,0,1,0
50063,ARKANSAS,AR,2,2,0,0,3,3,85,0,BENTON,29,2,February,2012,4,Wednesday,9,20,0,13,3,123,34.89812500,-91.99608056,12,1,0,0,0,1,0
50064,ARKANSAS,AR,1,1,0,0,1,1,85,600,BENTON,21,1,January,2012,7,Saturday,4,25,0,6,4,0,34.97411111,-92.03975833,24,2,0,0,0,1,1
50065,ARKANSAS,AR,2,2,0,0,2,2,55,3030,ATTALLA,1,3,March,2012,5,Thursday,17,7,1,13,2,173,36.04876389,-90.50702222,12,1,0,0,0,1,0
50066,ARKANSAS,AR,1,1,0,0,1,1,41,0,BRANTLEY,1,3,March,2012,5,Thursday,22,15,0,4,3,31,33.89383056,-91.53051389,32,2,0,0,0,1,0
50067,ARKANSAS,AR,1,1,0,0,1,1,23,0,BLADON SPRINGS,1,3,March,2012,5,Thursday,22,45,0,4,3,122,35.45927778,-92.05949722,1,2,0,0,0,1,1
50068,ARKANSAS,AR,1,1,0,0,1,1,5,0,BAKER HILL,2,3,March,2012,6,Friday,2,38,0,4,3,2,36.28974722,-92.30271389,35,2,0,0,0,1,1
50069,ARKANSAS,AR,1,1,0,0,3,3,35,910,BROOKLYN,3,3,March,2012,7,Saturday,0,30,0,9,4,99998,35.20686944,-90.39912778,1,2,0,0,0,1,1
50070,ARKANSAS,AR,1,1,0,0,1,1,63,250,BOLIGEE,3,3,March,2012,7,Saturday,1,43,0,13,3,17,35.76505833,-91.61356944,59,3,0,0,0,1,1
50071,ARKANSAS,AR,1,1,0,0,3,3,33,2799,CHEROKEE,4,3,March,2012,1,Sunday,17,15,0,3,3,56,35.68458333,-94.46228333,42,1,0,0,0,1,1
50072,ARKANSAS,AR,1,1,0,0,1,1,23,0,BLADON SPRINGS,5,3,March,2012,2,Monday,16,18,0,9,4,0,35.58472222,-92.12738333,1,1,0,0,0,1,0
50073,ARKANSAS,AR,1,1,1,1,1,1,5,0,BAKER HILL,5,3,March,2012,2,Monday,20,2,0,4,3,83,36.28842778,-92.38973611,8,2,0,0,0,1,0
50074,ARKANSAS,AR,1,1,0,0,2,2,115,3450,ASHVILLE,5,3,March,2012,2,Monday,23,40,1,1,1,803,35.30921111,-93.15086111,3,2,0,0,0,1,0
50075,ARKANSAS,AR,1,1,0,0,5,5,31,2070,COFFEE,6,3,March,2012,3,Tuesday,1,0,1,2,2,63,35.78075278,-90.59462500,35,2,0,0,0,3,1
50076,ARKANSAS,AR,2,2,0,0,3,3,115,3230,ASHVILLE,7,3,March,2012,4,Wednesday,6,45,1,3,3,29,35.22350833,-93.09567500,12,4,0,0,0,1,0
50077,ARKANSAS,AR,1,1,0,0,2,2,119,0,BELLAMY,8,3,March,2012,5,Thursday,11,45,0,9,4,99998,34.95437778,-92.09873056,30,1,6,0,0,1,0
50078,ARKANSAS,AR,2,2,1,1,2,2,93,450,BEAR CREEK,9,3,March,2012,6,Friday,8,22,0,4,2,185,35.95045278,-89.91008333,12,1,0,0,0,1,0
50079,ARKANSAS,AR,3,3,0,0,6,6,45,860,ARITON,9,3,March,2012,6,Friday,17,50,1,11,1,1297,35.05134722,-92.41460278,12,1,0,0,0,1,1
50080,ARKANSAS,AR,1,1,0,0,1,1,59,0,FRANKLIN,10,3,March,2012,7,Saturday,8,28,0,4,2,59,34.40560556,-92.74088611,23,1,0,0,0,1,1
50081,ARKANSAS,AR,1,1,0,0,2,2,33,0,CHEROKEE,10,3,March,2012,7,Saturday,11,55,0,3,2,53,35.56343611,-94.22024444,1,1,0,0,0,1,1
50082,ARKANSAS,AR,1,1,0,0,1,1,125,0,BROOKWOOD,11,3,March,2012,1,Sunday,1,34,0,4,3,83,34.61161111,-92.69691389,53,2,0,0,0,1,1
50083,ARKANSAS,AR,2,2,0,0,6,6,113,0,COTTONTON,11,3,March,2012,1,Sunday,15,54,0,3,3,43,34.54180556,-94.17734167,12,1,0,0,0,2,0
50084,ARKANSAS,AR,2,2,0,0,7,7,99,0,BEATRICE,11,3,March,2012,1,Sunday,20,12,0,3,2,187,33.57313056,-93.27563889,12,2,0,0,0,1,1
50086,ARKANSAS,AR,2,2,0,0,2,2,45,3676,ARITON,12,3,March,2012,2,Monday,17,0,1,2,2,127,35.19215833,-92.39177222,12,1,0,0,0,1,0
50087,ARKANSAS,AR,2,2,0,0,2,2,119,2320,BELLAMY,11,3,March,2012,1,Sunday,20,45,0,16,6,0,34.71867500,-92.33349444,12,3,0,0,0,1,1
50088,ARKANSAS,AR,2,1,1,1,2,2,7,0,BIBB,15,3,March,2012,5,Thursday,13,7,1,2,2,120,36.17695000,-94.35302222,14,1,0,0,0,1,0
50089,ARKANSAS,AR,1,1,0,0,1,1,61,0,BELLWOOD,16,3,March,2012,6,Friday,19,15,0,3,3,99,77.77770000,777.77770000,1,1,0,0,0,1,0
50090,ARKANSAS,AR,1,1,0,0,2,2,115,0,ASHVILLE,19,3,March,2012,2,Monday,11,33,0,9,4,0,77.77770000,777.77770000,32,1,0,0,0,1,0
50091,ARKANSAS,AR,1,1,0,0,1,1,5,2850,BAKER HILL,20,3,March,2012,3,Tuesday,10,20,0,3,3,53,36.20667778,-92.27058056,1,1,0,0,0,1,0
50092,ARKANSAS,AR,2,2,0,0,2,2,9,0,BLOUNT,30,3,March,2012,6,Friday,11,45,0,6,4,0,36.37478889,-93.25436111,12,1,0,0,0,1,1
50093,ARKANSAS,AR,2,2,0,0,5,5,119,2320,BELLAMY,20,3,March,2012,3,Tuesday,16,50,0,16,6,0,34.65212222,-92.38416111,12,1,0,0,0,1,0
50094,ARKANSAS,AR,2,2,0,0,4,4,139,0,CALION,23,3,March,2012,6,Friday,16,8,1,2,2,135,33.20838056,-92.74934722,12,1,0,0,0,1,0
50095,ARKANSAS,AR,2,2,0,0,2,2,27,0,ASHLAND,24,3,March,2012,7,Saturday,7,10,1,2,2,7,33.35258611,-93.39779167,12,4,0,0,0,1,1
50096,ARKANSAS,AR,1,1,0,0,1,1,63,0,BOLIGEE,24,3,March,2012,7,Saturday,16,51,1,2,2,154,35.73964167,-91.63863889,58,1,0,0,0,1,1
50097,ARKANSAS,AR,1,1,2,2,1,1,17,0,CHAMBERS,25,3,March,2012,1,Sunday,1,25,1,2,2,12,33.27048889,-91.23197778,8,2,0,0,0,2,0
50098,ARKANSAS,AR,1,1,1,1,1,1,143,1310,CANEHILL,25,3,March,2012,1,Sunday,20,5,1,11,1,659,36.10530833,-94.18051389,8,2,0,0,0,1,0
50099,ARKANSAS,AR,1,1,0,0,1,1,9,0,BLOUNT,27,3,March,2012,3,Tuesday,15,50,0,4,3,114,36.45683611,-93.07907222,43,1,0,0,0,1,0
50100,ARKANSAS,AR,1,1,1,1,7,7,37,4260,BRADFORD,28,3,March,2012,4,Wednesday,17,59,0,16,6,0,35.20781944,-90.79232222,9,1,0,0,0,1,0
50101,ARKANSAS,AR,2,2,0,0,2,2,145,290,BALD KNOB,29,3,March,2012,5,Thursday,10,44,0,4,3,48,35.08113056,-91.87282778,12,1,0,0,0,1,0
50102,ARKANSAS,AR,2,2,0,0,2,2,137,2750,ALCO,30,3,March,2012,6,Friday,9,40,0,4,3,179,35.86723056,-92.11790000,12,1,0,0,0,1,0
50103,ARKANSAS,AR,2,2,0,0,5,5,95,0,ALBERTVILLE,30,3,March,2012,6,Friday,14,48,0,4,2,34,34.83853333,-91.30635278,12,1,0,0,0,2,1
50104,ARKANSAS,AR,1,1,0,0,1,1,51,0,CENTRAL,31,3,March,2012,7,Saturday,13,37,0,4,3,42,34.55132222,-93.15556389,42,1,0,0,0,1,0
50105,ARKANSAS,AR,1,1,0,0,1,1,27,2490,ASHLAND,31,3,March,2012,7,Saturday,1,42,0,16,6,0,33.25644444,-93.23298056,31,2,0,0,0,1,1
50106,ARKANSAS,AR,1,1,0,0,3,3,31,2070,COFFEE,31,3,March,2012,7,Saturday,21,50,1,12,2,149,35.80730556,-90.70506389,1,3,0,0,0,2,0
50107,ARKANSAS,AR,4,4,0,0,9,9,7,340,BIBB,3,4,April,2012,3,Tuesday,14,54,1,1,3,59,36.41907778,-94.22258333,12,1,0,0,0,1,0
50108,ARKANSAS,AR,1,1,0,0,1,1,149,0,BELLEVILLE,4,4,April,2012,4,Wednesday,12,57,0,4,3,72,34.97136667,-93.67812500,1,1,0,0,0,1,0
50109,ARKANSAS,AR,2,2,0,0,2,2,119,2320,BELLAMY,5,4,April,2012,5,Thursday,0,17,1,11,1,1292,34.66109722,-92.40353611,12,3,0,0,0,1,1
50110,ARKANSAS,AR,3,3,0,0,3,3,1,0,AUTAUGA,5,4,April,2012,5,Thursday,5,35,0,2,3,90,34.52695278,-91.53980000,12,2,0,0,0,1,0