ST_CASE,State Name,State Abbreviation,# of Vehicle involved,Parked_Vehicles_Involved,Pedestrains,Person_Not_in_Motor_Vehicle,Persons_in_motor_vehicle,Total_Persons_in_accident,COUNTY,CITY,City_County_Name,Calendar_DAY,MONTH,Month_name,YEAR,DAY_WEEK,Day_Week_desc,HOUR,MINUTE,NHS_Desc,trafficway,Route,MILEPT,LATITUDE,LONGITUD,First_Crash_event,Light_cond_desc,Weather_condition,School_bus_involved,Crash_cause,FATALS,DRUNK_DR
50264,ARKANSAS,AR,2,2,0,0,7,7,115,2340,ASHVILLE,12,7,July,2012,5,Thursday,17,4,0,4,3,2,35.33471389,-93.25501667,12,1,0,0,0,1,0
50265,ARKANSAS,AR,1,1,0,0,1,1,113,0,COTTONTON,13,7,July,2012,6,Friday,19,50,0,4,3,57,34.58355278,-94.15572500,38,6,0,0,0,1,0
50266,ARKANSAS,AR,1,1,0,0,1,1,103,0,DANVILLE,13,7,July,2012,6,Friday,20,39,1,2,2,54,33.61741944,-92.77105000,59,6,0,0,0,1,1
50267,ARKANSAS,AR,1,1,0,0,1,1,113,0,COTTONTON,14,7,July,2012,7,Saturday,19,0,0,4,3,40,34.51949722,-94.21758333,35,1,0,0,0,1,0
50268,ARKANSAS,AR,1,1,0,0,1,1,7,0,BIBB,15,7,July,2012,1,Sunday,15,20,0,4,3,35,36.42246667,-94.15837222,1,1,0,0,0,1,1
50269,ARKANSAS,AR,1,1,0,0,1,1,17,0,CHAMBERS,16,7,July,2012,2,Monday,20,13,0,3,3,35,33.53088889,-91.39460556,42,6,0,0,0,1,1
50270,ARKANSAS,AR,1,1,0,0,2,2,51,1907,CENTRAL,18,7,July,2012,4,Wednesday,18,15,0,13,3,2,34.46601667,-93.06198056,1,1,0,0,0,1,1
50271,ARKANSAS,AR,1,1,0,0,1,1,119,0,BELLAMY,20,7,July,2012,6,Friday,8,55,0,13,3,81,34.86035000,-92.34483611,42,1,0,0,0,1,0
50272,ARKANSAS,AR,1,1,0,0,1,1,23,0,BLADON SPRINGS,20,7,July,2012,6,Friday,10,40,0,4,3,31,35.45316667,-92.21968333,35,1,0,0,0,1,0
50273,ARKANSAS,AR,1,1,0,0,1,1,143,0,CANEHILL,21,7,July,2012,7,Saturday,10,50,0,6,4,0,36.05323333,-94.42672778,1,1,0,0,0,1,0
50274,ARKANSAS,AR,2,2,0,0,5,5,91,3810,DAYTON,21,7,July,2012,7,Saturday,16,47,0,13,3,13,33.43061944,-94.00598611,12,1,0,0,0,1,0
50275,ARKANSAS,AR,1,1,0,0,1,1,93,0,BEAR CREEK,21,7,July,2012,7,Saturday,18,46,0,6,4,0,35.75593333,-89.96403889,59,1,0,0,0,1,1
50276,ARKANSAS,AR,1,1,0,0,1,1,93,0,BEAR CREEK,22,7,July,2012,1,Sunday,19,25,0,4,3,36,35.82108889,-90.17800000,7,1,0,0,0,1,0
50277,ARKANSAS,AR,2,2,0,0,2,2,67,0,ABBEVILLE,24,7,July,2012,3,Tuesday,13,40,0,14,3,22,35.53216389,-91.26692778,16,1,0,0,0,1,0
50278,ARKANSAS,AR,1,1,0,0,1,1,141,0,BEE BRANCH,24,7,July,2012,3,Tuesday,13,44,0,4,3,79,35.43916944,-92.41843333,35,1,0,0,0,1,0
50279,ARKANSAS,AR,1,1,0,0,1,1,69,0,ASHFORD,25,7,July,2012,4,Wednesday,99,99,0,6,4,0,34.27200833,-91.98053056,1,1,0,0,0,1,0
50280,ARKANSAS,AR,2,2,0,0,3,3,135,9997,ASH FLAT,25,7,July,2012,4,Wednesday,14,33,1,2,3,8,36.26014444,-91.55198056,12,1,0,0,0,1,0
50281,ARKANSAS,AR,1,1,0,0,1,1,115,0,ASHVILLE,25,7,July,2012,4,Wednesday,18,26,0,6,4,0,35.50153611,-93.17363333,1,1,0,0,0,1,1
50282,ARKANSAS,AR,2,2,0,0,4,4,85,0,BENTON,25,7,July,2012,4,Wednesday,21,6,0,2,2,266,34.64179167,-92.04510000,12,6,0,0,0,4,1
50283,ARKANSAS,AR,1,1,0,0,1,1,85,600,BENTON,27,7,July,2012,6,Friday,11,47,0,2,5,0,34.94774167,-92.06704167,42,1,0,0,0,1,0
50284,ARKANSAS,AR,1,1,0,0,1,1,69,0,ASHFORD,27,7,July,2012,6,Friday,23,30,1,2,2,16,34.19457222,-91.95432500,38,3,0,0,0,1,1
50285,ARKANSAS,AR,2,2,0,0,3,3,125,330,BROOKWOOD,28,7,July,2012,7,Saturday,19,36,0,13,3,3,34.56954167,-92.58597778,12,1,0,0,0,1,0
50286,ARKANSAS,AR,1,1,0,0,1,1,129,0,BIGBEE,29,7,July,2012,1,Sunday,0,30,0,4,3,0,36.06580833,-92.85750278,1,6,0,0,0,1,1
50288,ARKANSAS,AR,1,1,0,0,1,1,83,3050,ARDMORE,31,7,July,2012,3,Tuesday,20,52,0,4,3,137,35.27788611,-93.73027222,39,6,0,0,0,1,0
50289,ARKANSAS,AR,1,1,0,0,2,2,15,350,ANNISTON,20,6,June,2012,4,Wednesday,15,59,0,6,4,0,36.25426944,-93.59858611,42,1,0,0,0,1,0
50290,ARKANSAS,AR,1,1,0,0,3,3,47,0,BROWNS,1,8,August,2012,4,Wednesday,17,19,0,5,3,38,35.53682500,-93.80437500,34,1,0,0,0,1,1
50291,ARKANSAS,AR,1,1,0,0,3,3,103,0,DANVILLE,2,8,August,2012,5,Thursday,15,5,0,3,2,99,33.55895556,-92.92486389,42,1,0,0,0,1,0
50292,ARKANSAS,AR,1,1,0,0,1,1,119,4256,BELLAMY,2,8,August,2012,5,Thursday,16,58,0,15,3,88,34.62755278,-92.22180556,42,1,0,0,0,1,0
50293,ARKANSAS,AR,1,1,0,0,1,1,71,0,BRIDGEPORT,3,8,August,2012,6,Friday,15,42,1,1,1,488,35.48222222,-93.57135278,24,1,0,0,0,1,0
50294,ARKANSAS,AR,1,1,0,0,1,1,143,0,CANEHILL,3,8,August,2012,6,Friday,17,47,0,4,3,29,35.90314444,-94.20416944,42,1,0,0,0,1,1
50295,ARKANSAS,AR,1,1,0,0,1,1,125,0,BROOKWOOD,4,8,August,2012,7,Saturday,19,22,1,2,2,18,34.55005000,-92.78580556,42,1,0,0,0,1,0
50296,ARKANSAS,AR,1,1,0,0,3,3,121,0,BON AIR,5,8,August,2012,1,Sunday,22,5,1,2,2,43,36.25972778,-90.96986389,42,2,0,0,0,2,0
50297,ARKANSAS,AR,1,1,0,0,7,7,145,290,BALD KNOB,6,8,August,2012,2,Monday,17,37,1,2,2,36,35.07378611,-91.90834167,1,1,0,0,0,1,0
50298,ARKANSAS,AR,1,1,0,0,2,2,141,0,BEE BRANCH,6,8,August,2012,2,Monday,18,40,0,5,3,66,35.44018333,-92.41388889,32,1,0,0,0,1,1
50299,ARKANSAS,AR,2,2,0,0,4,4,25,0,BARLOW BEND,7,8,August,2012,3,Tuesday,16,50,0,4,3,85,34.04386389,-92.10134167,12,1,0,0,0,1,0
50300,ARKANSAS,AR,6,1,0,0,3,3,7,340,BIBB,8,8,August,2012,4,Wednesday,2,24,0,16,6,0,36.38370833,-94.20861944,14,2,0,0,0,1,0
50301,ARKANSAS,AR,2,2,0,0,2,2,25,0,BARLOW BEND,8,8,August,2012,4,Wednesday,19,20,1,2,2,105,33.88334444,-92.24941944,12,5,0,0,0,1,0
50302,ARKANSAS,AR,2,2,0,0,2,2,33,50,CHEROKEE,9,8,August,2012,5,Thursday,13,50,0,4,2,85,35.48524444,-94.22103333,12,1,0,0,0,1,0
50303,ARKANSAS,AR,2,2,0,0,2,2,45,0,ARITON,9,8,August,2012,5,Thursday,17,40,1,2,2,52,35.29408056,-92.40278889,12,1,0,0,0,1,0
50305,ARKANSAS,AR,1,1,0,0,1,1,5,0,BAKER HILL,11,8,August,2012,7,Saturday,17,7,0,13,3,46,36.37900000,-92.44451944,33,1,0,0,0,1,1
50306,ARKANSAS,AR,1,1,1,1,1,1,143,3670,CANEHILL,11,8,August,2012,7,Saturday,21,24,0,13,3,33,36.14040278,-94.14416944,8,2,0,0,0,1,0
50307,ARKANSAS,AR,1,1,0,0,1,1,35,0,BROOKLYN,12,8,August,2012,1,Sunday,1,45,0,4,3,40,35.32486389,-90.45270278,30,2,0,0,0,1,1
50308,ARKANSAS,AR,1,1,0,0,2,2,77,0,ANDERSON,12,8,August,2012,1,Sunday,4,47,1,2,2,95,34.77535000,-90.95686667,11,2,0,0,0,1,0
50309,ARKANSAS,AR,1,1,0,0,1,1,7,0,BIBB,12,8,August,2012,1,Sunday,4,58,1,12,2,35,36.41117500,-94.21043889,21,6,0,0,0,1,0
50310,ARKANSAS,AR,1,1,1,1,1,1,35,4120,BROOKLYN,12,8,August,2012,1,Sunday,5,15,1,11,1,25,35.14507222,-90.12063333,9,3,0,0,0,1,0
50311,ARKANSAS,AR,3,3,0,0,6,6,149,0,BELLEVILLE,13,8,August,2012,2,Monday,7,22,0,3,3,74,35.14221111,-93.32036944,12,1,0,0,0,1,0
50312,ARKANSAS,AR,1,1,0,0,1,1,83,0,ARDMORE,15,8,August,2012,4,Wednesday,14,44,0,4,4,0,35.36790000,-93.58887222,31,1,0,0,0,1,0
50313,ARKANSAS,AR,2,2,0,0,4,4,45,0,ARITON,15,8,August,2012,4,Wednesday,17,25,0,6,4,0,35.22346667,-92.48756389,12,1,0,0,0,1,1
50314,ARKANSAS,AR,1,1,0,0,2,2,69,0,ASHFORD,16,8,August,2012,5,Thursday,13,47,0,3,2,91,34.21490000,-91.93920000,1,1,0,0,0,1,0
50315,ARKANSAS,AR,1,1,0,0,2,2,119,2880,BELLAMY,16,8,August,2012,5,Thursday,17,54,1,11,1,1543,34.77744167,-92.24228333,25,1,0,0,0,1,0
50316,ARKANSAS,AR,1,1,0,0,1,1,99,0,BEATRICE,16,8,August,2012,5,Thursday,22,30,0,4,3,38,33.65333333,-93.37338333,59,2,0,0,0,1,1
50317,ARKANSAS,AR,3,3,0,0,5,5,69,0,ASHFORD,17,8,August,2012,6,Friday,14,54,1,2,2,48,34.35093611,-91.81564167,12,1,0,0,0,1,0
50318,ARKANSAS,AR,2,2,0,0,6,6,15,0,ANNISTON,18,8,August,2012,7,Saturday,19,37,0,3,3,163,36.49534167,-93.40311944,1,1,0,0,0,1,0
50319,ARKANSAS,AR,1,1,0,0,2,2,51,1912,CENTRAL,18,8,August,2012,7,Saturday,20,49,0,4,3,3,34.50750833,-93.12676667,35,1,0,0,0,1,1
50320,ARKANSAS,AR,2,2,0,0,3,3,71,0,BRIDGEPORT,19,8,August,2012,1,Sunday,14,56,0,4,3,55,35.52690000,-93.52581944,12,1,0,0,0,1,0
50321,ARKANSAS,AR,2,2,0,0,3,3,149,0,BELLEVILLE,20,8,August,2012,2,Monday,6,15,0,3,3,41,35.12585278,-93.63706389,12,1,0,0,0,1,0
50322,ARKANSAS,AR,1,1,0,0,1,1,119,0,BELLAMY,24,8,August,2012,6,Friday,1,37,0,3,3,34,34.97745833,-92.12846944,32,2,0,0,0,1,1
50323,ARKANSAS,AR,1,1,1,1,1,1,85,0,BENTON,24,8,August,2012,6,Friday,21,43,0,4,2,20,34.76421111,-92.04240833,8,2,0,0,0,1,0
50324,ARKANSAS,AR,1,1,0,0,5,5,119,0,BELLAMY,26,8,August,2012,1,Sunday,3,40,0,6,4,0,34.78475000,-92.58290833,30,2,0,0,0,1,1
50325,ARKANSAS,AR,1,1,0,0,1,1,83,0,ARDMORE,25,8,August,2012,7,Saturday,13,20,0,3,3,78,35.14548056,-93.88931111,32,1,0,0,0,1,0
50326,ARKANSAS,AR,1,1,0,0,1,1,57,0,BANKSTON,25,8,August,2012,7,Saturday,17,21,0,3,3,112,33.63115833,-93.59410833,42,1,0,0,0,1,0
50327,ARKANSAS,AR,2,2,0,0,2,2,37,0,BRADFORD,25,8,August,2012,7,Saturday,17,51,0,6,4,0,35.26280278,-90.76983056,35,1,0,0,0,1,0
50328,ARKANSAS,AR,2,2,0,0,5,5,143,1310,CANEHILL,26,8,August,2012,1,Sunday,13,49,0,13,3,44,36.05474722,-94.10798333,12,7,0,0,0,1,0
50329,ARKANSAS,AR,5,5,0,0,7,7,35,4120,BROOKLYN,26,8,August,2012,1,Sunday,19,15,1,11,1,2834,35.15280278,-90.07731944,12,1,0,0,0,1,0
50330,ARKANSAS,AR,2,2,0,0,2,2,121,380,BON AIR,27,8,August,2012,2,Monday,1,56,1,2,2,128,36.35628056,-90.75610833,12,6,0,0,0,1,0
50331,ARKANSAS,AR,1,1,0,0,1,1,65,0,CYPRESS,27,8,August,2012,2,Monday,4,53,0,3,3,9,36.12527500,-92.14628889,42,6,0,0,0,1,1
50332,ARKANSAS,AR,2,2,0,0,3,3,143,3670,CANEHILL,27,8,August,2012,2,Monday,16,19,0,13,2,48,36.16252778,-94.14370000,12,1,0,0,0,1,0
50333,ARKANSAS,AR,2,2,0,0,2,2,31,0,COFFEE,27,8,August,2012,2,Monday,16,30,1,2,3,28,35.70904167,-90.69358889,12,1,0,0,0,1,0
50334,ARKANSAS,AR,1,1,0,0,1,1,51,0,CENTRAL,27,8,August,2012,2,Monday,21,38,0,4,3,204,34.67705000,-93.08073611,42,6,0,0,0,1,0
50335,ARKANSAS,AR,1,1,0,0,1,1,149,0,BELLEVILLE,28,8,August,2012,3,Tuesday,13,49,0,4,3,174,35.10376111,-93.32178889,1,1,0,0,0,1,0
50336,ARKANSAS,AR,4,4,0,0,4,4,29,2710,BORDEN SPRINGS,28,8,August,2012,3,Tuesday,17,32,0,13,3,14,35.17284167,-92.74445000,12,1,0,0,0,1,0
50337,ARKANSAS,AR,4,4,0,0,5,5,19,0,CEDAR BLUFF,29,8,August,2012,4,Wednesday,15,59,0,3,3,64,34.05241389,-92.95321111,12,1,0,0,0,1,0
50338,ARKANSAS,AR,1,1,1,1,1,1,85,0,BENTON,15,4,April,2012,1,Sunday,3,58,0,6,4,0,34.88245278,-91.95703333,8,2,0,0,0,1,0
50339,ARKANSAS,AR,1,1,1,1,2,2,85,2350,BENTON,28,4,April,2012,7,Saturday,19,0,0,6,4,0,34.90784722,-91.88006667,9,1,0,0,0,1,0
50340,ARKANSAS,AR,1,1,1,1,1,1,119,2320,BELLAMY,1,9,September,2012,7,Saturday,3,50,1,11,1,57,34.71686667,-92.24773333,8,2,0,0,0,1,0
50341,ARKANSAS,AR,2,2,0,0,2,2,145,290,BALD KNOB,1,9,September,2012,7,Saturday,21,30,1,2,2,22,35.06553889,-91.92097222,12,2,0,0,0,1,1
50342,ARKANSAS,AR,1,1,0,0,2,2,15,0,ANNISTON,2,9,September,2012,1,Sunday,11,22,0,3,2,23,36.46966111,-93.83763889,1,1,0,0,0,1,0
50343,ARKANSAS,AR,1,1,0,0,1,1,89,0,BROWNSBORO,3,9,September,2012,2,Monday,18,20,0,4,3,67,36.15974444,-92.75275556,59,2,0,0,0,1,0
50344,ARKANSAS,AR,1,1,0,0,2,2,35,0,BROOKLYN,5,9,September,2012,4,Wednesday,13,55,0,4,3,112,35.41415833,-90.41268611,1,1,0,0,0,1,0
50345,ARKANSAS,AR,2,2,0,0,2,2,7,3390,BIBB,9,9,September,2012,1,Sunday,11,20,0,14,3,15,36.33808611,-94.10917778,12,1,0,0,0,1,1
50346,ARKANSAS,AR,1,1,0,0,2,2,55,0,ATTALLA,10,9,September,2012,2,Monday,5,0,0,4,3,32,35.98716944,-90.48843889,59,6,0,0,0,2,1
50347,ARKANSAS,AR,2,2,0,0,2,2,51,0,CENTRAL,10,9,September,2012,2,Monday,7,27,0,14,3,10,34.45977222,-93.07700278,12,1,0,0,0,1,0
50348,ARKANSAS,AR,2,2,0,0,3,3,119,0,BELLAMY,11,9,September,2012,3,Tuesday,6,55,1,11,1,53,34.74500000,-92.35400000,54,1,0,0,0,1,0
50349,ARKANSAS,AR,1,1,0,0,1,1,39,0,ANDALUSIA,11,9,September,2012,3,Tuesday,16,39,0,4,3,74,33.93206944,-92.47080000,21,1,0,0,0,1,0
50350,ARKANSAS,AR,1,1,0,0,1,1,85,600,BENTON,13,9,September,2012,5,Thursday,11,25,1,12,2,6,34.95031667,-92.06199722,24,1,0,0,0,1,0
50351,ARKANSAS,AR,1,1,0,0,1,1,63,0,BOLIGEE,13,9,September,2012,5,Thursday,13,45,0,4,3,70,35.69591389,-91.64878333,25,1,0,0,0,1,0
50352,ARKANSAS,AR,2,2,0,0,2,2,111,0,GRAHAM,14,9,September,2012,6,Friday,5,21,1,2,3,78,35.67194722,-90.70343333,12,2,0,0,0,1,0
50353,ARKANSAS,AR,3,3,0,0,3,3,15,0,ANNISTON,14,9,September,2012,6,Friday,14,18,0,4,3,21,36.41938889,-93.55722222,12,1,0,0,0,1,1
50354,ARKANSAS,AR,2,2,0,0,5,5,7,2380,BIBB,14,9,September,2012,6,Friday,18,41,0,13,2,39,36.26709444,-94.13652222,12,1,0,0,0,1,1
50355,ARKANSAS,AR,1,1,0,0,1,1,59,0,FRANKLIN,15,9,September,2012,7,Saturday,4,59,1,1,1,834,34.24258056,-92.99973056,42,2,0,0,0,1,0
50356,ARKANSAS,AR,2,2,0,0,2,2,51,0,CENTRAL,15,9,September,2012,7,Saturday,8,8,1,2,2,85,34.54324722,-92.88356667,12,1,0,0,0,1,0
50357,ARKANSAS,AR,1,1,0,0,1,1,47,0,BROWNS,18,9,September,2012,3,Tuesday,14,16,1,1,1,425,35.50209444,-93.72691944,42,1,0,0,0,1,0
50358,ARKANSAS,AR,1,1,0,0,1,1,113,2630,COTTONTON,18,9,September,2012,3,Tuesday,17,56,0,16,6,0,34.57041111,-94.23194167,53,1,0,0,0,1,0
50359,ARKANSAS,AR,1,1,0,0,1,1,119,2320,BELLAMY,20,9,September,2012,5,Thursday,7,50,0,16,6,0,34.71231944,-92.20763333,42,1,0,0,0,1,0
50360,ARKANSAS,AR,2,2,0,0,3,3,7,0,BIBB,20,9,September,2012,5,Thursday,14,20,0,4,3,35,36.46648333,-94.14015278,7,1,0,0,0,1,0
50361,ARKANSAS,AR,2,2,0,0,4,4,29,735,BORDEN SPRINGS,20,9,September,2012,5,Thursday,17,35,0,3,3,234,35.39036667,-92.55478611,12,1,0,0,0,1,1
50362,ARKANSAS,AR,1,1,1,1,1,1,51,0,CENTRAL,21,9,September,2012,6,Friday,6,14,0,6,4,0,34.45927500,-93.35467222,8,2,0,1,0,1,0
50364,ARKANSAS,AR,1,1,0,0,1,1,23,0,BLADON SPRINGS,21,9,September,2012,6,Friday,22,33,0,6,3,95,35.43566111,-91.89227500,35,2,0,0,0,1,1
50365,ARKANSAS,AR,2,2,0,0,3,3,93,0,BEAR CREEK,24,9,September,2012,2,Monday,7,58,0,4,3,43,35.77935278,-90.24996944,12,1,0,0,0,1,1
50366,ARKANSAS,AR,2,2,0,0,2,2,141,820,BEE BRANCH,25,9,September,2012,3,Tuesday,6,10,1,2,2,43,35.56499167,-92.45155278,12,2,0,0,0,1,0
50367,ARKANSAS,AR,2,2,1,1,3,3,35,4120,BROOKLYN,25,9,September,2012,3,Tuesday,23,23,1,11,1,2767,35.16743333,-90.20150833,8,6,0,0,0,1,0
50368,ARKANSAS,AR,1,1,0,0,1,1,145,0,BALD KNOB,28,9,September,2012,6,Friday,8,46,0,4,3,13,35.20373056,-91.95083611,42,1,0,0,0,1,0
50369,ARKANSAS,AR,1,1,0,0,1,1,19,2940,CEDAR BLUFF,29,9,September,2012,7,Saturday,16,45,0,6,5,0,34.00298611,-93.33244722,1,1,0,0,0,1,1
50370,ARKANSAS,AR,1,1,0,0,1,1,59,394,FRANKLIN,3,10,October,2012,4,Wednesday,9,44,0,4,3,75,34.33152778,-93.04646111,42,1,0,0,0,1,0
50371,ARKANSAS,AR,1,1,0,0,1,1,135,0,ASH FLAT,3,10,October,2012,4,Wednesday,19,22,0,4,3,35,36.06322778,-91.55047222,1,2,0,0,0,1,0
50372,ARKANSAS,AR,1,1,1,1,1,1,145,3530,BALD KNOB,4,10,October,2012,5,Thursday,8,28,0,14,3,134,35.23951944,-91.73900833,15,1,0,0,0,1,0
50373,ARKANSAS,AR,3,3,0,0,5,5,87,0,ARMSTRONG,5,10,October,2012,6,Friday,12,51,1,2,2,73,36.12478611,-93.82146111,12,1,0,0,0,1,0
50374,ARKANSAS,AR,1,1,0,0,1,1,125,570,BROOKWOOD,5,10,October,2012,6,Friday,13,0,0,14,3,60,34.58438889,-92.49326389,7,1,0,0,0,1,0
50375,ARKANSAS,AR,1,1,2,2,1,1,69,3150,ASHFORD,5,10,October,2012,6,Friday,23,55,0,15,3,21,34.22378889,-92.06111667,8,2,0,0,0,1,0
50376,ARKANSAS,AR,1,1,0,0,1,1,75,0,BEAVERTON,6,10,October,2012,7,Saturday,13,50,0,3,3,1580,36.05684167,-91.19362778,35,1,0,0,0,1,0
50377,ARKANSAS,AR,1,1,0,0,1,1,125,0,BROOKWOOD,6,10,October,2012,7,Saturday,19,28,1,1,1,1111,34.53667222,-92.67387778,59,2,0,0,0,1,0
50378,ARKANSAS,AR,1,1,0,0,1,1,93,450,BEAR CREEK,7,10,October,2012,1,Sunday,5,10,0,6,6,0,35.92745000,-89.90796111,33,3,0,0,0,1,1
50379,ARKANSAS,AR,1,1,0,0,1,1,71,0,BRIDGEPORT,8,10,October,2012,2,Monday,0,15,0,4,3,95,35.55161667,-93.64032222,52,2,0,0,0,1,0
50380,ARKANSAS,AR,1,1,0,0,2,2,99,0,BEATRICE,8,10,October,2012,2,Monday,0,30,0,3,3,62,33.88605278,-93.44348056,32,2,0,0,0,2,1
50381,ARKANSAS,AR,2,2,0,0,2,2,5,2730,BAKER HILL,8,10,October,2012,2,Monday,18,50,1,13,2,99,36.32127778,-92.36280833,12,2,0,0,0,1,0
50382,ARKANSAS,AR,3,3,0,0,3,3,149,390,BELLEVILLE,9,10,October,2012,3,Tuesday,15,58,0,3,3,167,35.01723611,-93.13331667,12,1,0,0,0,1,0
50383,ARKANSAS,AR,2,2,0,0,2,2,85,0,BENTON,10,10,October,2012,4,Wednesday,15,50,0,3,3,141,34.97843611,-91.87377500,12,1,0,0,0,1,0
50384,ARKANSAS,AR,2,2,0,0,4,4,139,1210,CALION,12,10,October,2012,6,Friday,13,11,0,16,5,0,33.21219444,-92.64491389,12,1,0,0,0,1,0
50385,ARKANSAS,AR,2,2,0,0,6,6,31,0,COFFEE,13,10,October,2012,7,Saturday,19,40,0,3,3,86,35.95832778,-90.71333056,12,6,0,0,0,1,0
50386,ARKANSAS,AR,1,1,0,0,1,1,115,0,ASHVILLE,13,10,October,2012,7,Saturday,21,24,0,6,4,0,35.36306667,-93.13603611,35,2,0,0,0,1,1
50387,ARKANSAS,AR,1,1,0,0,1,1,115,3450,ASHVILLE,14,10,October,2012,1,Sunday,0,52,0,6,5,0,35.27113889,-93.12318333,19,6,0,0,0,1,1
50388,ARKANSAS,AR,1,1,0,0,1,1,131,1370,ARLINGTON,14,10,October,2012,1,Sunday,20,43,0,6,5,0,35.36418333,-94.38618056,53,3,0,0,0,1,1
50389,ARKANSAS,AR,2,2,0,0,2,2,31,2070,COFFEE,16,10,October,2012,3,Tuesday,6,20,1,2,2,60,35.78598056,-90.60229444,12,2,0,0,0,1,0
50390,ARKANSAS,AR,1,1,0,0,2,2,85,0,BENTON,16,10,October,2012,3,Tuesday,14,0,0,3,3,17,34.51343889,-91.94838611,34,1,0,0,0,1,0
50391,ARKANSAS,AR,2,2,0,0,2,2,41,0,BRANTLEY,17,10,October,2012,4,Wednesday,6,50,0,4,3,83,33.61589444,-91.39053611,12,4,0,0,0,2,0
50392,ARKANSAS,AR,1,1,0,0,1,1,119,2880,BELLAMY,17,10,October,2012,4,Wednesday,16,36,1,1,1,3,34.78197500,-92.16437222,1,1,0,0,0,1,0
50393,ARKANSAS,AR,2,2,0,0,2,2,135,0,ASH FLAT,17,10,October,2012,4,Wednesday,16,48,1,2,2,142,36.11884722,-91.60546389,12,1,0,0,0,1,0
50394,ARKANSAS,AR,1,1,0,0,1,1,105,0,MARION,17,10,October,2012,4,Wednesday,22,50,0,3,3,126,35.03528611,-92.71551389,38,2,0,0,0,1,0
50395,ARKANSAS,AR,2,2,0,0,6,6,133,0,ARLEY,19,10,October,2012,6,Friday,19,2,0,4,3,28,33.95951111,-94.29258056,12,2,0,0,0,1,0
50396,ARKANSAS,AR,1,1,0,0,2,2,115,0,ASHVILLE,20,10,October,2012,7,Saturday,1,18,0,6,4,0,35.57370833,-93.02225833,42,2,0,0,0,2,1
50397,ARKANSAS,AR,1,1,0,0,1,1,143,0,CANEHILL,20,10,October,2012,7,Saturday,2,21,1,2,2,197,36.17523611,-93.99888333,59,2,0,0,0,1,1
50398,ARKANSAS,AR,2,2,0,0,6,6,53,0,ATMORE,20,10,October,2012,7,Saturday,11,36,1,2,2,106,34.38189167,-92.37893333,12,1,0,0,0,4,0
50399,ARKANSAS,AR,2,2,0,0,3,3,3,0,BALDWIN,20,10,October,2012,7,Saturday,19,30,1,2,2,159,33.30252222,-91.55310833,12,2,0,0,0,2,1
50400,ARKANSAS,AR,3,3,0,0,3,3,119,2320,BELLAMY,21,10,October,2012,1,Sunday,19,0,0,13,3,63,34.79873056,-92.41719722,33,3,0,0,0,1,1
50401,ARKANSAS,AR,2,2,0,0,2,2,143,3670,CANEHILL,21,10,October,2012,1,Sunday,20,26,1,13,2,81,36.17540556,-94.19200833,12,2,0,0,0,1,1
50402,ARKANSAS,AR,2,2,0,0,3,3,119,2036,BELLAMY,21,10,October,2012,1,Sunday,22,48,1,12,2,88,34.86755556,-92.12761667,25,3,0,0,0,1,0
50403,ARKANSAS,AR,2,2,0,0,2,2,51,1907,CENTRAL,22,10,October,2012,2,Monday,21,7,0,13,3,104,34.50516389,-93.05518333,12,1,0,0,0,1,0
50404,ARKANSAS,AR,2,2,0,0,5,5,67,0,ABBEVILLE,23,10,October,2012,3,Tuesday,13,13,0,3,3,57,35.79708611,-91.04958333,12,1,0,0,0,2,0
50405,ARKANSAS,AR,1,1,0,0,1,1,119,2320,BELLAMY,24,10,October,2012,4,Wednesday,20,45,0,6,6,0,34.72075000,-92.24028889,43,3,0,0,0,1,0
50406,ARKANSAS,AR,1,1,0,0,1,1,91,0,DAYTON,26,10,October,2012,6,Friday,6,20,1,1,1,138,33.56492778,-93.85551389,35,2,0,0,0,1,0
50407,ARKANSAS,AR,1,1,0,0,1,1,119,0,BELLAMY,26,10,October,2012,6,Friday,9,54,0,13,2,108,34.76477778,-92.09710278,42,1,0,0,0,1,0
50408,ARKANSAS,AR,2,2,0,0,8,8,27,2490,ASHLAND,26,10,October,2012,6,Friday,15,45,1,13,2,5,33.28928333,-93.21385278,12,1,0,0,0,1,0
50409,ARKANSAS,AR,1,1,0,0,1,1,139,0,CALION,28,10,October,2012,1,Sunday,21,0,0,4,3,34,33.22829444,-92.51958056,1,2,0,0,0,1,1
50410,ARKANSAS,AR,6,6,0,0,8,8,43,4190,BAILEYTON,29,10,October,2012,2,Monday,12,0,0,3,2,24,33.62698333,-91.94063611,12,1,0,0,0,1,0
50411,ARKANSAS,AR,3,3,0,0,6,6,31,0,COFFEE,30,10,October,2012,3,Tuesday,13,15,0,3,3,71,35.79405000,-90.91083889,12,1,0,0,0,2,0
50412,ARKANSAS,AR,2,2,0,0,2,2,119,2880,BELLAMY,31,10,October,2012,4,Wednesday,8,41,0,14,3,108,34.77380556,-92.19924722,12,1,0,0,0,1,0
50413,ARKANSAS,AR,3,3,0,0,22,22,129,0,BIGBEE,1,11,November,2012,5,Thursday,11,18,1,2,2,68,36.05184167,-92.84816389,12,1,0,0,0,1,0
50414,ARKANSAS,AR,1,1,0,0,2,2,85,0,BENTON,2,11,November,2012,6,Friday,5,45,1,1,1,1801,34.79875833,-91.79247778,1,2,0,0,0,1,0
50415,ARKANSAS,AR,1,1,1,1,1,1,7,3390,BIBB,2,11,November,2012,6,Friday,23,24,1,13,2,25,36.35544722,-94.13608889,9,2,0,0,0,1,0
50416,ARKANSAS,AR,2,2,0,0,3,3,31,0,COFFEE,3,11,November,2012,7,Saturday,20,28,1,2,2,56,35.89207778,-90.58860833,12,3,0,0,0,1,1