ST_CASE,State Name,State Abbreviation,# of Vehicle involved,Parked_Vehicles_Involved,Pedestrains,Person_Not_in_Motor_Vehicle,Persons_in_motor_vehicle,Total_Persons_in_accident,COUNTY,CITY,City_County_Name,Calendar_DAY,MONTH,Month_name,YEAR,DAY_WEEK,Day_Week_desc,HOUR,MINUTE,NHS_Desc,trafficway,Route,MILEPT,LATITUDE,LONGITUD,First_Crash_event,Light_cond_desc,Weather_condition,School_bus_involved,Crash_cause,FATALS,DRUNK_DR
80058,COLORADO,CO,1,1,0,0,1,1,123,0,ALEXANDER CITY,17,3,March,2012,7,Saturday,17,31,1,2,2,1337,40.29954722,-104.33147500,1,1,0,0,0,1,0
80059,COLORADO,CO,1,1,1,1,3,3,117,0,BIRMINGHAM,17,3,March,2012,7,Saturday,18,47,0,3,2,2161,39.60832500,-105.95441667,8,5,0,0,0,1,1
80060,COLORADO,CO,1,1,0,0,3,3,45,0,ARITON,18,3,March,2012,1,Sunday,2,40,1,1,1,656,39.36944444,-108.16924444,31,2,0,0,0,1,1
80061,COLORADO,CO,2,2,0,0,4,4,59,1435,FRANKLIN,15,3,March,2012,5,Thursday,12,48,1,13,3,144,39.75218889,-105.08140000,12,1,0,0,0,1,0
80062,COLORADO,CO,1,1,1,1,2,2,5,110,BAKER HILL,16,3,March,2012,6,Friday,7,32,0,13,6,0,39.63845833,-104.77664722,9,1,0,0,0,1,0
80063,COLORADO,CO,1,1,1,1,1,1,1,2550,AUTAUGA,17,3,March,2012,7,Saturday,23,0,1,13,2,2887,39.82501111,-105.02494444,8,3,0,0,0,1,0
80064,COLORADO,CO,1,1,0,0,2,2,5,0,BAKER HILL,21,3,March,2012,4,Wednesday,2,35,1,11,1,27,39.64912222,-104.86323056,25,3,0,0,0,1,1
80065,COLORADO,CO,1,1,1,1,1,1,87,0,ARMSTRONG,18,3,March,2012,1,Sunday,14,47,0,14,4,0,40.23583333,-103.79207500,9,1,0,0,0,1,0
80066,COLORADO,CO,1,1,0,0,2,2,3,0,BALDWIN,24,3,March,2012,7,Saturday,23,45,0,2,3,740,37.54527222,-105.85828333,42,2,0,0,0,1,0
80067,COLORADO,CO,1,1,0,0,1,1,59,0,FRANKLIN,24,3,March,2012,7,Saturday,3,0,0,6,4,0,39.57391111,-105.30508333,42,2,0,0,0,1,0
80068,COLORADO,CO,2,2,0,0,3,3,95,0,ALBERTVILLE,24,3,March,2012,7,Saturday,18,55,0,6,4,0,40.55648056,-102.26343611,12,5,0,0,0,2,2
80069,COLORADO,CO,1,1,0,0,5,5,117,0,BIRMINGHAM,26,3,March,2012,2,Monday,10,34,1,1,1,2011,39.57972222,-106.11138889,1,1,0,0,0,2,0
80070,COLORADO,CO,2,2,0,0,2,2,123,0,ALEXANDER CITY,27,3,March,2012,3,Tuesday,17,20,0,15,4,0,40.46310833,-104.73027778,12,1,0,0,0,1,1
80071,COLORADO,CO,1,1,3,3,1,1,1,2427,AUTAUGA,31,3,March,2012,7,Saturday,12,10,0,4,6,0,40.00028889,-104.94753889,8,1,0,0,0,2,0
80072,COLORADO,CO,2,2,0,0,2,2,29,0,BORDEN SPRINGS,31,3,March,2012,7,Saturday,14,0,0,6,4,0,38.70482222,-107.97140000,1,1,0,0,0,1,0
80073,COLORADO,CO,2,2,0,0,2,2,69,0,ASHFORD,31,3,March,2012,7,Saturday,16,55,0,3,3,1095,40.69016389,-105.34193056,12,1,0,0,0,1,0
80074,COLORADO,CO,2,2,0,0,3,3,67,0,ABBEVILLE,31,3,March,2012,7,Saturday,17,35,0,4,4,20,37.32212778,-107.83802222,1,1,0,0,0,1,0
80075,COLORADO,CO,1,1,0,0,2,2,13,0,BOLLING,31,3,March,2012,7,Saturday,21,0,0,5,4,0,40.23262222,-105.13098889,1,2,0,0,0,2,1
80076,COLORADO,CO,1,1,0,0,2,2,59,2555,FRANKLIN,30,3,March,2012,6,Friday,20,20,0,15,6,0,39.78429444,-105.10484167,24,3,0,0,0,1,1
80077,COLORADO,CO,3,3,0,0,8,8,1,0,AUTAUGA,30,3,March,2012,6,Friday,16,30,0,2,3,755,39.98689444,-104.85405000,12,1,0,0,0,1,0
80078,COLORADO,CO,2,2,0,0,3,3,41,0,BRANTLEY,26,3,March,2012,2,Monday,11,5,0,14,4,0,39.01280556,-104.73828889,12,1,0,0,0,1,0
80079,COLORADO,CO,2,2,0,0,2,2,5,110,BAKER HILL,24,3,March,2012,7,Saturday,17,15,1,13,6,0,39.71101389,-104.86500278,12,1,0,0,0,1,0
80080,COLORADO,CO,1,1,1,1,2,2,101,2050,BOYLSTON,19,3,March,2012,2,Monday,22,33,0,14,6,0,38.27031667,-104.58065556,15,3,0,0,0,1,0
80081,COLORADO,CO,1,1,0,0,2,2,59,0,FRANKLIN,28,2,February,2012,3,Tuesday,14,10,0,3,2,2654,39.73670278,-105.31731111,35,1,0,0,0,1,0
80082,COLORADO,CO,2,2,1,1,2,2,35,330,BROOKLYN,25,2,February,2012,7,Saturday,2,0,1,11,1,1833,39.40067778,-104.86201111,12,2,0,0,0,1,1
80083,COLORADO,CO,2,2,0,0,2,2,55,0,ATTALLA,1,4,April,2012,1,Sunday,14,5,0,3,3,235,37.77455556,-105.13881667,12,1,0,0,0,1,0
80084,COLORADO,CO,1,1,0,0,1,1,87,0,ARMSTRONG,1,4,April,2012,1,Sunday,15,52,0,4,3,948,40.37277778,-103.80390556,1,1,0,0,0,1,0
80085,COLORADO,CO,1,1,0,0,2,2,123,0,ALEXANDER CITY,1,4,April,2012,1,Sunday,17,15,0,3,3,268,40.08052500,-104.69083333,38,1,0,0,0,1,0
80086,COLORADO,CO,1,1,0,0,3,3,13,0,BOLLING,3,4,April,2012,3,Tuesday,16,0,0,3,3,358,40.00333333,-105.36555556,35,1,0,0,0,1,0
80087,COLORADO,CO,2,2,0,0,2,2,123,0,ALEXANDER CITY,1,4,April,2012,1,Sunday,14,55,0,2,3,169,40.08001944,-104.87805278,12,1,0,0,0,1,0
80088,COLORADO,CO,2,2,0,0,4,4,77,0,ANDERSON,7,4,April,2012,7,Saturday,0,10,1,13,3,122,39.09176944,-108.45327222,12,3,0,0,0,1,0
80089,COLORADO,CO,1,1,0,0,2,2,41,0,BRANTLEY,8,4,April,2012,1,Sunday,1,40,0,12,4,0,38.76613333,-104.80080556,1,2,0,0,0,1,1
80090,COLORADO,CO,1,1,0,0,1,1,85,0,BENTON,8,4,April,2012,1,Sunday,2,0,0,5,3,29,38.24763889,-108.54603056,1,2,0,0,0,1,1
80091,COLORADO,CO,1,1,0,0,1,1,67,0,ABBEVILLE,8,4,April,2012,1,Sunday,6,59,0,4,3,123,37.16595556,-107.63667500,1,2,0,0,0,1,1
80092,COLORADO,CO,1,1,2,2,1,1,31,600,COFFEE,8,4,April,2012,1,Sunday,11,54,0,16,6,0,39.65291667,-105.06446111,33,1,0,0,0,1,0
80093,COLORADO,CO,2,2,0,0,2,2,63,0,BOLIGEE,15,4,April,2012,1,Sunday,1,15,1,1,1,4241,39.29476667,-102.51527778,12,2,0,0,0,1,1
80094,COLORADO,CO,3,2,0,0,2,2,123,1070,ALEXANDER CITY,10,4,April,2012,3,Tuesday,16,31,1,13,2,1071,40.39202222,-104.79428056,12,1,0,0,0,1,1
80095,COLORADO,CO,1,1,0,0,1,1,123,0,ALEXANDER CITY,16,4,April,2012,2,Monday,4,50,0,16,4,0,40.32688333,-104.87611111,1,2,0,0,0,1,1
80096,COLORADO,CO,2,2,0,0,3,3,73,0,ARGO,17,4,April,2012,3,Tuesday,3,40,1,2,2,4111,39.01792222,-103.30805556,12,2,0,0,0,1,0
80097,COLORADO,CO,1,1,0,0,1,1,123,0,ALEXANDER CITY,20,4,April,2012,6,Friday,0,0,0,5,4,0,40.20288333,-105.01733611,42,2,0,0,0,1,1
80098,COLORADO,CO,2,1,0,0,4,4,31,600,COFFEE,22,4,April,2012,1,Sunday,1,37,0,15,6,0,39.71515278,-105.03956667,42,3,0,0,0,3,1
80099,COLORADO,CO,2,2,1,1,6,6,31,600,COFFEE,22,4,April,2012,1,Sunday,3,15,1,11,1,2124,39.76400833,-105.00142500,8,3,0,0,0,1,1
80100,COLORADO,CO,1,1,1,1,2,2,35,0,BROOKLYN,22,4,April,2012,1,Sunday,20,14,0,2,3,323,39.15523889,-104.75212778,9,2,0,0,0,1,1
80101,COLORADO,CO,1,1,1,1,1,1,5,110,BAKER HILL,22,4,April,2012,1,Sunday,20,17,0,13,6,0,39.72469444,-104.81028889,8,3,0,0,0,1,0
80102,COLORADO,CO,1,1,0,0,1,1,41,430,BRANTLEY,19,4,April,2012,5,Thursday,18,5,0,13,6,0,38.80643611,-104.79012222,33,1,10,0,0,1,1
80103,COLORADO,CO,1,1,0,0,3,3,45,0,ARITON,23,4,April,2012,2,Monday,14,51,1,1,1,966,39.54509722,-107.66833333,31,1,0,0,0,2,0
80104,COLORADO,CO,1,1,0,0,1,1,89,0,BROWNSBORO,16,4,April,2012,2,Monday,18,45,0,4,4,0,38.11449722,-103.50912222,59,1,0,0,0,1,0
80105,COLORADO,CO,1,1,1,1,1,1,121,0,BON AIR,24,4,April,2012,3,Tuesday,17,0,0,6,4,0,40.11781944,-103.19089444,15,1,0,0,0,1,0
80106,COLORADO,CO,2,2,0,0,2,2,31,600,COFFEE,24,4,April,2012,3,Tuesday,23,45,1,11,1,2806,39.77556667,-104.86541944,12,3,0,0,0,1,1
80107,COLORADO,CO,1,1,0,0,1,1,77,0,ANDERSON,22,4,April,2012,1,Sunday,14,50,0,3,3,1240,38.77083889,-108.81830000,24,1,0,0,0,1,0
80108,COLORADO,CO,1,1,0,0,1,1,13,200,BOLLING,23,4,April,2012,2,Monday,8,26,0,13,6,0,39.98583333,-105.24803333,1,1,0,0,0,1,1
80109,COLORADO,CO,1,1,0,0,1,1,5,110,BAKER HILL,25,4,April,2012,4,Wednesday,7,30,1,12,3,95,39.58513889,-104.71848056,24,1,0,0,0,1,0
80110,COLORADO,CO,1,1,0,0,1,1,67,0,ABBEVILLE,24,4,April,2012,3,Tuesday,13,1,1,2,2,403,37.50846389,-107.81914167,31,1,0,0,0,1,0
80111,COLORADO,CO,2,2,0,0,3,3,15,0,ANNISTON,28,4,April,2012,7,Saturday,14,10,1,2,2,2246,38.50473333,-105.95527778,12,1,0,0,0,2,0
80112,COLORADO,CO,3,3,0,0,11,11,101,2050,BOYLSTON,28,4,April,2012,7,Saturday,20,56,1,13,3,31,38.23552222,-104.66240000,12,3,0,0,0,3,1
80113,COLORADO,CO,1,1,1,1,1,1,59,2550,FRANKLIN,29,4,April,2012,1,Sunday,22,54,1,12,2,527,39.85805833,-105.05387778,8,3,0,0,0,1,0
80114,COLORADO,CO,2,2,0,0,2,2,41,430,BRANTLEY,25,4,April,2012,4,Wednesday,14,15,0,13,6,0,38.89674444,-104.84099722,12,1,0,0,0,1,0
80115,COLORADO,CO,3,3,0,0,3,3,59,1000,FRANKLIN,5,4,April,2012,5,Thursday,15,17,1,13,3,9,39.76916944,-105.23603889,12,1,0,0,0,1,0
80116,COLORADO,CO,2,2,0,0,2,2,101,2050,BOYLSTON,12,4,April,2012,5,Thursday,15,28,0,14,6,0,38.23141667,-104.61830833,12,1,0,0,0,1,0
80117,COLORADO,CO,1,1,0,0,1,1,109,0,ANSLEY,5,4,April,2012,5,Thursday,5,15,0,5,4,0,37.98777778,-105.82666667,31,2,0,0,0,1,0
80118,COLORADO,CO,1,1,0,0,1,1,67,0,ABBEVILLE,22,4,April,2012,1,Sunday,18,20,0,6,4,24,37.25347500,-108.00531667,1,1,0,0,0,1,0
80119,COLORADO,CO,4,4,1,1,8,8,35,0,BROOKLYN,28,4,April,2012,7,Saturday,10,12,0,14,4,0,39.56251111,-104.98688056,12,1,0,0,0,1,0
80120,COLORADO,CO,2,2,0,0,2,2,123,750,ALEXANDER CITY,24,1,January,2012,3,Tuesday,21,11,0,2,3,92,40.08728056,-105.01768056,12,2,0,0,0,1,1
80121,COLORADO,CO,1,1,0,0,2,2,69,0,ASHFORD,1,5,May,2012,3,Tuesday,0,30,0,3,3,1179,40.68398333,-105.23615833,1,2,0,0,0,1,1
80122,COLORADO,CO,2,2,0,0,2,2,101,2050,BOYLSTON,3,5,May,2012,5,Thursday,10,51,0,14,3,15,38.26544722,-104.59196667,12,1,0,0,0,1,0
80123,COLORADO,CO,1,1,0,0,1,1,29,0,BORDEN SPRINGS,5,5,May,2012,7,Saturday,18,10,0,4,3,306,38.71125278,-107.61958333,1,1,0,0,0,1,1
80124,COLORADO,CO,1,1,0,0,1,1,31,600,COFFEE,6,5,May,2012,1,Sunday,9,6,1,11,1,2092,39.72471667,-105.01543056,20,1,0,0,0,1,0
80125,COLORADO,CO,1,1,0,0,1,1,67,0,ABBEVILLE,8,5,May,2012,3,Tuesday,19,25,0,4,4,71,37.09556389,-107.78225833,35,1,0,0,0,1,1
80126,COLORADO,CO,2,2,1,1,2,2,5,0,BAKER HILL,9,5,May,2012,4,Wednesday,17,0,1,1,1,3101,39.73444722,-104.32710556,12,1,0,0,0,1,0
80127,COLORADO,CO,1,1,0,0,1,1,103,0,DANVILLE,8,5,May,2012,3,Tuesday,18,30,0,4,4,44,40.16222222,-108.88101111,1,1,0,0,0,1,1
80128,COLORADO,CO,2,2,0,0,2,2,13,200,BOLLING,9,5,May,2012,4,Wednesday,11,16,0,13,6,0,39.98588611,-105.22749444,12,1,0,0,0,1,0
80129,COLORADO,CO,2,2,0,0,4,4,101,0,BOYLSTON,13,5,May,2012,1,Sunday,11,52,0,13,6,0,38.32223889,-104.73929444,12,1,0,0,0,1,0
80130,COLORADO,CO,2,2,0,0,3,3,77,0,ANDERSON,13,5,May,2012,1,Sunday,18,41,1,1,1,425,39.11836111,-108.34333333,12,1,0,0,0,1,1
80131,COLORADO,CO,2,2,0,0,2,2,35,0,BROOKLYN,15,5,May,2012,3,Tuesday,7,50,1,12,3,205,39.56472222,-104.97194444,12,1,0,0,0,1,0
80132,COLORADO,CO,1,1,0,0,2,2,67,0,ABBEVILLE,12,5,May,2012,7,Saturday,19,54,0,6,4,58,37.43624167,-107.67851667,1,5,0,0,0,1,0
80133,COLORADO,CO,1,1,0,0,1,1,77,0,ANDERSON,16,5,May,2012,4,Wednesday,6,30,1,1,1,400,39.11786944,-108.38738889,24,1,0,0,0,1,0
80134,COLORADO,CO,2,2,0,0,2,2,29,0,BORDEN SPRINGS,12,5,May,2012,7,Saturday,18,5,0,14,3,625,38.85700556,-107.95268056,12,1,0,0,0,1,0
80135,COLORADO,CO,1,1,0,0,1,1,43,0,BAILEYTON,18,5,May,2012,6,Friday,18,35,0,3,3,219,38.50045000,-104.95646111,35,1,0,0,0,1,1
80136,COLORADO,CO,1,1,0,0,1,1,5,0,BAKER HILL,19,5,May,2012,7,Saturday,1,0,0,5,2,781,39.73948056,-104.63308611,1,2,0,0,0,1,1
80137,COLORADO,CO,1,1,0,0,1,1,41,430,BRANTLEY,20,5,May,2012,1,Sunday,0,46,0,14,6,0,38.80915556,-104.82664444,33,3,0,0,0,1,1
80138,COLORADO,CO,2,2,0,0,5,5,41,0,BRANTLEY,21,5,May,2012,2,Monday,13,35,1,12,2,3109,38.83893056,-104.71842778,12,1,0,0,0,1,0
80139,COLORADO,CO,2,2,0,0,2,2,67,0,ABBEVILLE,18,5,May,2012,6,Friday,10,0,1,2,2,127,37.17721111,-107.85784167,12,1,0,0,0,1,0
80140,COLORADO,CO,1,1,0,0,1,1,123,1070,ALEXANDER CITY,20,5,May,2012,1,Sunday,21,56,0,13,2,12,40.42400000,-104.71491389,59,3,0,0,0,1,1
80141,COLORADO,CO,2,2,0,0,3,3,67,0,ABBEVILLE,22,5,May,2012,3,Tuesday,16,42,1,2,2,691,37.32060278,-108.08948611,12,1,0,0,0,2,1
80142,COLORADO,CO,2,2,0,0,4,4,59,0,FRANKLIN,25,5,May,2012,6,Friday,2,30,0,14,4,0,39.62414444,-105.11191111,12,3,0,0,0,1,1
80143,COLORADO,CO,2,2,0,0,2,2,123,0,ALEXANDER CITY,26,5,May,2012,7,Saturday,22,35,0,3,3,509,40.20599722,-104.83212222,12,2,0,0,0,2,1
80144,COLORADO,CO,2,2,2,2,1,1,5,740,BAKER HILL,28,5,May,2012,2,Monday,0,6,0,13,6,0,39.62148333,-104.98800833,12,3,0,0,0,1,1
80145,COLORADO,CO,1,1,0,0,5,5,101,0,BOYLSTON,27,5,May,2012,1,Sunday,1,50,0,15,4,0,38.31873889,-104.66107222,1,2,0,0,0,2,1
80146,COLORADO,CO,1,1,1,1,1,1,1,1771,AUTAUGA,31,5,May,2012,5,Thursday,10,15,1,13,6,0,39.88523333,-104.97050833,8,1,0,0,0,1,0
80147,COLORADO,CO,1,1,1,1,1,1,31,600,COFFEE,31,5,May,2012,5,Thursday,20,41,1,13,6,0,39.67837500,-104.95935833,8,3,0,0,0,1,0
80148,COLORADO,CO,1,1,0,0,2,2,41,430,BRANTLEY,25,5,May,2012,6,Friday,21,26,0,16,6,0,38.83498889,-104.81090278,33,3,0,0,0,1,0
80149,COLORADO,CO,2,2,0,0,2,2,69,1550,ASHFORD,13,5,May,2012,1,Sunday,11,41,1,13,2,888,40.40732778,-105.13147778,12,1,0,0,0,1,0
80150,COLORADO,CO,2,2,0,0,4,4,37,114,BRADFORD,13,5,May,2012,1,Sunday,9,55,1,11,1,1667,39.63730000,-106.52096111,24,1,10,0,0,1,0
80151,COLORADO,CO,1,1,0,0,1,1,123,2260,ALEXANDER CITY,30,5,May,2012,4,Wednesday,6,20,0,4,5,0,40.56779167,-104.85076944,38,4,0,0,0,1,0
80152,COLORADO,CO,2,2,0,0,2,2,35,0,BROOKLYN,25,5,May,2012,6,Friday,10,59,0,3,4,0,39.50728333,-105.02674722,12,1,0,0,0,1,0
80153,COLORADO,CO,1,1,1,1,1,1,41,430,BRANTLEY,3,5,May,2012,5,Thursday,20,20,0,14,6,0,38.82505556,-104.78053889,8,3,0,0,0,1,0
80154,COLORADO,CO,1,1,0,0,1,1,41,430,BRANTLEY,16,5,May,2012,4,Wednesday,3,27,1,13,3,1528,38.98520000,-104.76410278,33,3,0,0,0,1,1
80155,COLORADO,CO,1,1,0,0,1,1,63,0,BOLIGEE,1,6,June,2012,6,Friday,10,20,1,1,1,4070,39.29370278,-102.83823056,31,1,0,0,0,1,0
80156,COLORADO,CO,2,2,0,0,2,2,3,0,BALDWIN,1,6,June,2012,6,Friday,14,7,0,4,4,0,37.45840833,-105.94222222,12,1,0,0,0,1,0
80157,COLORADO,CO,2,2,0,0,2,2,69,0,ASHFORD,2,6,June,2012,7,Saturday,10,35,1,1,1,2895,40.86918056,-104.95711944,12,1,0,0,0,1,0
80158,COLORADO,CO,1,1,0,0,2,2,123,1070,ALEXANDER CITY,2,6,June,2012,7,Saturday,20,39,1,12,2,1106,40.39212500,-104.72890278,1,2,0,0,0,1,0
80159,COLORADO,CO,1,1,0,0,1,1,1,0,AUTAUGA,6,6,June,2012,4,Wednesday,16,9,1,12,3,396,39.95202778,-104.86750000,57,1,0,0,0,1,0
80160,COLORADO,CO,4,4,0,0,10,10,101,2050,BOYLSTON,9,6,June,2012,7,Saturday,4,48,1,11,1,954,38.22480000,-104.61391667,30,4,0,0,0,1,0
80161,COLORADO,CO,1,1,0,0,1,1,77,1040,ANDERSON,7,6,June,2012,5,Thursday,2,30,0,16,6,0,39.14147222,-108.54761389,38,2,0,0,0,1,1
80162,COLORADO,CO,2,2,0,0,2,2,14,253,BROOMFIELD,15,6,June,2012,6,Friday,8,32,0,13,3,545,39.94897222,-105.12530278,12,1,0,0,0,1,0
80163,COLORADO,CO,1,1,0,0,2,2,63,0,BOLIGEE,17,6,June,2012,1,Sunday,17,0,1,1,1,3914,39.28710556,-103.11972222,1,1,0,0,0,1,0
80164,COLORADO,CO,1,1,1,1,1,1,77,1040,ANDERSON,10,6,June,2012,1,Sunday,21,22,0,13,6,0,39.10813333,-108.54318333,8,3,0,0,0,1,1
80165,COLORADO,CO,2,2,0,0,2,2,13,0,BOLLING,18,6,June,2012,2,Monday,14,50,0,3,3,447,40.08194444,-105.49661111,1,1,0,0,0,1,0
80166,COLORADO,CO,1,1,0,0,1,1,41,430,BRANTLEY,19,6,June,2012,3,Tuesday,16,23,0,13,6,0,38.90176111,-104.77814722,33,1,0,0,0,1,0
80167,COLORADO,CO,1,1,0,0,4,4,105,0,MARION,23,6,June,2012,7,Saturday,9,0,1,2,2,1892,37.67611111,-106.58555556,58,1,0,0,0,2,0
80168,COLORADO,CO,1,1,0,0,2,2,87,0,ARMSTRONG,23,6,June,2012,7,Saturday,22,0,0,3,3,609,40.07370833,-104.05683333,1,2,0,0,0,1,1
80170,COLORADO,CO,1,1,0,0,2,2,67,0,ABBEVILLE,20,6,June,2012,4,Wednesday,9,15,0,5,4,98,37.18640000,-107.87993611,1,1,0,0,0,1,0
80171,COLORADO,CO,2,2,0,0,2,2,1,110,AUTAUGA,25,6,June,2012,2,Monday,19,21,1,11,1,2863,39.75547778,-104.76162778,12,1,0,0,0,1,1
80172,COLORADO,CO,2,2,0,0,5,5,123,0,ALEXANDER CITY,23,6,June,2012,7,Saturday,10,45,0,14,3,1028,40.47934167,-104.93847778,12,1,0,0,0,1,0
80173,COLORADO,CO,1,1,1,1,1,1,31,600,COFFEE,26,6,June,2012,3,Tuesday,18,23,0,16,6,0,39.71052778,-105.04452778,8,1,0,0,0,1,0
80174,COLORADO,CO,2,2,0,0,4,4,13,1540,BOLLING,27,6,June,2012,4,Wednesday,8,4,0,14,6,0,39.95775278,-105.14375000,12,1,0,0,0,2,0
80175,COLORADO,CO,2,2,0,0,2,2,31,600,COFFEE,26,6,June,2012,3,Tuesday,9,21,0,13,6,0,39.67841944,-104.93820556,12,1,0,0,0,1,0
80176,COLORADO,CO,1,1,0,0,1,1,7,0,BIBB,27,6,June,2012,4,Wednesday,16,10,1,2,2,1282,37.20910000,-107.24170556,1,1,0,0,0,1,0
80177,COLORADO,CO,1,1,0,0,1,1,69,860,ASHFORD,25,6,June,2012,2,Monday,19,12,0,14,6,0,40.49252778,-105.09631667,1,1,0,0,0,1,0
80178,COLORADO,CO,1,1,0,0,1,1,123,0,ALEXANDER CITY,28,6,June,2012,5,Thursday,10,30,0,5,4,0,40.23303056,-104.88625000,1,1,0,0,0,1,1
80179,COLORADO,CO,1,1,3,3,2,2,1,2550,AUTAUGA,27,6,June,2012,4,Wednesday,16,10,0,14,6,0,39.82725833,-105.04968056,33,1,0,0,0,1,0
80180,COLORADO,CO,1,1,0,0,1,1,41,0,BRANTLEY,30,6,June,2012,7,Saturday,0,16,0,3,4,16,39.09936944,-104.79998889,31,2,0,0,0,1,1
80181,COLORADO,CO,1,1,0,0,5,5,1,2427,AUTAUGA,30,6,June,2012,7,Saturday,0,31,0,14,6,0,39.87781111,-104.97058333,53,3,0,0,0,2,1
80182,COLORADO,CO,1,1,2,2,1,1,59,1435,FRANKLIN,29,6,June,2012,6,Friday,16,52,0,14,6,0,39.67715833,-105.10223056,8,1,0,0,0,1,0
80183,COLORADO,CO,2,2,0,0,2,2,15,0,ANNISTON,28,6,June,2012,5,Thursday,16,45,0,5,4,0,38.82618611,-106.12783333,12,1,0,0,0,1,1
80184,COLORADO,CO,1,1,0,0,1,1,41,0,BRANTLEY,29,6,June,2012,6,Friday,19,6,1,1,1,1187,38.55083333,-104.64684444,1,1,0,0,0,1,0
80185,COLORADO,CO,1,1,1,1,1,1,51,1100,CENTRAL,27,6,June,2012,4,Wednesday,12,4,0,15,6,0,38.54327222,-106.93605556,9,1,0,0,0,1,0
80186,COLORADO,CO,2,2,0,0,3,3,31,600,COFFEE,14,6,June,2012,5,Thursday,16,44,1,13,3,62,39.63524167,-105.08232222,12,1,0,0,0,1,0
80187,COLORADO,CO,1,1,0,0,3,3,69,1550,ASHFORD,29,6,June,2012,6,Friday,1,55,1,13,2,3373,40.45318056,-105.07747778,24,3,0,0,0,1,1
80188,COLORADO,CO,1,1,0,0,1,1,59,2555,FRANKLIN,23,6,June,2012,7,Saturday,5,18,0,12,3,45,39.77435000,-105.16198889,38,1,0,0,0,1,1
80189,COLORADO,CO,1,1,0,0,1,1,41,430,BRANTLEY,1,7,July,2012,1,Sunday,1,23,0,14,6,0,38.84256944,-104.85768056,33,3,0,0,0,1,1
80190,COLORADO,CO,2,2,0,0,2,2,59,1435,FRANKLIN,1,7,July,2012,1,Sunday,6,46,0,14,6,0,39.66778333,-105.06158889,12,1,0,0,0,1,0
80191,COLORADO,CO,1,1,0,0,1,1,29,0,BORDEN SPRINGS,4,7,July,2012,4,Wednesday,2,30,0,4,4,0,38.79243611,-107.64198056,58,2,0,0,0,1,1
80192,COLORADO,CO,1,1,0,0,1,1,45,0,ARITON,4,7,July,2012,4,Wednesday,4,35,1,1,1,725,39.43116111,-108.07288611,31,2,0,0,0,1,1
80193,COLORADO,CO,1,1,0,0,2,2,39,2320,ANDALUSIA,10,7,July,2012,3,Tuesday,1,25,1,2,2,3533,39.14255556,-104.09250000,1,3,0,0,0,1,1
80194,COLORADO,CO,1,1,0,0,2,2,107,0,CARROLLTON,7,7,July,2012,7,Saturday,13,34,1,2,2,1484,40.38131944,-106.71303889,42,1,0,0,0,1,0
80195,COLORADO,CO,1,1,0,0,2,2,99,0,BEATRICE,7,7,July,2012,7,Saturday,13,35,0,3,2,1031,38.17966111,-102.31150833,31,1,0,0,0,1,0
80196,COLORADO,CO,1,1,0,0,1,1,59,2550,FRANKLIN,7,7,July,2012,7,Saturday,20,52,1,13,3,221,39.86328889,-105.08350556,33,3,10,0,0,1,0
80197,COLORADO,CO,1,1,0,0,1,1,123,0,ALEXANDER CITY,8,7,July,2012,1,Sunday,21,45,0,6,4,0,40.52666667,-104.92708889,38,2,0,0,0,1,1
80198,COLORADO,CO,1,1,0,0,1,1,67,0,ABBEVILLE,13,7,July,2012,6,Friday,13,25,0,4,4,90,37.19662222,-108.03448889,38,1,0,0,0,1,1
80199,COLORADO,CO,1,1,0,0,1,1,87,0,ARMSTRONG,13,7,July,2012,6,Friday,18,30,0,4,4,0,40.06083333,-103.79250000,1,1,0,0,0,1,1
80200,COLORADO,CO,1,1,2,2,3,3,73,0,ARGO,14,7,July,2012,7,Saturday,6,20,1,1,1,3643,39.26797222,-103.62415000,8,1,0,0,0,2,0
80201,COLORADO,CO,1,1,1,1,5,5,101,0,BOYLSTON,14,7,July,2012,7,Saturday,21,41,0,13,2,35,38.24552778,-104.56783611,8,2,0,0,0,1,0
80202,COLORADO,CO,3,3,1,1,6,6,35,330,BROOKLYN,14,7,July,2012,7,Saturday,22,0,1,11,1,1806,39.36268333,-104.86669167,8,3,0,0,0,1,0
80203,COLORADO,CO,2,2,0,0,3,3,1,2550,AUTAUGA,5,7,July,2012,5,Thursday,16,20,1,13,2,2947,39.91410833,-105.02498611,1,1,0,0,0,1,0
80204,COLORADO,CO,2,2,0,0,5,5,13,0,BOLLING,16,7,July,2012,2,Monday,18,14,0,14,3,541,40.16692778,-105.46064722,12,1,0,0,0,1,0
80205,COLORADO,CO,2,2,0,0,6,6,41,0,BRANTLEY,14,7,July,2012,7,Saturday,18,30,1,13,2,3004,38.85166111,-104.87315278,12,1,0,0,0,1,0
80206,COLORADO,CO,2,2,0,0,2,2,101,0,BOYLSTON,17,7,July,2012,3,Tuesday,9,35,0,13,4,0,38.34313889,-104.72583611,12,1,0,0,0,1,0
80207,COLORADO,CO,1,1,1,1,2,2,14,253,BROOMFIELD,17,7,July,2012,3,Tuesday,20,57,0,14,6,0,39.95771389,-105.01793056,8,2,0,0,0,1,0
80208,COLORADO,CO,2,2,0,0,2,2,1,80,AUTAUGA,13,7,July,2012,6,Friday,13,48,0,13,3,112,39.81513056,-105.05326944,12,1,0,0,0,1,0
80209,COLORADO,CO,1,1,0,0,2,2,63,0,BOLIGEE,18,7,July,2012,4,Wednesday,15,0,1,1,1,4242,39.29480833,-102.51387500,1,1,0,0,0,1,0