ST_CASE,State Name,State Abbreviation,# of Vehicle involved,Parked_Vehicles_Involved,Pedestrains,Person_Not_in_Motor_Vehicle,Persons_in_motor_vehicle,Total_Persons_in_accident,COUNTY,CITY,City_County_Name,Calendar_DAY,MONTH,Month_name,YEAR,DAY_WEEK,Day_Week_desc,HOUR,MINUTE,NHS_Desc,trafficway,Route,MILEPT,LATITUDE,LONGITUD,First_Crash_event,Light_cond_desc,Weather_condition,School_bus_involved,Crash_cause,FATALS,DRUNK_DR
90067,CONNECTICUT,CT,1,1,0,0,3,3,15,550,ANNISTON,1,1,January,2012,1,Sunday,2,12,0,6,6,16,41.65774722,-71.88608611,1,2,0,0,0,1,1
90068,CONNECTICUT,CT,2,2,0,0,3,3,15,550,ANNISTON,23,1,January,2012,2,Monday,12,9,0,6,6,12,41.69511667,-71.89132778,12,1,0,1,0,1,0
90069,CONNECTICUT,CT,1,1,0,0,2,2,3,420,BALDWIN,7,2,February,2012,3,Tuesday,1,4,0,16,6,1,41.66047500,-72.79581944,33,3,0,0,0,1,1
90070,CONNECTICUT,CT,1,1,0,0,2,2,1,700,AUTAUGA,23,2,February,2012,5,Thursday,7,36,0,16,6,0,41.04980000,-73.52784444,33,1,0,0,0,1,0
90071,CONNECTICUT,CT,2,2,0,0,3,3,1,765,AUTAUGA,15,2,February,2012,4,Wednesday,15,19,0,14,3,28,41.23277778,-73.15753056,12,1,0,0,0,1,0
90072,CONNECTICUT,CT,1,1,0,0,4,4,1,835,AUTAUGA,1,1,January,2012,1,Sunday,3,23,1,11,1,216,41.12478889,-73.30866944,24,3,0,0,0,2,1
90073,CONNECTICUT,CT,1,1,1,1,3,3,7,380,BIBB,28,3,March,2012,4,Wednesday,20,5,0,13,3,49,41.55395000,-72.68437222,8,3,0,0,0,1,0
90074,CONNECTICUT,CT,2,2,0,0,3,3,1,425,AUTAUGA,6,4,April,2012,6,Friday,19,2,1,12,3,127,41.11855833,-73.51073056,24,1,0,0,0,1,0
90075,CONNECTICUT,CT,1,1,1,1,1,1,3,420,BALDWIN,7,4,April,2012,7,Saturday,20,13,0,14,6,12,41.68449722,-72.80885833,8,3,0,0,0,1,0
90076,CONNECTICUT,CT,2,2,0,0,2,2,9,430,BLOUNT,16,4,April,2012,2,Monday,14,26,0,16,6,0,41.29205833,-72.93033611,12,1,0,0,0,1,0
90077,CONNECTICUT,CT,2,2,0,0,2,2,9,854,BLOUNT,26,4,April,2012,5,Thursday,16,36,0,13,3,15,41.35465833,-72.98402500,12,1,10,0,0,1,0
90078,CONNECTICUT,CT,1,1,0,0,1,1,3,214,BALDWIN,14,4,April,2012,7,Saturday,18,27,0,4,3,116,41.93097222,-72.73190278,30,1,0,0,0,1,1
90079,CONNECTICUT,CT,1,1,0,0,1,1,7,160,BIBB,12,2,February,2012,1,Sunday,15,16,1,11,1,4,41.60925833,-72.70048056,30,1,0,0,0,1,0
90080,CONNECTICUT,CT,2,2,0,0,3,3,11,400,BULLOCK,20,8,August,2012,2,Monday,17,52,0,15,3,53,41.38934167,-71.97961389,12,1,0,0,0,1,0
90081,CONNECTICUT,CT,2,2,1,1,2,2,9,810,BLOUNT,27,5,May,2012,1,Sunday,4,5,0,2,3,286,41.53167222,-73.04415278,8,3,0,0,0,1,0
90082,CONNECTICUT,CT,1,1,0,0,1,1,9,370,BLOUNT,26,5,May,2012,7,Saturday,1,54,0,14,5,2,41.54574167,-72.80253889,33,3,0,0,0,1,1
90083,CONNECTICUT,CT,1,1,1,1,1,1,11,140,BULLOCK,19,3,March,2012,2,Monday,11,16,0,6,6,2,41.53391944,-72.31807500,53,1,0,0,0,1,0
90084,CONNECTICUT,CT,3,3,0,0,4,4,3,369,BALDWIN,28,4,April,2012,7,Saturday,16,15,1,12,3,128,41.65269167,-72.49987222,12,1,0,0,0,1,0
90085,CONNECTICUT,CT,1,1,0,0,1,1,9,430,BLOUNT,9,5,May,2012,4,Wednesday,3,39,1,11,1,477,41.30084444,-72.91365833,23,3,0,0,0,1,0
90086,CONNECTICUT,CT,2,2,0,0,3,3,7,332,BIBB,13,5,May,2012,1,Sunday,3,58,0,3,3,77,41.38183889,-72.56568333,12,2,0,0,0,1,1
90087,CONNECTICUT,CT,1,1,0,0,1,1,5,817,BAKER HILL,3,6,June,2012,1,Sunday,16,25,0,13,3,259,41.62634722,-73.13613611,24,1,0,0,0,1,1
90088,CONNECTICUT,CT,1,1,0,0,1,1,5,535,BAKER HILL,7,6,June,2012,5,Thursday,23,37,0,14,3,5,41.59380278,-73.08313333,43,2,0,0,0,1,1
90089,CONNECTICUT,CT,2,2,0,0,4,4,3,280,BALDWIN,12,6,June,2012,3,Tuesday,22,59,1,11,1,363,41.75116389,-72.65795833,12,3,0,0,0,1,1
90090,CONNECTICUT,CT,3,3,0,0,4,4,1,835,AUTAUGA,7,6,June,2012,5,Thursday,23,43,1,11,1,180,41.12041111,-73.37592222,12,3,0,0,0,1,1
90091,CONNECTICUT,CT,2,2,0,0,3,3,3,630,BALDWIN,11,6,June,2012,2,Monday,21,26,1,11,1,301,41.66055000,-72.67041667,12,2,0,0,0,1,0
90092,CONNECTICUT,CT,1,1,1,1,1,1,3,420,BALDWIN,2,7,July,2012,2,Monday,22,12,0,16,6,2,41.67378056,-72.77758056,8,3,0,0,0,1,0
90093,CONNECTICUT,CT,1,1,0,0,3,3,3,225,BALDWIN,7,7,July,2012,7,Saturday,0,59,1,11,1,648,41.76313889,-72.63565833,24,3,0,0,0,1,0
90094,CONNECTICUT,CT,2,2,0,0,2,2,15,99,ANNISTON,9,7,July,2012,2,Monday,6,32,0,13,2,1066,41.78403333,-71.96405556,12,4,0,0,0,1,1
90095,CONNECTICUT,CT,1,1,0,0,1,1,3,237,BALDWIN,14,7,July,2012,7,Saturday,17,50,1,11,1,558,41.72724167,-72.76690833,24,1,0,0,0,1,0
90096,CONNECTICUT,CT,1,1,0,0,1,1,3,435,BALDWIN,5,7,July,2012,5,Thursday,13,24,0,14,3,6,41.66749167,-72.72756389,30,1,0,0,0,1,0
90097,CONNECTICUT,CT,2,2,0,0,2,2,1,835,AUTAUGA,4,8,August,2012,7,Saturday,4,49,1,11,1,202,41.12261944,-73.33487778,12,3,0,0,0,1,1
90098,CONNECTICUT,CT,1,1,1,1,1,1,9,810,BLOUNT,15,6,June,2012,6,Friday,9,40,0,16,6,4,41.52279722,-73.02752222,8,1,0,0,0,1,0
90099,CONNECTICUT,CT,3,3,0,0,6,6,1,765,AUTAUGA,7,8,August,2012,3,Tuesday,0,36,1,12,3,65,41.24575833,-73.15004722,12,2,0,0,0,1,0
90100,CONNECTICUT,CT,2,2,0,0,2,2,3,420,BALDWIN,21,6,June,2012,5,Thursday,15,44,0,6,5,4,41.66208611,-72.77156389,12,1,0,0,0,1,1
90101,CONNECTICUT,CT,2,2,0,0,2,2,1,700,AUTAUGA,4,8,August,2012,7,Saturday,15,20,0,6,5,2,41.04578333,-73.53313611,12,1,0,0,0,1,0
90102,CONNECTICUT,CT,2,2,0,0,6,6,3,365,BALDWIN,14,8,August,2012,3,Tuesday,11,30,0,6,2,697,41.78000000,-72.56812500,12,1,0,0,0,1,0
90103,CONNECTICUT,CT,3,3,0,0,4,4,9,810,BLOUNT,22,1,January,2012,1,Sunday,13,26,0,13,3,24,41.57535556,-73.06922222,12,1,0,0,0,1,1
90104,CONNECTICUT,CT,1,1,0,0,1,1,1,610,AUTAUGA,13,8,August,2012,2,Monday,23,30,0,6,5,3,41.29574167,-73.47084444,42,2,0,0,0,1,1
90105,CONNECTICUT,CT,3,3,0,0,4,4,1,605,AUTAUGA,17,8,August,2012,6,Friday,15,32,0,2,3,134,41.27938611,-73.44512778,12,1,0,0,0,1,0
90106,CONNECTICUT,CT,2,2,0,0,2,2,3,237,BALDWIN,18,1,January,2012,4,Wednesday,9,39,0,13,3,414,41.73937500,-72.84593056,12,1,0,0,0,1,0
90107,CONNECTICUT,CT,2,2,0,0,2,2,13,785,BOLLING,2,9,September,2012,1,Sunday,2,35,1,11,1,731,41.82410833,-72.49738056,12,3,0,0,0,1,1
90108,CONNECTICUT,CT,1,1,0,0,1,1,3,229,BALDWIN,2,9,September,2012,1,Sunday,2,27,0,14,6,5,41.99171389,-72.53800833,42,3,0,0,0,1,1
90109,CONNECTICUT,CT,1,1,1,1,1,1,3,225,BALDWIN,30,8,August,2012,5,Thursday,23,25,0,6,5,1,41.75833333,-72.64097222,9,3,0,0,0,1,0
90110,CONNECTICUT,CT,1,1,1,1,0,0,9,502,BLOUNT,22,3,March,2012,5,Thursday,12,5,0,16,6,3,41.35509167,-72.86739722,8,1,0,0,0,1,0
90111,CONNECTICUT,CT,1,1,0,0,4,4,3,842,BALDWIN,7,9,September,2012,6,Friday,0,46,0,14,3,17,41.82536389,-72.65632778,33,3,0,0,0,1,0
90112,CONNECTICUT,CT,1,1,0,0,1,1,9,222,BLOUNT,2,4,April,2012,2,Monday,12,14,0,14,3,5,41.27364444,-72.86971389,19,1,0,0,0,1,0
90113,CONNECTICUT,CT,1,1,1,1,1,1,9,502,BLOUNT,29,8,August,2012,4,Wednesday,17,12,0,14,3,35,41.38965000,-72.84565000,9,1,0,0,0,1,0
90114,CONNECTICUT,CT,2,2,0,0,2,2,3,229,BALDWIN,2,9,September,2012,1,Sunday,18,20,0,13,2,506,41.96888889,-72.59282778,12,1,0,0,0,2,0
90115,CONNECTICUT,CT,3,3,0,0,3,3,9,825,BLOUNT,3,9,September,2012,2,Monday,18,26,0,6,5,0,41.25575000,-72.95563056,12,5,0,0,0,1,0
90116,CONNECTICUT,CT,1,1,0,0,1,1,1,387,AUTAUGA,10,9,September,2012,2,Monday,9,39,0,14,3,160,41.32814444,-73.20853611,33,1,0,0,0,1,1
90117,CONNECTICUT,CT,1,1,0,0,1,1,1,256,AUTAUGA,26,9,September,2012,4,Wednesday,7,28,1,2,3,33,41.08135278,-73.66607778,25,1,0,0,0,1,0
90118,CONNECTICUT,CT,1,1,0,0,1,1,9,538,BLOUNT,30,9,September,2012,1,Sunday,14,27,0,6,5,9,41.25856944,-73.00058889,1,1,0,0,0,1,0
90119,CONNECTICUT,CT,1,1,0,0,1,1,13,756,BOLLING,15,10,October,2012,2,Monday,4,46,0,15,3,25,41.83983611,-72.41380833,30,3,0,0,0,1,1
90120,CONNECTICUT,CT,1,1,1,1,2,2,3,838,BALDWIN,9,10,October,2012,3,Tuesday,18,39,0,6,6,3,41.69866389,-72.66822222,8,3,0,0,0,1,0
90121,CONNECTICUT,CT,2,2,0,0,3,3,9,430,BLOUNT,21,10,October,2012,1,Sunday,23,5,1,11,1,473,41.29073611,-72.92174167,12,3,0,0,0,1,1
90122,CONNECTICUT,CT,1,1,0,0,1,1,1,387,AUTAUGA,20,4,April,2012,6,Friday,12,0,0,6,6,0,41.32361944,-73.25518611,30,1,0,0,0,1,0
90123,CONNECTICUT,CT,3,3,0,0,4,4,9,502,BLOUNT,31,7,July,2012,3,Tuesday,14,30,0,6,5,7,41.36253333,-72.84640000,59,1,0,0,0,1,0
90124,CONNECTICUT,CT,1,1,0,0,2,2,9,430,BLOUNT,13,10,October,2012,7,Saturday,1,17,0,14,3,32,41.32481111,-72.96874722,42,3,0,0,0,1,1
90125,CONNECTICUT,CT,1,1,0,0,2,2,3,280,BALDWIN,9,2,February,2012,5,Thursday,5,49,0,14,6,9,41.77498333,-72.69225000,30,3,0,0,0,1,1
90126,CONNECTICUT,CT,3,3,0,0,8,8,3,280,BALDWIN,26,2,February,2012,1,Sunday,2,11,0,14,6,10,41.74330833,-72.69418611,12,3,0,0,0,1,1
90127,CONNECTICUT,CT,1,1,1,1,1,1,3,280,BALDWIN,15,2,February,2012,4,Wednesday,0,23,0,16,6,7,41.79147778,-72.70864722,8,3,0,0,0,1,0
90128,CONNECTICUT,CT,4,1,0,0,2,2,3,280,BALDWIN,17,3,March,2012,7,Saturday,4,39,0,16,6,8,41.79624722,-72.67638889,14,3,0,0,0,1,1
90129,CONNECTICUT,CT,1,1,0,0,1,1,3,46,BALDWIN,23,3,March,2012,6,Friday,8,37,1,12,3,333,41.63665556,-72.75320000,24,1,0,0,0,1,0
90130,CONNECTICUT,CT,2,2,0,0,2,2,3,718,BALDWIN,28,3,March,2012,4,Wednesday,7,55,0,15,3,5,42.02118889,-72.75651944,12,1,0,0,0,1,0
90131,CONNECTICUT,CT,1,1,1,1,1,1,1,510,AUTAUGA,24,3,March,2012,7,Saturday,9,32,0,14,3,20,41.13226111,-73.44764167,8,1,0,0,0,1,0
90132,CONNECTICUT,CT,2,2,0,0,2,2,3,280,BALDWIN,11,4,April,2012,4,Wednesday,13,24,0,15,6,5,41.73955556,-72.67616944,12,1,0,0,0,1,0
90133,CONNECTICUT,CT,1,1,1,1,1,1,1,510,AUTAUGA,5,2,February,2012,1,Sunday,18,13,0,13,2,135,41.09767500,-73.44474722,8,3,0,0,0,1,0
90134,CONNECTICUT,CT,2,1,1,1,1,1,9,810,BLOUNT,22,3,March,2012,5,Thursday,14,28,1,12,3,276,41.51695278,-73.04927500,8,1,0,0,0,1,0
90135,CONNECTICUT,CT,3,3,0,0,5,5,11,219,BULLOCK,8,7,July,2012,1,Sunday,1,10,1,11,3,10,41.32425556,-72.25391667,24,2,0,0,0,1,1
90136,CONNECTICUT,CT,2,2,0,0,3,3,11,520,BULLOCK,21,7,July,2012,7,Saturday,10,17,1,11,1,130,41.53721667,-72.11277222,12,1,0,0,0,1,0
90137,CONNECTICUT,CT,1,1,0,0,2,2,1,765,AUTAUGA,26,10,October,2012,6,Friday,1,49,0,13,3,60,41.25648056,-73.20513889,1,2,0,0,0,1,1
90138,CONNECTICUT,CT,2,2,0,0,2,2,3,280,BALDWIN,13,7,July,2012,6,Friday,0,46,0,13,2,520,41.78215000,-72.69618056,12,3,0,0,0,1,1
90139,CONNECTICUT,CT,1,1,0,0,2,2,1,510,AUTAUGA,27,10,October,2012,7,Saturday,16,51,0,6,6,0,41.09825556,-73.40775556,35,1,0,0,0,1,0
90140,CONNECTICUT,CT,1,1,0,0,1,1,9,385,BLOUNT,31,5,May,2012,5,Thursday,1,28,0,16,6,9,41.23626389,-73.01310556,53,3,0,0,0,1,1
90141,CONNECTICUT,CT,1,1,1,1,2,2,3,224,BALDWIN,30,6,June,2012,7,Saturday,23,18,0,16,3,1,41.91540833,-72.61408611,9,3,0,0,0,1,1
90142,CONNECTICUT,CT,1,1,0,0,1,1,13,756,BOLLING,30,7,July,2012,2,Monday,3,28,0,15,3,162,41.90738611,-72.39316389,33,2,0,0,0,1,1
90143,CONNECTICUT,CT,6,2,0,0,3,3,3,280,BALDWIN,28,7,July,2012,7,Saturday,2,26,0,16,6,11,41.75231944,-72.68709167,12,9,0,0,0,1,2
90144,CONNECTICUT,CT,1,1,0,0,2,2,1,170,AUTAUGA,10,8,August,2012,6,Friday,2,32,0,6,6,1,41.39772222,-73.45315000,33,3,0,0,0,1,1
90145,CONNECTICUT,CT,2,1,1,1,2,2,1,80,AUTAUGA,26,8,August,2012,1,Sunday,5,22,1,12,3,15,41.18780278,-73.19276111,14,3,0,0,0,2,1
90146,CONNECTICUT,CT,2,2,0,0,2,2,9,385,BLOUNT,28,8,August,2012,3,Tuesday,23,33,1,1,1,389,41.23624444,-73.04942222,12,3,0,0,0,1,0
90147,CONNECTICUT,CT,1,1,1,1,2,2,9,810,BLOUNT,18,8,August,2012,7,Saturday,1,26,0,6,5,16,41.53563889,-73.05165556,8,3,0,0,0,1,0
90148,CONNECTICUT,CT,1,1,0,0,3,3,7,376,BIBB,23,7,July,2012,2,Monday,10,42,0,3,3,18,41.49795833,-72.71216667,1,1,0,0,0,1,0
90149,CONNECTICUT,CT,2,2,0,0,3,3,3,90,BALDWIN,30,11,November,2012,6,Friday,10,18,0,6,5,1,41.66804722,-72.93923056,12,1,0,0,0,1,0
90150,CONNECTICUT,CT,2,2,0,0,7,7,3,280,BALDWIN,1,9,September,2012,7,Saturday,2,29,0,16,5,5,41.73681111,-72.69965278,12,3,0,0,0,1,1
90151,CONNECTICUT,CT,1,1,0,0,2,2,3,225,BALDWIN,19,9,September,2012,4,Wednesday,22,47,1,11,1,633,41.76579167,-72.65611389,24,3,0,0,0,2,0
90152,CONNECTICUT,CT,1,1,0,0,1,1,13,663,BOLLING,15,9,September,2012,7,Saturday,18,45,0,6,6,4,41.95111667,-72.48554722,30,5,0,0,0,1,0
90153,CONNECTICUT,CT,1,1,0,0,1,1,11,140,BULLOCK,20,9,September,2012,5,Thursday,18,59,0,4,3,75,41.53663333,-72.41051389,43,5,0,0,0,1,1
90154,CONNECTICUT,CT,2,2,0,0,3,3,1,235,AUTAUGA,22,9,September,2012,7,Saturday,0,0,1,12,3,263,41.19551944,-73.28120833,12,2,0,0,0,1,1
90155,CONNECTICUT,CT,2,1,0,0,1,1,13,663,BOLLING,10,9,September,2012,2,Monday,23,50,0,6,6,0,42.01145278,-72.48190556,42,2,0,0,0,1,0
90156,CONNECTICUT,CT,2,2,0,0,2,2,3,842,BALDWIN,27,9,September,2012,5,Thursday,8,55,1,11,1,462,41.87613333,-72.66263056,12,1,0,0,0,1,0
90157,CONNECTICUT,CT,2,2,0,0,3,3,9,810,BLOUNT,28,9,September,2012,6,Friday,16,54,1,11,1,305,41.54030556,-73.08416389,12,1,0,0,0,1,0
90158,CONNECTICUT,CT,2,1,1,1,4,4,9,810,BLOUNT,17,9,September,2012,2,Monday,12,23,0,6,6,1,41.58676944,-73.06293611,33,1,0,0,0,1,0
90159,CONNECTICUT,CT,1,1,1,1,0,0,13,368,BOLLING,3,10,October,2012,4,Wednesday,7,11,0,16,6,17,41.74564722,-72.25685833,8,1,0,0,0,1,0
90160,CONNECTICUT,CT,2,2,0,0,3,3,9,370,BLOUNT,13,10,October,2012,7,Saturday,16,58,1,11,1,1,41.53793056,-72.76220833,12,1,0,0,0,1,1
90161,CONNECTICUT,CT,1,1,0,0,1,1,5,492,BAKER HILL,13,10,October,2012,7,Saturday,3,8,0,6,5,12,42.02725833,-73.30486944,42,3,0,0,0,1,1
90162,CONNECTICUT,CT,1,1,0,0,1,1,3,280,BALDWIN,18,10,October,2012,5,Thursday,6,14,1,11,1,377,41.76490000,-72.66741389,25,4,0,0,0,1,0
90163,CONNECTICUT,CT,1,1,0,0,1,1,5,817,BAKER HILL,28,10,October,2012,1,Sunday,16,18,0,13,3,264,41.63275278,-73.13960556,30,1,0,0,0,1,0
90164,CONNECTICUT,CT,2,2,0,0,2,2,9,640,BLOUNT,25,10,October,2012,5,Thursday,19,35,0,14,6,14,41.37724722,-73.09723056,12,1,0,0,0,1,1
90165,CONNECTICUT,CT,1,1,0,0,1,1,11,632,BULLOCK,21,10,October,2012,1,Sunday,20,16,1,2,3,127,41.49437222,-72.30200000,42,2,0,0,0,1,0
90166,CONNECTICUT,CT,4,4,0,0,5,5,11,811,BULLOCK,2,11,November,2012,6,Friday,18,11,1,11,1,908,41.36812500,-72.15248889,12,2,0,0,0,1,0
90167,CONNECTICUT,CT,2,2,0,0,3,3,13,785,BOLLING,21,10,October,2012,1,Sunday,18,11,0,4,3,6,41.84718333,-72.46630000,12,5,0,0,0,1,0
90168,CONNECTICUT,CT,1,1,0,0,3,3,7,380,BIBB,11,11,November,2012,1,Sunday,16,34,1,11,1,225,41.56332222,-72.73386389,1,1,0,0,0,1,0
90169,CONNECTICUT,CT,1,1,1,1,1,1,7,205,BIBB,14,11,November,2012,4,Wednesday,17,58,0,14,3,137,41.45750278,-72.67413611,8,2,0,0,0,1,0
90170,CONNECTICUT,CT,2,1,0,1,1,2,9,502,BLOUNT,3,11,November,2012,7,Saturday,2,21,1,1,1,46,41.34916111,-72.86707222,14,3,0,0,0,1,1
90171,CONNECTICUT,CT,2,2,0,0,3,3,9,810,BLOUNT,2,5,May,2012,4,Wednesday,11,22,1,11,1,305,41.54031111,-73.08416389,12,1,0,0,0,1,0
90172,CONNECTICUT,CT,2,2,0,0,2,2,7,380,BIBB,3,11,November,2012,7,Saturday,18,22,0,3,3,13,41.57428056,-72.67189444,12,3,0,0,0,1,0
90173,CONNECTICUT,CT,1,1,0,0,1,1,11,338,BULLOCK,7,11,November,2012,4,Wednesday,12,5,0,6,5,14,41.63783056,-72.27775556,42,1,0,0,0,1,0
90174,CONNECTICUT,CT,2,2,0,0,2,2,3,214,BALDWIN,7,11,November,2012,4,Wednesday,15,41,0,6,3,235,41.95270278,-72.76340278,12,1,0,0,0,1,0
90175,CONNECTICUT,CT,1,1,0,0,2,2,3,46,BALDWIN,16,4,April,2012,2,Monday,7,25,0,14,3,108,41.60904722,-72.71879722,1,1,0,0,0,1,0
90176,CONNECTICUT,CT,1,1,0,0,1,1,3,46,BALDWIN,7,7,July,2012,7,Saturday,22,52,0,14,3,95,41.62274722,-72.73476389,35,3,0,0,0,1,1
90177,CONNECTICUT,CT,3,3,0,0,4,4,3,225,BALDWIN,16,11,November,2012,6,Friday,18,8,1,11,1,657,41.76968333,-72.61118889,12,3,0,0,0,1,0
90178,CONNECTICUT,CT,2,2,0,0,2,2,11,310,BULLOCK,17,11,November,2012,7,Saturday,17,3,0,3,3,83,41.58836667,-71.95232500,12,3,0,0,0,1,1
90179,CONNECTICUT,CT,1,1,0,0,2,2,3,842,BALDWIN,17,11,November,2012,7,Saturday,2,43,1,11,1,460,41.87572500,-72.66158889,41,3,0,0,0,1,1
90180,CONNECTICUT,CT,1,1,0,0,2,2,5,286,BAKER HILL,5,10,October,2012,6,Friday,17,17,0,16,6,14,41.77716111,-73.09484444,1,1,0,0,0,1,0
90181,CONNECTICUT,CT,1,1,1,1,2,2,3,225,BALDWIN,3,10,October,2012,4,Wednesday,20,10,0,14,2,576,41.78117500,-72.60018611,8,3,0,0,0,1,0
90182,CONNECTICUT,CT,6,6,0,0,9,9,9,375,BLOUNT,20,11,November,2012,3,Tuesday,16,12,1,11,1,268,41.51093889,-73.13113056,12,1,0,0,0,1,0
90183,CONNECTICUT,CT,1,1,0,0,1,1,15,104,ANNISTON,10,11,November,2012,7,Saturday,6,51,0,6,3,130,41.68147222,-71.96665000,24,2,0,0,0,1,1
90184,CONNECTICUT,CT,2,2,0,0,3,3,3,680,BALDWIN,24,11,November,2012,7,Saturday,14,15,1,1,1,52,41.55374722,-72.85598889,17,1,0,0,0,1,1
90185,CONNECTICUT,CT,3,3,0,0,3,3,3,255,BALDWIN,27,11,November,2012,3,Tuesday,10,8,0,13,3,29,41.71593889,-72.54869444,12,1,0,0,0,1,0
90186,CONNECTICUT,CT,1,1,0,0,1,1,9,38,BLOUNT,25,11,November,2012,1,Sunday,2,23,1,12,3,222,41.44645556,-73.06694444,57,2,0,0,0,1,0
90187,CONNECTICUT,CT,1,1,0,0,1,1,1,98,AUTAUGA,27,11,November,2012,3,Tuesday,17,7,0,16,6,1,41.48257500,-73.40558611,42,2,0,0,0,1,0
90188,CONNECTICUT,CT,1,1,0,0,2,2,9,502,BLOUNT,25,11,November,2012,1,Sunday,22,2,1,1,1,68,41.37886111,-72.86838333,24,3,0,0,0,1,1
90189,CONNECTICUT,CT,2,2,0,0,3,3,5,817,BAKER HILL,21,11,November,2012,4,Wednesday,16,33,0,99,2,358,41.62182222,-73.10785278,12,3,0,0,0,1,0
90190,CONNECTICUT,CT,1,1,2,2,4,4,9,810,BLOUNT,22,10,October,2012,2,Monday,23,28,1,13,3,30,41.57015000,-73.06131944,8,3,0,0,0,1,1
90191,CONNECTICUT,CT,3,3,0,0,3,3,3,435,BALDWIN,1,12,December,2012,7,Saturday,0,23,1,12,3,388,41.70505278,-72.75776111,12,3,0,0,0,1,1
90192,CONNECTICUT,CT,1,1,1,1,1,1,11,386,BULLOCK,5,12,December,2012,4,Wednesday,15,4,0,16,6,0,41.49264444,-72.09722500,8,1,0,0,0,1,0
90193,CONNECTICUT,CT,2,1,0,1,2,3,1,235,AUTAUGA,1,12,December,2012,7,Saturday,2,17,1,1,1,247,41.14672222,-73.25682222,30,3,0,0,0,1,1
90194,CONNECTICUT,CT,2,2,0,0,3,3,11,244,BULLOCK,9,12,December,2012,1,Sunday,7,35,0,2,3,236,41.65436111,-72.15847500,12,1,0,0,0,1,0
90195,CONNECTICUT,CT,2,2,0,0,2,2,11,244,BULLOCK,18,10,October,2012,5,Thursday,17,12,0,2,3,174,41.57427778,-72.13186111,12,1,0,0,0,1,0
90196,CONNECTICUT,CT,1,1,1,1,1,1,1,80,AUTAUGA,7,12,December,2012,6,Friday,20,37,0,14,6,29,41.17718889,-73.20061389,15,3,0,0,0,1,0
90197,CONNECTICUT,CT,1,1,3,3,1,1,1,80,AUTAUGA,7,12,December,2012,6,Friday,17,0,1,13,2,321,41.19338333,-73.16876389,8,9,0,0,0,1,0
90198,CONNECTICUT,CT,2,2,0,0,4,4,11,539,BULLOCK,11,12,December,2012,3,Tuesday,21,8,1,1,1,803,41.32348333,-72.33053333,12,2,0,0,0,3,0
90199,CONNECTICUT,CT,3,2,0,1,2,3,1,235,AUTAUGA,12,12,December,2012,4,Wednesday,22,45,1,1,1,251,41.14805278,-73.25439722,14,3,0,0,0,1,1
90200,CONNECTICUT,CT,1,1,0,0,2,2,3,630,BALDWIN,16,12,December,2012,1,Sunday,3,32,1,11,1,281,41.63500556,-72.68503056,24,3,0,0,0,2,1
90201,CONNECTICUT,CT,1,1,1,1,1,1,3,420,BALDWIN,12,12,December,2012,4,Wednesday,7,36,0,16,6,3,41.67348056,-72.77965278,8,1,0,1,0,1,0
90202,CONNECTICUT,CT,1,1,0,0,4,4,1,837,AUTAUGA,30,12,December,2012,1,Sunday,13,21,0,15,6,0,41.32551389,-73.43382778,10,1,0,0,0,2,0
90203,CONNECTICUT,CT,1,1,0,0,2,2,3,280,BALDWIN,15,12,December,2012,7,Saturday,12,42,0,16,6,13,41.78631667,-72.68273611,33,1,0,0,0,1,0
90204,CONNECTICUT,CT,1,1,1,1,1,1,13,691,BOLLING,17,12,December,2012,2,Monday,22,27,0,4,3,187,41.94779444,-72.37242500,8,2,0,0,0,1,0
90205,CONNECTICUT,CT,1,1,0,0,1,1,1,765,AUTAUGA,25,12,December,2012,3,Tuesday,0,23,1,2,3,89,41.28267778,-73.21879444,17,2,0,0,0,1,1
90206,CONNECTICUT,CT,2,2,0,0,2,2,3,680,BALDWIN,22,12,December,2012,7,Saturday,23,26,1,1,1,436,41.60057222,-72.90263889,12,2,0,0,0,1,1
90207,CONNECTICUT,CT,2,2,0,0,3,3,3,718,BALDWIN,22,7,July,2012,1,Sunday,12,51,0,4,3,163,41.98886667,-72.70376111,12,1,0,0,0,1,0
90208,CONNECTICUT,CT,2,2,0,0,4,4,9,370,BLOUNT,26,12,December,2012,4,Wednesday,2,10,1,2,3,619,41.49896667,-72.79910833,12,3,0,0,0,2,1
90209,CONNECTICUT,CT,1,1,0,0,1,1,9,430,BLOUNT,8,9,September,2012,7,Saturday,1,35,0,13,3,1,41.32415833,-72.88406389,1,3,0,0,0,1,0
90210,CONNECTICUT,CT,1,1,1,1,1,1,1,256,AUTAUGA,20,12,December,2012,5,Thursday,23,0,1,1,1,6,41.00203611,-73.65116944,8,3,0,0,0,1,0
90211,CONNECTICUT,CT,1,1,1,1,3,3,9,222,BLOUNT,30,7,July,2012,2,Monday,11,49,0,16,6,8,41.24881944,-72.87094167,9,1,0,0,0,1,0
90212,CONNECTICUT,CT,1,1,1,1,2,2,7,380,BIBB,24,12,December,2012,2,Monday,23,14,1,1,1,228,41.56691944,-72.72791389,8,2,0,0,0,1,0
90213,CONNECTICUT,CT,1,1,0,0,3,3,3,237,BALDWIN,12,8,August,2012,1,Sunday,17,54,0,6,5,0,41.73893333,-72.85370556,42,1,0,0,0,1,1
90214,CONNECTICUT,CT,1,1,0,0,1,1,3,280,BALDWIN,17,12,December,2012,2,Monday,22,34,0,14,6,4,41.79758889,-72.67021111,33,2,0,0,0,1,1