ST_CASE,State Name,State Abbreviation,# of Vehicle involved,Parked_Vehicles_Involved,Pedestrains,Person_Not_in_Motor_Vehicle,Persons_in_motor_vehicle,Total_Persons_in_accident,COUNTY,CITY,City_County_Name,Calendar_DAY,MONTH,Month_name,YEAR,DAY_WEEK,Day_Week_desc,HOUR,MINUTE,NHS_Desc,trafficway,Route,MILEPT,LATITUDE,LONGITUD,First_Crash_event,Light_cond_desc,Weather_condition,School_bus_involved,Crash_cause,FATALS,DRUNK_DR
90215,CONNECTICUT,CT,2,2,0,0,3,3,11,811,BULLOCK,24,10,October,2012,4,Wednesday,1,0,1,1,1,884,41.37331667,-72.19700278,12,3,0,0,0,1,0
90216,CONNECTICUT,CT,1,1,0,0,1,1,1,841,AUTAUGA,23,12,December,2012,1,Sunday,8,41,0,15,6,10,41.17053333,-73.41238889,53,1,0,0,0,1,0
90217,CONNECTICUT,CT,2,2,0,0,2,2,1,841,AUTAUGA,26,12,December,2012,4,Wednesday,18,44,0,14,3,53,41.17887222,-73.40495833,12,2,3,0,0,1,1
90218,CONNECTICUT,CT,1,1,0,0,1,1,11,688,BULLOCK,27,11,November,2012,3,Tuesday,0,47,0,4,3,6,41.61513056,-72.07308611,24,2,0,0,0,1,0
90219,CONNECTICUT,CT,2,2,0,0,3,3,3,237,BALDWIN,29,12,December,2012,7,Saturday,14,14,0,3,3,69,41.74433333,-72.88906111,12,1,0,0,0,1,0
90220,CONNECTICUT,CT,1,1,1,1,4,4,9,810,BLOUNT,21,12,December,2012,6,Friday,8,19,0,16,6,0,41.54846389,-73.02582778,8,1,0,0,0,1,0
90221,CONNECTICUT,CT,1,1,1,1,1,1,9,267,BLOUNT,17,11,November,2012,7,Saturday,21,42,1,2,3,105,41.40615556,-72.89914444,8,3,0,0,0,1,0
90222,CONNECTICUT,CT,1,1,1,1,1,1,3,718,BALDWIN,5,4,April,2012,5,Thursday,16,37,0,4,3,1,41.98093056,-72.64937778,8,1,0,0,0,1,0
90223,CONNECTICUT,CT,2,2,0,0,5,5,9,810,BLOUNT,2,12,December,2012,1,Sunday,19,0,0,6,5,11,41.53328056,-72.98002222,12,3,0,0,0,1,0
90224,CONNECTICUT,CT,1,1,1,1,2,2,1,700,AUTAUGA,28,12,December,2012,6,Friday,23,8,0,13,2,66,41.05015556,-73.54798056,8,3,0,0,0,1,0
90225,CONNECTICUT,CT,1,1,0,0,2,2,9,265,BLOUNT,22,12,December,2012,7,Saturday,15,38,1,11,1,591,41.29698611,-72.70815556,24,9,0,0,0,2,0
90226,CONNECTICUT,CT,2,2,0,0,5,5,9,502,BLOUNT,8,4,April,2012,1,Sunday,99,99,0,14,3,11,41.33583333,-72.86630000,12,3,0,0,0,1,1
90227,CONNECTICUT,CT,2,2,0,0,4,4,5,802,BAKER HILL,17,11,November,2012,7,Saturday,14,46,0,4,3,82,41.62841667,-73.30931389,12,1,0,0,0,1,0
90228,CONNECTICUT,CT,1,1,0,0,2,2,1,460,AUTAUGA,17,11,November,2012,7,Saturday,13,14,1,11,1,118,41.42599167,-73.34916389,24,1,0,0,0,1,0
90229,CONNECTICUT,CT,1,1,1,1,1,1,1,460,AUTAUGA,28,11,November,2012,4,Wednesday,19,21,0,13,3,163,41.36868611,-73.27086111,8,1,0,0,0,1,0
90230,CONNECTICUT,CT,1,1,0,0,1,1,5,760,BAKER HILL,12,4,April,2012,5,Thursday,0,52,0,16,6,1,41.81086111,-73.09528889,53,3,0,0,0,1,1
90231,CONNECTICUT,CT,2,2,0,0,2,2,5,760,BAKER HILL,27,6,June,2012,4,Wednesday,18,27,0,15,3,91,41.88321111,-73.07533889,12,1,0,0,0,1,0
90232,CONNECTICUT,CT,2,2,0,0,3,3,1,832,AUTAUGA,6,5,May,2012,1,Sunday,16,38,0,4,3,112,41.26645556,-73.37429167,12,1,0,0,0,1,0
90233,CONNECTICUT,CT,2,2,0,0,2,2,9,810,BLOUNT,16,8,August,2012,5,Thursday,12,57,0,14,3,4,41.55268056,-72.99996944,12,1,0,0,0,1,0
90234,CONNECTICUT,CT,1,1,0,0,4,4,9,640,BLOUNT,31,10,October,2012,4,Wednesday,1,7,0,13,3,51,41.38863611,-73.07371111,30,2,0,0,0,1,1
90235,CONNECTICUT,CT,1,1,1,1,1,1,1,510,AUTAUGA,22,10,October,2012,2,Monday,19,39,0,13,3,61,41.10289167,-73.40406667,8,3,0,0,0,1,0
90236,CONNECTICUT,CT,2,2,0,0,2,2,9,200,BLOUNT,24,10,October,2012,4,Wednesday,14,45,0,13,3,123,41.33232222,-73.11373611,12,1,0,0,0,1,0
90237,CONNECTICUT,CT,1,1,1,1,1,1,9,370,BLOUNT,4,9,September,2012,3,Tuesday,20,22,0,14,2,191,41.55969444,-72.77537500,8,2,0,0,0,1,0
90238,CONNECTICUT,CT,1,1,0,0,1,1,5,450,BAKER HILL,23,2,February,2012,5,Thursday,15,40,0,13,2,232,41.62413056,-73.39441111,42,1,0,0,0,1,1
90239,CONNECTICUT,CT,2,2,0,0,2,2,5,450,BAKER HILL,2,7,July,2012,2,Monday,15,25,0,13,2,212,41.59674167,-73.40667500,12,1,0,0,0,1,0
90240,CONNECTICUT,CT,2,2,0,0,2,2,5,450,BAKER HILL,24,9,September,2012,2,Monday,15,4,0,14,6,18,41.56471111,-73.41353611,12,1,0,1,0,1,0
90241,CONNECTICUT,CT,2,2,0,0,2,2,7,220,BIBB,27,10,October,2012,7,Saturday,17,41,0,13,3,133,41.56180833,-72.55084167,12,1,0,0,0,1,1
90242,CONNECTICUT,CT,2,2,0,0,2,2,7,380,BIBB,18,12,December,2012,3,Tuesday,13,39,0,13,3,48,41.55339167,-72.68604722,12,1,0,0,0,1,0
90243,CONNECTICUT,CT,1,1,1,1,1,1,1,235,AUTAUGA,11,10,October,2012,5,Thursday,14,0,0,16,6,3,41.18612778,-73.24459444,8,1,0,0,0,1,0
90244,CONNECTICUT,CT,1,1,0,0,1,1,9,385,BLOUNT,9,12,December,2012,1,Sunday,0,57,0,13,2,412,41.24655833,-73.02643056,42,3,0,0,0,1,0
90245,CONNECTICUT,CT,1,1,1,1,1,1,7,380,BIBB,7,12,December,2012,6,Friday,17,45,0,14,6,13,41.53811944,-72.61816389,8,3,0,0,0,1,0
90246,CONNECTICUT,CT,2,2,0,0,2,2,9,385,BLOUNT,15,12,December,2012,7,Saturday,21,59,0,14,3,7,41.21774167,-73.06474444,12,3,0,0,0,1,1
90247,CONNECTICUT,CT,1,1,0,0,1,1,9,810,BLOUNT,16,9,September,2012,1,Sunday,20,15,0,16,6,1,41.58593333,-73.05376111,35,3,0,0,0,1,0
90248,CONNECTICUT,CT,2,2,0,0,2,2,1,80,AUTAUGA,30,7,July,2012,2,Monday,14,37,0,16,6,1,41.19194167,-73.16394167,12,1,0,0,0,1,0
100001,DELAWARE,DE,3,3,1,1,3,3,3,0,BALDWIN,3,1,January,2012,3,Tuesday,18,34,1,13,2,1,39.72420000,-75.55582222,15,3,0,0,0,1,0
100002,DELAWARE,DE,1,1,0,0,2,2,1,0,AUTAUGA,5,1,January,2012,5,Thursday,2,15,1,2,2,54,38.98515556,-75.44137778,53,2,0,0,0,1,1
100003,DELAWARE,DE,1,1,0,0,1,1,3,0,BALDWIN,12,1,January,2012,5,Thursday,10,50,0,16,5,3,39.60903333,-75.66876667,34,1,0,0,0,1,0
100004,DELAWARE,DE,1,1,0,0,3,3,3,0,BALDWIN,14,1,January,2012,7,Saturday,0,4,1,11,1,6,39.70059167,-75.60128333,25,3,0,0,0,1,0
100005,DELAWARE,DE,2,1,1,1,3,3,0,0,#N/A,21,1,January,2012,7,Saturday,8,23,0,14,2,28,39.27750000,-75.86416667,42,1,0,0,0,1,1
100006,DELAWARE,DE,1,1,1,1,1,1,3,0,BALDWIN,2,2,February,2012,5,Thursday,21,58,0,14,5,68,39.65925000,-75.66990000,8,2,0,0,0,1,0
100007,DELAWARE,DE,3,3,0,0,4,4,5,0,BAKER HILL,3,2,February,2012,6,Friday,21,2,1,2,2,212,38.73070000,-75.13251944,12,2,0,0,0,1,1
100008,DELAWARE,DE,1,1,1,1,1,1,3,0,BALDWIN,7,2,February,2012,3,Tuesday,19,29,0,13,3,38,39.67043611,-75.71042778,8,2,0,0,0,1,0
100009,DELAWARE,DE,2,2,0,0,3,3,3,0,BALDWIN,11,2,February,2012,7,Saturday,14,38,0,3,2,91,39.33522500,-75.62938611,12,1,0,0,0,1,0
100010,DELAWARE,DE,2,2,0,0,3,3,5,0,BAKER HILL,11,2,February,2012,7,Saturday,19,50,1,2,2,242,38.72102778,-75.30178333,12,2,0,0,0,1,1
100011,DELAWARE,DE,1,1,0,0,2,2,3,0,BALDWIN,14,2,February,2012,3,Tuesday,19,17,1,11,1,111,39.71460000,-75.58036944,42,2,0,0,0,1,0
100012,DELAWARE,DE,2,2,0,0,3,3,1,0,AUTAUGA,20,2,February,2012,2,Monday,1,0,1,2,2,68,39.06843611,-75.55372500,12,2,0,0,0,1,0
100013,DELAWARE,DE,1,1,0,0,1,1,3,0,BALDWIN,25,2,February,2012,7,Saturday,5,32,1,13,2,26,39.68980556,-75.58208056,33,6,0,0,0,1,1
100014,DELAWARE,DE,1,1,1,1,1,1,3,0,BALDWIN,1,3,March,2012,5,Thursday,14,7,1,13,2,50,39.66323611,-75.65350833,8,1,0,0,0,1,0
100015,DELAWARE,DE,2,2,0,0,2,2,3,0,BALDWIN,4,3,March,2012,1,Sunday,20,51,0,6,5,28,39.49141667,-75.69151944,12,2,0,0,0,1,1
100016,DELAWARE,DE,2,2,0,0,3,3,1,0,AUTAUGA,7,3,March,2012,4,Wednesday,19,25,1,2,2,9,38.85002500,-75.57920833,54,2,0,0,0,1,0
100017,DELAWARE,DE,1,1,0,0,1,1,1,130,AUTAUGA,2,4,April,2012,2,Monday,21,5,0,16,5,0,39.16514722,-75.50810833,43,3,0,0,0,1,0
100018,DELAWARE,DE,1,1,1,1,1,1,3,0,BALDWIN,3,4,April,2012,3,Tuesday,17,24,1,2,3,92,39.42263889,-75.65815000,8,1,0,0,0,1,0
100019,DELAWARE,DE,2,2,0,0,5,5,3,0,BALDWIN,4,4,April,2012,4,Wednesday,21,35,0,14,3,25,39.59387778,-75.70010556,12,2,0,0,0,2,0
100020,DELAWARE,DE,2,2,0,0,5,5,5,0,BAKER HILL,5,4,April,2012,5,Thursday,7,9,0,4,3,295,38.60365833,-75.22955278,12,1,0,1,0,1,0
100021,DELAWARE,DE,2,2,0,0,3,3,3,0,BALDWIN,7,4,April,2012,7,Saturday,9,53,0,13,3,99,39.73098611,-75.64434722,12,1,0,0,0,1,0
100022,DELAWARE,DE,2,2,0,0,4,4,1,0,AUTAUGA,11,4,April,2012,4,Wednesday,20,5,0,5,4,11,39.09075278,-75.72812500,12,2,0,0,0,2,0
100023,DELAWARE,DE,2,2,0,0,5,5,3,0,BALDWIN,12,4,April,2012,5,Thursday,18,18,1,2,2,20,39.53033333,-75.73701944,12,1,0,0,0,1,0
100024,DELAWARE,DE,2,2,0,0,2,2,3,0,BALDWIN,13,4,April,2012,6,Friday,14,2,0,15,6,17,39.68287500,-75.62039722,12,1,0,0,0,1,0
100025,DELAWARE,DE,1,1,1,1,1,1,3,150,BALDWIN,5,4,April,2012,5,Thursday,17,47,0,16,5,0,39.73750833,-75.59925000,15,1,0,0,0,1,0
100026,DELAWARE,DE,2,2,0,0,2,2,3,0,BALDWIN,17,4,April,2012,3,Tuesday,8,34,0,13,3,14,39.66371111,-75.62983889,12,1,0,0,0,1,0
100027,DELAWARE,DE,1,1,0,0,1,1,3,0,BALDWIN,13,4,April,2012,6,Friday,21,21,0,6,3,27,39.36204722,-75.71259444,42,2,0,0,0,1,0
100028,DELAWARE,DE,2,2,0,0,3,3,5,0,BAKER HILL,16,4,April,2012,2,Monday,17,48,0,5,3,72,38.66404722,-75.49144722,12,1,0,0,0,1,0
100029,DELAWARE,DE,1,1,0,0,1,1,3,0,BALDWIN,23,4,April,2012,2,Monday,11,43,1,11,1,2,39.64801111,-75.74869444,24,1,0,0,0,1,0
100030,DELAWARE,DE,1,1,1,1,1,1,3,360,BALDWIN,30,4,April,2012,2,Monday,20,38,0,16,6,0,39.68551111,-75.73682222,8,3,0,0,0,1,0
100031,DELAWARE,DE,1,1,1,1,1,1,5,0,BAKER HILL,18,5,May,2012,6,Friday,9,2,0,6,4,2,38.59727500,-75.49352778,8,1,0,0,0,1,0
100032,DELAWARE,DE,1,1,0,0,1,1,1,0,AUTAUGA,19,5,May,2012,7,Saturday,17,1,0,15,3,28,39.08016667,-75.52522500,1,1,0,0,0,1,1
100033,DELAWARE,DE,1,1,0,0,1,1,5,0,BAKER HILL,21,5,May,2012,2,Monday,5,5,0,6,4,41,38.64545000,-75.25976111,53,2,0,0,0,1,1
100034,DELAWARE,DE,2,2,1,1,2,2,1,320,AUTAUGA,31,5,May,2012,5,Thursday,4,20,1,13,2,160,38.90184167,-75.57361667,8,3,0,0,0,1,0
100035,DELAWARE,DE,1,1,0,0,2,2,3,0,BALDWIN,2,6,June,2012,7,Saturday,1,1,0,13,3,24,39.73932500,-75.60193333,33,3,0,0,0,1,1
100036,DELAWARE,DE,1,1,0,0,1,1,5,0,BAKER HILL,3,6,June,2012,1,Sunday,0,3,0,6,3,14,38.45479444,-75.50983889,42,2,0,0,0,1,0
100037,DELAWARE,DE,1,1,1,1,1,1,1,0,AUTAUGA,4,6,June,2012,2,Monday,4,6,0,14,2,64,39.20884167,-75.56789444,9,2,0,0,0,1,1
100038,DELAWARE,DE,1,1,0,0,1,1,1,0,AUTAUGA,8,6,June,2012,6,Friday,5,13,0,9,4,99998,39.02418333,-75.50906667,34,2,0,0,0,1,1
100039,DELAWARE,DE,2,2,0,0,2,2,3,0,BALDWIN,18,6,June,2012,2,Monday,9,27,1,13,2,15,39.60330000,-75.75818889,12,1,0,0,0,1,1
100040,DELAWARE,DE,1,1,0,0,1,1,3,0,BALDWIN,19,6,June,2012,3,Tuesday,12,51,0,6,6,0,39.61250278,-75.75859167,33,1,0,0,0,1,0
100041,DELAWARE,DE,2,2,0,0,3,3,5,0,BAKER HILL,26,6,June,2012,3,Tuesday,15,13,0,6,3,16,38.52353333,-75.14673333,12,1,0,0,0,1,1
100042,DELAWARE,DE,1,1,1,1,1,1,3,0,BALDWIN,28,6,June,2012,5,Thursday,10,29,0,15,3,7,39.78520833,-75.50616389,9,1,0,0,0,1,0
100043,DELAWARE,DE,1,1,1,1,1,1,5,0,BAKER HILL,1,7,July,2012,1,Sunday,2,8,1,2,3,19,38.71378056,-75.10466111,9,3,0,0,0,1,1
100044,DELAWARE,DE,1,1,1,1,3,3,1,0,AUTAUGA,7,7,July,2012,7,Saturday,21,58,0,6,8,4,38.93337778,-75.56302222,9,2,0,0,0,1,0
100045,DELAWARE,DE,1,1,0,0,1,1,1,0,AUTAUGA,8,7,July,2012,1,Sunday,22,25,0,6,8,43,39.09228056,-75.73113056,42,2,0,0,0,1,1
100046,DELAWARE,DE,1,1,1,1,1,1,1,0,AUTAUGA,10,7,July,2012,3,Tuesday,0,20,0,13,2,28,39.08566944,-75.55013056,8,2,0,0,0,1,0
100047,DELAWARE,DE,2,2,0,0,3,3,3,0,BALDWIN,14,7,July,2012,7,Saturday,1,5,1,11,1,73,39.69239722,-75.63005278,12,2,0,0,0,1,0
100048,DELAWARE,DE,2,2,0,0,2,2,3,0,BALDWIN,15,7,July,2012,1,Sunday,3,58,0,13,2,11,39.64443333,-75.62498611,12,3,0,0,0,1,1
100049,DELAWARE,DE,1,1,0,0,4,4,1,130,AUTAUGA,29,5,May,2012,3,Tuesday,13,45,0,15,3,42,39.18657222,-75.57936667,40,1,0,0,0,1,0
100050,DELAWARE,DE,1,1,0,0,1,1,5,0,BAKER HILL,18,7,July,2012,4,Wednesday,21,28,0,6,4,7,38.50743333,-75.21531944,30,2,0,0,0,1,1
100051,DELAWARE,DE,1,1,1,1,1,1,3,0,BALDWIN,25,7,July,2012,4,Wednesday,3,12,0,16,5,7,39.59795556,-75.74256667,8,2,0,0,0,1,0
100052,DELAWARE,DE,1,1,0,0,1,1,3,0,BALDWIN,25,7,July,2012,4,Wednesday,22,53,1,11,1,131,39.65275833,-75.71394167,1,2,0,0,0,1,0
100053,DELAWARE,DE,1,1,0,0,1,1,3,0,BALDWIN,28,7,July,2012,7,Saturday,1,35,0,16,6,1,39.78318889,-75.55438056,25,3,0,0,0,1,1
100054,DELAWARE,DE,2,2,0,0,4,4,5,0,BAKER HILL,13,8,August,2012,2,Monday,20,19,0,2,3,50,38.74392222,-75.15182500,12,3,0,0,0,1,0
100055,DELAWARE,DE,2,2,0,0,2,2,3,0,BALDWIN,16,8,August,2012,5,Thursday,3,23,1,11,1,164,39.63962222,-75.78318611,12,2,0,0,0,1,0
100056,DELAWARE,DE,1,1,1,1,1,1,3,490,BALDWIN,17,8,August,2012,6,Friday,20,47,0,13,3,62,39.75823333,-75.57163333,8,3,0,0,0,1,0
100057,DELAWARE,DE,1,1,0,0,1,1,5,0,BAKER HILL,22,8,August,2012,4,Wednesday,20,57,0,4,3,50,38.51423889,-75.17912222,59,2,0,0,0,1,1
100058,DELAWARE,DE,2,2,0,0,2,2,5,0,BAKER HILL,24,8,August,2012,6,Friday,13,0,0,6,8,15,38.68443611,-75.61828611,12,1,0,0,0,1,0
100059,DELAWARE,DE,1,1,0,0,2,2,5,0,BAKER HILL,25,8,August,2012,7,Saturday,20,42,0,4,3,6,38.63785278,-75.59768889,42,2,0,0,0,1,0
100060,DELAWARE,DE,1,1,2,2,1,1,3,0,BALDWIN,25,8,August,2012,7,Saturday,20,42,1,13,2,13,39.64548056,-75.63767222,8,3,0,0,0,1,0
100061,DELAWARE,DE,1,1,0,0,2,2,5,0,BAKER HILL,26,8,August,2012,1,Sunday,1,10,0,4,3,118,38.80761389,-75.47445556,43,2,0,0,0,1,1
100062,DELAWARE,DE,2,2,0,0,4,4,3,0,BALDWIN,20,8,August,2012,2,Monday,6,9,0,15,6,42,39.80252500,-75.47908611,12,4,0,0,0,1,0
100063,DELAWARE,DE,1,1,0,0,2,2,5,0,BAKER HILL,26,8,August,2012,1,Sunday,22,50,0,6,4,43,38.54377222,-75.17584167,42,2,0,0,0,1,0
100064,DELAWARE,DE,2,2,0,0,2,2,5,0,BAKER HILL,27,8,August,2012,2,Monday,7,30,0,4,3,63,38.62655000,-75.50421944,12,1,0,0,0,1,0
100065,DELAWARE,DE,1,1,0,0,1,1,5,0,BAKER HILL,30,8,August,2012,5,Thursday,21,24,1,2,3,60,38.79385556,-75.69283611,24,2,0,0,0,1,1
100066,DELAWARE,DE,1,1,1,1,1,1,3,0,BALDWIN,17,8,August,2012,6,Friday,21,25,0,14,8,2,39.81412778,-75.44256111,8,3,0,0,0,1,0
100067,DELAWARE,DE,1,1,2,2,1,1,5,0,BAKER HILL,2,9,September,2012,1,Sunday,2,18,1,2,3,21,38.73167222,-75.13365556,8,2,0,0,0,2,1
100068,DELAWARE,DE,1,1,0,0,1,1,1,0,AUTAUGA,31,8,August,2012,6,Friday,22,25,0,6,8,23,39.08048056,-75.52518889,30,2,0,0,0,1,1
100069,DELAWARE,DE,2,2,0,0,2,2,5,0,BAKER HILL,3,9,September,2012,2,Monday,17,34,0,5,8,9,38.55969444,-75.51839167,12,1,0,0,0,1,0
100070,DELAWARE,DE,1,1,0,0,1,1,5,0,BAKER HILL,5,9,September,2012,4,Wednesday,17,50,0,5,8,2,38.52189722,-75.45446389,34,1,0,0,0,1,1
100071,DELAWARE,DE,1,1,0,0,2,2,5,0,BAKER HILL,19,9,September,2012,4,Wednesday,2,19,0,6,8,3,38.66815278,-75.55676944,53,2,0,0,0,1,0
100072,DELAWARE,DE,1,1,0,0,2,2,5,0,BAKER HILL,27,9,September,2012,5,Thursday,17,16,0,6,3,19,38.48635556,-75.22781944,30,1,0,0,0,1,0
100073,DELAWARE,DE,1,1,2,2,1,1,3,0,BALDWIN,25,9,September,2012,3,Tuesday,7,32,0,6,8,0,39.61685278,-75.75413333,8,1,0,0,0,1,0
100074,DELAWARE,DE,1,1,0,0,1,1,5,0,BAKER HILL,8,9,September,2012,7,Saturday,19,0,0,4,3,48,38.66345000,-75.29933056,30,1,0,0,0,1,0
100075,DELAWARE,DE,2,2,0,0,4,4,3,0,BALDWIN,16,9,September,2012,1,Sunday,9,52,1,13,2,44,39.66832222,-75.60191944,12,1,0,0,0,1,0
100076,DELAWARE,DE,2,2,0,0,4,4,1,0,AUTAUGA,29,9,September,2012,7,Saturday,14,38,0,6,8,11,39.20917500,-75.54843056,12,1,0,0,0,1,0
100077,DELAWARE,DE,1,1,0,0,1,1,5,0,BAKER HILL,1,10,October,2012,2,Monday,11,8,0,4,3,20,38.82614722,-75.55194722,42,1,0,0,0,1,0
100078,DELAWARE,DE,1,1,1,1,1,1,3,0,BALDWIN,5,10,October,2012,6,Friday,23,40,0,13,3,27,39.71456944,-75.62137778,8,2,0,0,0,1,0
100079,DELAWARE,DE,1,1,0,0,6,6,3,0,BALDWIN,6,10,October,2012,7,Saturday,12,17,1,11,1,86,39.78755000,-75.49551111,35,1,0,0,0,1,0
100080,DELAWARE,DE,2,1,0,1,2,3,3,0,BALDWIN,8,10,October,2012,2,Monday,11,48,1,2,3,99998,39.31114444,-75.59811111,14,1,0,0,0,1,0
100081,DELAWARE,DE,1,1,0,0,1,1,5,0,BAKER HILL,8,10,October,2012,2,Monday,22,6,0,5,4,23,38.74789167,-75.22641667,42,2,4,0,0,1,1
100082,DELAWARE,DE,1,1,0,0,2,2,5,340,BAKER HILL,4,10,October,2012,5,Thursday,14,10,0,4,3,69,38.54629722,-75.13164722,43,1,0,0,0,1,0
100083,DELAWARE,DE,2,2,0,0,2,2,1,130,AUTAUGA,26,9,September,2012,4,Wednesday,23,19,0,14,3,53,39.15874167,-75.54927778,12,2,0,0,0,1,0
100084,DELAWARE,DE,3,3,0,0,6,6,3,0,BALDWIN,24,10,October,2012,4,Wednesday,17,36,1,11,1,145,39.64996944,-75.72761111,12,1,0,0,0,1,0
100085,DELAWARE,DE,1,1,1,1,1,1,3,0,BALDWIN,24,10,October,2012,4,Wednesday,21,27,1,13,2,32,39.63013333,-75.66563889,8,2,0,0,0,1,0
100086,DELAWARE,DE,1,1,1,1,1,1,3,0,BALDWIN,1,11,November,2012,5,Thursday,1,8,0,13,3,14,39.78691667,-75.68957778,8,2,0,0,0,1,1
100087,DELAWARE,DE,2,2,0,0,3,3,1,0,AUTAUGA,3,11,November,2012,7,Saturday,23,15,1,13,3,11147,39.10945000,-75.45941667,12,2,0,0,0,2,1
100088,DELAWARE,DE,1,1,0,0,1,1,3,0,BALDWIN,3,11,November,2012,7,Saturday,23,59,0,14,3,20,39.68580000,-75.63451944,42,2,0,0,0,1,1
100089,DELAWARE,DE,2,1,1,1,1,1,3,0,BALDWIN,8,11,November,2012,5,Thursday,11,48,0,13,3,28,39.70025833,-75.60403333,14,1,0,0,0,1,1
100090,DELAWARE,DE,3,3,0,0,6,6,3,0,BALDWIN,8,11,November,2012,5,Thursday,14,54,0,13,3,19,39.66276944,-75.64230000,12,1,0,0,0,2,0
100091,DELAWARE,DE,1,1,0,0,1,1,5,0,BAKER HILL,9,11,November,2012,6,Friday,2,22,0,4,8,53,38.58416111,-75.60786944,42,2,0,0,0,1,1
100092,DELAWARE,DE,1,1,0,0,2,2,5,0,BAKER HILL,13,11,November,2012,3,Tuesday,14,15,0,4,3,80,38.46903333,-75.42998889,1,1,0,0,0,1,1
100093,DELAWARE,DE,1,1,0,0,2,2,5,0,BAKER HILL,14,11,November,2012,4,Wednesday,15,32,0,6,4,96,38.67749167,-75.42968611,30,1,0,0,0,1,0
100094,DELAWARE,DE,1,1,1,1,1,1,3,0,BALDWIN,15,11,November,2012,5,Thursday,15,59,0,13,3,53,39.82976944,-75.53538056,8,1,0,0,0,1,0
100095,DELAWARE,DE,1,1,1,1,2,2,3,0,BALDWIN,22,11,November,2012,5,Thursday,19,51,0,13,2,24,39.78680556,-75.54597778,8,2,0,0,0,1,0
100096,DELAWARE,DE,1,1,1,1,1,1,3,0,BALDWIN,1,12,December,2012,7,Saturday,17,10,0,13,3,56,39.82936944,-75.54124167,8,2,0,0,0,1,0
100097,DELAWARE,DE,1,1,1,1,1,1,3,0,BALDWIN,1,12,December,2012,7,Saturday,5,52,1,2,2,25,39.48322222,-75.71949722,8,2,0,0,0,1,0
100098,DELAWARE,DE,1,1,0,0,1,1,5,0,BAKER HILL,4,12,December,2012,3,Tuesday,20,37,0,6,4,25,38.49030833,-75.36161111,1,2,0,0,0,1,1
100099,DELAWARE,DE,1,1,0,0,1,1,1,0,AUTAUGA,5,12,December,2012,4,Wednesday,0,31,0,4,2,15,39.06828333,-75.56256111,53,2,0,0,0,1,1
100100,DELAWARE,DE,1,1,1,1,2,2,3,0,BALDWIN,17,11,November,2012,7,Saturday,15,44,0,6,8,22,39.57090556,-75.69848889,8,1,0,0,0,1,0
100101,DELAWARE,DE,1,1,1,1,1,1,1,0,AUTAUGA,15,12,December,2012,7,Saturday,17,25,0,3,6,25,39.07823889,-75.48233889,8,2,0,0,0,1,0
100102,DELAWARE,DE,1,1,0,0,1,1,5,0,BAKER HILL,17,12,December,2012,2,Monday,0,26,0,4,3,380,38.70648889,-75.15853056,30,3,0,0,0,1,1
100103,DELAWARE,DE,2,2,0,0,3,3,5,0,BAKER HILL,12,12,December,2012,4,Wednesday,18,18,1,2,2,4,38.64595556,-75.59333333,12,3,0,0,0,1,0
100104,DELAWARE,DE,1,1,0,0,1,1,3,380,BALDWIN,22,12,December,2012,7,Saturday,20,1,0,16,3,99998,39.71408889,-75.60653056,33,3,0,0,0,1,1
100105,DELAWARE,DE,2,2,0,0,3,3,1,0,AUTAUGA,24,12,December,2012,2,Monday,18,34,0,14,3,55,39.11167500,-75.51453889,12,3,0,0,0,2,1
100106,DELAWARE,DE,1,1,0,0,2,2,3,0,BALDWIN,25,12,December,2012,3,Tuesday,1,15,1,11,1,94,39.79556944,-75.45628889,24,2,0,0,0,1,1
100107,DELAWARE,DE,1,1,1,1,2,2,3,0,BALDWIN,26,12,December,2012,4,Wednesday,5,26,1,13,3,62,39.72079722,-75.65474167,8,2,0,0,0,1,0
100108,DELAWARE,DE,1,1,0,0,1,1,1,0,AUTAUGA,27,12,December,2012,5,Thursday,19,15,0,6,8,11,39.26989722,-75.72395833,34,2,0,0,0,1,1
110001,DISTRICT OF COLUMBIA,DC,3,2,0,0,2,2,1,10,AUTAUGA,9,1,January,2012,2,Monday,19,52,0,16,6,0,38.95798056,-76.99283889,12,3,0,0,0,1,1
110002,DISTRICT OF COLUMBIA,DC,2,2,0,0,5,5,1,10,AUTAUGA,29,1,January,2012,1,Sunday,3,15,0,16,6,99999,38.94071389,-77.00030556,33,3,0,0,0,2,0
110003,DISTRICT OF COLUMBIA,DC,1,1,1,1,1,1,1,10,AUTAUGA,26,1,January,2012,5,Thursday,19,42,0,16,6,99999,38.89206944,-77.03946111,8,3,0,0,0,1,0
110004,DISTRICT OF COLUMBIA,DC,2,2,0,0,3,3,1,10,AUTAUGA,17,2,February,2012,6,Friday,13,10,0,16,6,0,38.92552222,-76.99039722,12,1,0,0,0,1,0
110005,DISTRICT OF COLUMBIA,DC,1,1,1,1,1,1,1,10,AUTAUGA,2,4,April,2012,2,Monday,13,55,0,16,6,0,38.92736111,-77.03316667,8,1,0,0,0,1,0
110006,DISTRICT OF COLUMBIA,DC,2,2,0,0,3,3,1,10,AUTAUGA,23,6,June,2012,7,Saturday,19,20,0,16,6,0,38.86046944,-76.98365556,12,1,0,0,0,1,0
110007,DISTRICT OF COLUMBIA,DC,2,2,1,1,4,4,1,10,AUTAUGA,23,6,June,2012,7,Saturday,10,58,0,16,6,0,38.90541389,-77.01478056,12,1,0,0,0,1,0