ST_CASE,State Name,State Abbreviation,# of Vehicle involved,Parked_Vehicles_Involved,Pedestrains,Person_Not_in_Motor_Vehicle,Persons_in_motor_vehicle,Total_Persons_in_accident,COUNTY,CITY,City_County_Name,Calendar_DAY,MONTH,Month_name,YEAR,DAY_WEEK,Day_Week_desc,HOUR,MINUTE,NHS_Desc,trafficway,Route,MILEPT,LATITUDE,LONGITUD,First_Crash_event,Light_cond_desc,Weather_condition,School_bus_involved,Crash_cause,FATALS,DRUNK_DR
120301,FLORIDA,FL,1,1,0,0,1,1,53,0,ATMORE,3,3,March,2012,7,Saturday,11,9,0,6,4,0,28.51626944,-82.37096389,43,1,0,0,0,1,0
120302,FLORIDA,FL,1,1,1,1,1,1,81,0,AUBURN,3,3,March,2012,7,Saturday,2,35,0,16,6,0,27.43623889,-82.54682222,8,2,0,0,0,1,0
120303,FLORIDA,FL,2,2,0,0,2,2,101,0,BOYLSTON,3,3,March,2012,7,Saturday,17,24,0,6,4,0,28.23836111,-82.67284167,12,1,0,0,0,1,0
120304,FLORIDA,FL,1,1,0,0,3,3,113,0,COTTONTON,3,3,March,2012,7,Saturday,13,55,0,3,3,99998,30.50283333,-86.90594167,42,1,0,0,0,1,0
120305,FLORIDA,FL,1,1,1,1,4,4,115,0,ASHVILLE,3,3,March,2012,7,Saturday,21,16,0,6,8,0,27.22646111,-82.49758889,8,2,0,0,0,1,0
120306,FLORIDA,FL,2,2,0,0,2,2,83,0,ARDMORE,4,3,March,2012,1,Sunday,5,58,0,6,4,0,29.02543056,-82.13973333,12,2,0,0,0,1,0
120307,FLORIDA,FL,1,1,0,0,1,1,85,0,BENTON,4,3,March,2012,1,Sunday,3,40,0,14,8,99998,27.16216944,-80.63153611,42,2,0,0,0,1,1
120308,FLORIDA,FL,2,2,0,0,3,3,105,0,MARION,4,3,March,2012,1,Sunday,99,99,0,3,3,99998,28.36178333,-81.81891111,12,1,0,0,0,3,1
120309,FLORIDA,FL,2,2,0,0,6,6,133,0,ARLEY,4,3,March,2012,1,Sunday,11,55,1,11,1,99998,30.74683889,-85.54648056,12,1,0,0,0,1,0
120310,FLORIDA,FL,2,2,0,0,2,2,15,0,ANNISTON,5,3,March,2012,2,Monday,7,0,0,14,3,99998,26.93267222,-82.27955000,12,1,0,0,0,1,1
120311,FLORIDA,FL,1,1,1,1,1,1,95,0,ALBERTVILLE,4,3,March,2012,1,Sunday,19,51,0,13,3,99998,28.63852778,-81.41539444,8,2,0,0,0,1,0
120312,FLORIDA,FL,2,2,0,0,5,5,71,0,BRIDGEPORT,5,3,March,2012,2,Monday,15,41,0,6,5,0,26.74596389,-81.85033889,12,1,0,0,0,2,1
120313,FLORIDA,FL,1,1,0,0,1,1,83,0,ARDMORE,5,3,March,2012,2,Monday,3,0,0,2,3,99998,29.18696111,-82.26284444,42,2,0,0,0,1,0
120314,FLORIDA,FL,3,3,0,0,5,5,95,0,ALBERTVILLE,5,3,March,2012,2,Monday,22,28,1,11,1,99998,28.45911944,-81.47238889,24,3,0,0,0,1,0
120315,FLORIDA,FL,2,2,0,0,3,3,101,0,BOYLSTON,5,3,March,2012,2,Monday,19,0,1,13,2,99998,28.29174722,-82.71053889,12,3,0,0,0,2,0
120316,FLORIDA,FL,1,1,1,1,1,1,11,2468,BULLOCK,6,3,March,2012,3,Tuesday,20,40,0,13,3,99998,26.03045278,-80.24895833,8,3,0,0,0,1,0
120317,FLORIDA,FL,2,2,0,0,2,2,67,0,ABBEVILLE,8,3,March,2012,5,Thursday,14,0,0,3,3,99998,30.09846944,-83.17173889,12,1,0,0,0,1,0
120318,FLORIDA,FL,2,2,0,0,3,3,86,0,AVENTURA,8,1,January,2012,1,Sunday,4,14,0,6,8,0,25.67157778,-80.39214444,12,3,0,0,0,1,0
120319,FLORIDA,FL,1,1,1,1,2,2,99,0,BEATRICE,18,2,February,2012,7,Saturday,20,38,1,13,2,99998,26.68345000,-80.30090278,8,2,0,0,0,1,0
120320,FLORIDA,FL,1,1,1,1,2,2,103,1770,DANVILLE,13,1,January,2012,6,Friday,21,21,0,13,2,99998,27.88904444,-82.78704722,8,2,0,0,0,1,0
120321,FLORIDA,FL,1,1,1,1,1,1,71,0,BRIDGEPORT,1,2,February,2012,4,Wednesday,19,31,0,13,2,99998,26.41098611,-81.81168611,8,2,0,0,0,1,0
120322,FLORIDA,FL,1,1,1,1,1,1,103,1770,DANVILLE,1,2,February,2012,4,Wednesday,16,45,0,16,6,0,27.92411667,-82.76242778,8,3,0,0,0,1,0
120323,FLORIDA,FL,2,2,0,0,2,2,71,0,BRIDGEPORT,4,2,February,2012,7,Saturday,14,35,0,6,5,0,26.61702222,-81.70891389,12,1,0,0,0,1,0
120324,FLORIDA,FL,2,2,1,1,3,3,71,457,BRIDGEPORT,8,2,February,2012,4,Wednesday,16,10,0,16,6,0,26.56275833,-81.94172222,12,1,0,0,0,1,0
120325,FLORIDA,FL,1,1,2,2,1,1,19,0,CEDAR BLUFF,17,2,February,2012,6,Friday,22,30,0,14,3,99998,29.73280833,-81.86924444,8,3,0,0,0,1,0
120326,FLORIDA,FL,1,1,0,0,1,1,57,0,BANKSTON,20,2,February,2012,2,Monday,19,39,1,2,2,99998,28.10683611,-82.24905556,1,2,0,0,0,1,0
120327,FLORIDA,FL,2,2,0,0,3,3,86,2020,AVENTURA,20,2,February,2012,2,Monday,11,34,0,13,3,99998,25.81374444,-80.12293056,12,1,0,0,0,1,0
120328,FLORIDA,FL,1,1,0,0,1,1,99,0,BEATRICE,23,2,February,2012,5,Thursday,4,12,0,14,5,99998,26.35042222,-80.15303611,33,3,0,0,0,1,1
120329,FLORIDA,FL,2,2,0,0,2,2,11,2916,BULLOCK,23,2,February,2012,5,Thursday,9,28,0,16,6,0,26.14137778,-80.31799167,12,1,0,0,0,1,0
120330,FLORIDA,FL,1,1,2,2,1,1,11,1050,BULLOCK,25,2,February,2012,7,Saturday,20,1,0,16,6,0,26.13681389,-80.11076944,8,3,0,0,0,1,0
120331,FLORIDA,FL,1,1,1,1,1,1,71,0,BRIDGEPORT,24,2,February,2012,6,Friday,23,50,0,6,8,0,26.52798056,-81.87128611,8,3,0,0,0,1,0
120332,FLORIDA,FL,1,1,1,1,1,1,11,2916,BULLOCK,28,2,February,2012,3,Tuesday,23,23,0,14,5,99998,26.14590833,-80.31663611,8,3,0,0,0,1,0
120333,FLORIDA,FL,3,3,0,0,3,3,86,2010,AVENTURA,3,3,March,2012,7,Saturday,23,49,0,13,3,99998,25.96716944,-80.24665556,12,3,0,0,0,1,1
120334,FLORIDA,FL,1,1,1,1,1,1,119,0,BELLAMY,6,3,March,2012,3,Tuesday,10,17,0,6,4,0,28.74878611,-82.07088333,9,1,0,0,0,1,0
120335,FLORIDA,FL,1,1,0,0,1,1,57,0,BANKSTON,11,3,March,2012,1,Sunday,15,16,0,6,6,0,27.90247778,-82.33066111,33,1,0,0,0,1,0
120336,FLORIDA,FL,1,1,0,0,2,2,77,365,ANDERSON,11,3,March,2012,1,Sunday,20,10,0,6,5,0,30.43976944,-84.98543889,30,2,0,0,0,1,0
120337,FLORIDA,FL,1,1,1,1,2,2,101,0,BOYLSTON,16,3,March,2012,6,Friday,20,17,0,6,5,0,28.29113611,-82.68826667,8,2,0,0,0,1,0
120338,FLORIDA,FL,1,1,1,1,1,1,11,2948,BULLOCK,17,3,March,2012,7,Saturday,21,44,0,16,5,0,26.20836389,-80.26840000,15,3,0,0,0,1,0
120339,FLORIDA,FL,2,2,0,0,3,3,127,0,BURNWELL,17,3,March,2012,7,Saturday,21,20,0,13,2,99998,29.30969722,-81.09887222,12,3,0,0,0,1,0
120341,FLORIDA,FL,1,1,1,1,2,2,33,0,CHEROKEE,20,3,March,2012,3,Tuesday,19,54,0,14,3,99998,30.36921944,-87.35916389,8,2,0,0,0,1,0
120342,FLORIDA,FL,2,2,0,0,3,3,105,0,MARION,20,3,March,2012,3,Tuesday,14,15,1,13,3,99998,27.91629167,-82.02221389,12,1,0,0,0,1,0
120343,FLORIDA,FL,2,2,1,1,2,2,113,0,COTTONTON,20,3,March,2012,3,Tuesday,21,0,1,13,2,99998,30.38733056,-87.08293611,8,2,0,0,0,1,0
120344,FLORIDA,FL,1,1,0,0,2,2,127,780,BURNWELL,20,3,March,2012,3,Tuesday,2,48,0,16,6,0,29.18005278,-81.03341667,5,2,0,0,0,1,1
120345,FLORIDA,FL,1,1,1,1,1,1,11,2948,BULLOCK,22,3,March,2012,5,Thursday,20,56,0,13,3,99998,26.18643889,-80.18743333,8,3,0,0,0,1,0
120346,FLORIDA,FL,3,3,0,0,3,3,31,1510,COFFEE,23,3,March,2012,6,Friday,0,59,0,12,3,99998,30.32719722,-81.62214722,12,3,0,0,0,1,0
120347,FLORIDA,FL,5,4,0,0,4,4,69,0,ASHFORD,24,3,March,2012,7,Saturday,18,4,0,6,4,0,28.87296389,-81.75956389,12,1,0,0,0,1,0
120348,FLORIDA,FL,1,1,2,2,1,1,95,0,ALBERTVILLE,26,3,March,2012,2,Monday,21,48,0,13,2,99998,28.48505556,-81.39667778,8,3,0,0,0,1,0
120349,FLORIDA,FL,2,2,0,0,4,4,81,0,AUBURN,27,3,March,2012,3,Tuesday,22,57,0,13,2,99998,27.57088889,-82.54311944,12,2,0,0,0,1,1
120350,FLORIDA,FL,3,3,0,0,4,4,55,2800,ATTALLA,28,3,March,2012,4,Wednesday,18,28,1,13,2,99998,27.47133611,-81.45648889,43,1,0,0,0,1,1
120351,FLORIDA,FL,2,2,0,0,2,2,15,0,ANNISTON,29,3,March,2012,5,Thursday,2,45,0,13,2,99998,26.80550278,-81.95423333,12,2,0,0,0,1,0
120352,FLORIDA,FL,1,1,0,0,2,2,111,0,GRAHAM,29,3,March,2012,5,Thursday,13,50,1,2,3,99998,27.48476111,-80.50737500,24,1,0,0,0,1,0
120353,FLORIDA,FL,1,1,0,0,1,1,131,0,ARLINGTON,29,3,March,2012,5,Thursday,99,99,0,4,3,99998,30.60068889,-85.94181111,1,2,0,0,0,1,0
120354,FLORIDA,FL,3,3,0,0,4,4,15,0,ANNISTON,30,3,March,2012,6,Friday,12,55,1,11,1,99998,26.93951944,-82.01894444,12,1,0,0,0,1,0
120357,FLORIDA,FL,1,1,0,0,1,1,47,0,BROWNS,10,2,February,2012,6,Friday,0,1,0,6,4,0,30.58130000,-83.22423056,42,2,0,0,0,1,1
120358,FLORIDA,FL,1,1,0,0,1,1,103,1770,DANVILLE,15,2,February,2012,4,Wednesday,23,55,0,15,6,99998,27.89145833,-82.83225278,42,3,0,0,0,1,1
120360,FLORIDA,FL,2,2,0,0,5,5,86,0,AVENTURA,2,3,March,2012,6,Friday,5,40,0,13,2,99998,25.76105000,-80.51617500,12,2,0,0,0,1,0
120361,FLORIDA,FL,2,2,0,0,4,4,11,771,BULLOCK,4,3,March,2012,1,Sunday,10,49,0,15,6,99998,26.06578611,-80.22813056,12,1,0,0,0,1,0
120362,FLORIDA,FL,1,1,1,1,1,1,57,0,BANKSTON,6,3,March,2012,3,Tuesday,19,28,0,13,3,99998,27.98133611,-82.31894444,8,3,0,0,0,1,0
120363,FLORIDA,FL,2,2,0,0,2,2,97,0,AXIS,7,3,March,2012,4,Wednesday,6,38,0,6,5,0,28.33351389,-81.28062500,12,1,0,0,0,1,0
120364,FLORIDA,FL,1,1,0,0,1,1,105,0,MARION,7,3,March,2012,4,Wednesday,10,13,1,2,3,99998,27.89794167,-81.87098611,10,1,0,0,0,1,0
120365,FLORIDA,FL,1,1,0,0,2,2,17,0,CHAMBERS,8,3,March,2012,5,Thursday,1,28,0,6,4,0,28.94905000,-82.58166389,30,2,0,0,0,1,1
120366,FLORIDA,FL,1,1,0,0,1,1,86,0,AVENTURA,8,3,March,2012,5,Thursday,4,55,1,13,3,99998,25.81447778,-80.38738611,30,4,0,0,0,1,0
120367,FLORIDA,FL,2,2,0,0,2,2,31,1510,COFFEE,8,3,March,2012,5,Thursday,13,5,0,6,6,0,30.35036944,-81.75208056,12,1,0,0,0,1,0
120368,FLORIDA,FL,1,1,0,0,1,1,57,0,BANKSTON,8,3,March,2012,5,Thursday,19,31,0,14,3,99998,27.92290000,-82.40178889,33,3,0,0,0,1,0
120369,FLORIDA,FL,1,1,1,1,2,2,71,0,BRIDGEPORT,9,3,March,2012,6,Friday,19,44,0,6,4,0,26.41251111,-81.89988333,8,3,0,0,0,1,1
120370,FLORIDA,FL,1,1,0,0,2,2,97,0,AXIS,9,3,March,2012,6,Friday,23,25,0,3,2,99998,28.33267222,-81.56998611,59,3,0,0,0,1,1
120371,FLORIDA,FL,1,1,1,1,1,1,113,0,COTTONTON,9,3,March,2012,6,Friday,18,35,1,13,2,99998,30.40975556,-86.81991389,8,2,0,0,0,1,0
120372,FLORIDA,FL,1,1,0,0,1,1,131,0,ARLINGTON,9,3,March,2012,6,Friday,1,35,0,6,4,0,30.48687778,-86.18989167,34,2,0,0,0,1,1
120373,FLORIDA,FL,2,2,0,0,2,2,86,0,AVENTURA,10,3,March,2012,7,Saturday,7,35,0,13,2,99998,25.76091111,-80.44827778,12,1,0,0,0,1,0
120374,FLORIDA,FL,1,1,1,1,1,1,31,1510,COFFEE,10,3,March,2012,7,Saturday,20,48,0,16,6,0,30.20034167,-81.61567222,8,3,0,0,0,1,0
120375,FLORIDA,FL,1,1,0,0,1,1,81,0,AUBURN,10,3,March,2012,7,Saturday,22,45,1,2,3,99998,27.41954444,-82.36448611,1,2,0,0,0,1,1
120376,FLORIDA,FL,3,3,0,0,4,4,95,0,ALBERTVILLE,10,3,March,2012,7,Saturday,21,4,0,13,3,99998,28.56076667,-81.12965000,12,2,0,0,0,1,1
120377,FLORIDA,FL,1,1,0,0,3,3,105,0,MARION,10,3,March,2012,7,Saturday,4,5,0,6,5,0,27.91155278,-81.83811111,42,2,0,0,0,1,1
120378,FLORIDA,FL,2,2,0,0,3,3,86,0,AVENTURA,10,3,March,2012,7,Saturday,21,27,0,14,3,99998,25.74796944,-80.33540278,12,3,0,0,0,2,0
120379,FLORIDA,FL,1,1,0,0,1,1,11,771,BULLOCK,10,3,March,2012,7,Saturday,19,23,1,13,1,99998,26.08305278,-80.19835278,21,3,0,0,0,1,1
120380,FLORIDA,FL,1,1,1,1,1,1,1,1130,AUTAUGA,10,3,March,2012,7,Saturday,9,12,0,15,3,99998,29.65381111,-82.32500278,9,1,0,0,0,1,0
120381,FLORIDA,FL,1,1,0,0,2,2,86,0,AVENTURA,11,3,March,2012,1,Sunday,5,45,1,13,3,99998,25.81524444,-80.38700000,30,3,0,0,0,2,0
120382,FLORIDA,FL,1,1,0,0,1,1,53,0,ATMORE,11,3,March,2012,1,Sunday,0,40,0,6,5,0,28.60123611,-82.31786111,1,2,0,0,0,1,1
120383,FLORIDA,FL,2,2,0,0,2,2,53,0,ATMORE,11,3,March,2012,1,Sunday,21,40,0,6,4,0,28.47075556,-82.65030556,12,3,0,0,0,1,0
120384,FLORIDA,FL,2,2,0,0,2,2,87,0,ARMSTRONG,11,3,March,2012,1,Sunday,7,47,1,13,2,99998,24.59617778,-81.65882778,12,1,0,0,0,1,0
120385,FLORIDA,FL,1,1,0,0,1,1,131,0,ARLINGTON,11,3,March,2012,1,Sunday,17,57,0,6,4,0,30.42102222,-86.01616667,32,1,0,0,0,1,1
120386,FLORIDA,FL,2,2,0,0,4,4,19,0,CEDAR BLUFF,12,3,March,2012,2,Monday,14,48,0,6,3,0,30.10365833,-81.83080833,12,1,0,0,0,1,0
120388,FLORIDA,FL,1,1,1,1,1,1,101,0,BOYLSTON,12,3,March,2012,2,Monday,6,22,0,13,3,99998,28.18928889,-82.54450278,9,3,0,0,0,1,0
120389,FLORIDA,FL,3,3,0,0,6,6,35,0,BROOKLYN,12,3,March,2012,2,Monday,13,0,0,3,3,99998,29.63466944,-81.20423056,12,1,0,0,0,1,0
120390,FLORIDA,FL,3,3,0,0,4,4,69,0,ASHFORD,13,3,March,2012,3,Tuesday,8,52,0,6,4,0,28.86226111,-81.55139722,12,1,0,0,0,1,0
120391,FLORIDA,FL,1,1,0,0,3,3,111,0,GRAHAM,13,3,March,2012,3,Tuesday,15,29,0,13,3,99998,27.52187222,-80.44481389,1,1,0,0,0,1,1
120392,FLORIDA,FL,3,2,0,0,6,6,15,0,ANNISTON,14,3,March,2012,4,Wednesday,16,17,1,11,1,99998,27.02124167,-82.04746389,14,1,0,0,0,1,0
120394,FLORIDA,FL,1,1,1,1,1,1,87,1568,ARMSTRONG,14,3,March,2012,4,Wednesday,6,59,1,13,2,99998,25.09842778,-80.43646944,8,4,0,0,0,1,0
120395,FLORIDA,FL,1,1,0,0,3,3,95,0,ALBERTVILLE,15,3,March,2012,5,Thursday,8,19,0,6,5,0,28.51614722,-81.22995556,33,1,0,0,0,1,0
120397,FLORIDA,FL,2,2,0,0,2,2,95,0,ALBERTVILLE,16,3,March,2012,6,Friday,18,50,0,6,4,0,28.55946111,-81.44965278,12,1,0,0,0,1,1
120398,FLORIDA,FL,2,2,0,0,2,2,99,2431,BEATRICE,16,3,March,2012,6,Friday,10,55,1,11,1,99998,26.88303056,-80.12921111,1,1,0,0,0,1,0
120399,FLORIDA,FL,2,2,0,0,2,2,127,0,BURNWELL,16,3,March,2012,6,Friday,7,0,0,13,2,99998,29.30969167,-81.09898889,12,1,0,0,0,1,1
120401,FLORIDA,FL,2,2,0,0,3,3,9,2005,BLOUNT,16,3,March,2012,6,Friday,21,20,0,16,5,0,28.37477222,-80.66936944,11,3,0,0,0,1,0
120402,FLORIDA,FL,1,1,0,0,1,1,81,0,AUBURN,16,3,March,2012,6,Friday,0,40,1,11,1,99998,27.48540278,-82.46892778,1,2,0,0,0,1,0
120403,FLORIDA,FL,3,3,0,0,5,5,83,0,ARDMORE,16,3,March,2012,6,Friday,15,53,0,13,3,99998,29.21866944,-82.04725278,12,1,0,0,0,2,0
120404,FLORIDA,FL,1,1,1,1,1,1,17,0,CHAMBERS,17,3,March,2012,7,Saturday,0,3,0,13,3,99998,28.92874444,-82.37671667,8,2,0,0,0,1,0
120405,FLORIDA,FL,1,1,1,1,8,8,21,0,CHILTON,17,3,March,2012,7,Saturday,20,19,0,3,3,99998,26.49295556,-81.46337778,8,3,0,0,0,1,0
120406,FLORIDA,FL,1,1,0,0,2,2,95,2360,ALBERTVILLE,17,3,March,2012,7,Saturday,2,26,0,6,5,0,28.51885000,-81.47953889,42,3,0,0,0,1,1
120407,FLORIDA,FL,1,1,0,0,1,1,95,0,ALBERTVILLE,17,3,March,2012,7,Saturday,16,43,0,6,4,0,28.53917222,-81.28461944,18,1,0,0,0,1,0
120408,FLORIDA,FL,1,1,1,1,1,1,101,0,BOYLSTON,17,3,March,2012,7,Saturday,23,50,0,13,2,99998,28.37608889,-82.19234167,8,2,0,0,0,1,1
120409,FLORIDA,FL,2,1,2,3,1,2,86,0,AVENTURA,18,3,March,2012,1,Sunday,1,54,1,12,3,99998,25.48380000,-80.42980278,8,2,0,0,0,2,0
120410,FLORIDA,FL,2,2,0,0,4,4,86,1340,AVENTURA,18,3,March,2012,1,Sunday,3,30,1,12,3,99998,25.88259722,-80.25071944,12,3,0,0,0,4,1
120411,FLORIDA,FL,2,2,0,0,2,2,71,0,BRIDGEPORT,12,3,March,2012,2,Monday,15,52,1,11,1,99998,26.57185278,-81.79198611,12,1,0,0,0,1,0
120412,FLORIDA,FL,2,2,0,0,4,4,5,0,BAKER HILL,19,3,March,2012,2,Monday,13,43,1,2,2,99998,29.95366111,-85.42743889,12,1,0,0,0,1,0
120413,FLORIDA,FL,2,2,0,0,3,3,71,0,BRIDGEPORT,19,3,March,2012,2,Monday,13,51,0,14,3,99998,26.64076944,-81.87140833,12,1,0,0,0,1,0
120414,FLORIDA,FL,2,2,0,0,2,2,69,0,ASHFORD,25,3,March,2012,1,Sunday,13,5,0,6,4,0,28.87342500,-81.76448889,12,1,0,0,0,1,0
120415,FLORIDA,FL,2,2,0,0,4,4,95,0,ALBERTVILLE,17,3,March,2012,7,Saturday,19,34,0,13,3,99998,28.59656944,-81.20784722,12,5,0,0,0,1,1
120416,FLORIDA,FL,3,3,0,0,5,5,9,0,BLOUNT,10,3,March,2012,7,Saturday,2,18,1,11,1,99998,27.93095833,-80.60404722,12,2,0,0,0,2,1
120417,FLORIDA,FL,2,2,0,0,2,2,57,2950,BANKSTON,27,2,February,2012,2,Monday,19,36,0,13,2,99998,27.99628056,-82.49376111,12,3,0,0,0,1,1
120418,FLORIDA,FL,1,1,1,1,1,1,57,2950,BANKSTON,11,3,March,2012,1,Sunday,20,48,0,13,3,99998,28.03322222,-82.46778611,8,3,0,0,0,1,0
120419,FLORIDA,FL,1,1,1,1,1,1,99,0,BEATRICE,14,1,January,2012,7,Saturday,6,51,0,13,3,99998,26.70321944,-80.11111111,8,4,0,0,0,1,0
120420,FLORIDA,FL,1,1,0,0,1,1,99,0,BEATRICE,2,3,March,2012,6,Friday,18,54,0,6,8,0,26.91000556,-80.19856389,53,2,0,0,0,1,1
120421,FLORIDA,FL,2,2,0,0,3,3,101,0,BOYLSTON,4,1,January,2012,4,Wednesday,13,57,0,6,4,0,28.25183056,-82.14696944,12,1,0,0,0,1,0
120422,FLORIDA,FL,2,2,0,0,5,5,57,0,BANKSTON,5,1,January,2012,5,Thursday,6,15,0,13,2,99998,28.04903056,-82.33888611,12,3,0,0,0,1,0
120423,FLORIDA,FL,1,1,1,1,1,1,101,0,BOYLSTON,6,1,January,2012,6,Friday,19,0,0,6,4,0,28.31786944,-82.27436111,8,2,0,0,0,1,0
120424,FLORIDA,FL,1,1,0,0,1,1,107,0,CARROLLTON,10,1,January,2012,3,Tuesday,22,15,1,2,3,99998,29.62802500,-81.80628889,33,2,0,0,0,1,1
120425,FLORIDA,FL,2,2,0,0,3,3,5,0,BAKER HILL,21,1,January,2012,7,Saturday,22,45,1,13,2,99998,30.24375000,-85.91975000,12,3,0,0,0,1,1
120426,FLORIDA,FL,1,1,1,1,1,1,99,0,BEATRICE,21,4,April,2012,7,Saturday,23,48,0,16,8,0,26.56824444,-80.05808056,8,3,0,0,0,1,0
120427,FLORIDA,FL,1,1,1,1,1,1,95,0,ALBERTVILLE,29,1,January,2012,1,Sunday,22,45,0,13,3,99998,28.57893333,-81.30897500,9,2,0,0,0,1,0
120428,FLORIDA,FL,2,2,0,0,4,4,86,1345,AVENTURA,1,2,February,2012,4,Wednesday,0,10,1,13,2,99998,25.90163889,-80.38632222,12,3,0,0,0,1,0
120429,FLORIDA,FL,2,2,0,0,3,3,99,0,BEATRICE,10,2,February,2012,6,Friday,18,2,0,13,3,99998,26.62537222,-80.11330833,12,5,0,0,0,2,1
120430,FLORIDA,FL,2,2,0,0,3,3,95,0,ALBERTVILLE,18,2,February,2012,7,Saturday,14,37,1,2,3,99998,28.45235000,-81.00682222,24,1,0,0,0,1,0
120431,FLORIDA,FL,2,1,2,2,2,2,31,1510,COFFEE,25,2,February,2012,7,Saturday,18,25,9,99,9,99998,30.22350000,-81.76170000,14,5,0,0,0,1,0
120432,FLORIDA,FL,1,1,0,0,1,1,21,0,CHILTON,26,2,February,2012,1,Sunday,3,2,0,6,8,0,26.07269722,-81.70554722,42,3,0,0,0,1,1
120433,FLORIDA,FL,1,1,1,1,3,3,95,0,ALBERTVILLE,27,2,February,2012,2,Monday,19,34,0,14,3,99998,28.54068889,-81.41359444,8,3,0,0,0,1,0
120434,FLORIDA,FL,2,2,0,0,2,2,99,0,BEATRICE,2,3,March,2012,6,Friday,14,12,0,13,3,99998,26.40634722,-80.20391667,12,1,0,0,0,1,0
120435,FLORIDA,FL,1,1,1,1,1,1,71,0,BRIDGEPORT,10,3,March,2012,7,Saturday,21,8,0,6,8,0,26.57060000,-81.87181111,9,3,0,0,0,1,0
120436,FLORIDA,FL,1,1,0,0,1,1,127,2810,BURNWELL,11,3,March,2012,1,Sunday,16,35,0,6,4,0,29.32368333,-81.45703333,59,1,0,0,0,1,1
120437,FLORIDA,FL,1,1,0,0,2,2,71,0,BRIDGEPORT,11,3,March,2012,1,Sunday,16,59,1,11,1,99998,26.71466667,-81.81272500,33,5,0,0,0,1,1
120438,FLORIDA,FL,1,1,0,0,1,1,81,0,AUBURN,12,3,March,2012,2,Monday,3,13,0,13,2,99998,27.42056944,-82.53289167,1,3,0,0,0,1,1
120440,FLORIDA,FL,1,1,0,0,4,4,87,0,ARMSTRONG,13,3,March,2012,3,Tuesday,17,43,1,2,2,99998,25.01129444,-80.51536944,31,1,0,0,0,1,1
120442,FLORIDA,FL,4,4,0,0,9,9,73,2940,ARGO,17,3,March,2012,7,Saturday,22,6,0,13,2,99998,30.44469444,-84.28067500,12,3,0,0,0,3,0
120443,FLORIDA,FL,1,1,0,0,1,1,19,0,CEDAR BLUFF,21,3,March,2012,4,Wednesday,1,50,0,6,4,0,30.16131944,-81.99933333,1,3,0,0,0,1,1
120444,FLORIDA,FL,1,1,0,0,2,2,65,0,CYPRESS,23,3,March,2012,6,Friday,15,9,1,11,1,99998,30.47292500,-83.84146944,1,1,0,0,0,1,0
120445,FLORIDA,FL,1,1,0,0,1,1,21,0,CHILTON,24,3,March,2012,7,Saturday,17,25,0,13,2,99998,26.05409722,-81.68486111,1,1,0,0,0,1,0
120446,FLORIDA,FL,4,4,0,0,6,6,73,2940,ARGO,24,3,March,2012,7,Saturday,15,17,0,16,6,0,30.41067222,-84.24331389,12,1,0,0,0,1,0
120447,FLORIDA,FL,1,1,0,0,6,6,109,0,ANSLEY,24,3,March,2012,7,Saturday,15,45,1,1,1,99998,29.93446389,-81.42398056,1,1,0,0,0,1,0
120448,FLORIDA,FL,1,1,0,0,2,2,29,0,BORDEN SPRINGS,25,3,March,2012,1,Sunday,2,0,0,6,8,0,29.47946944,-83.18242500,43,2,0,0,0,1,1
120449,FLORIDA,FL,2,2,0,0,2,2,95,0,ALBERTVILLE,25,3,March,2012,1,Sunday,19,0,0,6,5,0,28.35552222,-81.50509722,12,1,0,0,0,1,1
120450,FLORIDA,FL,1,1,0,0,1,1,49,0,COLLINSVILLE,26,3,March,2012,2,Monday,12,40,0,6,4,0,27.58655278,-81.79410833,32,1,0,0,0,1,0
120451,FLORIDA,FL,1,1,0,0,1,1,115,0,ASHVILLE,26,3,March,2012,2,Monday,9,30,0,16,5,0,27.28953889,-82.45656111,42,1,0,0,0,1,0
120452,FLORIDA,FL,1,1,0,0,2,2,63,0,BOLIGEE,27,3,March,2012,3,Tuesday,14,17,1,11,1,99998,30.74553611,-85.25653333,1,1,0,0,0,1,0
120453,FLORIDA,FL,2,2,0,0,3,3,3,1153,BALDWIN,29,3,March,2012,5,Thursday,23,40,0,6,4,0,30.27377222,-82.16041944,12,3,0,0,0,1,1
120454,FLORIDA,FL,2,2,0,0,3,3,31,1510,COFFEE,30,3,March,2012,6,Friday,17,13,0,14,3,99998,30.42983889,-81.66389722,12,1,0,0,0,1,1
120455,FLORIDA,FL,1,1,0,0,1,1,99,0,BEATRICE,30,3,March,2012,6,Friday,7,39,1,2,2,99998,26.72606667,-80.61145278,46,1,0,0,0,1,0
120456,FLORIDA,FL,1,1,0,0,1,1,11,672,BULLOCK,31,3,March,2012,7,Saturday,1,28,0,16,6,0,26.27854444,-80.22154722,42,3,0,0,0,1,0
120457,FLORIDA,FL,1,1,0,0,1,1,31,1510,COFFEE,2,4,April,2012,2,Monday,20,5,0,6,6,0,30.24050000,-81.44240000,42,3,0,0,0,1,1
120458,FLORIDA,FL,2,2,0,0,2,2,119,0,BELLAMY,3,4,April,2012,3,Tuesday,18,49,1,11,1,99998,28.64316944,-82.16000000,12,1,0,0,0,1,0
120459,FLORIDA,FL,2,2,0,0,2,2,81,0,AUBURN,3,4,April,2012,3,Tuesday,23,35,0,13,2,99998,27.54193611,-82.56358611,12,3,0,0,0,1,0
120460,FLORIDA,FL,1,1,0,0,1,1,103,0,DANVILLE,4,4,April,2012,4,Wednesday,20,40,1,11,1,99998,27.89343889,-82.64487500,25,3,0,0,0,1,0