ST_CASE,State Name,State Abbreviation,# of Vehicle involved,Parked_Vehicles_Involved,Pedestrains,Person_Not_in_Motor_Vehicle,Persons_in_motor_vehicle,Total_Persons_in_accident,COUNTY,CITY,City_County_Name,Calendar_DAY,MONTH,Month_name,YEAR,DAY_WEEK,Day_Week_desc,HOUR,MINUTE,NHS_Desc,trafficway,Route,MILEPT,LATITUDE,LONGITUD,First_Crash_event,Light_cond_desc,Weather_condition,School_bus_involved,Crash_cause,FATALS,DRUNK_DR
120936,FLORIDA,FL,1,1,1,1,1,1,101,0,BOYLSTON,6,6,June,2012,4,Wednesday,1,25,1,13,2,99998,28.18017778,-82.74030278,8,3,0,0,0,1,0
120937,FLORIDA,FL,1,1,0,0,4,4,11,0,BULLOCK,7,6,June,2012,5,Thursday,14,15,0,6,8,0,25.94284444,-80.44037778,1,1,0,0,0,1,0
120938,FLORIDA,FL,1,1,0,0,1,1,61,0,BELLWOOD,7,6,June,2012,5,Thursday,22,40,1,11,1,99998,27.69161389,-80.53695000,1,2,0,0,0,1,0
120939,FLORIDA,FL,1,1,0,0,1,1,109,0,ANSLEY,8,6,June,2012,6,Friday,2,50,0,2,3,99998,29.72733611,-81.39745556,42,2,0,0,0,1,1
120940,FLORIDA,FL,3,3,0,0,4,4,83,0,ARDMORE,10,6,June,2012,1,Sunday,20,32,0,6,4,0,29.41043333,-82.20814722,12,5,0,0,0,1,2
120941,FLORIDA,FL,2,2,0,0,5,5,131,0,ARLINGTON,13,6,June,2012,4,Wednesday,16,40,0,4,3,99998,30.66013611,-85.93665556,12,1,0,0,0,1,0
120942,FLORIDA,FL,1,1,1,1,1,1,103,2806,DANVILLE,18,3,March,2012,1,Sunday,23,27,0,16,6,0,27.83667778,-82.75881111,9,2,0,0,0,1,0
120943,FLORIDA,FL,1,1,1,1,2,2,5,431,BAKER HILL,26,4,April,2012,5,Thursday,20,34,0,14,3,99998,30.15297222,-85.59405278,8,3,0,0,0,1,1
120944,FLORIDA,FL,1,1,1,1,1,1,5,431,BAKER HILL,26,4,April,2012,5,Thursday,19,23,1,13,2,99998,30.15494722,-85.59121111,9,1,0,0,0,1,0
120945,FLORIDA,FL,1,1,1,1,1,1,127,920,BURNWELL,4,5,May,2012,6,Friday,0,3,0,13,2,99998,28.99770833,-80.91068889,8,3,0,0,0,1,0
120946,FLORIDA,FL,1,1,1,1,1,1,103,570,DANVILLE,16,5,May,2012,4,Wednesday,22,25,0,16,6,0,27.96535000,-82.74614444,8,3,0,0,0,1,1
120947,FLORIDA,FL,1,1,2,2,1,1,127,782,BURNWELL,19,5,May,2012,7,Saturday,12,10,0,13,3,99998,29.16024444,-80.97424444,8,1,0,0,0,1,0
120948,FLORIDA,FL,1,1,1,1,2,2,5,431,BAKER HILL,30,5,May,2012,4,Wednesday,21,8,0,6,5,0,30.15072500,-85.59949167,15,3,0,0,0,1,0
120949,FLORIDA,FL,1,1,0,0,4,4,39,0,ANDALUSIA,1,6,June,2012,6,Friday,16,25,0,6,4,0,30.61741389,-84.64421111,34,1,0,0,0,1,0
120950,FLORIDA,FL,1,1,1,1,1,1,11,1782,BULLOCK,7,6,June,2012,5,Thursday,6,10,0,13,3,99998,26.13600833,-80.19259167,8,3,0,0,0,1,0
120951,FLORIDA,FL,1,1,1,1,1,1,71,1070,BRIDGEPORT,8,6,June,2012,6,Friday,21,45,0,13,3,99998,26.62328056,-81.86201111,8,2,0,0,0,1,0
120952,FLORIDA,FL,1,1,0,0,1,1,11,790,BULLOCK,11,6,June,2012,2,Monday,5,35,1,12,3,99998,26.27688889,-80.16786389,34,3,0,0,0,1,1
120953,FLORIDA,FL,1,1,0,0,2,2,103,2730,DANVILLE,12,6,June,2012,3,Tuesday,19,56,1,11,1,99998,27.76016389,-82.67585000,24,5,0,0,0,1,1
120954,FLORIDA,FL,1,1,1,1,1,1,31,1510,COFFEE,13,6,June,2012,4,Wednesday,10,5,0,16,6,0,30.44784167,-81.63842222,8,1,0,0,0,1,0
120955,FLORIDA,FL,1,1,0,0,7,7,57,0,BANKSTON,15,6,June,2012,6,Friday,14,50,0,6,8,0,27.88955278,-82.29395833,1,1,0,0,0,1,0
120956,FLORIDA,FL,1,1,0,0,2,2,101,0,BOYLSTON,16,6,June,2012,7,Saturday,21,38,0,6,8,0,28.22288889,-82.43159722,5,2,0,0,0,1,1
120957,FLORIDA,FL,1,1,0,0,1,1,31,1510,COFFEE,17,6,June,2012,1,Sunday,5,0,0,16,6,0,30.48750000,-81.57083333,42,3,0,0,0,1,1
120958,FLORIDA,FL,1,1,0,0,1,1,31,1520,COFFEE,7,1,January,2012,7,Saturday,22,25,0,13,3,99998,30.25780000,-81.40394722,25,3,0,0,0,1,1
120959,FLORIDA,FL,2,2,0,0,4,4,127,2375,BURNWELL,11,1,January,2012,4,Wednesday,14,49,0,16,6,0,29.30566944,-81.07061667,12,1,0,0,0,1,0
120960,FLORIDA,FL,1,1,0,0,2,2,127,2375,BURNWELL,12,2,February,2012,1,Sunday,3,44,0,13,2,99998,29.28746944,-81.06444722,31,3,0,0,0,1,1
120961,FLORIDA,FL,1,1,1,1,1,1,86,2010,AVENTURA,13,5,May,2012,1,Sunday,0,0,0,14,3,99998,25.92276389,-80.21393889,8,3,0,0,0,1,0
120962,FLORIDA,FL,2,2,0,0,2,2,11,2541,BULLOCK,18,5,May,2012,6,Friday,13,3,0,13,3,99998,26.13595556,-80.20741111,12,1,0,0,0,1,0
120963,FLORIDA,FL,1,1,0,0,1,1,21,0,CHILTON,26,5,May,2012,7,Saturday,16,10,0,6,6,0,26.20498889,-81.58837222,44,1,0,0,0,1,0
120964,FLORIDA,FL,1,1,0,0,15,15,127,0,BURNWELL,3,6,June,2012,1,Sunday,7,40,1,11,1,99998,29.39128333,-81.14966944,1,1,0,0,0,3,0
120965,FLORIDA,FL,5,5,0,0,5,5,55,0,ATTALLA,11,6,June,2012,2,Monday,7,52,1,13,2,99998,27.53918889,-81.50405556,12,1,0,0,0,1,0
120967,FLORIDA,FL,2,2,0,0,6,6,1,0,AUTAUGA,15,6,June,2012,6,Friday,0,0,1,1,1,99998,29.72221111,-82.46935833,12,2,0,0,0,1,0
120968,FLORIDA,FL,1,1,0,0,1,1,31,1510,COFFEE,19,6,June,2012,3,Tuesday,2,17,0,13,2,99998,30.33584167,-81.66710833,33,3,0,0,0,1,1
120969,FLORIDA,FL,1,1,1,1,1,1,117,1705,BIRMINGHAM,29,1,January,2012,1,Sunday,21,55,0,16,6,0,28.75630278,-81.32705833,8,3,0,0,0,1,0
120970,FLORIDA,FL,2,2,0,0,2,2,99,290,BEATRICE,13,4,April,2012,6,Friday,22,48,0,14,2,99998,26.41224722,-80.07580278,12,3,0,0,0,1,2
120971,FLORIDA,FL,2,1,1,1,2,2,103,2730,DANVILLE,14,4,April,2012,7,Saturday,17,7,0,16,6,0,27.77179444,-82.70445000,9,1,0,0,0,1,0
120972,FLORIDA,FL,1,1,0,0,2,2,99,290,BEATRICE,7,5,May,2012,2,Monday,15,15,0,14,2,99998,26.39741667,-80.07626389,42,1,0,0,0,1,1
120973,FLORIDA,FL,1,1,0,0,3,3,97,0,AXIS,10,6,June,2012,1,Sunday,22,50,0,6,8,0,28.33388056,-81.35543611,42,3,0,0,0,1,0
120974,FLORIDA,FL,1,1,0,0,1,1,95,2360,ALBERTVILLE,20,6,June,2012,4,Wednesday,2,40,1,13,3,99998,28.45153889,-81.31049167,42,3,0,0,0,1,1
120977,FLORIDA,FL,1,1,0,0,2,2,86,0,AVENTURA,3,5,May,2012,5,Thursday,14,26,0,6,8,0,25.73248333,-80.41858333,42,1,0,0,0,1,0
120978,FLORIDA,FL,1,1,0,0,1,1,61,0,BELLWOOD,29,5,May,2012,3,Tuesday,11,20,1,13,3,99998,27.63862778,-80.44647500,46,1,0,0,0,1,0
120979,FLORIDA,FL,1,1,0,0,2,2,99,0,BEATRICE,10,6,June,2012,1,Sunday,3,30,0,6,8,0,26.65498611,-80.12064722,3,3,0,0,0,1,1
120980,FLORIDA,FL,1,1,0,0,1,1,69,960,ASHFORD,10,6,June,2012,1,Sunday,0,0,0,16,6,0,28.88001389,-81.70267222,42,2,0,0,0,1,1
120981,FLORIDA,FL,2,2,0,0,2,2,95,0,ALBERTVILLE,13,6,June,2012,4,Wednesday,5,50,0,14,3,99998,28.35808889,-81.48720278,12,4,0,0,0,1,0
120982,FLORIDA,FL,1,1,0,0,1,1,121,0,BON AIR,13,6,June,2012,4,Wednesday,14,10,0,6,4,0,30.31608333,-82.84773333,42,1,0,0,0,1,0
120983,FLORIDA,FL,1,1,0,0,1,1,107,0,CARROLLTON,15,6,June,2012,6,Friday,14,39,0,6,4,0,29.38984722,-81.63771111,42,1,0,0,0,1,0
120984,FLORIDA,FL,2,2,0,0,2,2,97,0,AXIS,16,6,June,2012,7,Saturday,21,36,0,6,6,0,28.33356111,-81.27876944,12,3,0,0,0,1,0
120985,FLORIDA,FL,2,2,0,0,2,2,105,0,MARION,18,6,June,2012,2,Monday,12,25,1,11,1,99998,28.14586667,-81.87809167,12,1,0,0,0,1,0
120986,FLORIDA,FL,1,1,0,0,1,1,39,0,ANDALUSIA,20,6,June,2012,4,Wednesday,3,12,1,11,1,99998,30.53348611,-84.57786944,42,2,0,0,0,1,0
120987,FLORIDA,FL,2,2,0,0,2,2,113,0,COTTONTON,21,6,June,2012,5,Thursday,15,21,0,3,3,99998,30.80666389,-87.11281667,12,1,0,0,0,1,0
120988,FLORIDA,FL,1,1,0,0,1,1,123,0,ALEXANDER CITY,21,6,June,2012,5,Thursday,22,15,0,6,4,0,29.93290556,-83.58738889,59,2,0,0,0,1,1
120989,FLORIDA,FL,2,2,0,0,2,2,86,0,AVENTURA,1,1,January,2012,1,Sunday,1,3,0,6,8,0,25.72286667,-80.36427500,12,3,0,0,0,1,1
120991,FLORIDA,FL,1,1,0,0,1,1,71,0,BRIDGEPORT,27,1,January,2012,6,Friday,4,31,0,6,8,0,26.58700278,-81.81861944,1,1,0,0,99,1,0
120992,FLORIDA,FL,1,1,0,0,1,1,11,1050,BULLOCK,7,2,February,2012,3,Tuesday,4,4,0,13,3,99998,26.09256667,-80.14813333,33,1,0,0,0,1,0
120993,FLORIDA,FL,2,2,0,0,2,2,21,1926,CHILTON,10,3,March,2012,7,Saturday,14,54,0,6,5,0,25.92601389,-81.65225000,12,1,0,0,0,1,1
120994,FLORIDA,FL,2,1,0,0,1,1,11,1050,BULLOCK,22,4,April,2012,1,Sunday,18,13,0,16,6,0,26.15590000,-80.18286389,14,1,0,0,0,1,0
120995,FLORIDA,FL,2,2,0,0,4,4,11,1050,BULLOCK,22,4,April,2012,1,Sunday,20,5,0,14,3,99998,26.10705833,-80.16369722,12,5,0,0,0,1,0
120996,FLORIDA,FL,2,2,0,0,2,2,127,780,BURNWELL,6,6,June,2012,4,Wednesday,21,10,0,16,6,0,29.16283611,-81.03870833,12,3,0,0,0,1,0
120997,FLORIDA,FL,2,2,0,0,2,2,117,2770,BIRMINGHAM,11,2,February,2012,7,Saturday,12,6,0,13,3,99998,28.81151389,-81.30312222,12,1,0,0,0,1,0
120998,FLORIDA,FL,2,2,0,0,5,5,11,633,BULLOCK,25,5,May,2012,6,Friday,2,42,0,13,3,99998,26.27379444,-80.18225556,1,3,0,0,0,1,1
120999,FLORIDA,FL,2,2,0,0,2,2,99,3147,BEATRICE,26,5,May,2012,7,Saturday,17,56,0,15,6,99998,26.64641111,-80.26280833,12,1,0,0,0,1,0
121000,FLORIDA,FL,2,2,0,0,5,5,9,3000,BLOUNT,31,5,May,2012,5,Thursday,13,20,0,16,6,0,28.53684722,-80.82628889,12,1,0,0,0,1,0
121001,FLORIDA,FL,2,2,0,0,3,3,5,2451,BAKER HILL,9,6,June,2012,7,Saturday,6,44,1,13,2,99998,30.23006667,-85.88765556,12,1,0,0,0,2,1
121002,FLORIDA,FL,1,1,0,0,1,1,31,1510,COFFEE,10,6,June,2012,1,Sunday,15,28,0,16,6,0,30.26589444,-81.46383056,42,1,0,0,0,1,0
121003,FLORIDA,FL,1,1,0,0,1,1,99,2431,BEATRICE,11,6,June,2012,2,Monday,15,55,1,12,3,99998,26.80794444,-80.13101389,31,1,0,0,0,1,0
121004,FLORIDA,FL,1,1,0,0,4,4,83,2270,ARDMORE,13,6,June,2012,4,Wednesday,12,36,0,16,6,0,29.16816944,-82.16866944,59,1,0,0,0,1,0
121005,FLORIDA,FL,1,1,0,0,3,3,31,1510,COFFEE,15,6,June,2012,6,Friday,0,50,1,11,1,99998,30.52594167,-81.63620556,52,2,0,0,0,1,0
121006,FLORIDA,FL,1,1,1,1,1,1,11,1050,BULLOCK,20,6,June,2012,4,Wednesday,3,10,1,11,1,99998,26.10706944,-80.16831389,8,3,0,0,0,1,0
121007,FLORIDA,FL,1,1,1,1,1,1,117,0,BIRMINGHAM,20,6,June,2012,4,Wednesday,3,30,0,6,8,0,28.65482500,-81.45909722,8,2,0,0,0,1,0
121008,FLORIDA,FL,2,2,0,0,2,2,57,0,BANKSTON,21,6,June,2012,5,Thursday,19,35,0,14,3,99998,28.02023056,-82.39326944,12,6,0,0,0,1,0
121009,FLORIDA,FL,3,3,0,0,4,4,5,0,BAKER HILL,22,6,June,2012,6,Friday,18,15,1,2,3,99998,30.41730278,-85.69046944,12,1,0,0,0,1,0
121010,FLORIDA,FL,3,3,0,0,5,5,127,0,BURNWELL,23,6,June,2012,7,Saturday,12,26,0,3,3,99998,28.95836389,-81.09191111,12,1,0,0,0,1,0
121011,FLORIDA,FL,2,2,0,0,2,2,95,0,ALBERTVILLE,24,6,June,2012,1,Sunday,2,50,0,6,6,0,28.47251111,-81.41746389,12,3,0,0,0,1,2
121012,FLORIDA,FL,1,1,0,0,1,1,33,0,CHEROKEE,25,6,June,2012,2,Monday,1,10,0,6,8,0,30.31531944,-87.44358056,59,2,0,0,0,1,1
121013,FLORIDA,FL,1,1,0,0,1,1,57,0,BANKSTON,25,6,June,2012,2,Monday,1,50,0,13,2,99998,27.89395000,-82.33813056,20,3,0,0,0,1,1
121014,FLORIDA,FL,2,2,0,0,3,3,57,2540,BANKSTON,19,6,June,2012,3,Tuesday,20,54,0,13,2,99998,28.01719444,-82.11839722,12,3,0,0,0,1,0
121015,FLORIDA,FL,2,2,0,0,2,2,31,1510,COFFEE,2,6,June,2012,7,Saturday,2,5,1,13,2,99998,30.20140000,-82.01483611,12,3,0,0,0,1,1
121016,FLORIDA,FL,1,1,0,0,6,6,95,0,ALBERTVILLE,9,6,June,2012,7,Saturday,6,16,0,12,3,99998,28.37502778,-81.61048333,24,1,0,0,0,1,0
121017,FLORIDA,FL,1,1,1,1,1,1,11,2260,BULLOCK,14,6,June,2012,5,Thursday,21,41,0,13,3,99998,26.18112500,-80.15473056,9,3,0,0,0,1,0
121018,FLORIDA,FL,1,1,0,0,3,3,101,0,BOYLSTON,18,6,June,2012,2,Monday,17,50,1,11,1,99998,28.36963889,-82.31974167,42,1,0,0,0,1,0
121019,FLORIDA,FL,1,1,0,0,1,1,13,0,BOLLING,21,6,June,2012,5,Thursday,6,19,0,6,4,0,30.53497222,-85.05550556,1,1,0,0,0,1,1
121020,FLORIDA,FL,1,1,1,1,1,1,95,0,ALBERTVILLE,21,6,June,2012,5,Thursday,18,15,0,13,2,99998,28.50718889,-81.39693889,8,1,0,0,0,1,0
121021,FLORIDA,FL,1,1,0,0,6,6,81,0,AUBURN,23,6,June,2012,7,Saturday,4,20,0,6,8,0,27.57918611,-82.55468056,38,2,0,0,0,2,0
121022,FLORIDA,FL,2,2,0,0,3,3,103,0,DANVILLE,26,6,June,2012,3,Tuesday,17,14,0,6,8,0,27.82120833,-82.68974444,12,1,0,0,0,1,0
121023,FLORIDA,FL,2,2,0,0,2,2,105,3300,MARION,23,1,January,2012,2,Monday,6,44,0,16,6,0,28.02243333,-81.69496667,12,2,0,0,0,1,1
121024,FLORIDA,FL,2,2,0,0,3,3,73,0,ARGO,2,3,March,2012,6,Friday,19,14,0,13,3,99998,30.52875000,-84.36244444,12,2,0,0,0,1,1
121025,FLORIDA,FL,2,2,0,0,3,3,91,1091,DAYTON,27,4,April,2012,6,Friday,0,47,1,13,3,99998,30.41769167,-86.60817778,12,3,0,0,0,1,1
121026,FLORIDA,FL,1,1,0,0,4,4,73,0,ARGO,18,4,April,2012,4,Wednesday,16,25,0,6,8,0,30.38534722,-84.15527222,42,1,0,0,0,1,0
121027,FLORIDA,FL,2,2,0,0,8,8,127,2190,BURNWELL,3,3,March,2012,7,Saturday,20,57,0,13,2,99998,29.06293056,-80.94444167,5,2,0,0,0,1,0
121028,FLORIDA,FL,2,2,0,0,3,3,86,0,AVENTURA,10,5,May,2012,5,Thursday,10,4,0,13,3,99998,25.86809722,-80.24586944,12,1,0,0,0,2,0
121029,FLORIDA,FL,4,4,1,1,6,6,86,0,AVENTURA,22,6,June,2012,6,Friday,2,0,1,12,3,99998,25.70606667,-80.38332222,8,2,0,0,0,1,0
121030,FLORIDA,FL,1,1,0,0,2,2,79,0,COURTLAND,25,6,June,2012,2,Monday,12,25,1,11,1,99998,30.39380833,-83.34472778,1,1,0,0,0,1,0
121031,FLORIDA,FL,1,1,0,0,2,2,5,0,BAKER HILL,26,6,June,2012,3,Tuesday,3,25,1,2,2,99998,30.35773333,-85.43884444,1,2,0,0,0,1,1
121032,FLORIDA,FL,1,1,0,0,1,1,13,0,BOLLING,26,6,June,2012,3,Tuesday,20,15,0,6,4,0,30.54762500,-85.06422500,32,2,0,0,0,1,1
121033,FLORIDA,FL,3,3,1,1,3,3,86,2010,AVENTURA,21,5,May,2012,2,Monday,9,50,0,16,6,0,25.74305556,-80.25427222,8,1,0,0,0,1,0
121034,FLORIDA,FL,5,5,0,0,7,7,105,1270,MARION,25,6,June,2012,2,Monday,13,14,1,13,2,99998,28.12129722,-81.63961944,12,1,0,0,0,1,0
121035,FLORIDA,FL,1,1,1,1,1,1,57,0,BANKSTON,16,1,January,2012,2,Monday,23,16,0,6,8,0,28.08355000,-82.24362500,8,2,0,0,0,1,0
121036,FLORIDA,FL,1,1,0,0,1,1,86,2010,AVENTURA,13,4,April,2012,6,Friday,3,1,0,16,6,0,25.77041944,-80.38722222,30,3,0,0,0,1,0
121037,FLORIDA,FL,2,2,0,0,2,2,86,0,AVENTURA,19,5,May,2012,7,Saturday,1,40,0,13,3,99998,25.84941944,-80.20168056,12,3,0,0,0,1,0
121038,FLORIDA,FL,1,1,0,0,1,1,86,0,AVENTURA,29,5,May,2012,3,Tuesday,9,0,0,6,8,0,25.93876667,-80.41813333,38,1,0,0,0,1,0
121039,FLORIDA,FL,1,1,0,0,2,2,27,0,ASHLAND,6,6,June,2012,4,Wednesday,18,15,0,6,4,0,27.08633333,-81.99095833,42,1,0,0,0,1,1
121040,FLORIDA,FL,2,2,0,0,2,2,93,0,BEAR CREEK,16,6,June,2012,7,Saturday,15,38,1,2,2,99998,27.30900556,-80.82596667,12,1,0,0,0,1,0
121041,FLORIDA,FL,1,1,0,0,3,3,9,0,BLOUNT,16,6,June,2012,7,Saturday,18,0,0,6,8,0,28.44677778,-80.79526111,1,1,0,0,0,1,1
121042,FLORIDA,FL,1,1,0,0,1,1,31,1510,COFFEE,17,6,June,2012,1,Sunday,12,10,0,16,6,0,30.46628611,-81.62771667,33,1,0,0,0,1,0
121043,FLORIDA,FL,3,3,0,0,6,6,53,0,ATMORE,17,6,June,2012,1,Sunday,17,25,0,3,2,99998,28.63718333,-82.33935000,12,1,0,0,0,1,0
121045,FLORIDA,FL,5,5,0,0,9,9,101,0,BOYLSTON,22,6,June,2012,6,Friday,21,30,0,13,3,99998,28.18558889,-82.56199167,12,2,0,0,0,2,1
121046,FLORIDA,FL,2,2,0,0,2,2,49,0,COLLINSVILLE,22,6,June,2012,6,Friday,1,5,1,13,2,99998,27.56936944,-81.81572222,12,2,0,0,0,1,0
121047,FLORIDA,FL,2,2,0,0,3,3,73,2940,ARGO,23,6,June,2012,7,Saturday,15,42,0,13,3,99998,30.46322500,-84.36128333,12,1,0,0,0,1,0
121048,FLORIDA,FL,2,2,0,0,2,2,57,0,BANKSTON,23,6,June,2012,7,Saturday,20,2,0,13,2,99998,27.76268889,-82.33509722,12,2,0,0,0,2,1
121049,FLORIDA,FL,1,1,0,0,2,2,95,0,ALBERTVILLE,23,6,June,2012,7,Saturday,23,55,0,6,8,0,28.49617222,-81.06205833,42,2,0,0,0,1,1
121050,FLORIDA,FL,1,1,0,0,1,1,31,1510,COFFEE,25,6,June,2012,2,Monday,3,30,1,11,1,99998,30.43356111,-81.57993056,42,3,0,0,0,1,0
121051,FLORIDA,FL,1,1,0,0,2,2,115,0,ASHVILLE,25,6,June,2012,2,Monday,22,56,1,11,1,99998,27.31214167,-82.44780000,1,2,0,0,0,2,1
121052,FLORIDA,FL,2,2,0,0,2,2,86,0,AVENTURA,28,6,June,2012,5,Thursday,14,29,0,13,3,99998,25.68421667,-80.44928611,12,1,0,0,0,1,0
121053,FLORIDA,FL,1,1,0,0,3,3,11,0,BULLOCK,28,6,June,2012,5,Thursday,2,22,0,14,6,99998,26.06169167,-80.39857222,30,2,0,0,0,1,0
121054,FLORIDA,FL,1,1,1,1,3,3,69,0,ASHFORD,29,6,June,2012,6,Friday,22,49,0,13,2,99998,28.74603611,-81.87652500,9,2,0,0,0,1,0
121056,FLORIDA,FL,1,1,0,0,1,1,57,0,BANKSTON,1,7,July,2012,1,Sunday,99,99,0,6,6,0,27.92675278,-82.09975556,34,9,0,0,0,1,0
121057,FLORIDA,FL,1,1,0,0,1,1,73,0,ARGO,3,7,July,2012,3,Tuesday,21,55,0,2,3,99998,30.40365278,-84.58477500,52,2,0,0,0,1,1
121058,FLORIDA,FL,2,2,0,0,2,2,113,0,COTTONTON,3,7,July,2012,3,Tuesday,15,30,0,6,4,0,30.72675000,-87.19610556,12,1,0,0,0,1,0
121059,FLORIDA,FL,1,1,0,0,5,5,86,0,AVENTURA,3,7,July,2012,3,Tuesday,11,55,1,12,3,99998,25.73878333,-80.38470833,1,1,0,0,0,1,0
121060,FLORIDA,FL,2,2,0,0,6,6,86,0,AVENTURA,4,7,July,2012,4,Wednesday,1,17,0,14,3,99998,25.72061667,-80.33498333,12,3,0,0,0,1,0
121061,FLORIDA,FL,3,3,0,0,5,5,117,2770,BIRMINGHAM,11,2,February,2012,7,Saturday,14,12,1,13,2,99998,28.75775833,-81.29051389,12,1,0,0,0,1,0
121062,FLORIDA,FL,1,1,0,0,2,2,9,0,BLOUNT,28,6,June,2012,5,Thursday,23,45,1,12,3,99998,28.41153056,-80.83003056,1,2,0,0,0,1,1
121063,FLORIDA,FL,1,1,0,0,1,1,107,3140,CARROLLTON,28,6,June,2012,5,Thursday,20,19,0,6,4,0,29.47596944,-81.67128889,38,2,0,0,0,1,1
121064,FLORIDA,FL,1,1,0,0,2,2,83,0,ARDMORE,29,6,June,2012,6,Friday,20,0,0,6,8,0,29.08546111,-82.27921944,33,1,0,0,0,1,0
121065,FLORIDA,FL,1,1,4,4,1,1,86,2010,AVENTURA,30,6,June,2012,7,Saturday,19,29,0,16,6,0,25.77991944,-80.22453889,8,1,0,0,0,3,0
121066,FLORIDA,FL,4,1,2,2,1,1,86,2010,AVENTURA,30,6,June,2012,7,Saturday,20,17,0,14,2,99998,25.84328056,-80.20896667,14,1,0,0,0,2,1
121067,FLORIDA,FL,1,1,0,0,2,2,69,1630,ASHFORD,1,7,July,2012,1,Sunday,2,10,0,16,6,0,28.93684722,-81.94800833,33,3,0,0,0,1,0
121068,FLORIDA,FL,2,2,0,0,3,3,37,0,BRADFORD,5,7,July,2012,5,Thursday,11,40,1,2,2,99998,29.73310833,-84.91759722,12,1,0,0,0,2,0
121069,FLORIDA,FL,2,2,0,0,2,2,95,0,ALBERTVILLE,6,7,July,2012,6,Friday,23,45,0,6,6,0,28.36354444,-81.30992500,12,2,0,0,0,1,1
121070,FLORIDA,FL,1,1,1,1,2,2,83,0,ARDMORE,7,6,June,2012,5,Thursday,22,0,0,6,8,0,29.37612222,-81.91123889,8,2,0,0,0,1,0
121072,FLORIDA,FL,2,2,0,0,4,4,105,0,MARION,30,6,June,2012,7,Saturday,5,50,1,2,3,99998,27.90013611,-81.64919444,12,2,0,0,0,2,1
121073,FLORIDA,FL,2,2,0,0,3,3,39,0,ANDALUSIA,30,6,June,2012,7,Saturday,22,15,1,2,2,99998,30.55476667,-84.38467222,25,2,0,0,0,1,1
121074,FLORIDA,FL,2,2,0,0,3,3,33,0,CHEROKEE,30,6,June,2012,7,Saturday,10,30,0,6,4,0,30.53876389,-87.32041667,12,1,0,0,0,1,0
121075,FLORIDA,FL,2,2,0,0,3,3,57,0,BANKSTON,30,6,June,2012,7,Saturday,3,20,1,11,1,99998,28.14901389,-82.38642222,12,2,0,0,0,1,2
121076,FLORIDA,FL,1,1,0,0,2,2,11,2468,BULLOCK,1,7,July,2012,1,Sunday,1,40,0,16,6,0,26.00202778,-80.33515000,33,3,0,0,0,1,1
121077,FLORIDA,FL,2,1,2,3,1,2,11,1050,BULLOCK,1,7,July,2012,1,Sunday,16,5,1,11,1,99998,26.08605000,-80.16866389,25,1,0,0,0,1,0
121078,FLORIDA,FL,1,1,1,1,1,1,103,0,DANVILLE,1,7,July,2012,1,Sunday,19,46,0,13,2,99998,27.87291944,-82.78709722,8,5,0,0,0,1,0
121079,FLORIDA,FL,6,6,1,1,6,6,95,0,ALBERTVILLE,2,7,July,2012,2,Monday,4,51,0,6,3,0,28.50516389,-81.41767222,8,2,0,0,0,1,0
121080,FLORIDA,FL,1,1,0,0,2,2,103,0,DANVILLE,2,7,July,2012,2,Monday,11,55,0,6,8,0,27.93890833,-82.74955000,38,1,0,0,0,1,0
121081,FLORIDA,FL,1,1,0,0,1,1,11,3193,BULLOCK,3,7,July,2012,3,Tuesday,23,36,0,15,6,99998,26.12497500,-80.37131389,42,3,0,0,0,1,0
121082,FLORIDA,FL,1,1,1,1,1,1,57,0,BANKSTON,3,7,July,2012,3,Tuesday,19,28,0,16,6,0,28.06918611,-82.43678056,43,1,0,0,0,1,1
121083,FLORIDA,FL,1,1,1,1,1,1,31,1510,COFFEE,6,7,July,2012,6,Friday,1,20,0,14,3,99998,30.37101111,-81.43180833,9,2,0,0,0,1,0
121084,FLORIDA,FL,2,2,0,0,3,3,33,2490,CHEROKEE,7,7,July,2012,7,Saturday,20,33,1,11,1,99998,30.41808889,-87.21284167,12,3,0,0,0,1,0
121085,FLORIDA,FL,3,3,0,0,5,5,57,0,BANKSTON,2,7,July,2012,2,Monday,16,0,0,13,2,99998,27.91518611,-82.34840278,12,1,0,0,0,1,0
121086,FLORIDA,FL,1,1,1,1,1,1,95,0,ALBERTVILLE,3,7,July,2012,3,Tuesday,0,20,0,6,6,0,28.57963889,-81.47603611,8,3,0,0,0,1,0
121087,FLORIDA,FL,1,1,1,1,2,2,57,2950,BANKSTON,6,7,July,2012,6,Friday,14,20,1,13,2,99998,27.94762500,-82.50565556,9,1,0,0,0,1,0
121088,FLORIDA,FL,1,1,1,1,1,1,86,2010,AVENTURA,7,7,July,2012,7,Saturday,5,18,0,13,3,99998,25.84742222,-80.19661667,8,2,0,0,0,1,0
121089,FLORIDA,FL,1,1,0,0,1,1,57,2950,BANKSTON,8,7,July,2012,1,Sunday,9,29,1,11,1,99998,28.12238611,-82.37451944,25,1,0,0,0,1,0
121090,FLORIDA,FL,2,2,0,0,3,3,57,0,BANKSTON,9,7,July,2012,2,Monday,19,35,0,6,8,0,28.00649444,-82.22348611,12,1,0,0,0,1,1
121091,FLORIDA,FL,1,1,0,0,2,2,91,0,DAYTON,10,7,July,2012,3,Tuesday,5,0,1,11,1,99998,30.71799722,-86.44987500,1,4,0,0,0,1,0
121092,FLORIDA,FL,1,1,0,0,1,1,33,0,CHEROKEE,4,7,July,2012,4,Wednesday,23,7,0,6,8,0,30.44643889,-87.31609444,42,2,0,0,0,1,1
121093,FLORIDA,FL,2,2,0,0,3,3,105,0,MARION,27,1,January,2012,6,Friday,10,0,0,3,3,99998,27.96030278,-81.87473611,12,1,0,0,0,1,0