ST_CASE,State Name,State Abbreviation,# of Vehicle involved,Parked_Vehicles_Involved,Pedestrains,Person_Not_in_Motor_Vehicle,Persons_in_motor_vehicle,Total_Persons_in_accident,COUNTY,CITY,City_County_Name,Calendar_DAY,MONTH,Month_name,YEAR,DAY_WEEK,Day_Week_desc,HOUR,MINUTE,NHS_Desc,trafficway,Route,MILEPT,LATITUDE,LONGITUD,First_Crash_event,Light_cond_desc,Weather_condition,School_bus_involved,Crash_cause,FATALS,DRUNK_DR
121094,FLORIDA,FL,1,1,0,0,1,1,105,0,MARION,14,2,February,2012,3,Tuesday,11,22,1,2,2,99998,28.29211111,-81.66472778,59,1,0,0,0,1,0
121095,FLORIDA,FL,1,1,1,1,1,1,103,2730,DANVILLE,19,2,February,2012,1,Sunday,4,20,0,16,6,0,27.80633056,-82.72452778,15,2,0,0,0,1,0
121096,FLORIDA,FL,2,2,0,0,2,2,103,2730,DANVILLE,4,3,March,2012,1,Sunday,20,5,0,16,6,0,27.74480278,-82.64658889,12,3,0,0,0,1,1
121097,FLORIDA,FL,2,2,0,0,4,4,117,1705,BIRMINGHAM,4,3,March,2012,1,Sunday,15,26,0,16,6,0,28.75625833,-81.34716111,12,1,0,0,0,1,1
121098,FLORIDA,FL,3,3,0,0,5,5,105,0,MARION,6,3,March,2012,3,Tuesday,4,53,1,2,2,99998,27.80835000,-81.59713056,12,2,0,0,0,1,0
121099,FLORIDA,FL,2,2,0,0,3,3,105,0,MARION,21,3,March,2012,4,Wednesday,15,35,1,2,2,99998,27.73346389,-81.69423889,12,1,0,0,0,2,0
121100,FLORIDA,FL,1,1,1,1,1,1,101,3330,BOYLSTON,27,3,March,2012,3,Tuesday,6,30,0,13,2,99998,28.26322500,-82.18805556,8,6,0,0,0,1,0
121101,FLORIDA,FL,1,1,2,2,1,1,105,0,MARION,30,3,March,2012,6,Friday,20,30,0,6,8,0,27.85714444,-81.72125000,8,2,0,0,0,1,0
121102,FLORIDA,FL,2,2,0,0,2,2,105,0,MARION,2,4,April,2012,2,Monday,10,55,1,2,2,99998,27.82584444,-81.59323889,12,1,0,0,0,1,0
121103,FLORIDA,FL,3,3,0,0,4,4,86,1440,AVENTURA,23,4,April,2012,2,Monday,7,40,0,16,6,0,25.47753889,-80.43568333,12,1,0,0,0,1,0
121104,FLORIDA,FL,1,1,0,0,1,1,71,0,BRIDGEPORT,29,5,May,2012,3,Tuesday,2,35,0,6,8,0,26.55691111,-81.91097500,26,3,0,0,0,1,1
121105,FLORIDA,FL,3,3,0,0,6,6,11,1050,BULLOCK,8,6,June,2012,6,Friday,14,40,0,16,6,0,26.20229167,-80.19743056,12,1,0,0,0,1,0
121106,FLORIDA,FL,2,2,0,0,2,2,105,0,MARION,16,6,June,2012,7,Saturday,16,45,1,2,3,99998,27.89057778,-81.47570000,12,1,0,0,0,1,0
121107,FLORIDA,FL,2,2,0,0,2,2,101,0,BOYLSTON,18,6,June,2012,2,Monday,6,5,1,13,2,99998,28.31370556,-82.69919444,12,3,0,0,0,1,0
121108,FLORIDA,FL,2,2,0,0,5,5,31,1510,COFFEE,21,6,June,2012,5,Thursday,21,32,1,11,1,99998,30.19168889,-81.69411944,12,3,0,0,0,1,0
121109,FLORIDA,FL,1,1,0,0,1,1,11,771,BULLOCK,23,6,June,2012,7,Saturday,21,44,0,13,3,99998,26.08508889,-80.20268889,21,3,0,0,0,1,0
121110,FLORIDA,FL,3,3,0,0,6,6,105,0,MARION,24,6,June,2012,1,Sunday,18,41,0,15,3,99998,27.99822222,-81.74667778,12,1,0,0,0,1,0
121111,FLORIDA,FL,4,4,0,0,5,5,31,1510,COFFEE,28,6,June,2012,5,Thursday,17,55,0,13,2,99998,30.41404722,-81.74838056,12,1,0,0,0,1,0
121112,FLORIDA,FL,1,1,0,0,3,3,19,0,CEDAR BLUFF,30,6,June,2012,7,Saturday,2,12,0,6,8,0,30.09259167,-81.71167222,59,2,0,0,0,1,1
121113,FLORIDA,FL,1,1,0,0,1,1,86,0,AVENTURA,30,6,June,2012,7,Saturday,1,35,1,12,3,99998,25.92750556,-80.21406389,30,3,0,0,0,1,0
121114,FLORIDA,FL,1,1,0,0,1,1,69,0,ASHFORD,30,6,June,2012,7,Saturday,2,20,0,6,6,0,28.62976111,-81.76570278,38,2,0,0,0,1,1
121115,FLORIDA,FL,1,1,0,0,1,1,23,0,BLADON SPRINGS,1,7,July,2012,1,Sunday,1,15,1,11,1,99998,30.24962778,-82.53818889,42,2,0,0,0,1,0
121116,FLORIDA,FL,2,2,0,0,2,2,53,0,ATMORE,1,7,July,2012,1,Sunday,5,0,1,13,2,99998,28.45971944,-82.62693611,12,3,0,0,0,1,1
121117,FLORIDA,FL,1,1,0,0,5,5,85,0,BENTON,1,7,July,2012,1,Sunday,7,13,1,11,1,99998,27.12696111,-80.29373611,1,1,0,0,0,1,0
121118,FLORIDA,FL,2,2,0,0,3,3,117,0,BIRMINGHAM,1,7,July,2012,1,Sunday,9,27,0,6,8,0,28.62629722,-81.27975000,12,1,0,0,0,2,1
121119,FLORIDA,FL,2,2,0,0,2,2,86,2023,AVENTURA,1,7,July,2012,1,Sunday,2,1,0,13,3,99998,25.92701111,-80.21222222,12,3,0,0,0,1,0
121121,FLORIDA,FL,1,1,0,0,1,1,43,0,BAILEYTON,4,7,July,2012,4,Wednesday,22,2,0,6,4,0,27.14475000,-81.09428333,42,2,0,0,0,1,1
121122,FLORIDA,FL,1,1,0,0,1,1,86,2010,AVENTURA,5,7,July,2012,5,Thursday,4,20,0,14,2,99998,25.81004444,-80.20856944,33,3,0,0,0,1,0
121123,FLORIDA,FL,1,1,1,1,1,1,127,0,BURNWELL,11,7,July,2012,4,Wednesday,21,10,0,13,2,99998,29.26055278,-81.47105278,8,2,0,0,0,1,0
121124,FLORIDA,FL,1,1,2,2,1,1,11,0,BULLOCK,29,4,April,2012,1,Sunday,3,18,0,13,2,99998,25.99486667,-80.20701667,8,3,0,0,0,1,0
121125,FLORIDA,FL,1,1,1,1,1,1,99,1750,BEATRICE,28,6,June,2012,5,Thursday,22,38,0,16,3,0,26.62807222,-80.06638889,9,2,0,0,0,1,0
121126,FLORIDA,FL,1,1,1,1,1,1,83,2270,ARDMORE,30,6,June,2012,7,Saturday,2,20,0,16,6,0,29.10051944,-82.10183056,8,3,0,0,0,1,0
121127,FLORIDA,FL,3,3,0,0,3,3,11,1050,BULLOCK,3,7,July,2012,3,Tuesday,23,3,0,16,6,0,26.14772778,-80.16236944,12,2,0,0,0,1,1
121128,FLORIDA,FL,1,1,0,0,2,2,11,2083,BULLOCK,5,7,July,2012,5,Thursday,2,9,0,13,3,99998,25.99512778,-80.22469722,24,3,0,0,0,1,1
121129,FLORIDA,FL,1,1,0,0,2,2,31,1510,COFFEE,5,7,July,2012,5,Thursday,3,9,0,14,2,99998,30.31533056,-81.84300000,1,2,0,0,0,1,1
121130,FLORIDA,FL,1,1,1,1,1,1,109,2571,ANSLEY,6,7,July,2012,6,Friday,8,20,0,14,3,99998,30.23296111,-81.38556944,9,1,0,0,0,1,0
121131,FLORIDA,FL,2,2,0,0,4,4,95,0,ALBERTVILLE,6,7,July,2012,6,Friday,18,35,0,6,8,0,28.46047778,-81.56631111,12,1,0,0,0,1,0
121132,FLORIDA,FL,1,1,0,0,1,1,57,0,BANKSTON,11,7,July,2012,4,Wednesday,23,22,0,6,8,0,28.08491111,-82.44501944,1,2,0,0,0,1,1
121133,FLORIDA,FL,2,2,0,0,2,2,1,0,AUTAUGA,12,7,July,2012,5,Thursday,16,54,0,6,8,0,29.67416667,-82.40998611,12,1,0,0,0,1,0
121134,FLORIDA,FL,1,1,0,0,1,1,1,0,AUTAUGA,14,7,July,2012,7,Saturday,6,38,0,13,2,99998,29.56269167,-82.53696111,38,1,0,0,0,1,0
121135,FLORIDA,FL,4,4,0,0,7,7,33,0,CHEROKEE,23,6,June,2012,7,Saturday,11,30,0,14,2,99998,30.53321944,-87.27443889,12,1,0,0,0,1,0
121136,FLORIDA,FL,3,3,0,0,4,4,86,0,AVENTURA,22,6,June,2012,6,Friday,22,9,1,12,3,99998,25.58165556,-80.36579722,12,3,0,0,0,1,0
121137,FLORIDA,FL,1,1,1,1,1,1,31,1510,COFFEE,3,7,July,2012,3,Tuesday,23,50,0,14,3,99998,30.37427500,-81.71421389,8,3,0,0,0,1,0
121138,FLORIDA,FL,1,1,0,0,2,2,57,0,BANKSTON,13,7,July,2012,6,Friday,23,8,0,6,8,0,27.70586111,-82.38868056,34,3,0,0,0,1,1
121139,FLORIDA,FL,1,1,1,1,1,1,9,2424,BLOUNT,5,3,March,2012,2,Monday,6,53,0,6,8,0,28.03475278,-80.60539444,9,4,0,0,0,1,0
121140,FLORIDA,FL,2,2,0,0,2,2,69,580,ASHFORD,10,3,March,2012,7,Saturday,19,12,1,13,2,99998,28.55615000,-81.74291944,12,2,0,0,0,1,0
121141,FLORIDA,FL,3,3,0,0,11,11,86,2025,AVENTURA,4,4,April,2012,4,Wednesday,8,54,0,16,5,0,25.90973333,-80.29703889,12,1,0,0,0,1,0
121142,FLORIDA,FL,2,2,0,0,2,2,9,2424,BLOUNT,5,4,April,2012,5,Thursday,19,19,0,16,6,0,28.03536389,-80.64990556,12,5,0,0,0,1,0
121143,FLORIDA,FL,2,2,0,0,4,4,86,2441,AVENTURA,6,4,April,2012,6,Friday,10,16,0,6,6,0,25.61785556,-80.33907778,12,1,0,0,0,1,0
121144,FLORIDA,FL,2,2,0,0,2,2,86,0,AVENTURA,25,4,April,2012,4,Wednesday,14,25,0,6,8,0,25.76876389,-80.36098333,12,1,0,0,0,1,0
121145,FLORIDA,FL,1,1,0,0,1,1,91,3040,DAYTON,14,5,May,2012,2,Monday,21,57,0,16,6,0,30.52138889,-86.51030556,24,2,0,0,0,1,0
121146,FLORIDA,FL,1,1,0,0,1,1,99,3190,BEATRICE,21,5,May,2012,2,Monday,21,46,0,16,6,0,26.68301667,-80.04930556,39,3,0,0,0,1,1
121147,FLORIDA,FL,3,3,0,0,8,8,81,0,AUBURN,9,6,June,2012,7,Saturday,19,2,1,13,3,99998,27.43203333,-82.42335556,12,1,0,0,0,3,1
121148,FLORIDA,FL,2,2,0,0,5,5,71,1070,BRIDGEPORT,30,6,June,2012,7,Saturday,12,7,0,13,3,99998,26.63675833,-81.86227500,12,1,0,0,0,1,0
121149,FLORIDA,FL,1,1,0,0,1,1,99,0,BEATRICE,30,6,June,2012,7,Saturday,1,1,1,11,1,99998,26.58414722,-80.06896667,25,3,0,0,0,1,0
121150,FLORIDA,FL,1,1,0,0,1,1,39,0,ANDALUSIA,1,7,July,2012,1,Sunday,3,40,0,3,3,99998,30.56277778,-84.67678611,34,2,0,0,0,1,1
121151,FLORIDA,FL,1,1,0,0,1,1,55,0,ATTALLA,1,7,July,2012,1,Sunday,18,45,0,6,4,0,27.23416389,-81.28376389,42,1,0,0,0,1,0
121152,FLORIDA,FL,2,2,0,0,3,3,103,570,DANVILLE,4,7,July,2012,4,Wednesday,2,7,0,13,3,99998,27.96074722,-82.77595833,12,3,0,0,0,1,1
121153,FLORIDA,FL,1,1,1,1,1,1,11,672,BULLOCK,6,7,July,2012,6,Friday,21,59,0,16,6,0,26.25888056,-80.26929167,9,3,0,0,0,1,0
121154,FLORIDA,FL,5,5,0,0,5,5,86,0,AVENTURA,14,3,March,2012,4,Wednesday,12,33,0,6,8,0,25.69950833,-80.43048333,12,1,0,0,0,1,0
121155,FLORIDA,FL,2,2,0,0,4,4,71,1070,BRIDGEPORT,17,3,March,2012,7,Saturday,23,22,0,16,6,0,26.64104444,-81.84075278,1,3,0,0,0,1,1
121156,FLORIDA,FL,1,1,0,0,1,1,121,0,BON AIR,7,7,July,2012,7,Saturday,23,45,0,6,4,0,30.18411944,-82.82627222,42,2,0,0,0,1,1
121157,FLORIDA,FL,2,2,0,0,3,3,99,0,BEATRICE,7,7,July,2012,7,Saturday,20,51,0,3,3,99998,26.36787222,-80.19829722,12,3,0,0,0,1,0
121158,FLORIDA,FL,2,2,0,0,2,2,123,0,ALEXANDER CITY,8,7,July,2012,1,Sunday,9,5,1,2,2,99998,30.18006944,-83.63758056,12,1,0,0,0,1,0
121159,FLORIDA,FL,1,1,0,0,1,1,109,0,ANSLEY,8,7,July,2012,1,Sunday,16,40,0,6,8,0,29.93023889,-81.35093056,42,1,0,0,0,1,0
121161,FLORIDA,FL,1,1,0,0,1,1,133,0,ARLEY,11,7,July,2012,4,Wednesday,4,15,0,6,4,0,30.60185278,-85.87956111,42,2,0,0,0,1,1
121162,FLORIDA,FL,2,2,1,1,2,2,95,0,ALBERTVILLE,11,7,July,2012,4,Wednesday,22,10,0,14,3,99998,28.57801111,-81.44118056,8,3,0,0,0,1,0
121163,FLORIDA,FL,1,1,1,1,1,1,11,1420,BULLOCK,12,7,July,2012,5,Thursday,21,29,0,14,3,99998,26.03331667,-80.15953611,8,3,0,0,0,1,0
121164,FLORIDA,FL,1,1,1,1,1,1,9,0,BLOUNT,14,7,July,2012,7,Saturday,4,10,1,12,3,99998,28.40501944,-80.63513889,8,2,0,0,0,1,0
121165,FLORIDA,FL,2,2,0,0,3,3,39,0,ANDALUSIA,14,7,July,2012,7,Saturday,21,34,1,11,1,99998,30.52294444,-84.49133611,12,2,0,0,0,2,1
121166,FLORIDA,FL,3,3,0,0,9,9,91,0,DAYTON,14,7,July,2012,7,Saturday,6,27,0,3,3,99998,30.79095556,-86.68316944,12,1,0,0,0,2,0
121167,FLORIDA,FL,2,2,0,0,4,4,97,0,AXIS,16,7,July,2012,2,Monday,13,52,1,2,3,99998,27.72848056,-81.01036111,12,1,0,0,0,2,0
121168,FLORIDA,FL,1,1,0,0,1,1,99,0,BEATRICE,26,6,June,2012,3,Tuesday,10,26,0,14,3,99998,26.84088056,-80.19882500,42,1,0,0,0,1,1
121169,FLORIDA,FL,1,1,0,0,2,2,99,0,BEATRICE,17,3,March,2012,7,Saturday,16,58,1,13,3,99998,26.67840000,-80.12043611,42,1,0,0,0,2,0
121170,FLORIDA,FL,1,1,1,1,1,1,57,0,BANKSTON,24,4,April,2012,3,Tuesday,22,10,0,6,4,0,28.06919167,-82.43408333,8,3,0,0,0,1,0
121171,FLORIDA,FL,2,2,0,0,2,2,105,120,MARION,29,6,June,2012,6,Friday,7,55,0,16,6,0,28.06327500,-81.77624722,12,1,0,0,0,1,0
121172,FLORIDA,FL,2,2,0,0,4,4,86,0,AVENTURA,6,5,May,2012,1,Sunday,12,0,0,6,8,0,25.74772778,-80.33148333,12,1,0,0,0,1,0
121173,FLORIDA,FL,2,2,0,0,2,2,113,2070,COTTONTON,16,5,May,2012,4,Wednesday,19,40,1,13,2,99998,30.61671111,-87.05185278,12,3,0,0,0,1,0
121174,FLORIDA,FL,2,1,0,0,1,1,11,1826,BULLOCK,27,6,June,2012,4,Wednesday,4,28,0,16,6,0,26.28732222,-80.08714722,31,1,0,0,0,1,0
121175,FLORIDA,FL,2,2,0,0,5,5,53,0,ATMORE,4,7,July,2012,4,Wednesday,3,52,1,13,3,99998,28.53356944,-82.52576667,12,2,0,0,0,2,0
121176,FLORIDA,FL,1,1,0,0,1,1,81,2440,AUBURN,9,7,July,2012,2,Monday,15,10,1,11,1,99998,27.52554722,-82.52968889,35,1,0,0,0,1,0
121177,FLORIDA,FL,1,1,0,0,1,1,57,0,BANKSTON,13,7,July,2012,6,Friday,2,33,0,14,3,99998,27.98728056,-82.39406389,30,3,0,0,0,1,0
121178,FLORIDA,FL,2,2,0,0,2,2,57,0,BANKSTON,14,7,July,2012,7,Saturday,2,20,0,13,3,99998,27.96717222,-82.12149444,12,2,0,0,0,1,2
121179,FLORIDA,FL,2,2,0,0,4,4,55,0,ATTALLA,15,7,July,2012,1,Sunday,10,26,0,6,8,0,27.32569444,-81.42922500,12,1,0,0,0,1,0
121180,FLORIDA,FL,3,3,0,0,4,4,127,2520,BURNWELL,18,7,July,2012,4,Wednesday,16,44,1,2,2,99998,29.23193889,-81.46263611,12,1,0,0,0,1,0
121181,FLORIDA,FL,2,2,0,0,3,3,57,0,BANKSTON,18,7,July,2012,4,Wednesday,16,18,0,2,3,99998,28.07639444,-82.13772500,12,1,0,0,0,1,0
121182,FLORIDA,FL,1,1,1,1,1,1,15,0,ANNISTON,18,7,July,2012,4,Wednesday,21,47,0,6,8,0,26.94501389,-82.01418056,8,3,0,0,0,1,0
121183,FLORIDA,FL,1,1,1,1,1,1,47,1550,BROWNS,19,7,July,2012,5,Thursday,6,14,0,3,2,99998,30.60321111,-83.09981944,8,3,0,0,0,1,0
121184,FLORIDA,FL,2,2,0,0,3,3,31,1510,COFFEE,20,7,July,2012,6,Friday,12,46,0,14,3,99998,30.24930000,-81.61350000,12,1,0,0,0,1,0
121185,FLORIDA,FL,1,1,0,0,4,4,73,0,ARGO,21,7,July,2012,7,Saturday,8,10,1,11,1,99998,30.48368611,-84.15582222,1,1,0,0,0,1,0
121186,FLORIDA,FL,2,2,0,0,4,4,5,2451,BAKER HILL,22,7,July,2012,1,Sunday,3,18,1,13,2,99998,30.17526389,-85.68166389,12,2,0,0,0,1,1
121187,FLORIDA,FL,2,2,1,1,3,3,93,2300,BEAR CREEK,23,3,March,2012,6,Friday,21,21,1,13,2,99998,27.24362500,-80.84314167,8,3,0,0,0,1,0
121188,FLORIDA,FL,2,2,0,0,2,2,127,825,BURNWELL,1,7,July,2012,1,Sunday,19,6,0,16,6,0,28.90264722,-81.26340833,12,1,0,0,0,1,0
121189,FLORIDA,FL,1,1,1,1,1,1,111,0,GRAHAM,17,6,June,2012,1,Sunday,21,46,0,16,6,0,27.36594722,-80.30708056,8,2,0,0,0,1,1
121190,FLORIDA,FL,2,2,0,0,3,3,9,0,BLOUNT,23,6,June,2012,7,Saturday,18,42,0,16,6,0,27.92448889,-80.62286944,12,1,0,0,0,1,0
121191,FLORIDA,FL,1,1,0,0,1,1,105,0,MARION,7,7,July,2012,7,Saturday,16,21,0,6,6,0,27.89742500,-81.32721667,35,1,0,0,0,1,0
121192,FLORIDA,FL,3,3,0,0,4,4,11,1050,BULLOCK,14,7,July,2012,7,Saturday,18,28,1,11,1,99998,26.13529722,-80.16962778,12,1,0,0,0,1,1
121193,FLORIDA,FL,1,1,0,0,1,1,73,0,ARGO,14,7,July,2012,7,Saturday,7,4,0,6,6,0,30.66841944,-84.27866944,38,4,0,0,0,1,0
121194,FLORIDA,FL,2,2,0,0,4,4,57,0,BANKSTON,19,7,July,2012,5,Thursday,1,22,0,13,3,99998,27.98952222,-82.24431389,12,3,0,0,0,2,1
121195,FLORIDA,FL,2,2,0,0,2,2,69,0,ASHFORD,21,7,July,2012,7,Saturday,18,3,0,6,4,0,28.74819444,-81.87449722,12,1,0,0,0,1,1
121196,FLORIDA,FL,1,1,0,0,1,1,15,2620,ANNISTON,9,7,July,2012,2,Monday,14,10,0,16,6,0,26.92799444,-82.05796111,42,1,0,0,0,1,0
121197,FLORIDA,FL,2,2,0,0,2,2,3,0,BALDWIN,11,7,July,2012,4,Wednesday,0,35,0,3,2,99998,30.28920833,-82.08135556,12,2,0,0,0,2,1
121198,FLORIDA,FL,2,2,0,0,3,3,127,780,BURNWELL,12,7,July,2012,5,Thursday,15,41,0,14,3,99998,29.22406389,-81.03681944,12,1,0,0,0,1,0
121199,FLORIDA,FL,1,1,1,1,1,1,105,1270,MARION,15,7,July,2012,1,Sunday,3,2,0,13,2,99998,28.11481944,-81.61800833,8,2,0,0,0,1,0
121200,FLORIDA,FL,1,1,0,0,1,1,87,1568,ARMSTRONG,15,7,July,2012,1,Sunday,18,59,1,2,2,99998,25.22249167,-80.42995000,42,5,0,0,0,1,1
121201,FLORIDA,FL,2,2,0,0,2,2,95,70,ALBERTVILLE,16,7,July,2012,2,Monday,23,48,0,16,6,0,28.77646944,-81.52635833,24,2,0,0,0,1,1
121202,FLORIDA,FL,2,2,0,0,2,2,109,0,ANSLEY,17,7,July,2012,3,Tuesday,11,50,1,2,2,99998,30.03369444,-81.41106944,12,1,0,0,0,1,0
121203,FLORIDA,FL,2,2,0,0,3,3,11,2570,BULLOCK,17,7,July,2012,3,Tuesday,18,28,0,13,3,99998,26.23490833,-80.15552500,12,1,0,0,0,1,1
121205,FLORIDA,FL,1,1,0,0,2,2,95,0,ALBERTVILLE,18,7,July,2012,4,Wednesday,19,31,1,12,3,99998,28.40673056,-81.39166111,24,5,0,0,0,1,0
121206,FLORIDA,FL,1,1,0,0,1,1,69,0,ASHFORD,20,7,July,2012,6,Friday,4,15,0,13,2,99998,28.89254444,-81.90753056,59,3,0,0,0,1,0
121207,FLORIDA,FL,1,1,0,0,2,2,73,0,ARGO,21,7,July,2012,7,Saturday,2,15,1,11,1,99998,30.48233889,-84.37504722,1,2,0,0,0,1,1
121208,FLORIDA,FL,1,1,0,0,2,2,39,0,ANDALUSIA,21,7,July,2012,7,Saturday,16,37,1,11,1,99998,30.63311389,-84.87691389,1,1,0,0,0,1,0
121209,FLORIDA,FL,1,1,0,0,1,1,71,0,BRIDGEPORT,21,7,July,2012,7,Saturday,20,18,0,6,8,0,26.71425000,-81.85468889,30,3,0,0,0,1,0
121210,FLORIDA,FL,1,1,0,0,1,1,31,1510,COFFEE,22,7,July,2012,1,Sunday,6,25,0,16,6,0,30.22808889,-81.94113889,34,1,0,0,0,1,1
121211,FLORIDA,FL,2,2,0,0,2,2,86,2010,AVENTURA,14,5,May,2012,2,Monday,9,53,0,14,3,99998,25.77181111,-80.25700556,12,1,0,0,0,1,0
121212,FLORIDA,FL,5,5,0,0,7,7,99,330,BEATRICE,1,6,June,2012,6,Friday,14,35,0,13,3,99998,26.52878889,-80.07938611,12,1,0,0,0,1,0
121213,FLORIDA,FL,2,2,0,0,4,4,86,0,AVENTURA,3,6,June,2012,1,Sunday,8,17,0,16,6,0,25.92078333,-80.20000556,12,1,0,0,0,1,1
121215,FLORIDA,FL,2,2,0,0,4,4,53,0,ATMORE,1,7,July,2012,1,Sunday,17,27,1,2,2,99998,28.45946944,-82.62714722,12,1,0,0,0,1,0
121216,FLORIDA,FL,2,2,1,1,3,3,57,0,BANKSTON,4,7,July,2012,4,Wednesday,21,17,0,6,8,0,28.07240000,-82.46752500,12,2,0,0,0,1,1
121217,FLORIDA,FL,1,1,0,0,2,2,11,2916,BULLOCK,9,7,July,2012,2,Monday,19,54,0,16,6,0,26.14303333,-80.33009444,30,1,0,0,0,1,0
121218,FLORIDA,FL,1,1,1,1,2,2,11,1420,BULLOCK,17,7,July,2012,3,Tuesday,5,1,0,16,6,0,26.01848056,-80.16201389,9,3,0,0,0,1,0
121219,FLORIDA,FL,1,1,0,0,1,1,71,0,BRIDGEPORT,12,7,July,2012,5,Thursday,4,46,0,6,8,0,26.55755000,-81.62125556,19,3,0,0,0,1,1
121220,FLORIDA,FL,2,2,0,0,4,4,57,2950,BANKSTON,19,7,July,2012,5,Thursday,2,49,1,11,1,99998,27.96000000,-82.45433333,12,3,0,0,0,1,1
121221,FLORIDA,FL,1,1,1,1,4,4,11,790,BULLOCK,20,7,July,2012,6,Friday,22,20,0,15,6,99998,26.30491944,-80.10091389,8,3,0,0,0,1,0
121222,FLORIDA,FL,1,1,1,1,1,1,95,0,ALBERTVILLE,21,7,July,2012,7,Saturday,2,10,0,6,6,0,28.35362222,-81.36117778,8,3,0,0,0,1,0
121223,FLORIDA,FL,2,1,1,1,1,1,95,0,ALBERTVILLE,21,7,July,2012,7,Saturday,23,13,1,12,3,99998,28.54887500,-81.47982778,8,3,0,0,0,1,1
121224,FLORIDA,FL,2,2,1,1,1,1,99,2431,BEATRICE,22,7,July,2012,1,Sunday,21,24,1,11,1,99998,26.87620556,-80.12428611,8,3,0,0,0,1,1
121225,FLORIDA,FL,1,1,0,0,1,1,73,2940,ARGO,23,7,July,2012,2,Monday,4,20,0,13,2,99998,30.47485556,-84.23491667,41,2,0,0,0,1,1
121226,FLORIDA,FL,1,1,0,0,1,1,123,0,ALEXANDER CITY,23,7,July,2012,2,Monday,17,40,1,2,2,99998,29.83135000,-83.36216944,42,1,0,0,0,1,0
121227,FLORIDA,FL,2,2,0,0,2,2,95,0,ALBERTVILLE,27,7,July,2012,6,Friday,14,55,0,6,4,0,28.41636667,-81.42271111,12,1,0,0,0,1,0
121228,FLORIDA,FL,3,3,0,0,3,3,91,0,DAYTON,29,7,July,2012,1,Sunday,23,25,0,3,3,99998,30.62823889,-86.41303889,12,2,0,0,0,2,0
121229,FLORIDA,FL,3,3,0,0,4,4,99,0,BEATRICE,14,7,July,2012,7,Saturday,20,24,0,13,3,99998,26.36784444,-80.17842500,12,3,0,0,0,1,0
121231,FLORIDA,FL,1,1,1,1,1,1,55,2800,ATTALLA,26,6,June,2012,3,Tuesday,11,0,1,13,3,99998,27.51486389,-81.49495278,8,1,0,0,0,1,0
121232,FLORIDA,FL,1,1,0,0,2,2,11,2570,BULLOCK,9,7,July,2012,2,Monday,21,40,1,11,1,99998,26.23921111,-80.13624444,1,3,0,0,0,1,0
121233,FLORIDA,FL,1,1,0,0,3,3,75,0,BEAVERTON,19,7,July,2012,5,Thursday,16,50,1,2,2,99998,29.29985000,-82.75203056,42,1,0,0,0,1,0
121234,FLORIDA,FL,4,4,0,0,5,5,31,1510,COFFEE,21,7,July,2012,7,Saturday,0,14,1,11,1,99998,30.10439444,-81.50421667,26,2,0,0,0,1,0
121235,FLORIDA,FL,2,2,0,0,3,3,95,2360,ALBERTVILLE,22,7,July,2012,1,Sunday,3,5,0,13,3,99998,28.55281389,-81.40746944,12,3,0,0,0,1,1
121236,FLORIDA,FL,2,2,0,0,2,2,49,0,COLLINSVILLE,25,7,July,2012,4,Wednesday,6,0,1,2,2,99998,27.43346389,-81.79610556,12,2,0,0,0,1,0
121237,FLORIDA,FL,1,1,1,1,1,1,81,0,AUBURN,28,7,July,2012,7,Saturday,22,59,0,13,2,99998,27.45241389,-82.57523056,8,2,0,0,0,1,0
121239,FLORIDA,FL,2,2,0,0,2,2,86,0,AVENTURA,19,5,May,2012,7,Saturday,5,20,0,6,8,0,25.72959444,-80.39961667,12,3,0,0,0,1,0
121240,FLORIDA,FL,1,1,2,2,1,1,86,2010,AVENTURA,24,6,June,2012,1,Sunday,10,30,0,13,2,99998,25.76309167,-80.30382500,8,1,0,0,0,1,0
121241,FLORIDA,FL,1,1,0,0,1,1,117,0,BIRMINGHAM,1,7,July,2012,1,Sunday,3,10,0,6,8,0,28.64721111,-81.44356389,59,3,0,0,0,1,1
121242,FLORIDA,FL,2,2,0,0,8,8,105,0,MARION,14,7,July,2012,7,Saturday,18,58,0,14,3,99998,28.01902778,-81.90781389,12,1,0,0,0,1,1
121243,FLORIDA,FL,2,2,0,0,3,3,9,0,BLOUNT,21,7,July,2012,7,Saturday,4,55,0,6,8,0,28.46852500,-80.80423611,12,1,0,0,0,1,0
121244,FLORIDA,FL,1,1,1,1,1,1,127,0,BURNWELL,22,7,July,2012,1,Sunday,6,3,0,13,2,99998,29.06929444,-81.25486111,8,2,0,0,0,1,0
121245,FLORIDA,FL,2,2,0,0,2,2,83,0,ARDMORE,22,7,July,2012,1,Sunday,21,34,1,2,3,99998,29.21851111,-82.02057500,12,3,0,0,0,1,0
121246,FLORIDA,FL,1,1,1,1,1,1,95,2360,ALBERTVILLE,22,7,July,2012,1,Sunday,10,39,0,16,6,0,28.50874444,-81.42586111,15,1,0,0,0,1,0
121247,FLORIDA,FL,1,1,1,1,1,1,9,1567,BLOUNT,24,7,July,2012,3,Tuesday,8,40,0,16,8,0,28.48881667,-80.67564722,9,1,0,0,0,1,0
121248,FLORIDA,FL,2,2,0,0,2,2,115,0,ASHVILLE,24,7,July,2012,3,Tuesday,17,50,0,6,8,0,27.35235278,-82.51358611,12,1,0,0,0,1,0
121249,FLORIDA,FL,2,2,0,0,4,4,69,0,ASHFORD,26,7,July,2012,5,Thursday,12,30,0,3,3,99998,29.00746111,-81.38364722,12,1,0,0,0,1,0
121250,FLORIDA,FL,1,1,0,0,8,8,97,0,AXIS,27,7,July,2012,6,Friday,8,50,1,2,3,99998,27.96151944,-81.10077500,1,1,0,0,0,1,0