ST_CASE,State Name,State Abbreviation,# of Vehicle involved,Parked_Vehicles_Involved,Pedestrains,Person_Not_in_Motor_Vehicle,Persons_in_motor_vehicle,Total_Persons_in_accident,COUNTY,CITY,City_County_Name,Calendar_DAY,MONTH,Month_name,YEAR,DAY_WEEK,Day_Week_desc,HOUR,MINUTE,NHS_Desc,trafficway,Route,MILEPT,LATITUDE,LONGITUD,First_Crash_event,Light_cond_desc,Weather_condition,School_bus_involved,Crash_cause,FATALS,DRUNK_DR
121251,FLORIDA,FL,1,1,0,0,2,2,1,0,AUTAUGA,27,7,July,2012,6,Friday,9,22,0,6,4,0,29.67717778,-82.49585278,42,1,0,0,0,1,0
121252,FLORIDA,FL,2,2,0,0,3,3,1,0,AUTAUGA,28,7,July,2012,7,Saturday,7,50,0,6,4,0,29.83788333,-82.22807500,12,1,0,0,0,1,0
121253,FLORIDA,FL,1,1,1,1,1,1,9,2005,BLOUNT,28,7,July,2012,7,Saturday,20,50,0,13,3,99998,28.39164444,-80.70378889,8,2,0,0,0,1,0
121254,FLORIDA,FL,1,1,0,0,1,1,133,0,ARLEY,29,7,July,2012,1,Sunday,8,15,1,2,3,99998,30.44676944,-85.68894444,30,1,0,0,0,1,1
121255,FLORIDA,FL,1,1,1,1,2,2,31,1510,COFFEE,31,7,July,2012,3,Tuesday,22,20,0,16,6,0,30.30112500,-81.52588333,9,3,0,0,0,1,0
121256,FLORIDA,FL,2,2,0,0,2,2,103,860,DANVILLE,1,6,June,2012,6,Friday,20,45,0,14,2,99998,28.04775278,-82.78103889,12,3,0,0,0,1,0
121257,FLORIDA,FL,1,1,0,0,1,1,99,1560,BEATRICE,22,7,July,2012,1,Sunday,1,40,0,15,6,99998,26.94056667,-80.12010278,53,3,0,0,0,1,1
121258,FLORIDA,FL,4,4,0,0,7,7,95,0,ALBERTVILLE,23,7,July,2012,2,Monday,7,45,1,11,1,99998,28.37103056,-81.51011944,12,1,0,0,0,1,0
121259,FLORIDA,FL,1,1,0,0,2,2,95,0,ALBERTVILLE,31,7,July,2012,3,Tuesday,12,0,0,6,8,0,28.45498889,-80.97825278,42,1,0,0,0,1,1
121260,FLORIDA,FL,2,2,0,0,2,2,35,2439,BROOKLYN,1,8,August,2012,4,Wednesday,22,9,0,16,8,0,29.52293056,-81.25650278,12,3,0,0,0,1,0
121261,FLORIDA,FL,1,1,1,1,1,1,105,0,MARION,17,7,July,2012,3,Tuesday,1,15,0,6,8,0,28.11326667,-82.05161389,8,2,0,0,0,1,1
121262,FLORIDA,FL,2,2,0,0,4,4,109,0,ANSLEY,25,7,July,2012,4,Wednesday,21,45,0,2,3,99998,29.96359167,-81.49132222,12,2,0,0,0,1,0
121263,FLORIDA,FL,2,2,0,0,2,2,11,1420,BULLOCK,27,7,July,2012,6,Friday,19,21,0,13,3,99998,26.03249167,-80.19619167,12,5,0,0,0,1,0
121264,FLORIDA,FL,1,1,1,1,1,1,95,0,ALBERTVILLE,28,7,July,2012,7,Saturday,4,15,0,14,3,99998,28.62791944,-81.41515833,8,2,0,0,0,1,0
121265,FLORIDA,FL,1,1,1,1,1,1,83,0,ARDMORE,31,7,July,2012,3,Tuesday,23,2,0,6,8,0,29.11982222,-82.02164444,8,2,0,0,0,1,0
121266,FLORIDA,FL,1,1,0,0,1,1,79,0,COURTLAND,1,8,August,2012,4,Wednesday,5,38,1,11,1,99998,30.42999722,-83.56084444,42,1,0,0,0,1,0
121267,FLORIDA,FL,1,1,1,1,1,1,57,0,BANKSTON,2,8,August,2012,5,Thursday,6,18,0,6,6,0,27.84976111,-82.37206667,8,2,0,0,0,1,0
121268,FLORIDA,FL,2,2,0,0,3,3,129,0,BIGBEE,2,8,August,2012,5,Thursday,5,10,0,13,2,99998,30.00227778,-84.50396389,12,2,0,0,0,1,0
121269,FLORIDA,FL,1,1,0,0,1,1,107,0,CARROLLTON,3,8,August,2012,6,Friday,2,20,0,6,8,0,29.73915000,-81.88788611,42,2,0,0,0,1,1
121270,FLORIDA,FL,1,1,1,1,1,1,5,2450,BAKER HILL,3,8,August,2012,6,Friday,12,9,0,16,6,0,30.16770278,-85.63761389,8,1,0,0,0,1,0
121271,FLORIDA,FL,1,1,0,0,2,2,117,0,BIRMINGHAM,3,8,August,2012,6,Friday,3,27,0,6,6,0,28.69242222,-81.16705833,41,2,0,0,0,1,1
121272,FLORIDA,FL,2,2,0,0,2,2,69,0,ASHFORD,4,8,August,2012,7,Saturday,2,30,0,6,4,0,29.00863333,-81.40817778,12,2,0,0,0,1,2
121273,FLORIDA,FL,1,1,0,0,2,2,91,0,DAYTON,5,8,August,2012,1,Sunday,16,30,1,11,1,99998,30.71928611,-86.46513333,1,1,0,0,0,1,0
121274,FLORIDA,FL,2,1,0,0,2,2,31,1510,COFFEE,5,8,August,2012,1,Sunday,3,20,0,16,6,0,30.13958889,-81.62680000,53,3,0,0,0,1,1
121275,FLORIDA,FL,3,3,0,0,3,3,113,0,COTTONTON,5,8,August,2012,1,Sunday,4,15,0,14,2,99998,30.56351944,-87.18855556,1,3,0,0,0,1,1
121277,FLORIDA,FL,1,1,1,1,1,1,31,1510,COFFEE,7,8,August,2012,3,Tuesday,8,46,0,14,3,99998,30.35970000,-81.49000000,9,1,0,0,0,1,0
121278,FLORIDA,FL,1,1,1,1,1,1,11,1420,BULLOCK,6,1,January,2012,6,Friday,18,37,0,16,6,0,26.03090556,-80.19006944,8,2,0,0,0,1,0
121279,FLORIDA,FL,1,1,1,1,1,1,11,1050,BULLOCK,13,1,January,2012,6,Friday,6,25,0,13,3,99998,26.12801111,-80.10346944,8,3,0,0,0,1,0
121282,FLORIDA,FL,1,1,1,1,2,2,115,2780,ASHVILLE,22,2,February,2012,4,Wednesday,22,22,0,13,3,99998,27.31638333,-82.52971389,9,3,0,0,0,1,0
121283,FLORIDA,FL,2,2,0,0,2,2,95,2360,ALBERTVILLE,7,3,March,2012,4,Wednesday,18,25,0,16,6,0,28.53470278,-81.40132222,12,5,0,0,0,1,0
121284,FLORIDA,FL,1,1,0,0,1,1,86,2010,AVENTURA,10,3,March,2012,7,Saturday,8,37,0,16,6,0,25.83602778,-80.20353333,19,1,0,0,0,1,0
121285,FLORIDA,FL,1,1,0,0,1,1,111,1080,GRAHAM,15,3,March,2012,5,Thursday,23,44,0,13,3,99998,27.44714444,-80.33823333,33,3,0,0,0,1,1
121286,FLORIDA,FL,2,2,0,0,2,2,87,1580,ARMSTRONG,18,3,March,2012,1,Sunday,19,5,0,16,6,0,24.55752222,-81.77624722,12,1,0,0,0,1,0
121287,FLORIDA,FL,2,2,0,0,3,3,103,2730,DANVILLE,27,3,March,2012,3,Tuesday,9,27,0,16,6,0,27.78085556,-82.69991944,12,1,0,0,0,1,0
121288,FLORIDA,FL,1,1,0,0,1,1,95,2360,ALBERTVILLE,31,3,March,2012,7,Saturday,20,16,0,16,6,0,28.47266111,-81.30416111,33,3,0,0,0,1,0
121289,FLORIDA,FL,1,1,1,1,3,3,11,3250,BULLOCK,7,4,April,2012,7,Saturday,20,26,0,13,2,99998,26.23673611,-80.20478056,8,3,0,0,0,1,0
121290,FLORIDA,FL,2,2,0,0,2,2,103,2730,DANVILLE,11,4,April,2012,4,Wednesday,6,37,0,14,2,99998,27.83224444,-82.63867500,12,3,0,0,0,1,1
121291,FLORIDA,FL,1,1,0,0,1,1,86,0,AVENTURA,22,4,April,2012,1,Sunday,18,51,0,6,8,0,25.85817500,-80.20953889,40,1,0,0,0,1,0
121292,FLORIDA,FL,2,2,0,0,3,3,86,0,AVENTURA,23,4,April,2012,2,Monday,13,38,0,6,6,0,25.72987778,-80.39155000,12,1,0,0,0,1,0
121293,FLORIDA,FL,1,1,1,1,1,1,1,1130,AUTAUGA,23,6,June,2012,7,Saturday,0,51,0,14,3,99998,29.63497500,-82.35462500,9,3,0,0,0,1,0
121294,FLORIDA,FL,3,3,1,1,6,6,105,0,MARION,20,7,July,2012,6,Friday,22,15,1,11,1,99998,28.03645278,-82.05500833,8,3,0,0,0,1,0
121296,FLORIDA,FL,2,2,0,0,3,3,105,0,MARION,28,7,July,2012,7,Saturday,13,30,0,3,3,99998,28.25843611,-81.82459722,12,1,0,0,0,1,0
121297,FLORIDA,FL,1,1,0,0,2,2,11,2541,BULLOCK,28,7,July,2012,7,Saturday,13,33,0,16,6,0,26.13501944,-80.26932778,42,1,0,0,0,1,0
121298,FLORIDA,FL,1,1,0,0,1,1,11,633,BULLOCK,29,7,July,2012,1,Sunday,8,35,0,16,6,0,26.24850278,-80.18196944,42,1,0,0,0,1,0
121299,FLORIDA,FL,1,1,0,0,1,1,95,0,ALBERTVILLE,31,7,July,2012,3,Tuesday,2,24,1,2,3,99998,28.45251111,-81.01038611,42,2,0,0,0,1,1
121300,FLORIDA,FL,2,2,0,0,3,3,83,0,ARDMORE,3,8,August,2012,6,Friday,15,55,0,6,4,0,29.11263611,-82.02139722,12,1,0,0,0,1,0
121301,FLORIDA,FL,1,1,1,1,1,1,95,0,ALBERTVILLE,3,8,August,2012,6,Friday,21,10,0,13,3,99998,28.56890833,-81.24677500,8,2,0,0,0,1,0
121302,FLORIDA,FL,1,1,0,0,2,2,86,2010,AVENTURA,4,8,August,2012,7,Saturday,4,15,1,11,1,99998,25.81151944,-80.18946111,25,3,0,0,0,1,1
121303,FLORIDA,FL,1,1,0,0,1,1,31,1510,COFFEE,4,8,August,2012,7,Saturday,15,0,1,11,1,99998,30.46227500,-81.64881944,25,1,0,0,0,1,0
121304,FLORIDA,FL,1,1,1,1,1,1,1,0,AUTAUGA,4,8,August,2012,7,Saturday,21,15,0,6,8,0,29.58965556,-82.42281389,8,2,0,0,0,1,0
121305,FLORIDA,FL,2,2,0,0,4,4,55,0,ATTALLA,5,8,August,2012,1,Sunday,8,54,0,13,2,99998,27.36255278,-81.05372222,12,1,0,0,0,1,0
121306,FLORIDA,FL,3,3,0,0,4,4,71,0,BRIDGEPORT,5,8,August,2012,1,Sunday,17,35,0,3,3,99998,26.54581944,-81.63794444,12,1,0,0,0,1,0
121307,FLORIDA,FL,1,1,0,0,4,4,115,0,ASHVILLE,5,8,August,2012,1,Sunday,7,55,1,11,1,99998,27.09272222,-82.12203056,57,1,0,0,0,1,1
121308,FLORIDA,FL,1,1,1,1,1,1,87,2975,ARMSTRONG,6,8,August,2012,2,Monday,12,35,9,99,9,99998,25.00379444,-80.52356667,8,1,0,0,0,1,0
121309,FLORIDA,FL,1,1,1,1,1,1,95,0,ALBERTVILLE,7,8,August,2012,3,Tuesday,21,38,0,13,2,99998,28.39563611,-81.40460000,8,2,0,0,0,1,0
121310,FLORIDA,FL,1,1,0,0,5,5,63,0,BOLIGEE,7,8,August,2012,3,Tuesday,23,43,0,6,4,0,30.73673056,-85.28618889,53,2,0,0,0,1,0
121311,FLORIDA,FL,1,1,1,1,1,1,31,1510,COFFEE,7,8,August,2012,3,Tuesday,21,30,0,16,6,0,30.46060000,-81.57200000,15,2,0,0,0,1,0
121312,FLORIDA,FL,1,1,1,1,1,1,95,0,ALBERTVILLE,10,8,August,2012,6,Friday,22,30,0,13,3,99998,28.55223056,-81.46260833,8,2,0,0,0,1,0
121313,FLORIDA,FL,2,2,0,0,3,3,31,1510,COFFEE,12,8,August,2012,1,Sunday,2,19,1,13,2,99998,30.38305556,-81.73305556,12,3,0,0,0,1,2
121314,FLORIDA,FL,2,2,0,0,3,3,99,330,BEATRICE,15,4,April,2012,1,Sunday,6,36,0,6,4,0,26.55710556,-80.09042778,12,4,0,0,0,2,1
121315,FLORIDA,FL,2,2,0,0,2,2,5,2450,BAKER HILL,20,6,June,2012,4,Wednesday,21,13,0,16,6,0,30.18694167,-85.73502500,12,3,0,0,0,1,0
121316,FLORIDA,FL,1,1,1,1,1,1,61,3070,BELLWOOD,27,6,June,2012,4,Wednesday,6,39,0,13,3,99998,27.63763889,-80.40241944,9,4,0,0,0,1,0
121318,FLORIDA,FL,2,2,0,0,4,4,86,670,AVENTURA,14,7,July,2012,7,Saturday,19,4,0,16,6,0,25.72312500,-80.26721667,12,1,0,0,0,1,0
121320,FLORIDA,FL,1,1,1,1,2,2,87,0,ARMSTRONG,28,7,July,2012,7,Saturday,21,5,1,13,2,99998,24.66123889,-81.44264444,8,3,0,0,0,1,0
121321,FLORIDA,FL,1,1,1,1,1,1,99,0,BEATRICE,28,7,July,2012,7,Saturday,22,42,0,15,8,99998,26.64433611,-80.11653056,9,3,0,0,0,1,0
121322,FLORIDA,FL,1,1,0,0,1,1,11,1781,BULLOCK,4,8,August,2012,7,Saturday,22,58,0,13,3,99998,26.16486389,-80.21511667,1,3,0,0,0,1,1
121323,FLORIDA,FL,2,2,0,0,3,3,99,820,BEATRICE,5,8,August,2012,1,Sunday,5,11,1,11,1,99998,26.42548056,-80.09024444,12,3,0,0,0,1,1
121324,FLORIDA,FL,2,2,2,2,3,3,11,663,BULLOCK,5,8,August,2012,1,Sunday,7,18,0,14,6,99998,26.03008333,-80.28060000,12,4,0,0,0,2,0
121325,FLORIDA,FL,1,1,0,0,1,1,19,0,CEDAR BLUFF,9,8,August,2012,5,Thursday,5,21,0,6,8,0,30.03714722,-81.73021111,42,6,0,0,0,1,0
121326,FLORIDA,FL,2,2,0,0,2,2,57,0,BANKSTON,12,8,August,2012,1,Sunday,14,7,0,13,2,99998,27.68714444,-82.46998056,12,1,0,0,0,1,0
121327,FLORIDA,FL,1,1,1,1,2,2,73,2940,ARGO,8,4,April,2012,1,Sunday,1,17,0,16,6,0,30.44543056,-84.31707778,8,3,0,0,0,1,0
121328,FLORIDA,FL,1,1,1,1,1,1,111,2601,GRAHAM,26,5,May,2012,7,Saturday,22,47,0,16,6,0,27.27482500,-80.34873889,8,3,0,0,0,1,0
121329,FLORIDA,FL,1,1,0,0,1,1,103,2730,DANVILLE,9,6,June,2012,7,Saturday,13,40,0,16,6,0,27.79921667,-82.68328611,33,1,0,0,0,1,1
121330,FLORIDA,FL,1,1,0,0,1,1,57,2950,BANKSTON,16,6,June,2012,7,Saturday,3,7,0,16,6,0,28.12338333,-82.36155556,53,3,0,0,0,1,1
121331,FLORIDA,FL,2,2,0,0,3,3,57,2950,BANKSTON,30,6,June,2012,7,Saturday,20,5,0,13,3,99998,27.98150000,-82.44707500,12,1,0,0,0,1,1
121332,FLORIDA,FL,2,2,0,0,5,5,86,2010,AVENTURA,1,7,July,2012,1,Sunday,21,42,0,14,3,99998,25.75039722,-80.23619722,12,3,0,0,0,1,0
121333,FLORIDA,FL,2,2,0,0,2,2,31,1510,COFFEE,22,7,July,2012,1,Sunday,0,13,0,14,3,99998,30.24781111,-81.79614444,12,3,0,0,0,1,1
121334,FLORIDA,FL,1,1,1,1,1,1,1,1130,AUTAUGA,25,7,July,2012,4,Wednesday,21,12,0,13,2,99998,29.68793889,-82.33905278,8,3,0,0,0,1,0
121335,FLORIDA,FL,1,1,0,0,1,1,57,2950,BANKSTON,25,7,July,2012,4,Wednesday,12,13,1,13,2,99998,27.99592500,-82.48219444,5,1,0,0,0,1,0
121336,FLORIDA,FL,3,3,0,0,5,5,127,0,BURNWELL,26,7,July,2012,5,Thursday,22,15,1,11,1,99998,29.23863611,-81.10969722,12,2,0,0,0,2,0
121338,FLORIDA,FL,2,2,0,0,6,6,5,2450,BAKER HILL,28,7,July,2012,7,Saturday,8,19,1,13,2,99998,30.17532500,-85.68794444,12,1,0,0,0,2,1
121339,FLORIDA,FL,2,2,0,0,4,4,101,0,BOYLSTON,5,8,August,2012,1,Sunday,22,5,0,13,2,99998,28.47449444,-82.19556389,12,2,0,0,0,3,0
121340,FLORIDA,FL,1,1,0,0,6,6,97,0,AXIS,6,8,August,2012,2,Monday,9,29,1,2,3,99998,27.72497222,-80.91017222,1,1,0,0,0,1,0
121341,FLORIDA,FL,2,2,0,0,6,6,23,0,BLADON SPRINGS,6,8,August,2012,2,Monday,5,0,0,3,3,99998,30.14850278,-82.69750833,12,1,0,0,0,1,0
121342,FLORIDA,FL,1,1,0,0,1,1,83,0,ARDMORE,9,8,August,2012,5,Thursday,12,18,0,6,4,0,29.05516111,-82.08631944,43,1,0,0,0,1,0
121343,FLORIDA,FL,1,1,0,0,5,5,97,0,AXIS,9,8,August,2012,5,Thursday,14,45,1,2,3,99998,27.98917500,-81.12714722,1,1,0,0,0,1,0
121344,FLORIDA,FL,1,1,1,1,2,2,29,720,BORDEN SPRINGS,9,8,August,2012,5,Thursday,0,57,0,16,6,0,29.63842222,-83.12847778,8,3,0,0,0,1,0
121345,FLORIDA,FL,1,1,0,0,1,1,73,0,ARGO,10,8,August,2012,6,Friday,6,46,0,14,2,99998,30.45655556,-84.37646944,30,4,0,0,0,1,0
121346,FLORIDA,FL,2,2,0,0,2,2,57,0,BANKSTON,10,8,August,2012,6,Friday,17,46,0,13,3,99998,27.71246944,-82.35528056,12,1,0,0,0,1,0
121347,FLORIDA,FL,2,2,0,0,2,2,9,0,BLOUNT,10,8,August,2012,6,Friday,15,17,0,13,3,99998,28.26048056,-80.60509444,12,1,0,0,0,1,0
121348,FLORIDA,FL,1,1,1,1,1,1,95,0,ALBERTVILLE,12,8,August,2012,1,Sunday,22,8,0,6,6,0,28.56720556,-81.25311389,8,2,0,0,0,1,0
121349,FLORIDA,FL,2,2,0,0,3,3,71,0,BRIDGEPORT,15,8,August,2012,4,Wednesday,16,33,0,13,3,99998,26.56121944,-81.85290556,12,1,0,0,0,1,0
121350,FLORIDA,FL,2,2,0,0,5,5,15,0,ANNISTON,15,8,August,2012,4,Wednesday,17,22,1,13,2,99998,26.96325278,-81.98055278,12,1,0,0,0,1,0
121351,FLORIDA,FL,1,1,1,1,1,1,69,0,ASHFORD,15,8,August,2012,4,Wednesday,10,30,0,6,4,0,28.87690556,-81.58796944,8,1,0,0,0,1,0
121352,FLORIDA,FL,1,1,1,1,1,1,11,1781,BULLOCK,20,2,February,2012,2,Monday,20,21,0,13,2,99998,26.17967500,-80.20355556,8,3,0,0,0,1,0
121353,FLORIDA,FL,3,3,0,0,9,9,99,2660,BEATRICE,31,3,March,2012,7,Saturday,17,0,0,16,6,0,26.77800556,-80.10740000,12,1,0,0,0,1,0
121354,FLORIDA,FL,1,1,0,0,3,3,95,2360,ALBERTVILLE,28,5,May,2012,2,Monday,3,5,1,13,3,99998,28.55323056,-81.32856389,30,3,0,0,0,2,1
121355,FLORIDA,FL,1,1,1,1,2,2,5,2450,BAKER HILL,8,6,June,2012,6,Friday,16,41,1,13,2,99998,30.18074722,-85.71507222,8,1,0,0,0,1,0
121356,FLORIDA,FL,2,2,0,0,3,3,105,1740,MARION,8,6,June,2012,6,Friday,8,49,1,13,3,99998,27.89392500,-81.56466944,12,1,0,0,0,1,0
121357,FLORIDA,FL,1,1,1,1,1,1,95,70,ALBERTVILLE,7,7,July,2012,7,Saturday,13,13,0,13,3,99998,28.67297500,-81.46144167,9,1,0,0,0,1,0
121358,FLORIDA,FL,1,1,0,0,1,1,21,0,CHILTON,13,7,July,2012,6,Friday,6,12,0,6,6,0,26.34970833,-81.41672778,42,2,0,0,0,1,1
121359,FLORIDA,FL,1,1,0,0,1,1,81,0,AUBURN,31,7,July,2012,3,Tuesday,23,45,0,15,3,99998,27.44700000,-82.49768056,21,2,0,0,0,1,1
121360,FLORIDA,FL,1,1,0,0,2,2,11,1420,BULLOCK,2,8,August,2012,5,Thursday,1,50,0,14,3,99998,26.01066944,-80.14097222,33,3,0,0,0,1,0
121361,FLORIDA,FL,1,1,0,0,3,3,101,0,BOYLSTON,2,8,August,2012,5,Thursday,21,50,1,1,1,99998,28.23583333,-82.35538889,5,3,0,0,0,1,1
121362,FLORIDA,FL,2,2,0,0,3,3,101,0,BOYLSTON,5,8,August,2012,1,Sunday,20,35,1,13,2,99998,28.39114444,-82.66759167,12,5,0,0,0,2,1
121363,FLORIDA,FL,2,2,0,0,3,3,105,0,MARION,24,1,January,2012,3,Tuesday,5,55,0,3,3,99998,27.83235278,-81.59021111,12,2,0,0,0,1,0
121364,FLORIDA,FL,1,1,0,0,1,1,57,0,BANKSTON,5,8,August,2012,1,Sunday,1,41,1,13,3,99998,27.93796944,-82.24818333,1,3,0,0,0,1,0
121365,FLORIDA,FL,1,1,0,0,2,2,57,0,BANKSTON,5,8,August,2012,1,Sunday,3,6,1,11,1,99998,28.00668056,-82.29900556,1,3,0,0,0,1,1
121366,FLORIDA,FL,1,1,0,0,1,1,86,2230,AVENTURA,8,8,August,2012,4,Wednesday,1,48,0,16,6,0,25.92964444,-80.15606389,38,3,0,0,0,1,0
121367,FLORIDA,FL,2,2,1,1,4,4,11,1280,BULLOCK,11,8,August,2012,7,Saturday,10,5,0,13,3,99998,25.97551944,-80.11958333,39,1,0,0,0,1,0
121368,FLORIDA,FL,2,2,0,0,4,4,103,0,DANVILLE,13,8,August,2012,2,Monday,13,40,0,13,2,99998,27.87521944,-82.59751667,12,1,0,0,0,1,0
121369,FLORIDA,FL,2,2,0,0,3,3,127,2580,BURNWELL,7,3,March,2012,4,Wednesday,20,15,0,13,3,99998,29.14483333,-80.98824722,12,3,0,0,0,1,0
121370,FLORIDA,FL,1,1,1,1,1,1,95,0,ALBERTVILLE,14,8,August,2012,3,Tuesday,16,52,0,6,8,0,28.54175833,-81.30459722,8,1,0,0,0,1,0
121371,FLORIDA,FL,2,1,1,1,1,1,91,0,DAYTON,14,8,August,2012,3,Tuesday,23,50,1,13,3,99998,30.43975556,-86.60004444,18,3,0,0,0,1,0
121372,FLORIDA,FL,1,1,0,0,2,2,113,0,COTTONTON,14,8,August,2012,3,Tuesday,11,20,0,14,3,99998,30.56001389,-87.08721944,34,1,0,0,0,1,0
121373,FLORIDA,FL,1,1,0,0,1,1,103,2730,DANVILLE,15,8,August,2012,4,Wednesday,21,10,1,11,1,99998,27.87795556,-82.66325556,39,3,0,0,0,1,0
121374,FLORIDA,FL,1,1,0,0,2,2,103,860,DANVILLE,16,8,August,2012,5,Thursday,9,9,0,14,3,99998,28.04876389,-82.76354722,38,1,0,0,0,1,0
121375,FLORIDA,FL,1,1,1,1,1,1,31,1510,COFFEE,16,8,August,2012,5,Thursday,18,50,0,16,6,0,30.35173333,-81.59446111,9,1,0,0,0,1,0
121376,FLORIDA,FL,1,1,0,0,2,2,127,0,BURNWELL,17,8,August,2012,6,Friday,3,30,0,6,4,0,29.40951944,-81.11781389,59,2,0,0,0,2,1
121377,FLORIDA,FL,2,2,0,0,3,3,83,0,ARDMORE,17,8,August,2012,6,Friday,6,35,0,13,2,99998,29.00221389,-82.00221944,12,1,0,0,0,1,0
121378,FLORIDA,FL,1,1,0,0,1,1,31,1510,COFFEE,17,8,August,2012,6,Friday,8,0,0,16,6,0,30.26901944,-81.72758333,53,1,0,0,0,1,0
121379,FLORIDA,FL,3,3,0,0,4,4,91,0,DAYTON,17,8,August,2012,6,Friday,15,40,0,3,3,99998,30.53009444,-86.54562222,12,1,0,0,0,1,1
121380,FLORIDA,FL,2,2,0,0,3,3,33,0,CHEROKEE,18,8,August,2012,7,Saturday,1,10,1,2,2,99998,30.53267778,-87.24145278,12,2,0,0,0,1,1
121381,FLORIDA,FL,2,2,0,0,2,2,127,2580,BURNWELL,12,3,March,2012,2,Monday,20,28,0,13,3,99998,29.12347222,-81.01222778,1,3,0,0,0,1,0
121382,FLORIDA,FL,1,1,0,0,1,1,95,2360,ALBERTVILLE,5,4,April,2012,5,Thursday,7,53,0,16,6,0,28.43127222,-81.30514444,30,1,0,0,0,1,0
121383,FLORIDA,FL,2,2,0,0,2,2,105,0,MARION,11,4,April,2012,4,Wednesday,13,30,0,3,3,99998,27.89436667,-81.91873611,12,1,0,0,0,1,0
121384,FLORIDA,FL,1,1,1,1,1,1,95,2360,ALBERTVILLE,23,4,April,2012,2,Monday,8,45,0,16,6,0,28.52767222,-81.36406944,8,1,0,0,0,1,0
121385,FLORIDA,FL,1,1,1,1,1,1,11,1050,BULLOCK,29,4,April,2012,1,Sunday,1,29,0,16,6,0,26.12137500,-80.10582778,8,3,0,0,0,1,0
121386,FLORIDA,FL,2,2,0,0,4,4,86,2010,AVENTURA,1,5,May,2012,3,Tuesday,12,22,0,16,6,0,25.76693333,-80.23897222,12,1,0,0,0,1,0
121388,FLORIDA,FL,2,2,1,1,2,2,103,2730,DANVILLE,29,5,May,2012,3,Tuesday,10,6,0,13,2,99998,27.78455833,-82.67948333,12,1,0,0,0,1,0
121389,FLORIDA,FL,1,1,0,0,1,1,55,130,ATTALLA,3,6,June,2012,1,Sunday,2,10,0,16,6,0,27.61405278,-81.51448056,42,3,0,0,0,1,1
121390,FLORIDA,FL,1,1,0,0,1,1,105,0,MARION,6,6,June,2012,4,Wednesday,12,0,0,6,8,0,27.80748333,-81.63583333,1,1,0,0,0,1,0
121391,FLORIDA,FL,1,1,0,0,1,1,11,1782,BULLOCK,9,6,June,2012,7,Saturday,18,30,0,16,6,0,26.12763056,-80.19565556,30,1,0,0,0,1,0
121392,FLORIDA,FL,2,2,0,0,2,2,103,2730,DANVILLE,2,7,July,2012,2,Monday,12,41,0,14,3,99998,27.86992500,-82.64688333,12,1,0,0,0,1,0
121393,FLORIDA,FL,2,2,0,0,3,3,111,1080,GRAHAM,6,7,July,2012,6,Friday,13,47,0,13,3,99998,27.46997500,-80.33369722,12,1,0,0,0,2,0
121394,FLORIDA,FL,3,3,0,0,3,3,101,0,BOYLSTON,20,7,July,2012,6,Friday,17,35,1,11,1,99998,28.23179722,-82.35827778,12,1,0,0,0,1,0
121395,FLORIDA,FL,2,2,0,0,2,2,53,0,ATMORE,22,7,July,2012,1,Sunday,13,5,0,6,8,0,28.49814444,-82.37035278,12,1,0,0,0,1,0
121396,FLORIDA,FL,2,2,0,0,4,4,31,1510,COFFEE,4,8,August,2012,7,Saturday,1,25,0,13,3,99998,30.38158611,-81.43843056,12,2,0,0,0,2,0
121397,FLORIDA,FL,3,1,0,0,1,1,17,0,CHAMBERS,5,8,August,2012,1,Sunday,2,23,1,13,3,99998,28.87888611,-82.53893333,35,2,0,0,0,1,1
121398,FLORIDA,FL,1,1,1,1,1,1,86,2020,AVENTURA,5,8,August,2012,1,Sunday,20,58,0,16,6,0,25.78435278,-80.13201111,8,3,0,0,0,1,0
121399,FLORIDA,FL,1,1,0,0,1,1,17,0,CHAMBERS,9,8,August,2012,5,Thursday,2,20,0,6,8,0,28.81033889,-82.29588889,42,2,0,0,0,1,1
121400,FLORIDA,FL,1,1,0,0,5,5,69,1630,ASHFORD,10,8,August,2012,6,Friday,0,27,0,16,6,0,28.93567500,-81.95230000,5,3,0,0,0,1,1
121401,FLORIDA,FL,1,1,0,0,1,1,101,0,BOYLSTON,10,8,August,2012,6,Friday,7,57,1,11,1,99998,28.26866111,-82.32881944,42,1,0,0,0,1,0
121402,FLORIDA,FL,2,2,0,0,2,2,33,2490,CHEROKEE,23,8,August,2012,5,Thursday,16,25,1,11,1,99998,30.41581111,-87.21320000,25,1,0,0,0,1,0
121403,FLORIDA,FL,2,2,0,0,3,3,5,0,BAKER HILL,12,8,August,2012,1,Sunday,3,0,1,13,2,99998,30.18968889,-85.78834722,12,2,0,0,0,1,1
121404,FLORIDA,FL,2,2,0,0,2,2,95,0,ALBERTVILLE,13,8,August,2012,2,Monday,2,30,0,13,3,99998,28.54003889,-81.28591111,59,3,0,0,0,1,1
121405,FLORIDA,FL,1,1,1,1,1,1,105,0,MARION,13,8,August,2012,2,Monday,5,27,0,13,3,99998,27.99748889,-81.69005278,8,2,0,0,0,1,0
121406,FLORIDA,FL,5,5,0,0,10,10,1,0,AUTAUGA,14,8,August,2012,3,Tuesday,17,8,1,13,3,99998,29.63563889,-82.27329167,12,1,0,0,0,2,0
121407,FLORIDA,FL,2,2,0,0,2,2,83,0,ARDMORE,17,8,August,2012,6,Friday,20,51,0,6,8,0,28.97946389,-81.86982222,12,2,0,0,0,1,1
121408,FLORIDA,FL,2,2,0,0,3,3,95,0,ALBERTVILLE,17,8,August,2012,6,Friday,22,40,0,6,8,0,28.54497500,-81.20397500,33,2,0,0,0,1,1