ST_CASE,State Name,State Abbreviation,# of Vehicle involved,Parked_Vehicles_Involved,Pedestrains,Person_Not_in_Motor_Vehicle,Persons_in_motor_vehicle,Total_Persons_in_accident,COUNTY,CITY,City_County_Name,Calendar_DAY,MONTH,Month_name,YEAR,DAY_WEEK,Day_Week_desc,HOUR,MINUTE,NHS_Desc,trafficway,Route,MILEPT,LATITUDE,LONGITUD,First_Crash_event,Light_cond_desc,Weather_condition,School_bus_involved,Crash_cause,FATALS,DRUNK_DR
121409,FLORIDA,FL,1,1,1,1,1,1,95,0,ALBERTVILLE,17,8,August,2012,6,Friday,23,29,0,14,3,99998,28.60853056,-81.41325833,9,2,0,0,0,1,0
121410,FLORIDA,FL,1,1,1,1,4,4,95,0,ALBERTVILLE,18,8,August,2012,7,Saturday,1,45,0,6,8,0,28.61183611,-81.19224167,8,2,0,0,0,1,0
121411,FLORIDA,FL,1,1,0,0,5,5,103,0,DANVILLE,21,8,August,2012,3,Tuesday,14,51,0,6,4,0,28.11120000,-82.69459722,1,1,0,0,0,1,0
121413,FLORIDA,FL,1,1,1,1,1,1,103,2730,DANVILLE,16,6,June,2012,7,Saturday,2,44,0,13,3,99998,27.85215833,-82.66465278,8,3,0,0,0,1,0
121414,FLORIDA,FL,4,4,0,0,8,8,31,1510,COFFEE,5,8,August,2012,1,Sunday,9,48,0,16,6,0,30.26151389,-81.84879444,12,1,0,0,0,1,0
121415,FLORIDA,FL,1,1,0,0,1,1,55,0,ATTALLA,5,8,August,2012,1,Sunday,23,5,0,6,8,0,27.38742778,-81.46847222,53,2,0,0,0,1,0
121416,FLORIDA,FL,1,1,0,0,1,1,115,0,ASHVILLE,8,8,August,2012,4,Wednesday,12,36,0,6,8,0,27.27281944,-82.51772778,33,1,0,0,0,1,1
121417,FLORIDA,FL,2,2,0,0,2,2,19,0,CEDAR BLUFF,9,8,August,2012,5,Thursday,23,18,0,14,3,99998,29.77767778,-82.01794167,12,2,0,0,0,1,1
121418,FLORIDA,FL,2,2,0,0,2,2,95,0,ALBERTVILLE,17,8,August,2012,6,Friday,3,9,1,11,1,99998,28.60115556,-81.38649722,12,3,0,0,0,1,1
121419,FLORIDA,FL,1,1,1,1,1,1,105,1690,MARION,17,8,August,2012,6,Friday,22,35,0,13,3,99998,28.00468611,-81.95692222,8,3,0,0,0,1,1
121420,FLORIDA,FL,1,1,1,1,1,1,31,1510,COFFEE,25,8,August,2012,7,Saturday,16,33,0,13,2,99998,30.34430000,-81.66990000,9,1,0,0,0,1,0
121421,FLORIDA,FL,2,2,0,0,5,5,9,1990,BLOUNT,26,8,August,2012,1,Sunday,1,58,0,16,6,0,28.04247222,-80.63808056,12,3,0,0,0,1,1
121422,FLORIDA,FL,1,1,1,1,1,1,95,3310,ALBERTVILLE,26,8,August,2012,1,Sunday,20,41,0,13,3,99998,28.59314722,-81.37792778,8,2,0,0,0,1,0
121423,FLORIDA,FL,1,1,1,1,1,1,31,1510,COFFEE,28,8,August,2012,3,Tuesday,2,40,0,16,6,0,30.28447778,-81.60925278,19,3,0,0,0,1,0
121424,FLORIDA,FL,2,2,0,0,2,2,11,2916,BULLOCK,17,8,August,2012,6,Friday,3,1,0,16,6,0,26.17728611,-80.25196111,12,6,0,0,0,1,2
121425,FLORIDA,FL,1,1,0,0,2,2,39,0,ANDALUSIA,19,8,August,2012,1,Sunday,3,30,0,6,4,0,30.65733611,-84.38075000,34,2,0,0,0,1,1
121426,FLORIDA,FL,3,3,0,0,5,5,31,1510,COFFEE,20,8,August,2012,2,Monday,4,44,1,11,1,99998,30.11818056,-81.51801944,12,2,0,0,0,1,0
121427,FLORIDA,FL,1,1,0,0,1,1,133,0,ARLEY,25,8,August,2012,7,Saturday,1,55,1,2,3,99998,30.44698889,-85.68850278,30,2,0,0,0,1,1
121428,FLORIDA,FL,1,1,1,1,2,2,11,1420,BULLOCK,25,8,August,2012,7,Saturday,8,43,0,16,6,0,26.04045278,-80.23463611,8,2,0,0,0,1,0
121429,FLORIDA,FL,1,1,0,0,2,2,83,2270,ARDMORE,25,8,August,2012,7,Saturday,3,42,0,16,6,0,29.19371111,-82.07686944,5,3,0,0,0,1,0
121430,FLORIDA,FL,1,1,0,0,1,1,33,2490,CHEROKEE,25,8,August,2012,7,Saturday,23,56,1,13,2,99998,30.41806667,-87.19476111,31,3,0,0,0,1,1
121431,FLORIDA,FL,1,1,0,0,2,2,11,1927,BULLOCK,13,3,March,2012,3,Tuesday,16,23,0,13,3,99998,26.24359444,-80.20137222,59,1,0,0,0,1,0
121432,FLORIDA,FL,3,3,0,0,5,5,86,0,AVENTURA,19,5,May,2012,7,Saturday,1,9,0,14,3,99998,25.82415833,-80.23262222,12,3,0,0,0,1,0
121433,FLORIDA,FL,1,1,0,0,1,1,95,0,ALBERTVILLE,20,8,August,2012,2,Monday,2,20,0,14,3,99998,28.35923056,-81.51921944,21,2,0,0,0,1,1
121434,FLORIDA,FL,1,1,0,0,1,1,99,3190,BEATRICE,27,8,August,2012,2,Monday,0,45,1,11,1,99998,26.65364167,-80.06916944,25,3,0,0,0,1,1
121435,FLORIDA,FL,2,2,0,0,7,7,99,2446,BEATRICE,26,8,August,2012,1,Sunday,21,29,0,16,6,0,26.62884167,-80.09515000,12,3,0,0,0,1,1
121436,FLORIDA,FL,2,2,0,0,3,3,127,0,BURNWELL,27,8,August,2012,2,Monday,1,0,1,11,1,99998,29.04132778,-81.20956111,12,3,0,0,0,1,0
121437,FLORIDA,FL,1,1,0,0,1,1,99,0,BEATRICE,11,8,August,2012,7,Saturday,19,34,1,13,3,99998,26.61681667,-80.06901944,30,1,0,0,0,1,1
121438,FLORIDA,FL,2,2,0,0,3,3,86,0,AVENTURA,12,8,August,2012,1,Sunday,5,0,0,13,2,99998,25.76109444,-80.44671667,12,3,0,0,0,1,1
121439,FLORIDA,FL,1,1,0,0,1,1,86,2020,AVENTURA,16,8,August,2012,5,Thursday,16,52,0,13,3,99998,25.81362500,-80.12654444,42,1,0,0,0,1,0
121440,FLORIDA,FL,1,1,0,0,2,2,127,2572,BURNWELL,18,8,August,2012,7,Saturday,2,1,0,6,8,0,29.08400278,-80.92588889,31,3,0,0,0,1,1
121441,FLORIDA,FL,1,1,1,1,1,1,101,0,BOYLSTON,21,8,August,2012,3,Tuesday,1,1,0,6,8,0,28.43378889,-82.53735833,8,2,0,0,0,1,1
121442,FLORIDA,FL,2,2,0,0,4,4,109,0,ANSLEY,24,8,August,2012,6,Friday,21,6,0,14,3,99998,29.78671667,-81.25948889,12,2,0,0,0,1,0
121443,FLORIDA,FL,1,1,0,0,1,1,99,820,BEATRICE,26,8,August,2012,1,Sunday,6,26,0,14,2,99998,26.48793056,-80.06453333,42,3,0,0,0,1,0
121444,FLORIDA,FL,2,2,0,0,2,2,83,0,ARDMORE,28,8,August,2012,3,Tuesday,10,24,1,13,3,99998,29.25939722,-82.13302222,12,1,0,0,0,1,0
121445,FLORIDA,FL,1,1,1,1,1,1,86,0,AVENTURA,29,8,August,2012,4,Wednesday,16,34,0,13,3,99998,25.92548889,-80.29315000,8,1,0,0,0,1,0
121446,FLORIDA,FL,1,1,0,0,1,1,33,0,CHEROKEE,29,8,August,2012,4,Wednesday,23,0,0,13,3,99998,30.42375556,-87.34476111,1,3,0,0,0,1,0
121447,FLORIDA,FL,2,2,0,0,3,3,101,0,BOYLSTON,29,8,August,2012,4,Wednesday,20,49,0,6,4,0,28.19682500,-82.72363611,12,2,0,0,0,1,1
121448,FLORIDA,FL,1,1,0,0,3,3,86,0,AVENTURA,2,9,September,2012,1,Sunday,13,59,1,2,3,99998,25.86826389,-80.48390000,1,1,0,0,0,1,1
121449,FLORIDA,FL,1,1,0,0,1,1,33,0,CHEROKEE,3,9,September,2012,2,Monday,16,0,1,2,2,99998,30.53202500,-87.39570556,42,1,0,0,0,1,1
121450,FLORIDA,FL,1,1,0,0,1,1,86,2023,AVENTURA,19,8,August,2012,1,Sunday,16,35,0,12,3,99998,25.92665000,-80.22853056,59,1,0,0,0,1,1
121451,FLORIDA,FL,2,2,0,0,2,2,103,2310,DANVILLE,24,8,August,2012,6,Friday,18,50,0,13,3,99998,28.03521111,-82.65278056,12,1,0,0,0,1,0
121452,FLORIDA,FL,2,2,0,0,3,3,75,0,BEAVERTON,28,8,August,2012,3,Tuesday,15,20,1,2,2,99998,29.56164722,-82.90676111,12,1,0,0,0,1,0
121453,FLORIDA,FL,5,5,1,1,7,7,15,0,ANNISTON,30,8,August,2012,5,Thursday,4,32,1,11,1,99998,26.97057222,-82.01946111,8,2,0,0,0,1,0
121454,FLORIDA,FL,2,2,0,0,2,2,109,0,ANSLEY,31,8,August,2012,6,Friday,10,56,0,6,8,0,29.85106111,-81.32513056,1,1,0,0,0,1,0
121455,FLORIDA,FL,2,2,0,0,3,3,57,0,BANKSTON,6,9,September,2012,5,Thursday,13,13,0,6,8,0,27.83514444,-82.36923889,12,1,0,1,0,1,0
121456,FLORIDA,FL,1,1,1,1,1,1,86,1340,AVENTURA,18,1,January,2012,4,Wednesday,23,15,0,16,6,0,25.88452222,-80.32031111,8,3,0,0,0,1,0
121457,FLORIDA,FL,1,1,1,1,1,1,81,2440,AUBURN,19,2,February,2012,1,Sunday,4,27,1,13,2,99998,27.50533611,-82.56300278,9,3,0,0,0,1,0
121458,FLORIDA,FL,2,2,0,0,3,3,86,0,AVENTURA,25,4,April,2012,4,Wednesday,9,19,0,6,8,0,25.82565833,-80.24290556,12,1,0,0,0,1,0
121459,FLORIDA,FL,2,2,1,1,1,1,99,0,BEATRICE,18,7,July,2012,4,Wednesday,0,12,0,6,6,0,26.37360556,-80.14546667,8,2,0,0,0,1,0
121460,FLORIDA,FL,1,1,1,1,2,2,55,1730,ATTALLA,2,8,August,2012,5,Thursday,20,38,0,16,4,0,27.29916944,-81.35388056,8,5,0,0,0,1,0
121461,FLORIDA,FL,1,1,0,0,1,1,57,2950,BANKSTON,6,8,August,2012,2,Monday,1,56,0,16,6,0,27.97453611,-82.45115556,33,3,0,0,0,1,0
121462,FLORIDA,FL,2,2,0,0,2,2,86,2010,AVENTURA,6,8,August,2012,2,Monday,22,33,0,16,6,0,25.77870556,-80.27186944,12,3,0,0,0,1,0
121463,FLORIDA,FL,3,3,0,0,8,8,86,2010,AVENTURA,19,8,August,2012,1,Sunday,17,58,0,16,6,0,25.78177778,-80.25571667,12,1,0,0,0,1,0
121464,FLORIDA,FL,2,2,0,0,3,3,105,0,MARION,22,8,August,2012,4,Wednesday,13,24,0,6,4,0,27.95301667,-81.93865000,12,1,0,0,0,1,1
121465,FLORIDA,FL,1,1,1,1,2,2,86,0,AVENTURA,28,8,August,2012,3,Tuesday,22,15,1,13,2,99998,25.50080833,-80.44474167,8,3,0,0,0,1,0
121467,FLORIDA,FL,1,1,2,2,1,1,33,0,CHEROKEE,10,9,September,2012,2,Monday,4,10,0,13,2,99998,30.42875000,-87.27061111,8,2,0,0,0,1,0
121468,FLORIDA,FL,2,2,0,0,6,6,105,0,MARION,14,3,March,2012,4,Wednesday,17,6,1,1,1,99998,28.21423056,-81.67269444,12,1,0,0,0,1,1
121470,FLORIDA,FL,1,1,0,0,1,1,99,1846,BEATRICE,11,8,August,2012,7,Saturday,17,34,0,16,6,0,26.70869167,-80.24556389,3,1,0,0,0,1,1
121471,FLORIDA,FL,2,2,0,0,3,3,86,2020,AVENTURA,11,6,June,2012,2,Monday,23,1,0,16,6,0,25.79503889,-80.13085278,18,3,0,0,0,1,0
121472,FLORIDA,FL,1,1,1,1,1,1,11,1781,BULLOCK,12,6,June,2012,3,Tuesday,21,21,0,13,3,99998,26.15534722,-80.20283889,8,3,0,0,0,1,1
121473,FLORIDA,FL,2,2,0,0,2,2,63,1930,BOLIGEE,27,6,June,2012,4,Wednesday,23,1,0,16,6,0,30.74951944,-85.28033333,12,3,0,0,0,1,0
121474,FLORIDA,FL,3,3,0,0,4,4,91,710,DAYTON,11,7,July,2012,4,Wednesday,13,19,0,13,3,99998,30.73700000,-86.56511944,12,1,0,0,0,1,0
121475,FLORIDA,FL,1,1,1,1,1,1,23,1660,BLADON SPRINGS,13,7,July,2012,6,Friday,21,21,1,13,2,99998,30.17984167,-82.63925278,15,3,0,0,0,1,0
121476,FLORIDA,FL,3,3,0,0,4,4,71,0,BRIDGEPORT,6,8,August,2012,2,Monday,16,42,0,3,3,99998,26.55487500,-81.65191111,12,1,0,0,0,1,0
121477,FLORIDA,FL,1,1,0,0,1,1,83,0,ARDMORE,14,8,August,2012,3,Tuesday,19,0,1,11,1,99998,28.98191944,-82.13628333,30,1,0,0,0,1,0
121478,FLORIDA,FL,2,2,1,1,3,3,95,70,ALBERTVILLE,18,8,August,2012,7,Saturday,20,59,0,16,6,0,28.69794167,-81.50922222,9,2,0,0,0,1,0
121479,FLORIDA,FL,1,1,1,1,1,1,9,620,BLOUNT,22,8,August,2012,4,Wednesday,7,0,0,14,3,99998,28.39032778,-80.78025278,8,4,0,0,0,1,1
121480,FLORIDA,FL,2,2,0,0,5,5,95,0,ALBERTVILLE,25,8,August,2012,7,Saturday,14,5,0,6,4,0,28.77732222,-81.52646389,12,1,0,0,0,1,0
121481,FLORIDA,FL,2,2,0,0,2,2,86,0,AVENTURA,26,8,August,2012,1,Sunday,6,40,1,12,3,99998,25.84498611,-80.38706111,12,4,0,0,0,2,1
121482,FLORIDA,FL,2,2,0,0,3,3,85,0,BENTON,27,8,August,2012,2,Monday,15,34,0,6,8,0,27.23223889,-80.21897778,12,1,0,0,0,1,0
121483,FLORIDA,FL,2,1,1,2,1,2,31,1510,COFFEE,27,8,August,2012,2,Monday,23,20,1,11,1,99998,30.16897222,-81.59876667,8,3,0,0,0,1,0
121484,FLORIDA,FL,2,2,0,0,2,2,99,1560,BEATRICE,28,8,August,2012,3,Tuesday,17,15,0,14,3,99998,26.95496111,-80.08500278,33,1,0,0,0,1,1
121485,FLORIDA,FL,1,1,1,1,1,1,99,2431,BEATRICE,28,8,August,2012,3,Tuesday,23,6,0,13,3,99998,26.83895000,-80.12459167,9,2,0,0,0,1,0
121486,FLORIDA,FL,2,2,0,0,2,2,86,2230,AVENTURA,29,8,August,2012,4,Wednesday,15,51,0,13,2,99998,25.92676389,-80.15343056,12,1,0,0,0,1,0
121487,FLORIDA,FL,1,1,0,0,1,1,105,0,MARION,30,8,August,2012,5,Thursday,3,35,0,6,8,0,27.65719444,-81.39261944,1,3,0,0,0,1,1
121488,FLORIDA,FL,1,1,1,1,1,1,71,1070,BRIDGEPORT,2,9,September,2012,1,Sunday,1,14,0,16,6,0,26.65995556,-81.84056667,8,3,0,0,0,1,0
121489,FLORIDA,FL,1,1,0,0,1,1,133,0,ARLEY,3,9,September,2012,2,Monday,99,99,1,2,3,99998,30.44771389,-85.84216944,24,9,0,0,0,1,0
121491,FLORIDA,FL,1,1,1,1,1,1,11,771,BULLOCK,3,9,September,2012,2,Monday,10,23,0,16,6,0,26.08046667,-80.22011111,8,1,0,0,0,1,0
121492,FLORIDA,FL,1,1,0,0,1,1,115,0,ASHVILLE,3,9,September,2012,2,Monday,20,15,0,14,3,99998,27.02750278,-82.39768889,33,5,0,0,0,1,0
121493,FLORIDA,FL,1,1,0,0,1,1,95,0,ALBERTVILLE,4,9,September,2012,3,Tuesday,3,55,1,12,3,99998,28.43013889,-81.40475556,24,3,0,0,0,1,1
121494,FLORIDA,FL,2,2,0,0,3,3,121,0,BON AIR,5,9,September,2012,4,Wednesday,13,35,0,6,4,0,30.05831389,-82.87845000,12,1,0,0,0,1,0
121496,FLORIDA,FL,1,1,1,1,2,2,31,1510,COFFEE,6,9,September,2012,5,Thursday,4,3,0,13,3,99998,30.19400833,-81.73927778,8,3,0,0,0,1,0
121497,FLORIDA,FL,1,1,0,0,3,3,63,0,BOLIGEE,6,9,September,2012,5,Thursday,15,5,0,6,8,0,30.73368889,-85.00081111,42,1,0,0,0,3,0
121498,FLORIDA,FL,1,1,1,1,2,2,115,0,ASHVILLE,6,9,September,2012,5,Thursday,20,13,0,14,3,99998,27.29875000,-82.48410278,9,3,0,0,0,1,1
121499,FLORIDA,FL,1,1,1,1,1,1,95,0,ALBERTVILLE,7,9,September,2012,6,Friday,4,3,0,13,3,99998,28.55248056,-81.46780556,8,2,0,0,0,1,0
121500,FLORIDA,FL,2,2,0,0,2,2,71,0,BRIDGEPORT,7,9,September,2012,6,Friday,6,10,1,11,1,99998,26.59800278,-81.79913056,12,4,0,0,0,1,0
121501,FLORIDA,FL,1,1,1,1,1,1,11,790,BULLOCK,7,9,September,2012,6,Friday,21,6,0,13,3,99998,26.31837500,-80.09866944,8,3,0,0,0,1,0
121502,FLORIDA,FL,1,1,0,0,1,1,109,0,ANSLEY,8,9,September,2012,7,Saturday,11,3,0,6,6,0,29.98838611,-81.43492778,1,1,0,0,0,1,0
121503,FLORIDA,FL,2,2,0,0,2,2,99,3190,BEATRICE,9,9,September,2012,1,Sunday,16,44,1,11,1,99998,26.75598333,-80.09053333,12,1,0,0,0,1,0
121504,FLORIDA,FL,2,2,0,0,3,3,33,0,CHEROKEE,11,9,September,2012,3,Tuesday,15,32,0,13,2,99998,30.43799722,-87.27980556,1,1,0,0,0,1,0
121505,FLORIDA,FL,1,1,0,0,1,1,113,0,COTTONTON,12,9,September,2012,4,Wednesday,13,16,1,13,2,99998,30.40943611,-86.80779444,1,1,0,0,0,1,0
121506,FLORIDA,FL,1,1,1,1,2,2,33,0,CHEROKEE,13,9,September,2012,5,Thursday,22,30,1,13,2,99998,30.52455833,-87.27434167,8,2,0,0,0,1,0
121507,FLORIDA,FL,1,1,0,0,2,2,99,0,BEATRICE,17,8,August,2012,6,Friday,12,45,0,6,8,0,26.81214167,-80.33235556,1,1,0,0,0,1,0
121508,FLORIDA,FL,1,1,0,0,1,1,9,0,BLOUNT,21,7,July,2012,7,Saturday,14,15,1,11,1,99998,28.29403889,-80.74484167,1,1,0,0,0,1,0
121509,FLORIDA,FL,1,1,0,0,3,3,17,0,CHAMBERS,31,7,July,2012,3,Tuesday,19,47,0,6,8,0,28.81561389,-82.57495556,5,5,0,0,0,1,0
121510,FLORIDA,FL,1,1,0,0,1,1,99,290,BEATRICE,2,8,August,2012,5,Thursday,1,14,0,16,6,0,26.35881944,-80.13729722,30,3,0,0,0,1,1
121511,FLORIDA,FL,1,1,0,0,1,1,127,0,BURNWELL,6,8,August,2012,2,Monday,4,30,0,6,4,0,28.98611111,-80.94431389,42,2,0,0,0,1,1
121512,FLORIDA,FL,2,2,0,0,5,5,127,0,BURNWELL,11,8,August,2012,7,Saturday,22,33,0,13,2,99998,29.26512778,-81.05197222,12,3,0,0,0,1,1
121513,FLORIDA,FL,1,1,1,1,1,1,57,0,BANKSTON,21,8,August,2012,3,Tuesday,0,41,1,13,2,99998,28.05949444,-82.46776667,15,2,0,0,0,1,0
121514,FLORIDA,FL,1,1,0,0,1,1,31,1510,COFFEE,23,8,August,2012,5,Thursday,6,9,0,16,6,0,30.29084444,-81.50490278,1,1,0,0,0,1,0
121515,FLORIDA,FL,2,2,0,0,3,3,31,1510,COFFEE,25,8,August,2012,7,Saturday,1,20,0,14,3,99998,30.16043611,-81.63275000,12,3,0,0,0,1,2
121517,FLORIDA,FL,2,2,0,0,2,2,31,1510,COFFEE,28,8,August,2012,3,Tuesday,5,40,0,14,3,99998,30.41709722,-81.59654444,12,4,0,0,0,1,0
121518,FLORIDA,FL,2,2,0,0,2,2,69,0,ASHFORD,4,9,September,2012,3,Tuesday,14,56,0,3,3,99998,28.53623056,-81.85140556,12,1,0,0,0,1,1
121519,FLORIDA,FL,3,3,0,0,4,4,11,2260,BULLOCK,6,9,September,2012,5,Thursday,4,20,0,16,6,0,26.19369722,-80.26271389,12,1,0,0,0,1,0
121520,FLORIDA,FL,2,2,0,0,6,6,47,0,BROWNS,8,9,September,2012,7,Saturday,19,5,1,11,1,99998,30.59970556,-83.12482778,52,1,0,0,0,1,0
121521,FLORIDA,FL,1,1,1,1,1,1,117,1705,BIRMINGHAM,9,9,September,2012,1,Sunday,21,10,1,11,1,99998,28.76996944,-81.35852222,8,3,0,0,0,1,0
121522,FLORIDA,FL,2,2,0,0,2,2,1,10,AUTAUGA,9,9,September,2012,1,Sunday,23,15,1,11,1,99998,29.69765000,-82.45471944,12,2,0,0,0,1,0
121523,FLORIDA,FL,2,2,0,0,3,3,129,0,BIGBEE,11,9,September,2012,3,Tuesday,10,25,1,2,2,99998,30.22466944,-84.36238611,12,1,0,0,0,2,0
121524,FLORIDA,FL,1,1,0,0,3,3,45,3210,ARITON,14,9,September,2012,6,Friday,2,50,0,6,4,0,30.11277500,-85.19080556,30,2,0,0,0,1,1
121527,FLORIDA,FL,1,1,2,2,1,1,86,2010,AVENTURA,15,2,February,2012,4,Wednesday,5,45,0,16,6,0,25.74145000,-80.17123333,9,4,0,0,0,1,0
121528,FLORIDA,FL,2,2,0,0,3,3,119,0,BELLAMY,18,4,April,2012,4,Wednesday,14,11,0,6,8,0,28.93281111,-81.95911111,12,1,0,0,0,1,0
121529,FLORIDA,FL,2,2,0,0,3,3,71,457,BRIDGEPORT,1,8,August,2012,4,Wednesday,16,57,0,16,6,0,26.62816389,-82.00711667,12,1,0,0,0,1,1
121530,FLORIDA,FL,1,1,0,0,1,1,86,0,AVENTURA,1,8,August,2012,4,Wednesday,5,0,0,6,8,0,25.67686944,-80.34338333,38,2,0,0,0,1,0
121531,FLORIDA,FL,2,2,0,0,3,3,86,0,AVENTURA,3,8,August,2012,6,Friday,10,45,0,6,8,0,25.71492222,-80.38266389,12,1,0,0,0,1,0
121534,FLORIDA,FL,1,1,0,0,1,1,127,2340,BURNWELL,10,8,August,2012,6,Friday,14,12,0,16,6,0,28.95416389,-81.29050000,34,1,0,0,0,1,0
121535,FLORIDA,FL,1,1,0,0,2,2,73,0,ARGO,12,8,August,2012,1,Sunday,23,41,0,6,8,0,30.31468611,-84.27108889,42,3,0,0,0,1,1
121536,FLORIDA,FL,3,3,0,0,3,3,127,0,BURNWELL,1,9,September,2012,7,Saturday,14,55,0,3,3,99998,28.82327222,-81.18287500,12,1,0,0,0,2,1
121537,FLORIDA,FL,1,1,0,0,1,1,73,0,ARGO,16,4,April,2012,2,Monday,21,53,0,6,8,0,30.53058889,-84.36213611,42,2,0,0,0,1,0
121538,FLORIDA,FL,1,1,0,0,1,1,69,960,ASHFORD,7,9,September,2012,6,Friday,1,15,0,14,3,99998,28.84465556,-81.68556111,24,3,0,0,0,1,1
121539,FLORIDA,FL,1,1,0,0,4,4,57,0,BANKSTON,8,9,September,2012,7,Saturday,21,33,0,13,3,99998,27.71244722,-82.38447500,24,3,0,0,0,2,1
121540,FLORIDA,FL,1,1,1,1,1,1,101,0,BOYLSTON,8,9,September,2012,7,Saturday,21,45,0,6,8,0,28.18799167,-82.73050278,8,2,0,0,0,1,0
121541,FLORIDA,FL,1,1,0,0,1,1,95,0,ALBERTVILLE,9,9,September,2012,1,Sunday,3,4,0,6,4,0,28.36380833,-81.30987500,24,2,0,0,0,1,1
121542,FLORIDA,FL,1,1,0,0,1,1,131,0,ARLINGTON,9,9,September,2012,1,Sunday,18,40,0,6,4,0,30.42101111,-86.01657222,32,5,0,0,0,1,0
121543,FLORIDA,FL,2,2,0,0,2,2,73,0,ARGO,10,9,September,2012,2,Monday,13,57,1,2,2,99998,30.53346667,-84.36287500,12,1,0,0,0,1,0
121544,FLORIDA,FL,2,2,0,0,2,2,31,1510,COFFEE,11,9,September,2012,3,Tuesday,6,15,1,11,1,99998,30.28997500,-81.96685278,12,2,0,0,0,1,0
121545,FLORIDA,FL,2,2,0,0,2,2,95,0,ALBERTVILLE,13,9,September,2012,5,Thursday,6,5,0,6,8,0,28.42616389,-81.40722222,12,2,0,0,0,1,1
121546,FLORIDA,FL,1,1,0,0,1,1,117,0,BIRMINGHAM,14,9,September,2012,6,Friday,7,55,0,13,3,99998,28.79548056,-81.35023611,21,3,0,0,0,1,1
121548,FLORIDA,FL,1,1,0,0,1,1,65,0,CYPRESS,16,9,September,2012,1,Sunday,1,50,0,6,4,0,30.57080000,-83.79666944,35,2,0,0,0,1,1
121549,FLORIDA,FL,3,3,0,0,5,5,95,0,ALBERTVILLE,16,9,September,2012,1,Sunday,22,10,0,6,8,0,28.38696944,-81.37519444,12,3,0,0,0,1,0
121550,FLORIDA,FL,1,1,0,0,1,1,99,2430,BEATRICE,18,1,January,2012,4,Wednesday,13,59,0,16,6,0,26.48766667,-80.10299722,42,1,0,0,0,1,0
121551,FLORIDA,FL,1,1,1,1,1,1,11,2260,BULLOCK,8,5,May,2012,3,Tuesday,6,46,0,16,6,0,26.18330556,-80.12685556,8,1,0,0,0,1,0
121552,FLORIDA,FL,2,2,0,0,3,3,115,2780,ASHVILLE,21,7,July,2012,7,Saturday,2,22,1,13,2,99998,27.31915556,-82.52972500,12,3,0,0,0,1,1
121553,FLORIDA,FL,2,2,0,0,4,4,105,0,MARION,31,8,August,2012,6,Friday,19,7,0,13,2,99998,28.06773333,-81.75134722,12,1,0,0,0,1,1
121554,FLORIDA,FL,2,2,0,0,2,2,117,0,BIRMINGHAM,1,9,September,2012,7,Saturday,2,45,0,6,8,0,28.65941667,-81.11370000,12,2,0,0,0,1,0
121555,FLORIDA,FL,1,1,0,0,1,1,105,0,MARION,5,9,September,2012,4,Wednesday,13,56,0,13,2,99998,28.06088889,-81.80218333,38,1,0,0,0,1,0
121556,FLORIDA,FL,1,1,1,1,1,1,117,0,BIRMINGHAM,6,9,September,2012,5,Thursday,20,40,0,6,8,0,28.64752778,-81.27339167,8,2,0,0,0,1,0
121557,FLORIDA,FL,2,2,0,0,2,2,73,2940,ARGO,8,9,September,2012,7,Saturday,14,0,1,11,1,99998,30.47812778,-84.35006944,12,1,0,0,0,1,0
121558,FLORIDA,FL,1,1,0,0,7,7,105,0,MARION,8,9,September,2012,7,Saturday,12,10,1,1,1,99998,28.21815556,-81.66921389,1,1,0,0,0,1,0
121559,FLORIDA,FL,2,2,0,0,3,3,101,0,BOYLSTON,9,9,September,2012,1,Sunday,8,35,1,13,3,99998,28.20591944,-82.66623611,12,1,0,0,0,1,0
121560,FLORIDA,FL,2,2,0,0,3,3,9,0,BLOUNT,17,9,September,2012,2,Monday,11,37,0,6,8,0,28.22083056,-80.64505000,12,1,0,0,0,1,0
121561,FLORIDA,FL,1,1,1,1,1,1,29,0,BORDEN SPRINGS,19,9,September,2012,4,Wednesday,21,41,0,3,3,99998,29.69819167,-82.98436667,8,2,0,0,0,1,0
121562,FLORIDA,FL,1,1,0,0,1,1,71,0,BRIDGEPORT,11,1,January,2012,4,Wednesday,17,35,0,6,8,0,26.47866944,-81.82054722,19,2,0,0,0,1,0
121563,FLORIDA,FL,1,1,1,1,3,3,86,2010,AVENTURA,4,8,August,2012,7,Saturday,3,59,1,13,2,99998,25.76541667,-80.22241111,8,3,0,0,0,1,1
121564,FLORIDA,FL,1,1,1,1,1,1,86,2010,AVENTURA,29,8,August,2012,4,Wednesday,6,44,1,13,3,99998,25.84760000,-80.19123889,15,4,0,0,0,1,0
121565,FLORIDA,FL,2,2,0,0,2,2,9,2670,BLOUNT,31,8,August,2012,6,Friday,1,39,0,16,6,0,28.30258889,-80.72205000,12,3,0,0,0,1,0
121566,FLORIDA,FL,2,2,0,0,2,2,115,0,ASHVILLE,7,9,September,2012,6,Friday,8,27,0,14,3,99998,27.26925278,-82.49761944,12,1,0,0,0,1,0
121567,FLORIDA,FL,2,2,0,0,5,5,57,0,BANKSTON,8,9,September,2012,7,Saturday,1,39,1,11,1,99998,28.02739167,-82.19720833,12,3,0,0,0,1,2