ST_CASE,State Name,State Abbreviation,# of Vehicle involved,Parked_Vehicles_Involved,Pedestrains,Person_Not_in_Motor_Vehicle,Persons_in_motor_vehicle,Total_Persons_in_accident,COUNTY,CITY,City_County_Name,Calendar_DAY,MONTH,Month_name,YEAR,DAY_WEEK,Day_Week_desc,HOUR,MINUTE,NHS_Desc,trafficway,Route,MILEPT,LATITUDE,LONGITUD,First_Crash_event,Light_cond_desc,Weather_condition,School_bus_involved,Crash_cause,FATALS,DRUNK_DR
122036,FLORIDA,FL,1,1,0,0,1,1,95,0,ALBERTVILLE,30,11,November,2012,6,Friday,7,10,1,13,3,99998,28.53543611,-81.52960556,1,1,0,0,0,1,0
122037,FLORIDA,FL,2,2,0,0,3,3,83,0,ARDMORE,2,12,December,2012,1,Sunday,2,38,1,11,1,99998,29.04905278,-82.16704167,12,2,0,0,0,2,0
122038,FLORIDA,FL,1,1,0,0,2,2,101,0,BOYLSTON,2,12,December,2012,1,Sunday,3,7,0,6,8,0,28.30773889,-82.65991111,30,2,0,0,0,1,1
122039,FLORIDA,FL,1,1,2,2,1,1,29,0,BORDEN SPRINGS,4,12,December,2012,3,Tuesday,18,8,0,6,8,0,29.59112222,-83.05662222,49,2,0,0,0,2,0
122040,FLORIDA,FL,2,2,0,0,2,2,95,0,ALBERTVILLE,7,12,December,2012,6,Friday,1,35,0,14,3,99998,28.55576944,-81.28596389,12,3,0,0,0,1,0
122041,FLORIDA,FL,1,1,1,1,1,1,103,0,DANVILLE,10,12,December,2012,2,Monday,18,30,0,6,8,0,27.83608611,-82.79545833,8,3,0,0,0,1,0
122042,FLORIDA,FL,1,1,1,1,1,1,86,0,AVENTURA,2,7,July,2012,2,Monday,21,7,0,14,3,99998,25.94231389,-80.31008611,8,3,0,0,0,1,0
122043,FLORIDA,FL,2,2,1,1,2,2,103,2806,DANVILLE,8,7,July,2012,1,Sunday,1,7,0,16,6,0,27.83975833,-82.79166389,8,3,0,0,0,1,1
122044,FLORIDA,FL,1,1,1,1,1,1,115,3050,ASHVILLE,24,7,July,2012,3,Tuesday,7,5,0,16,6,0,27.09971667,-82.43348889,9,1,0,0,0,1,0
122045,FLORIDA,FL,2,2,0,0,2,2,86,2023,AVENTURA,5,8,August,2012,1,Sunday,15,23,0,14,3,99998,25.94675556,-80.27778611,12,1,0,0,0,1,1
122046,FLORIDA,FL,2,2,0,0,2,2,69,1820,ASHFORD,25,8,August,2012,7,Saturday,14,27,1,13,2,99998,28.82879722,-81.80625556,12,1,0,0,0,1,0
122047,FLORIDA,FL,2,2,0,0,2,2,71,457,BRIDGEPORT,11,10,October,2012,5,Thursday,7,52,0,16,6,0,26.67472500,-81.95707222,12,1,0,0,0,1,1
122048,FLORIDA,FL,1,1,1,1,1,1,111,1080,GRAHAM,19,10,October,2012,6,Friday,11,33,0,16,6,0,27.46570000,-80.34973611,15,1,0,0,0,1,0
122049,FLORIDA,FL,1,1,0,0,1,1,17,0,CHAMBERS,25,10,October,2012,5,Thursday,10,50,0,6,4,0,28.69993611,-82.43037222,42,1,0,0,0,1,0
122050,FLORIDA,FL,1,1,0,0,1,1,101,0,BOYLSTON,1,11,November,2012,5,Thursday,0,50,1,11,1,99998,28.27618889,-82.32630000,42,2,0,0,0,1,1
122051,FLORIDA,FL,1,1,0,0,1,1,107,0,CARROLLTON,10,11,November,2012,7,Saturday,12,50,0,6,6,0,29.40666667,-81.70237222,1,1,0,0,0,1,0
122052,FLORIDA,FL,1,1,1,1,1,1,71,0,BRIDGEPORT,21,11,November,2012,4,Wednesday,19,5,1,13,2,99998,26.42833611,-81.81101667,8,2,0,0,0,1,0
122053,FLORIDA,FL,1,1,0,0,1,1,83,0,ARDMORE,31,10,October,2012,4,Wednesday,16,18,0,6,8,0,28.98857500,-82.16057222,42,1,0,0,0,1,1
122054,FLORIDA,FL,1,1,0,0,1,1,119,0,BELLAMY,25,11,November,2012,1,Sunday,10,10,1,2,3,99998,28.56401111,-82.02683056,42,1,0,0,0,1,0
122055,FLORIDA,FL,2,2,0,0,5,5,53,0,ATMORE,30,11,November,2012,6,Friday,17,55,0,6,8,0,28.53038056,-82.51151389,12,3,0,0,0,1,0
122056,FLORIDA,FL,1,1,0,0,1,1,99,0,BEATRICE,30,11,November,2012,6,Friday,16,3,0,6,8,0,26.35023056,-80.15824444,1,1,0,0,0,1,0
122057,FLORIDA,FL,1,1,1,1,3,3,103,1770,DANVILLE,2,12,December,2012,1,Sunday,13,52,0,16,6,0,27.90592500,-82.80007222,15,1,0,0,0,1,0
122059,FLORIDA,FL,2,2,0,0,5,5,1,0,AUTAUGA,4,12,December,2012,3,Tuesday,12,45,0,16,5,0,29.66463056,-82.59308056,12,1,0,0,0,1,0
122060,FLORIDA,FL,1,1,0,0,1,1,23,0,BLADON SPRINGS,7,12,December,2012,6,Friday,23,34,1,11,1,99998,30.25548611,-82.71882222,1,2,0,0,0,1,1
122061,FLORIDA,FL,1,1,1,1,4,4,57,0,BANKSTON,8,12,December,2012,7,Saturday,4,46,1,11,1,99998,27.93769167,-82.55947222,8,3,0,0,0,1,0
122062,FLORIDA,FL,3,3,0,0,4,4,103,2530,DANVILLE,9,12,December,2012,1,Sunday,13,39,0,16,6,0,27.82834444,-82.69999444,12,1,0,0,0,1,1
122063,FLORIDA,FL,2,2,0,0,3,3,99,2431,BEATRICE,11,12,December,2012,3,Tuesday,5,5,1,12,3,99998,26.82187778,-80.13052778,12,3,0,0,0,2,1
122064,FLORIDA,FL,2,2,0,0,4,4,111,0,GRAHAM,11,12,December,2012,3,Tuesday,17,54,0,6,8,0,27.36899444,-80.35036944,12,2,0,0,0,1,0
122065,FLORIDA,FL,3,3,0,0,3,3,71,0,BRIDGEPORT,13,12,December,2012,5,Thursday,19,49,1,13,2,99998,26.70976667,-81.89962778,12,3,0,0,0,1,1
122066,FLORIDA,FL,3,3,0,0,3,3,99,0,BEATRICE,14,12,December,2012,6,Friday,5,9,1,12,3,99998,26.72278889,-80.13558056,12,2,0,0,23,1,0
122067,FLORIDA,FL,1,1,0,0,2,2,127,0,BURNWELL,15,12,December,2012,7,Saturday,21,47,0,6,8,0,28.73787500,-81.02290833,42,2,0,0,0,1,1
122069,FLORIDA,FL,1,1,1,1,1,1,99,1920,BEATRICE,3,8,August,2012,6,Friday,21,25,0,16,6,0,26.75331667,-80.07244167,9,3,0,0,0,1,0
122070,FLORIDA,FL,2,2,0,0,3,3,111,2601,GRAHAM,9,8,August,2012,5,Thursday,20,2,0,16,6,0,27.25179167,-80.39968056,12,5,0,0,0,1,1
122071,FLORIDA,FL,3,3,0,0,5,5,86,0,AVENTURA,5,10,October,2012,6,Friday,22,35,0,6,8,0,25.71360000,-80.44363056,12,3,0,0,0,1,2
122072,FLORIDA,FL,3,3,0,0,3,3,71,457,BRIDGEPORT,9,11,November,2012,6,Friday,11,7,0,16,4,0,26.64351667,-82.04007500,12,1,0,0,0,1,0
122073,FLORIDA,FL,1,1,0,0,2,2,5,2456,BAKER HILL,23,11,November,2012,6,Friday,21,14,0,14,2,99998,30.13399167,-85.61480556,1,6,0,0,0,1,1
122074,FLORIDA,FL,1,1,1,1,1,1,9,0,BLOUNT,28,11,November,2012,4,Wednesday,19,30,1,13,3,99998,28.27370833,-80.60888056,8,2,0,0,0,1,0
122075,FLORIDA,FL,1,1,1,1,1,1,57,2950,BANKSTON,1,12,December,2012,7,Saturday,3,0,1,13,2,99998,27.99598611,-82.49678889,8,3,0,0,0,1,0
122076,FLORIDA,FL,2,2,0,0,3,3,65,0,CYPRESS,3,12,December,2012,2,Monday,14,20,1,2,2,99998,30.38887222,-83.85729167,12,1,0,0,0,1,0
122077,FLORIDA,FL,1,1,0,0,1,1,115,0,ASHVILLE,3,12,December,2012,2,Monday,21,4,1,11,1,99998,27.10000000,-82.27633333,42,2,0,0,0,1,0
122078,FLORIDA,FL,2,2,0,0,4,4,127,2375,BURNWELL,8,12,December,2012,7,Saturday,1,10,1,11,1,99998,29.28352222,-81.12488611,12,2,0,0,0,2,0
122079,FLORIDA,FL,1,1,0,0,4,4,31,1510,COFFEE,10,12,December,2012,2,Monday,4,29,1,11,1,99998,30.18056389,-81.62677500,24,3,0,0,0,1,1
122080,FLORIDA,FL,3,3,0,0,3,3,103,0,DANVILLE,12,12,December,2012,4,Wednesday,5,30,0,14,3,99998,28.04889444,-82.70908056,12,3,0,0,0,1,1
122081,FLORIDA,FL,3,1,0,0,3,3,81,0,AUBURN,13,12,December,2012,5,Thursday,2,46,0,16,6,0,27.45518056,-82.59579167,30,3,0,0,0,1,1
122082,FLORIDA,FL,4,4,0,0,4,4,31,1510,COFFEE,13,12,December,2012,5,Thursday,17,17,1,12,3,99998,30.25128056,-81.47486111,12,1,0,0,0,1,1
122083,FLORIDA,FL,2,2,0,0,2,2,117,0,BIRMINGHAM,14,12,December,2012,6,Friday,2,45,1,11,1,99998,28.77875000,-81.35469722,12,3,0,0,0,1,1
122084,FLORIDA,FL,1,1,1,1,5,5,9,0,BLOUNT,14,12,December,2012,6,Friday,19,30,1,13,3,99998,28.35740000,-80.66458056,9,2,0,0,0,1,0
122085,FLORIDA,FL,2,2,0,0,3,3,17,0,CHAMBERS,17,3,March,2012,7,Saturday,10,24,0,6,8,0,28.77121944,-82.52839167,12,1,0,0,0,1,0
122086,FLORIDA,FL,1,1,0,0,1,1,53,390,ATMORE,22,4,April,2012,1,Sunday,7,10,0,13,3,99998,28.53891111,-82.39919167,39,3,0,0,0,1,0
122087,FLORIDA,FL,4,4,0,0,4,4,99,0,BEATRICE,11,10,October,2012,5,Thursday,22,19,1,13,3,99998,26.68678333,-80.11182222,12,3,0,0,0,1,0
122089,FLORIDA,FL,2,2,0,0,2,2,11,672,BULLOCK,19,11,November,2012,2,Monday,3,48,1,13,2,99998,26.28024167,-80.20192778,12,3,0,0,0,1,1
122090,FLORIDA,FL,1,1,0,0,1,1,57,0,BANKSTON,26,11,November,2012,2,Monday,20,26,1,2,2,99998,27.64700556,-82.52260556,42,2,0,0,0,1,1
122091,FLORIDA,FL,2,2,0,0,6,6,83,2270,ARDMORE,30,11,November,2012,6,Friday,17,36,0,15,3,99998,29.18653056,-82.14484167,12,5,0,0,0,1,0
122093,FLORIDA,FL,1,1,0,0,3,3,3,0,BALDWIN,1,12,December,2012,7,Saturday,21,45,0,16,6,0,30.29120833,-82.19438889,34,2,0,0,0,1,0
122094,FLORIDA,FL,2,2,0,0,2,2,86,2023,AVENTURA,2,12,December,2012,1,Sunday,6,20,1,13,3,99998,25.94241389,-80.29408889,12,4,0,0,0,1,1
122095,FLORIDA,FL,1,1,0,0,2,2,127,0,BURNWELL,3,12,December,2012,2,Monday,10,0,1,11,1,99998,28.99053611,-81.24620556,1,1,0,0,0,1,0
122096,FLORIDA,FL,4,4,0,0,5,5,57,0,BANKSTON,5,12,December,2012,4,Wednesday,14,15,0,6,8,0,28.09182778,-82.43075000,12,1,0,0,0,1,0
122097,FLORIDA,FL,1,1,1,1,1,1,57,0,BANKSTON,6,12,December,2012,5,Thursday,0,10,0,6,8,0,27.90823056,-82.31848056,8,2,0,0,0,1,0
122098,FLORIDA,FL,2,2,0,0,3,3,127,2580,BURNWELL,7,12,December,2012,6,Friday,18,8,0,16,6,0,29.15021389,-81.03500278,12,2,0,0,0,1,0
122099,FLORIDA,FL,2,2,0,0,2,2,57,2950,BANKSTON,7,12,December,2012,6,Friday,17,25,1,13,3,99998,27.99626944,-82.52367778,12,1,0,0,0,1,1
122100,FLORIDA,FL,2,2,0,0,2,2,123,0,ALEXANDER CITY,8,12,December,2012,7,Saturday,14,20,0,3,2,99998,30.23178611,-83.61741389,12,1,0,0,0,1,1
122101,FLORIDA,FL,3,3,0,0,3,3,17,0,CHAMBERS,8,12,December,2012,7,Saturday,12,10,0,6,8,0,28.80380278,-82.55566667,12,1,0,0,0,1,0
122102,FLORIDA,FL,1,1,1,1,2,2,11,771,BULLOCK,9,12,December,2012,1,Sunday,5,25,1,11,1,99998,26.08372778,-80.19100278,8,2,0,0,0,1,0
122103,FLORIDA,FL,1,1,1,1,1,1,81,0,AUBURN,10,12,December,2012,2,Monday,0,14,0,16,6,0,27.45126389,-82.55109167,8,2,0,0,0,1,1
122104,FLORIDA,FL,2,2,1,1,2,2,17,0,CHAMBERS,10,12,December,2012,2,Monday,19,10,0,14,2,99998,28.81855278,-82.31625556,15,2,0,0,0,1,0
122105,FLORIDA,FL,1,1,1,1,1,1,57,0,BANKSTON,10,12,December,2012,2,Monday,18,41,1,13,2,99998,28.06925000,-82.45116111,9,3,0,0,0,1,0
122106,FLORIDA,FL,1,1,1,1,1,1,81,0,AUBURN,11,12,December,2012,3,Tuesday,2,55,1,2,2,99998,27.59388056,-82.53967778,8,2,0,0,0,1,0
122107,FLORIDA,FL,2,2,0,0,4,4,11,2541,BULLOCK,11,12,December,2012,3,Tuesday,6,24,0,16,6,0,26.12061667,-80.29176944,12,4,0,0,0,1,1
122108,FLORIDA,FL,1,1,1,1,1,1,95,2360,ALBERTVILLE,11,12,December,2012,3,Tuesday,18,36,1,13,3,99998,28.60009167,-81.41230000,8,3,0,0,0,1,0
122109,FLORIDA,FL,1,1,0,0,1,1,23,0,BLADON SPRINGS,12,12,December,2012,4,Wednesday,0,30,0,6,8,0,30.32386111,-82.76348056,42,2,0,0,0,1,1
122110,FLORIDA,FL,2,2,0,0,3,3,103,570,DANVILLE,13,12,December,2012,5,Thursday,15,23,0,16,6,0,27.96755556,-82.74617778,12,1,0,0,0,1,0
122111,FLORIDA,FL,1,1,0,0,1,1,115,0,ASHVILLE,14,12,December,2012,6,Friday,7,20,0,6,8,0,27.31482222,-82.40015000,43,4,0,0,0,1,0
122112,FLORIDA,FL,2,2,0,0,2,2,85,0,BENTON,14,12,December,2012,6,Friday,21,36,1,2,3,99998,27.08066389,-80.55906111,12,2,0,0,0,2,1
122114,FLORIDA,FL,1,1,0,0,2,2,103,0,DANVILLE,14,12,December,2012,6,Friday,15,47,0,6,8,0,28.07008611,-82.70495000,1,1,0,0,0,1,0
122115,FLORIDA,FL,2,2,0,0,2,2,101,0,BOYLSTON,15,12,December,2012,7,Saturday,13,50,1,13,2,99998,28.19374444,-82.73997500,12,1,0,0,0,1,0
122116,FLORIDA,FL,1,1,1,1,1,1,57,0,BANKSTON,16,12,December,2012,1,Sunday,22,1,1,13,3,99998,27.93773611,-82.28778333,8,3,0,0,0,1,0
122117,FLORIDA,FL,2,2,0,0,2,2,89,3326,BROWNSBORO,16,12,December,2012,1,Sunday,15,15,0,6,4,0,30.57354722,-81.51858333,12,1,0,0,0,1,2
122118,FLORIDA,FL,1,1,0,0,1,1,97,0,AXIS,17,12,December,2012,2,Monday,2,5,0,6,8,0,28.21982778,-81.48036667,42,3,0,0,0,1,0
122119,FLORIDA,FL,2,2,0,0,3,3,31,1510,COFFEE,17,12,December,2012,2,Monday,7,43,0,16,6,0,30.16152778,-81.57125556,53,1,0,0,0,1,1
122120,FLORIDA,FL,1,1,0,0,1,1,33,2490,CHEROKEE,18,12,December,2012,3,Tuesday,22,35,1,11,1,99998,30.41594167,-87.20809167,25,3,0,0,0,1,1
122121,FLORIDA,FL,1,1,1,1,3,3,95,0,ALBERTVILLE,18,12,December,2012,3,Tuesday,18,12,0,14,3,99998,28.61291944,-81.41498056,8,3,0,0,0,1,0
122122,FLORIDA,FL,1,1,0,0,1,1,21,0,CHILTON,18,12,December,2012,3,Tuesday,20,47,0,16,6,0,26.15414722,-81.72607500,33,2,0,0,0,1,0
122123,FLORIDA,FL,2,2,0,0,2,2,71,312,BRIDGEPORT,19,12,December,2012,4,Wednesday,16,57,0,16,4,0,26.33100833,-81.78788056,12,1,0,0,0,1,0
122124,FLORIDA,FL,2,2,0,0,2,2,31,1510,COFFEE,19,12,December,2012,4,Wednesday,8,14,0,16,6,0,30.39400000,-81.75190000,12,1,0,0,0,1,0
122125,FLORIDA,FL,1,1,1,1,1,1,69,0,ASHFORD,20,12,December,2012,5,Thursday,2,30,1,2,2,99998,28.34708056,-81.66334722,8,2,0,0,0,1,0
122126,FLORIDA,FL,1,1,1,1,2,2,103,0,DANVILLE,22,12,December,2012,7,Saturday,3,24,1,13,2,99998,27.87664722,-82.59224444,8,3,0,0,0,1,0
122127,FLORIDA,FL,2,2,0,0,2,2,127,0,BURNWELL,22,12,December,2012,7,Saturday,18,35,1,13,2,99998,29.08054722,-81.31661944,12,2,0,0,0,1,0
122128,FLORIDA,FL,1,1,0,0,2,2,55,0,ATTALLA,23,12,December,2012,1,Sunday,0,53,0,16,6,0,27.57383056,-81.51131111,3,2,0,0,0,1,1
122129,FLORIDA,FL,1,1,0,0,1,1,81,0,AUBURN,23,12,December,2012,1,Sunday,6,25,0,3,3,99998,27.60235278,-82.31853889,42,4,0,0,0,1,0
122130,FLORIDA,FL,1,1,0,0,1,1,31,1510,COFFEE,24,12,December,2012,2,Monday,5,27,0,16,6,0,30.34556389,-81.46100556,42,3,0,0,0,1,0
122131,FLORIDA,FL,1,1,0,0,2,2,21,0,CHILTON,25,12,December,2012,3,Tuesday,4,12,1,2,3,99998,26.30803056,-81.34274444,42,2,0,0,0,1,1
122132,FLORIDA,FL,1,1,0,0,1,1,81,0,AUBURN,26,12,December,2012,4,Wednesday,23,7,0,6,8,0,27.44780833,-82.59583056,33,3,0,0,0,1,0
122133,FLORIDA,FL,1,1,0,0,1,1,125,1650,BROOKWOOD,27,12,December,2012,5,Thursday,16,41,0,3,3,99998,30.02375000,-82.32451944,1,1,0,0,0,1,0
122134,FLORIDA,FL,1,1,1,1,1,1,35,0,BROOKLYN,29,12,December,2012,7,Saturday,0,42,1,2,2,99998,29.35473056,-81.15646111,8,2,0,0,0,1,0
122135,FLORIDA,FL,2,2,0,0,4,4,99,1190,BEATRICE,27,9,September,2012,5,Thursday,7,29,0,16,6,0,26.64071111,-80.14559722,12,1,0,0,0,1,0
122136,FLORIDA,FL,2,2,0,0,3,3,31,1510,COFFEE,28,12,December,2012,6,Friday,14,40,0,16,6,0,30.37109722,-81.70744722,12,1,0,0,0,1,1
122137,FLORIDA,FL,2,2,0,0,4,4,105,0,MARION,4,11,November,2012,1,Sunday,22,19,1,13,2,99998,27.97873333,-81.63092500,12,3,0,0,0,1,1
122138,FLORIDA,FL,2,2,0,0,2,2,86,0,AVENTURA,4,11,November,2012,1,Sunday,17,11,0,6,8,0,25.60304722,-80.36079167,12,1,0,0,0,2,0
122139,FLORIDA,FL,2,2,0,0,9,9,86,2230,AVENTURA,14,11,November,2012,4,Wednesday,18,57,1,13,3,99998,25.92832500,-80.19324444,12,3,0,0,0,1,0
122140,FLORIDA,FL,1,1,0,0,1,1,57,2950,BANKSTON,17,11,November,2012,7,Saturday,17,57,1,13,3,99998,27.94487222,-82.52815556,33,5,0,0,0,1,1
122141,FLORIDA,FL,1,1,0,0,1,1,57,2950,BANKSTON,25,11,November,2012,1,Sunday,3,8,0,16,6,0,27.96274444,-82.52411111,33,3,0,0,0,1,1
122142,FLORIDA,FL,1,1,0,0,1,1,57,2950,BANKSTON,30,11,November,2012,6,Friday,2,3,0,16,6,0,28.17028056,-82.37587500,31,2,0,0,0,1,0
122143,FLORIDA,FL,1,1,0,0,2,2,47,0,BROWNS,15,12,December,2012,7,Saturday,21,5,0,6,8,0,30.48566111,-82.75737778,5,2,0,0,0,1,0
122144,FLORIDA,FL,1,1,0,0,1,1,95,0,ALBERTVILLE,20,12,December,2012,5,Thursday,23,36,0,6,8,0,28.37613333,-81.36475556,1,3,0,0,0,1,1
122145,FLORIDA,FL,1,1,1,1,1,1,107,0,CARROLLTON,21,12,December,2012,6,Friday,23,29,1,13,2,99998,29.63506111,-81.58888889,8,2,0,0,0,1,0
122147,FLORIDA,FL,1,1,1,1,1,1,95,0,ALBERTVILLE,22,12,December,2012,7,Saturday,21,28,1,13,3,99998,28.59178333,-81.20900556,43,3,0,0,0,1,0
122148,FLORIDA,FL,2,2,0,0,2,2,53,0,ATMORE,23,12,December,2012,1,Sunday,13,47,0,6,8,0,28.48327778,-82.54353889,12,1,0,0,0,1,0
122149,FLORIDA,FL,1,1,0,0,3,3,105,0,MARION,24,12,December,2012,2,Monday,0,51,1,13,3,99998,28.05143056,-82.01418889,24,3,0,0,0,2,1
122150,FLORIDA,FL,1,1,0,0,4,4,47,0,BROWNS,24,12,December,2012,2,Monday,23,45,0,3,2,99998,30.33974167,-82.76095833,59,2,0,0,0,2,1
122151,FLORIDA,FL,1,1,0,0,2,2,86,0,AVENTURA,30,12,December,2012,1,Sunday,4,51,1,11,1,99998,25.95266111,-80.17948056,24,3,0,0,0,1,1
122152,FLORIDA,FL,1,1,0,0,2,2,91,0,DAYTON,30,12,December,2012,1,Sunday,4,1,1,13,2,99998,30.39385278,-86.55499722,1,2,0,0,0,1,0
122153,FLORIDA,FL,1,1,1,1,1,1,31,1510,COFFEE,31,12,December,2012,2,Monday,6,32,1,12,2,99998,30.29421111,-81.61527500,8,2,0,0,0,1,0
122154,FLORIDA,FL,1,1,1,1,1,1,99,1750,BEATRICE,11,11,November,2012,1,Sunday,15,11,0,16,6,0,26.60866111,-80.06179167,9,1,0,0,0,1,0
122155,FLORIDA,FL,3,3,0,0,5,5,51,0,CENTRAL,20,11,November,2012,3,Tuesday,6,8,1,2,3,99998,26.67599444,-81.43652222,12,4,0,0,0,1,0
122156,FLORIDA,FL,2,2,0,0,2,2,117,0,BIRMINGHAM,4,12,December,2012,3,Tuesday,9,30,1,13,3,99998,28.63741667,-81.20807778,5,1,0,0,0,1,0
122157,FLORIDA,FL,1,1,1,1,1,1,31,1510,COFFEE,15,12,December,2012,7,Saturday,9,20,0,14,3,99998,30.24834167,-81.77303056,8,1,0,0,0,1,0
122158,FLORIDA,FL,1,1,1,1,1,1,86,2023,AVENTURA,21,12,December,2012,6,Friday,18,35,1,11,1,99998,25.93807500,-80.35107778,8,3,0,0,0,1,0
122159,FLORIDA,FL,2,2,0,0,3,3,11,2916,BULLOCK,25,12,December,2012,3,Tuesday,20,24,1,13,3,99998,26.15905278,-80.25739444,12,2,0,0,0,1,1
122160,FLORIDA,FL,2,2,0,0,2,2,95,0,ALBERTVILLE,27,12,December,2012,5,Thursday,15,19,0,6,8,0,28.56578056,-81.47592778,12,1,0,0,0,1,0
122161,FLORIDA,FL,2,2,0,0,4,4,125,0,BROOKWOOD,28,12,December,2012,6,Friday,16,50,0,3,3,99998,29.96653889,-82.40739444,12,1,0,0,0,1,0
122162,FLORIDA,FL,3,3,0,0,5,5,101,0,BOYLSTON,28,12,December,2012,6,Friday,19,30,1,13,2,99998,28.19518889,-82.73973611,12,3,0,0,0,2,0
122163,FLORIDA,FL,1,1,1,1,1,1,7,2890,BIBB,29,12,December,2012,7,Saturday,18,13,1,13,2,99998,29.95650278,-82.10697500,8,2,0,0,0,1,0
122164,FLORIDA,FL,1,1,0,0,1,1,109,0,ANSLEY,29,12,December,2012,7,Saturday,1,22,1,1,1,99998,29.98350556,-81.45990000,42,3,0,0,0,1,0
122165,FLORIDA,FL,1,1,1,1,2,2,95,0,ALBERTVILLE,30,12,December,2012,1,Sunday,9,5,0,6,8,0,28.72000278,-81.57451667,8,1,0,0,0,1,0
122166,FLORIDA,FL,1,1,1,1,1,1,103,2730,DANVILLE,4,11,November,2012,1,Sunday,22,18,1,13,2,99998,27.77001389,-82.67950556,8,3,0,0,0,1,0
122167,FLORIDA,FL,1,1,0,0,1,1,127,0,BURNWELL,2,12,December,2012,1,Sunday,20,55,1,11,1,99998,28.88266111,-80.92388333,1,2,0,0,0,1,0
122168,FLORIDA,FL,1,1,1,1,1,1,99,0,BEATRICE,8,12,December,2012,7,Saturday,23,23,1,13,3,99998,26.56388611,-80.11418889,8,3,0,0,0,1,0
122169,FLORIDA,FL,3,2,0,1,3,4,31,1510,COFFEE,16,12,December,2012,1,Sunday,18,13,1,11,1,99998,30.18998889,-81.66233056,12,3,0,0,0,1,0
122170,FLORIDA,FL,1,1,0,0,1,1,103,0,DANVILLE,21,12,December,2012,6,Friday,13,25,0,6,8,0,27.90990278,-82.70985278,18,1,0,0,0,1,0
122171,FLORIDA,FL,2,2,0,0,4,4,31,1510,COFFEE,24,12,December,2012,2,Monday,19,40,1,13,3,99998,30.28283611,-81.81165000,12,2,0,0,0,1,0
122172,FLORIDA,FL,1,1,0,0,1,1,79,0,COURTLAND,25,12,December,2012,3,Tuesday,17,35,1,11,1,99998,30.43276667,-83.54382222,42,1,0,0,0,1,1
122173,FLORIDA,FL,1,1,1,1,1,1,57,2950,BANKSTON,18,11,November,2012,1,Sunday,18,15,1,13,3,99998,27.98151389,-82.47582222,9,3,0,0,0,1,0
122174,FLORIDA,FL,1,1,0,0,1,1,3,0,BALDWIN,29,12,December,2012,7,Saturday,12,50,1,11,1,99998,30.25373056,-82.41558056,34,1,0,0,0,1,0
122175,FLORIDA,FL,1,1,0,0,1,1,83,0,ARDMORE,29,12,December,2012,7,Saturday,11,36,0,6,8,0,29.11610833,-82.03317222,19,1,0,0,0,1,0
122176,FLORIDA,FL,2,2,0,0,5,5,103,2730,DANVILLE,31,12,December,2012,2,Monday,6,26,1,11,1,99998,27.71540833,-82.67956667,12,3,0,0,0,1,0
122177,FLORIDA,FL,4,4,0,0,4,4,99,0,BEATRICE,1,10,October,2012,2,Monday,15,3,0,6,8,0,26.60669722,-80.11413056,12,1,0,0,0,1,1
122178,FLORIDA,FL,3,3,0,0,6,6,97,0,AXIS,29,12,December,2012,7,Saturday,15,33,0,3,3,99998,28.32671111,-81.54171667,12,1,0,0,0,1,0
122179,FLORIDA,FL,1,1,0,0,1,1,73,0,ARGO,13,10,October,2012,7,Saturday,0,26,0,6,8,0,30.53968333,-84.36111667,42,2,0,0,0,1,0
122180,FLORIDA,FL,1,1,1,1,1,1,86,1340,AVENTURA,15,10,October,2012,2,Monday,6,33,0,16,6,0,25.87701111,-80.32186667,8,3,0,0,0,1,0
122181,FLORIDA,FL,1,1,1,1,1,1,11,1050,BULLOCK,24,7,July,2012,3,Tuesday,20,58,0,13,3,99998,26.13665833,-80.14700556,8,3,0,0,0,1,0
122182,FLORIDA,FL,1,1,1,1,1,1,105,0,MARION,30,10,October,2012,3,Tuesday,15,48,0,3,3,99998,27.83906389,-81.97943611,8,1,0,0,0,1,0
122183,FLORIDA,FL,1,1,1,1,1,1,99,330,BEATRICE,7,11,November,2012,4,Wednesday,20,17,0,14,3,99998,26.52890278,-80.06867778,8,2,0,0,0,1,0
122184,FLORIDA,FL,1,1,0,0,1,1,107,0,CARROLLTON,18,11,November,2012,1,Sunday,19,12,0,3,3,99998,29.73828056,-81.96283056,1,2,0,0,0,1,1
122185,FLORIDA,FL,1,1,0,0,2,2,86,2023,AVENTURA,24,11,November,2012,7,Saturday,4,5,1,13,3,99998,25.95763889,-80.24627778,41,3,0,0,0,1,1
122186,FLORIDA,FL,1,1,0,0,1,1,103,2806,DANVILLE,2,12,December,2012,1,Sunday,0,43,1,13,2,99998,27.81470556,-82.78461944,24,3,0,0,0,1,1
122187,FLORIDA,FL,1,1,1,1,1,1,103,2530,DANVILLE,8,12,December,2012,7,Saturday,18,2,1,13,2,99998,27.85438056,-82.69453056,8,5,0,0,0,1,0