ST_CASE,State Name,State Abbreviation,# of Vehicle involved,Parked_Vehicles_Involved,Pedestrains,Person_Not_in_Motor_Vehicle,Persons_in_motor_vehicle,Total_Persons_in_accident,COUNTY,CITY,City_County_Name,Calendar_DAY,MONTH,Month_name,YEAR,DAY_WEEK,Day_Week_desc,HOUR,MINUTE,NHS_Desc,trafficway,Route,MILEPT,LATITUDE,LONGITUD,First_Crash_event,Light_cond_desc,Weather_condition,School_bus_involved,Crash_cause,FATALS,DRUNK_DR
122189,FLORIDA,FL,1,1,0,0,1,1,127,0,BURNWELL,12,12,December,2012,4,Wednesday,4,45,1,11,1,99998,28.87035000,-80.91926111,42,2,0,0,0,1,0
122190,FLORIDA,FL,2,2,0,0,2,2,11,2083,BULLOCK,14,12,December,2012,6,Friday,21,30,0,16,6,0,25.99392222,-80.27370000,1,3,0,0,0,1,0
122191,FLORIDA,FL,1,1,1,1,1,1,11,1420,BULLOCK,15,12,December,2012,7,Saturday,2,24,1,13,2,99998,26.01671389,-80.20788611,8,3,0,0,0,1,0
122192,FLORIDA,FL,2,2,0,0,2,2,95,0,ALBERTVILLE,21,12,December,2012,6,Friday,6,55,0,6,8,0,28.38438889,-81.59105556,12,4,0,0,0,1,0
122193,FLORIDA,FL,1,1,0,0,1,1,115,0,ASHVILLE,26,12,December,2012,4,Wednesday,10,35,1,11,1,99998,27.05251667,-82.07691944,1,1,0,0,0,1,0
122194,FLORIDA,FL,2,2,0,0,6,6,57,2950,BANKSTON,28,12,December,2012,6,Friday,4,50,1,11,1,99998,27.95055556,-82.51885278,12,3,0,0,0,2,1
122195,FLORIDA,FL,1,1,1,1,1,1,95,2360,ALBERTVILLE,30,12,December,2012,1,Sunday,1,5,1,13,3,99998,28.52419167,-81.45907222,9,3,0,0,0,1,0
122196,FLORIDA,FL,1,1,0,0,1,1,105,1690,MARION,3,4,April,2012,3,Tuesday,21,38,0,16,6,0,28.11771389,-81.90774444,1,3,0,0,0,1,1
122197,FLORIDA,FL,1,1,1,1,1,1,103,0,DANVILLE,16,6,June,2012,7,Saturday,5,44,0,14,3,99998,27.73322222,-82.74544444,8,3,0,0,0,1,0
122198,FLORIDA,FL,1,1,1,1,1,1,86,2020,AVENTURA,17,7,July,2012,3,Tuesday,8,16,1,13,2,99998,25.77810278,-80.16501389,8,1,0,0,0,1,0
122199,FLORIDA,FL,2,2,0,0,2,2,11,2468,BULLOCK,19,8,August,2012,1,Sunday,17,49,0,13,3,99998,26.00784444,-80.31176111,12,1,0,0,0,1,0
122200,FLORIDA,FL,1,1,0,0,1,1,86,0,AVENTURA,25,8,August,2012,7,Saturday,8,8,0,6,8,0,25.57950833,-80.49112222,31,4,0,0,0,1,0
122201,FLORIDA,FL,1,1,0,0,3,3,91,710,DAYTON,7,9,September,2012,6,Friday,15,1,0,13,3,99998,30.74965000,-86.56377500,5,1,0,0,0,1,1
122202,FLORIDA,FL,3,1,0,0,1,1,57,2950,BANKSTON,24,9,September,2012,2,Monday,16,55,1,13,3,99998,27.98177778,-82.41674444,53,1,0,0,0,1,0
122203,FLORIDA,FL,1,1,0,0,1,1,86,0,AVENTURA,30,9,September,2012,1,Sunday,6,0,0,6,8,0,25.67705833,-80.46546111,42,2,0,0,0,1,0
122204,FLORIDA,FL,2,2,0,0,3,3,71,0,BRIDGEPORT,2,10,October,2012,3,Tuesday,10,25,0,6,8,0,26.39792222,-81.80809167,12,1,0,0,0,1,0
122205,FLORIDA,FL,1,1,1,1,1,1,109,0,ANSLEY,7,10,October,2012,1,Sunday,7,35,0,6,8,0,30.11446389,-81.41897222,9,1,0,0,0,1,1
122206,FLORIDA,FL,1,1,0,0,2,2,17,1500,CHAMBERS,8,10,October,2012,2,Monday,19,20,0,16,6,0,28.83690833,-82.33790000,1,3,0,0,0,1,0
122207,FLORIDA,FL,1,1,1,1,1,1,86,0,AVENTURA,10,10,October,2012,4,Wednesday,8,46,0,14,3,99998,25.77345833,-80.31235000,8,1,0,0,0,1,0
122208,FLORIDA,FL,1,1,2,2,1,1,86,0,AVENTURA,13,10,October,2012,7,Saturday,0,8,0,6,8,0,25.52163889,-80.42555833,8,3,0,0,0,1,0
122209,FLORIDA,FL,2,2,0,0,2,2,5,2451,BAKER HILL,14,10,October,2012,1,Sunday,19,50,1,13,2,99998,30.23984722,-85.91189444,12,2,0,0,0,1,0
122210,FLORIDA,FL,1,1,1,1,1,1,86,0,AVENTURA,16,10,October,2012,3,Tuesday,19,49,0,6,8,0,25.67223611,-80.36985000,8,3,0,0,0,1,0
122211,FLORIDA,FL,1,1,1,1,1,1,95,2360,ALBERTVILLE,10,12,December,2012,2,Monday,0,0,1,13,3,99998,28.53422500,-81.31041944,8,3,0,0,0,1,0
122212,FLORIDA,FL,2,2,0,0,3,3,101,0,BOYLSTON,17,12,December,2012,2,Monday,17,27,1,13,2,99998,28.19877778,-82.73965556,12,5,0,0,0,1,0
122213,FLORIDA,FL,1,1,0,0,1,1,101,0,BOYLSTON,25,12,December,2012,3,Tuesday,0,56,1,2,3,99998,28.32463889,-82.46806111,1,2,0,0,0,1,0
122214,FLORIDA,FL,2,2,0,0,2,2,11,1050,BULLOCK,25,12,December,2012,3,Tuesday,13,30,0,16,6,0,26.12758333,-80.15253889,12,1,0,0,0,1,1
122215,FLORIDA,FL,1,1,1,1,1,1,99,2674,BEATRICE,26,12,December,2012,4,Wednesday,19,49,0,16,6,0,26.70610833,-80.22914167,8,3,0,0,0,1,0
122216,FLORIDA,FL,2,2,0,0,2,2,11,771,BULLOCK,29,12,December,2012,7,Saturday,14,1,1,13,3,99998,26.06270000,-80.21050000,12,1,0,0,0,1,0
122217,FLORIDA,FL,1,1,0,0,1,1,57,0,BANKSTON,29,12,December,2012,7,Saturday,17,15,0,14,2,99998,27.92292778,-82.41550833,1,1,0,0,0,1,1
122218,FLORIDA,FL,1,1,0,0,1,1,127,780,BURNWELL,29,12,December,2012,7,Saturday,3,57,1,13,3,99998,29.21543889,-81.04585000,42,3,0,0,0,1,1
122219,FLORIDA,FL,2,2,0,0,1,1,86,0,AVENTURA,30,12,December,2012,1,Sunday,5,2,1,12,3,99998,25.55708333,-80.36268889,12,2,0,0,0,1,1
122220,FLORIDA,FL,1,1,1,1,1,1,9,0,BLOUNT,30,12,December,2012,1,Sunday,7,55,0,16,6,0,28.65827778,-80.86525000,8,1,0,0,0,1,1
122221,FLORIDA,FL,1,1,0,0,1,1,57,0,BANKSTON,30,12,December,2012,1,Sunday,3,24,0,6,8,0,28.03224722,-82.33534444,1,3,0,0,0,1,1
122222,FLORIDA,FL,3,3,0,0,6,6,11,1280,BULLOCK,15,9,September,2012,7,Saturday,19,45,0,13,3,99998,25.99629722,-80.15791667,12,3,0,0,0,1,0
122223,FLORIDA,FL,1,1,1,1,1,1,105,0,MARION,27,9,September,2012,5,Thursday,6,20,1,13,2,99998,28.24987500,-81.65795833,8,2,0,0,0,1,0
122224,FLORIDA,FL,1,1,0,0,6,6,23,0,BLADON SPRINGS,29,9,September,2012,7,Saturday,21,20,1,2,2,99998,30.18013056,-82.66170278,38,3,0,0,0,1,1
122225,FLORIDA,FL,1,1,1,1,1,1,105,0,MARION,28,11,November,2012,4,Wednesday,20,31,0,6,8,0,28.08436667,-81.81429722,8,2,0,0,0,1,0
122226,FLORIDA,FL,1,1,0,0,1,1,115,2235,ASHVILLE,23,12,December,2012,1,Sunday,20,8,0,16,6,0,27.04623889,-82.18774722,35,2,0,0,0,1,1
122227,FLORIDA,FL,2,2,0,0,6,6,105,0,MARION,24,12,December,2012,2,Monday,23,10,0,3,3,99998,27.88298889,-81.44704722,12,2,0,0,0,1,1
122228,FLORIDA,FL,3,3,0,0,4,4,31,1510,COFFEE,26,12,December,2012,4,Wednesday,1,40,1,11,1,99998,30.29062778,-81.62970000,12,2,0,0,0,1,1
122229,FLORIDA,FL,1,1,1,1,2,2,105,1690,MARION,28,10,October,2012,1,Sunday,19,26,1,13,2,99998,28.05503056,-81.95897778,8,3,0,0,0,1,0
122230,FLORIDA,FL,2,2,0,0,5,5,105,0,MARION,29,10,October,2012,2,Monday,13,28,1,2,2,99998,27.76186944,-81.59250000,12,1,0,0,0,2,0
122231,FLORIDA,FL,2,2,0,0,4,4,71,0,BRIDGEPORT,1,12,December,2012,7,Saturday,21,25,1,2,3,99998,26.71535278,-81.67988889,12,2,0,0,0,1,2
122232,FLORIDA,FL,2,2,0,0,3,3,15,0,ANNISTON,13,12,December,2012,5,Thursday,10,31,0,6,8,0,27.00784167,-82.14376667,12,1,0,0,0,1,0
122233,FLORIDA,FL,2,2,0,0,2,2,127,780,BURNWELL,23,12,December,2012,1,Sunday,15,34,0,16,6,0,29.18126389,-81.04229167,12,1,0,0,0,1,0
122234,FLORIDA,FL,2,2,0,0,2,2,11,1050,BULLOCK,28,12,December,2012,6,Friday,10,2,0,16,6,0,26.12928333,-80.16129167,12,1,0,0,0,1,0
122236,FLORIDA,FL,1,1,0,0,1,1,11,2083,BULLOCK,30,12,December,2012,1,Sunday,23,55,0,16,6,0,25.97863333,-80.38906667,33,3,0,0,0,1,0
122237,FLORIDA,FL,1,1,1,1,2,2,31,1510,COFFEE,31,12,December,2012,2,Monday,21,40,0,14,3,99998,30.28215000,-81.74697500,8,3,0,0,0,1,0
122238,FLORIDA,FL,1,1,1,1,1,1,17,0,CHAMBERS,31,12,December,2012,2,Monday,18,12,0,6,8,0,28.80948889,-82.55389444,8,2,0,0,0,1,0
122239,FLORIDA,FL,1,1,0,0,1,1,103,2730,DANVILLE,26,10,October,2012,6,Friday,23,25,0,16,6,0,27.82881111,-82.61627222,35,3,0,0,0,1,1
122240,FLORIDA,FL,2,1,0,0,1,1,86,0,AVENTURA,22,11,November,2012,5,Thursday,2,53,0,6,8,0,25.62823611,-80.44490000,19,3,0,0,0,1,0
122241,FLORIDA,FL,1,1,1,1,1,1,86,2230,AVENTURA,6,12,December,2012,5,Thursday,22,0,0,13,3,99998,25.92601944,-80.15518611,8,3,0,0,0,1,0
122242,FLORIDA,FL,1,1,1,1,4,4,101,0,BOYLSTON,18,12,December,2012,3,Tuesday,19,20,0,6,8,0,28.33558333,-82.66636944,8,2,0,0,0,1,0
122244,FLORIDA,FL,1,1,1,1,1,1,99,0,BEATRICE,20,12,December,2012,5,Thursday,8,50,0,6,8,0,26.49740833,-80.14722778,9,1,0,0,0,1,0
122245,FLORIDA,FL,2,2,0,0,6,6,99,0,BEATRICE,30,12,December,2012,1,Sunday,22,57,0,3,3,99998,26.81206944,-80.27736944,12,3,0,0,0,1,1
122246,FLORIDA,FL,2,2,0,0,2,2,86,2230,AVENTURA,31,12,December,2012,2,Monday,8,48,0,13,3,99998,25.92588889,-80.16190278,12,1,0,0,0,1,0
122247,FLORIDA,FL,1,1,0,0,1,1,86,0,AVENTURA,2,6,June,2012,7,Saturday,2,40,0,13,3,99998,25.84303056,-80.24153333,21,3,0,0,0,1,0
122248,FLORIDA,FL,1,1,0,0,2,2,73,0,ARGO,8,7,July,2012,1,Sunday,19,2,0,6,4,0,30.66045556,-84.21506389,24,1,0,0,0,2,1
122249,FLORIDA,FL,1,1,0,0,3,3,73,2940,ARGO,24,9,September,2012,2,Monday,0,8,0,16,6,0,30.44441111,-84.34715278,42,2,0,0,0,2,1
122250,FLORIDA,FL,2,2,0,0,4,4,86,0,AVENTURA,30,10,October,2012,3,Tuesday,5,34,1,13,2,99998,25.86986111,-80.34388889,12,3,0,0,0,1,0
122251,FLORIDA,FL,1,1,1,1,1,1,11,1781,BULLOCK,17,11,November,2012,7,Saturday,18,35,1,13,3,99998,26.16521111,-80.18971389,8,3,0,0,0,1,0
122252,FLORIDA,FL,2,2,1,1,2,2,86,0,AVENTURA,4,12,December,2012,3,Tuesday,20,0,1,12,3,99998,25.75034444,-80.38516667,8,3,0,0,0,1,0
122253,FLORIDA,FL,1,1,0,0,1,1,127,0,BURNWELL,21,12,December,2012,6,Friday,10,26,1,1,1,99998,29.32932778,-81.13105000,30,1,0,0,0,1,0
122254,FLORIDA,FL,2,2,0,0,3,3,71,0,BRIDGEPORT,27,12,December,2012,5,Thursday,12,56,0,3,3,99998,26.51550278,-81.94396111,12,1,0,0,0,1,0
122255,FLORIDA,FL,1,1,1,1,1,1,99,330,BEATRICE,30,11,November,2012,6,Friday,16,23,0,16,6,0,26.56488611,-80.09018889,8,1,0,0,0,1,0
122256,FLORIDA,FL,1,1,0,0,1,1,99,0,BEATRICE,20,12,December,2012,5,Thursday,22,0,0,6,8,0,26.75261667,-80.32099722,35,9,0,0,0,1,0
122257,FLORIDA,FL,1,1,1,1,1,1,86,2010,AVENTURA,1,9,September,2012,7,Saturday,6,19,0,16,6,0,25.83050000,-80.21651667,8,4,0,0,0,1,1
122258,FLORIDA,FL,1,1,1,1,2,2,99,290,BEATRICE,14,11,November,2012,4,Wednesday,19,24,1,13,3,99998,26.36180000,-80.08595000,8,3,0,0,0,1,0
122259,FLORIDA,FL,1,1,0,0,1,1,99,0,BEATRICE,25,12,December,2012,3,Tuesday,8,4,0,6,8,0,26.68617222,-80.66723056,24,1,0,0,0,1,0
122260,FLORIDA,FL,3,3,0,0,4,4,85,2900,BENTON,8,8,August,2012,4,Wednesday,12,43,1,13,2,99998,27.22910833,-80.26602222,12,1,0,0,0,1,0
122261,FLORIDA,FL,1,1,1,1,1,1,99,290,BEATRICE,22,10,October,2012,2,Monday,22,51,0,16,6,0,26.35051667,-80.08636389,8,3,0,0,0,1,0
122262,FLORIDA,FL,1,1,1,1,1,1,103,2873,DANVILLE,17,12,December,2012,2,Monday,10,50,0,14,3,99998,27.75719444,-82.73690556,8,1,0,0,0,1,0
122263,FLORIDA,FL,2,2,0,0,5,5,103,2730,DANVILLE,7,11,November,2012,4,Wednesday,19,5,0,14,3,99998,27.71900278,-82.68859722,12,3,0,0,0,1,0
122264,FLORIDA,FL,1,1,1,1,1,1,85,0,BENTON,5,10,October,2012,6,Friday,22,35,1,13,2,99998,27.00833333,-80.10197500,8,2,0,0,0,1,0
122265,FLORIDA,FL,1,1,1,1,1,1,86,0,AVENTURA,8,10,October,2012,2,Monday,15,32,0,14,3,99998,25.77296389,-80.31234167,8,1,0,0,0,1,0
122266,FLORIDA,FL,1,1,2,2,2,2,111,2601,GRAHAM,12,10,October,2012,6,Friday,20,15,0,16,6,0,27.27110556,-80.30571944,8,3,0,0,0,1,0
122267,FLORIDA,FL,2,2,0,0,6,6,57,2950,BANKSTON,12,11,November,2012,2,Monday,19,5,0,14,2,99998,27.97803056,-82.46105556,12,3,0,0,0,1,0
122268,FLORIDA,FL,2,2,0,0,2,2,111,1080,GRAHAM,7,12,December,2012,6,Friday,10,7,1,13,2,99998,27.37415000,-80.33798611,12,1,0,1,0,1,0
122269,FLORIDA,FL,2,1,0,0,1,1,71,457,BRIDGEPORT,19,12,December,2012,4,Wednesday,23,59,0,16,6,0,26.59247500,-81.98981944,42,3,0,0,0,1,1
122270,FLORIDA,FL,1,1,0,0,1,1,119,0,BELLAMY,28,12,December,2012,6,Friday,22,1,0,6,4,0,28.69091944,-82.19673889,42,2,0,0,0,1,0
122271,FLORIDA,FL,1,1,0,0,1,1,86,0,AVENTURA,3,12,December,2012,2,Monday,23,15,1,2,2,99998,25.89812778,-80.38207500,43,3,0,0,0,1,0
122272,FLORIDA,FL,2,2,0,0,3,3,105,1690,MARION,18,12,December,2012,3,Tuesday,11,15,0,16,6,0,28.10064722,-81.95073056,12,1,0,0,0,1,0
122273,FLORIDA,FL,3,3,0,0,4,4,11,771,BULLOCK,2,3,March,2012,6,Friday,17,36,1,11,1,99998,26.09095278,-80.21793889,12,1,0,0,0,1,0
122274,FLORIDA,FL,2,2,0,0,2,2,103,2730,DANVILLE,30,6,June,2012,7,Saturday,22,37,0,14,3,99998,27.86997222,-82.64723056,12,3,0,0,0,1,1
122275,FLORIDA,FL,4,4,0,0,6,6,97,2700,AXIS,15,10,October,2012,2,Monday,15,20,1,13,2,99998,28.24585556,-81.27019167,12,1,0,0,0,1,4
122276,FLORIDA,FL,1,1,1,1,1,1,115,2780,ASHVILLE,25,10,October,2012,5,Thursday,11,5,1,13,2,99998,27.34445833,-82.53098056,9,1,0,0,0,1,0
122277,FLORIDA,FL,2,2,0,0,2,2,86,0,AVENTURA,27,10,October,2012,7,Saturday,5,59,0,6,8,0,25.60490833,-80.38151667,12,3,0,0,0,1,1
122278,FLORIDA,FL,2,1,0,0,2,2,69,1820,ASHFORD,29,10,October,2012,2,Monday,15,23,0,16,6,0,28.83784444,-81.89190000,14,1,0,0,0,1,0
122279,FLORIDA,FL,1,1,1,1,1,1,99,1190,BEATRICE,30,10,October,2012,3,Tuesday,17,9,0,16,6,0,26.64526389,-80.14544167,8,1,0,0,0,1,0
122280,FLORIDA,FL,3,2,0,1,3,4,93,2300,BEAR CREEK,1,11,November,2012,5,Thursday,17,12,0,13,3,99998,27.24373056,-80.82407500,12,1,0,0,0,1,0
122281,FLORIDA,FL,1,1,1,1,1,1,111,1080,GRAHAM,3,11,November,2012,7,Saturday,22,12,1,13,2,99998,27.42212778,-80.32589444,8,3,0,0,0,1,0
122282,FLORIDA,FL,2,2,0,0,2,2,11,1050,BULLOCK,4,11,November,2012,1,Sunday,7,50,0,13,3,99998,26.12210000,-80.15048333,12,1,0,0,0,1,0
122283,FLORIDA,FL,1,1,1,1,1,1,86,2030,AVENTURA,15,11,November,2012,5,Thursday,18,22,0,16,6,0,25.86618611,-80.19351389,8,3,0,0,0,1,0
122284,FLORIDA,FL,1,1,1,1,1,1,109,2690,ANSLEY,18,11,November,2012,1,Sunday,0,9,0,13,3,99998,29.89143056,-81.29930278,8,3,0,0,0,1,0
122285,FLORIDA,FL,1,1,1,1,1,1,86,1340,AVENTURA,16,11,November,2012,6,Friday,19,35,0,16,6,0,25.82376667,-80.27336111,8,3,0,0,0,1,0
122286,FLORIDA,FL,1,1,0,0,1,1,99,3190,BEATRICE,23,12,December,2012,1,Sunday,6,25,0,16,6,0,26.75301667,-80.05985278,59,4,0,0,0,1,1
122287,FLORIDA,FL,1,1,1,1,1,1,57,2950,BANKSTON,16,10,October,2012,3,Tuesday,6,24,0,16,6,0,27.99601944,-82.41520556,8,3,0,0,0,1,0
122288,FLORIDA,FL,2,2,5,5,2,2,86,2023,AVENTURA,23,10,October,2012,3,Tuesday,16,11,0,13,3,99998,25.95703889,-80.20622222,12,1,0,0,0,1,1
122289,FLORIDA,FL,2,2,0,0,2,2,31,1510,COFFEE,19,12,December,2012,4,Wednesday,15,47,1,11,1,99998,30.35305556,-81.66805556,12,1,0,0,0,1,0
122290,FLORIDA,FL,1,1,0,0,1,1,86,2010,AVENTURA,3,11,November,2012,7,Saturday,4,50,0,16,6,0,25.84814722,-80.17347222,1,4,0,0,0,1,0
122291,FLORIDA,FL,1,1,1,1,1,1,103,2730,DANVILLE,2,12,December,2012,1,Sunday,3,29,0,16,6,0,27.77202778,-82.63847778,8,3,0,0,0,1,0
122292,FLORIDA,FL,1,1,1,1,1,1,86,2023,AVENTURA,20,12,December,2012,5,Thursday,19,6,0,16,6,0,25.96286111,-80.20591944,9,3,0,0,0,1,0
122293,FLORIDA,FL,1,1,1,1,1,1,86,2023,AVENTURA,28,12,December,2012,6,Friday,22,44,0,16,6,0,25.91897778,-80.26034444,8,3,0,0,0,1,0
122294,FLORIDA,FL,2,2,1,1,2,2,103,1770,DANVILLE,4,11,November,2012,1,Sunday,19,18,0,16,6,0,27.88999722,-82.78715833,8,2,0,0,0,1,0
122295,FLORIDA,FL,1,1,0,0,1,1,53,0,ATMORE,25,11,November,2012,1,Sunday,8,45,0,6,8,0,28.52029722,-82.51388333,59,1,0,0,0,1,0
122296,FLORIDA,FL,1,1,0,0,1,1,11,1782,BULLOCK,25,11,November,2012,1,Sunday,19,0,0,16,6,0,26.19368056,-80.25370278,33,3,0,0,0,1,0
122297,FLORIDA,FL,2,2,0,0,4,4,86,1340,AVENTURA,20,12,December,2012,5,Thursday,19,47,1,13,2,99998,25.83110833,-80.29158333,1,3,0,0,0,1,0
122298,FLORIDA,FL,2,2,0,0,4,4,86,2230,AVENTURA,27,12,December,2012,5,Thursday,22,41,0,13,3,99998,25.90782222,-80.15822500,12,3,0,0,0,1,0
122300,FLORIDA,FL,2,2,0,0,4,4,86,0,AVENTURA,31,5,May,2012,5,Thursday,16,0,0,6,8,0,25.87283889,-80.21007222,12,1,0,0,0,1,0
122301,FLORIDA,FL,1,1,1,1,10,10,103,1770,DANVILLE,31,10,October,2012,4,Wednesday,22,41,0,16,6,0,27.88041389,-82.82825833,9,3,0,0,0,1,0
122302,FLORIDA,FL,2,2,0,0,2,2,127,780,BURNWELL,10,11,November,2012,7,Saturday,3,12,0,13,3,99998,29.17526944,-81.02837222,12,2,0,0,0,1,2
122303,FLORIDA,FL,2,2,0,0,2,2,35,0,BROOKLYN,2,8,August,2012,5,Thursday,12,30,0,3,3,99998,29.51529444,-81.14480556,12,1,0,0,0,1,1
122304,FLORIDA,FL,1,1,1,1,1,1,86,2010,AVENTURA,22,10,October,2012,2,Monday,14,17,0,16,6,0,25.79800000,-80.20707778,8,1,0,0,0,1,0
122305,FLORIDA,FL,2,2,0,0,2,2,86,2010,AVENTURA,3,11,November,2012,7,Saturday,19,20,0,16,6,0,25.83566111,-80.21695000,12,3,0,0,0,1,0
122306,FLORIDA,FL,1,1,1,1,1,1,69,1820,ASHFORD,4,12,December,2012,3,Tuesday,17,55,1,13,2,99998,28.82128056,-81.78084444,8,3,0,0,0,1,0
122307,FLORIDA,FL,1,1,0,0,1,1,11,2570,BULLOCK,12,12,December,2012,4,Wednesday,17,41,0,16,6,0,26.27477500,-80.13429722,10,5,0,0,0,1,0
122308,FLORIDA,FL,1,1,1,1,2,2,86,2906,AVENTURA,27,12,December,2012,5,Thursday,18,2,0,13,3,99998,25.92234167,-80.12250000,8,3,0,0,0,1,0
122309,FLORIDA,FL,1,1,0,0,1,1,86,2441,AVENTURA,28,12,December,2012,6,Friday,14,22,0,16,6,0,25.62443333,-80.34113056,30,1,0,0,0,1,0
122310,FLORIDA,FL,1,1,1,1,2,2,49,320,COLLINSVILLE,30,12,December,2012,1,Sunday,18,52,1,13,2,99998,27.63124722,-81.82497778,8,3,0,0,0,1,0
122311,FLORIDA,FL,3,3,0,0,3,3,86,0,AVENTURA,29,9,September,2012,7,Saturday,6,19,0,3,3,99998,25.85632222,-80.32235000,12,4,0,0,0,1,0
122312,FLORIDA,FL,1,1,1,1,1,1,86,0,AVENTURA,23,10,October,2012,3,Tuesday,6,41,0,6,8,0,25.58083889,-80.39082778,9,4,0,0,0,1,0
122313,FLORIDA,FL,1,1,0,0,1,1,127,0,BURNWELL,13,11,November,2012,3,Tuesday,19,23,1,1,1,99998,28.87426944,-81.28573889,42,2,0,0,0,1,0
122314,FLORIDA,FL,2,2,0,0,1,1,11,1781,BULLOCK,15,12,December,2012,7,Saturday,4,10,0,16,6,0,26.17385278,-80.19264722,12,3,0,0,0,1,0
122316,FLORIDA,FL,1,1,0,0,2,2,117,2770,BIRMINGHAM,21,12,December,2012,6,Friday,9,58,0,16,6,0,28.79647222,-81.26483611,53,1,0,0,0,1,0
122317,FLORIDA,FL,2,2,0,0,6,6,86,2010,AVENTURA,20,10,October,2012,7,Saturday,1,58,0,16,6,0,25.77076111,-80.29017778,12,3,0,0,0,3,0
122318,FLORIDA,FL,2,2,1,1,6,6,86,2010,AVENTURA,16,11,November,2012,6,Friday,13,20,0,16,6,0,25.84747778,-80.19536111,8,1,0,0,0,1,0
122319,FLORIDA,FL,1,1,0,0,1,1,127,0,BURNWELL,16,11,November,2012,6,Friday,0,18,0,3,3,99998,28.94601667,-81.10049444,53,3,0,0,0,1,0
122320,FLORIDA,FL,1,1,0,0,1,1,57,2950,BANKSTON,9,12,December,2012,1,Sunday,15,43,0,16,6,0,27.91878056,-82.52406944,33,1,0,0,0,1,1
122321,FLORIDA,FL,1,1,0,0,1,1,11,2219,BULLOCK,15,12,December,2012,7,Saturday,6,20,0,16,6,0,26.20635278,-80.20314167,30,3,0,0,0,1,1
122322,FLORIDA,FL,1,1,0,0,1,1,57,2950,BANKSTON,26,12,December,2012,4,Wednesday,19,22,1,11,1,99998,27.94795833,-82.53264722,42,3,0,0,0,1,1
122323,FLORIDA,FL,1,1,0,0,1,1,86,2023,AVENTURA,24,11,November,2012,7,Saturday,6,3,0,16,6,0,25.95973056,-80.22191667,25,2,0,0,0,1,1
122324,FLORIDA,FL,3,3,0,0,10,10,119,0,BELLAMY,2,12,December,2012,1,Sunday,17,40,0,6,4,0,28.92720000,-82.00411944,12,1,0,0,0,1,0
122325,FLORIDA,FL,2,2,0,0,2,2,91,1091,DAYTON,5,12,December,2012,4,Wednesday,13,24,0,13,3,99998,30.42541667,-86.64313056,12,1,0,0,0,1,0
122326,FLORIDA,FL,2,2,0,0,2,2,95,0,ALBERTVILLE,26,9,September,2012,4,Wednesday,8,45,0,6,8,0,28.58864444,-81.44614167,12,1,0,0,0,1,0
122327,FLORIDA,FL,1,1,0,0,3,3,86,0,AVENTURA,18,11,November,2012,1,Sunday,18,51,0,6,8,0,25.69336667,-80.41567500,42,5,0,0,0,1,0
122328,FLORIDA,FL,2,2,0,0,6,6,99,0,BEATRICE,20,11,November,2012,3,Tuesday,15,15,1,1,1,99998,26.81379444,-80.09829444,12,1,0,0,0,1,0
122329,FLORIDA,FL,1,1,0,0,1,1,86,2010,AVENTURA,26,11,November,2012,2,Monday,18,36,0,16,6,0,25.77826111,-80.27804167,31,5,0,0,0,1,0
122330,FLORIDA,FL,2,2,0,0,2,2,86,0,AVENTURA,27,11,November,2012,3,Tuesday,18,5,0,6,8,0,25.62085000,-80.35942222,12,3,0,0,0,1,0
122331,FLORIDA,FL,2,2,0,0,2,2,11,1050,BULLOCK,28,11,November,2012,4,Wednesday,19,8,0,16,6,0,26.10692778,-80.17151944,12,3,0,0,0,1,0
122332,FLORIDA,FL,1,1,1,1,1,1,86,125,AVENTURA,29,11,November,2012,5,Thursday,18,11,0,16,6,0,25.96138889,-80.14183889,8,3,0,0,0,1,0
122333,FLORIDA,FL,2,2,1,1,3,3,86,735,AVENTURA,8,12,December,2012,7,Saturday,10,14,0,16,6,0,25.57586944,-80.37221111,8,1,0,0,0,1,0
122334,FLORIDA,FL,1,1,1,1,2,2,57,2540,BANKSTON,9,12,December,2012,1,Sunday,19,7,0,16,6,0,28.02211667,-82.10752222,8,2,0,0,0,1,0
122335,FLORIDA,FL,1,1,1,1,1,1,11,1782,BULLOCK,15,12,December,2012,7,Saturday,18,45,0,16,6,0,26.16093611,-80.23006389,8,3,0,0,0,1,0
122336,FLORIDA,FL,2,2,0,0,3,3,103,2960,DANVILLE,16,12,December,2012,1,Sunday,19,52,0,16,6,0,28.13761944,-82.75672222,33,3,0,0,0,1,1
122337,FLORIDA,FL,2,2,0,0,2,2,27,80,ASHLAND,17,12,December,2012,2,Monday,8,20,0,16,6,0,27.21423056,-81.85691389,12,1,0,0,0,1,0
122338,FLORIDA,FL,2,2,0,0,2,2,86,844,AVENTURA,13,3,March,2012,3,Tuesday,19,13,0,16,6,0,25.80863333,-80.38383333,12,5,0,0,0,1,0