ST_CASE,State Name,State Abbreviation,# of Vehicle involved,Parked_Vehicles_Involved,Pedestrains,Person_Not_in_Motor_Vehicle,Persons_in_motor_vehicle,Total_Persons_in_accident,COUNTY,CITY,City_County_Name,Calendar_DAY,MONTH,Month_name,YEAR,DAY_WEEK,Day_Week_desc,HOUR,MINUTE,NHS_Desc,trafficway,Route,MILEPT,LATITUDE,LONGITUD,First_Crash_event,Light_cond_desc,Weather_condition,School_bus_involved,Crash_cause,FATALS,DRUNK_DR
122339,FLORIDA,FL,1,1,1,1,1,1,103,2730,DANVILLE,30,11,November,2012,6,Friday,1,31,0,16,6,0,27.86851944,-82.63872222,8,3,0,0,0,1,0
122340,FLORIDA,FL,1,1,0,0,1,1,111,2601,GRAHAM,1,10,October,2012,2,Monday,0,15,0,16,6,0,27.33458889,-80.39963333,1,2,0,0,0,1,1
122341,FLORIDA,FL,2,2,0,0,3,3,81,340,AUBURN,25,8,August,2012,7,Saturday,1,25,1,13,2,99998,27.50451111,-82.56296667,12,3,0,0,0,1,1
122342,FLORIDA,FL,2,2,0,0,2,2,83,2270,ARDMORE,13,10,October,2012,7,Saturday,2,3,1,13,2,99998,29.09546111,-82.08093056,12,3,0,0,0,1,0
122343,FLORIDA,FL,2,2,1,1,2,2,11,1927,BULLOCK,27,10,October,2012,7,Saturday,22,41,0,13,3,99998,26.22806944,-80.20449167,8,3,0,0,0,1,0
122344,FLORIDA,FL,1,1,0,0,2,2,73,0,ARGO,31,10,October,2012,4,Wednesday,19,25,0,6,6,0,30.57171667,-84.27571944,42,2,0,0,0,2,1
122345,FLORIDA,FL,2,2,0,0,2,2,123,2510,ALEXANDER CITY,5,11,November,2012,2,Monday,10,50,1,13,2,99998,29.74522778,-83.32034444,12,1,0,0,0,1,0
122346,FLORIDA,FL,1,1,1,1,2,2,86,1340,AVENTURA,26,11,November,2012,2,Monday,19,15,0,16,6,0,25.82853611,-80.28154722,8,2,0,0,0,1,0
122347,FLORIDA,FL,1,1,1,1,1,1,11,1420,BULLOCK,30,12,December,2012,1,Sunday,7,38,0,16,6,0,26.02458611,-80.22055556,9,4,0,0,0,1,0
122348,FLORIDA,FL,1,1,1,1,1,1,103,1770,DANVILLE,7,9,September,2012,6,Friday,23,46,0,13,3,99998,27.91649167,-82.75417500,8,3,0,0,0,1,0
122349,FLORIDA,FL,1,1,1,1,1,1,115,3050,ASHVILLE,23,12,December,2012,1,Sunday,23,20,1,13,2,99998,27.10027222,-82.44428333,9,3,0,0,0,1,0
122350,FLORIDA,FL,1,1,1,1,1,1,86,1340,AVENTURA,30,11,November,2012,6,Friday,21,40,0,16,6,0,25.87105833,-80.33106944,8,3,0,0,0,1,0
122351,FLORIDA,FL,1,1,0,0,1,1,99,2660,BEATRICE,11,10,October,2012,5,Thursday,6,53,0,13,3,99998,26.78223333,-80.06691111,5,1,0,0,0,1,0
122352,FLORIDA,FL,1,1,0,0,5,5,86,1340,AVENTURA,24,10,October,2012,4,Wednesday,14,22,0,16,6,0,25.86123056,-80.28569167,1,1,0,0,0,1,0
122353,FLORIDA,FL,1,1,1,1,1,1,86,1340,AVENTURA,28,10,October,2012,1,Sunday,17,0,0,16,6,0,25.86038056,-80.28280278,9,1,0,0,0,1,0
122354,FLORIDA,FL,2,2,1,1,2,2,86,1340,AVENTURA,18,12,December,2012,3,Tuesday,7,30,0,16,6,0,25.87171389,-80.31502500,8,1,0,1,0,1,0
122355,FLORIDA,FL,2,2,1,1,4,4,33,2490,CHEROKEE,15,12,December,2012,7,Saturday,18,17,0,16,6,0,30.42015000,-87.22958056,8,2,0,0,0,1,0
122356,FLORIDA,FL,1,1,0,0,1,1,97,2700,AXIS,22,11,November,2012,5,Thursday,15,15,0,16,6,0,28.25013889,-81.24371389,33,1,0,0,0,1,0
122357,FLORIDA,FL,1,1,1,1,1,1,57,2950,BANKSTON,16,11,November,2012,6,Friday,23,38,0,13,2,99998,27.99602222,-82.48404444,9,3,0,0,0,1,0
122358,FLORIDA,FL,1,1,0,0,1,1,111,2601,GRAHAM,16,12,December,2012,1,Sunday,7,37,0,6,8,0,27.35495556,-80.41448889,21,1,0,0,0,1,0
122359,FLORIDA,FL,2,2,0,0,2,2,111,2601,GRAHAM,21,12,December,2012,6,Friday,20,14,0,16,6,0,27.27109444,-80.29751667,12,3,0,0,0,1,0
122360,FLORIDA,FL,2,1,0,0,1,1,86,1340,AVENTURA,10,12,December,2012,2,Monday,4,30,0,16,6,0,25.84105000,-80.27401944,40,3,0,0,0,1,1
122361,FLORIDA,FL,8,2,0,0,3,3,86,1340,AVENTURA,19,10,October,2012,6,Friday,21,42,0,16,6,0,25.86733611,-80.26444167,12,3,0,0,0,1,1
122362,FLORIDA,FL,2,2,0,0,2,2,19,0,CEDAR BLUFF,21,9,September,2012,6,Friday,21,55,0,6,6,0,30.12373333,-81.79756944,12,3,0,0,0,1,0
122363,FLORIDA,FL,1,1,0,0,2,2,109,2690,ANSLEY,25,12,December,2012,3,Tuesday,17,32,0,16,6,0,29.88412500,-81.28718889,18,1,0,0,0,2,0
122364,FLORIDA,FL,1,1,1,1,1,1,86,2020,AVENTURA,2,9,September,2012,1,Sunday,20,0,0,16,6,0,25.78760833,-80.13045278,8,3,0,0,0,1,0
122365,FLORIDA,FL,1,1,1,1,1,1,11,1782,BULLOCK,26,11,November,2012,2,Monday,19,41,0,6,6,0,26.14954444,-80.18674722,9,3,0,0,0,1,0
122366,FLORIDA,FL,2,2,1,1,2,2,11,1782,BULLOCK,7,12,December,2012,6,Friday,15,41,0,6,6,0,26.17916667,-80.25179722,9,1,0,0,0,1,0
122367,FLORIDA,FL,6,6,0,0,8,8,86,0,AVENTURA,28,11,November,2012,4,Wednesday,16,4,0,16,6,0,25.70332500,-80.30960833,12,1,0,0,0,1,0
122368,FLORIDA,FL,1,1,0,0,1,1,86,0,AVENTURA,8,12,December,2012,7,Saturday,8,28,0,16,6,0,25.75730556,-80.44044167,39,1,0,0,0,1,0
122369,FLORIDA,FL,1,1,1,1,1,1,86,0,AVENTURA,23,8,August,2012,5,Thursday,99,99,0,16,6,0,25.53030833,-80.41678056,8,2,0,0,0,1,0
130001,GEORGIA,GA,1,1,0,0,1,1,21,3390,CHILTON,1,1,January,2012,1,Sunday,17,41,0,16,6,2,32.81696389,-83.68764444,38,5,0,0,0,1,0
130002,GEORGIA,GA,1,1,0,0,1,1,121,280,BON AIR,1,1,January,2012,1,Sunday,8,7,0,16,6,0,33.78498333,-84.42783611,33,1,0,0,0,1,1
130003,GEORGIA,GA,1,1,0,0,1,1,275,5460,BARWICK,1,1,January,2012,1,Sunday,16,55,0,14,4,3,30.81358889,-83.99586944,59,1,0,0,0,1,1
130004,GEORGIA,GA,2,2,0,0,4,4,103,4670,DANVILLE,3,1,January,2012,3,Tuesday,16,40,0,3,3,27,32.26850000,-81.22473333,12,1,0,0,0,1,0
130005,GEORGIA,GA,2,2,0,0,3,3,193,0,IDEAL,3,1,January,2012,3,Tuesday,10,30,0,6,4,74,32.30960000,-83.99241111,12,1,0,0,0,1,0
130006,GEORGIA,GA,1,1,0,0,1,1,249,0,ELLAVILLE,3,1,January,2012,3,Tuesday,7,10,0,4,4,7,32.16978611,-84.21435556,42,1,0,0,0,1,0
130007,GEORGIA,GA,1,1,0,0,1,1,287,0,ASHBURN,3,1,January,2012,3,Tuesday,6,22,0,6,4,37,31.80434444,-83.60500556,18,2,0,0,0,1,0
130008,GEORGIA,GA,1,1,0,0,1,1,15,0,ANNISTON,4,1,January,2012,4,Wednesday,10,51,0,3,4,77,34.27200000,-84.75426667,10,1,0,0,0,1,0
130009,GEORGIA,GA,1,1,0,0,1,1,47,0,BROWNS,4,1,January,2012,4,Wednesday,7,42,0,5,4,31,34.90490556,-85.17865278,11,1,0,0,0,1,0
130010,GEORGIA,GA,1,1,0,0,7,7,191,0,CRESCENT,5,1,January,2012,5,Thursday,15,18,1,1,1,144,31.54999722,-81.44434444,1,1,0,0,0,1,0
130011,GEORGIA,GA,3,3,0,0,4,4,285,2760,GABBETTVILLE,5,1,January,2012,5,Thursday,12,35,0,3,2,292,33.16487778,-84.91462778,12,1,0,0,0,1,0
130012,GEORGIA,GA,1,1,0,0,1,1,103,2520,DANVILLE,6,1,January,2012,6,Friday,12,57,0,3,3,170,32.45553333,-81.27308889,38,1,0,0,0,1,0
130013,GEORGIA,GA,2,2,0,0,3,3,183,3280,FORT STEWART,6,1,January,2012,6,Friday,0,34,0,4,4,99999,31.76306944,-81.69864444,12,2,0,0,0,1,2
130014,GEORGIA,GA,1,1,0,0,1,1,113,0,COTTONTON,7,1,January,2012,7,Saturday,5,6,0,14,3,19,33.52891667,-84.44946944,59,2,0,0,0,1,1
130015,GEORGIA,GA,3,3,0,0,7,7,135,3100,ASH FLAT,7,1,January,2012,7,Saturday,22,10,0,16,4,9,33.90560000,-83.99058056,12,2,0,0,0,2,2
130016,GEORGIA,GA,3,3,0,0,5,5,223,0,BRASWELL,7,1,January,2012,7,Saturday,18,48,0,13,3,204,33.92603611,-84.74795278,12,2,0,0,0,1,0
130017,GEORGIA,GA,2,2,0,0,3,3,313,1225,COHUTTA,7,1,January,2012,7,Saturday,12,15,0,14,3,33,34.89866111,-84.96406111,12,1,0,0,0,1,0
130018,GEORGIA,GA,1,1,0,0,1,1,297,3710,BETWEEN,8,1,January,2012,1,Sunday,16,57,0,5,4,2,33.83551389,-83.71640278,42,1,0,0,0,1,1
130019,GEORGIA,GA,1,1,1,1,1,1,119,0,BELLAMY,9,1,January,2012,2,Monday,17,16,1,2,3,24,34.33136667,-83.10953611,8,1,0,0,0,1,0
130020,GEORGIA,GA,2,2,0,0,2,2,135,3100,ASH FLAT,9,1,January,2012,2,Monday,13,57,0,15,4,5,33.97823611,-84.02725556,12,1,0,0,0,1,0
130021,GEORGIA,GA,1,1,1,1,1,1,35,0,BROOKLYN,10,1,January,2012,3,Tuesday,18,23,0,4,6,9,33.28197500,-83.96517778,8,2,0,0,0,1,0
130022,GEORGIA,GA,1,1,0,0,1,1,189,0,BONEVILLE,11,1,January,2012,4,Wednesday,23,10,1,1,1,5,33.49606111,-82.60242222,1,3,0,0,0,1,1
130023,GEORGIA,GA,1,1,0,0,1,1,1,0,AUTAUGA,12,1,January,2012,5,Thursday,17,0,0,6,4,15,31.88781667,-82.18730833,34,1,0,0,0,1,0
130024,GEORGIA,GA,1,1,0,0,1,1,71,0,BRIDGEPORT,12,1,January,2012,5,Thursday,10,4,0,16,4,63,31.15227778,-83.70680278,34,1,0,0,0,1,0
130025,GEORGIA,GA,2,2,0,0,4,4,175,4600,CADWELL,13,1,January,2012,6,Friday,18,40,0,3,3,69,32.37665278,-82.99442778,12,2,0,0,0,1,1
130026,GEORGIA,GA,2,2,0,0,5,5,245,310,AUGUSTA,13,1,January,2012,6,Friday,1,22,0,16,4,10,33.43159444,-82.08687500,12,2,0,0,0,1,0
130027,GEORGIA,GA,1,1,0,0,3,3,33,0,CHEROKEE,15,1,January,2012,1,Sunday,0,50,0,3,3,203,33.10147222,-82.13131667,35,2,0,0,0,1,1
130028,GEORGIA,GA,1,1,1,1,0,0,145,0,BALD KNOB,16,1,January,2012,2,Monday,10,35,0,6,4,0,32.68207778,-85.01306111,8,1,0,0,0,1,0
130029,GEORGIA,GA,2,1,0,1,1,2,135,1810,ASH FLAT,17,1,January,2012,3,Tuesday,17,40,1,11,1,87,33.96226111,-84.10699722,14,5,0,0,0,1,0
130030,GEORGIA,GA,1,1,0,0,1,1,39,6010,ANDALUSIA,18,1,January,2012,4,Wednesday,10,51,0,4,4,13,30.98482778,-81.73405000,42,1,0,0,0,1,0
130031,GEORGIA,GA,1,1,0,0,1,1,97,1770,AXIS,18,1,January,2012,4,Wednesday,10,38,1,11,1,154,33.76745833,-84.65695833,42,1,0,0,0,1,0
130032,GEORGIA,GA,1,1,1,1,1,1,315,0,ABBEVILLE,19,1,January,2012,5,Thursday,7,57,0,5,4,71,32.03702778,-83.39937500,8,2,0,0,0,1,0
130033,GEORGIA,GA,1,1,0,0,1,1,213,0,CARTERS,20,1,January,2012,6,Friday,10,45,0,6,4,45,34.84864722,-84.76562778,35,1,0,0,0,1,0
130034,GEORGIA,GA,1,1,0,0,2,2,39,0,ANDALUSIA,21,1,January,2012,7,Saturday,22,9,0,16,6,30,30.76563333,-81.66063333,1,2,0,0,0,1,0
130035,GEORGIA,GA,3,3,0,0,6,6,191,1560,CRESCENT,1,1,January,2012,1,Sunday,14,49,0,4,4,83,31.45524167,-81.56342222,12,1,0,0,0,1,0
130036,GEORGIA,GA,2,2,0,0,3,3,215,1280,BIBB CITY,6,1,January,2012,6,Friday,21,40,1,13,3,30,32.48082222,-84.94263611,12,3,0,0,0,1,1
130037,GEORGIA,GA,1,1,1,1,2,2,63,0,BOLIGEE,7,1,January,2012,7,Saturday,23,10,1,13,2,18,33.45392500,-84.32644167,8,2,0,0,0,1,0
130038,GEORGIA,GA,1,1,0,0,1,1,225,0,BYRON,12,1,January,2012,5,Thursday,9,7,0,5,4,29,32.51896944,-83.86326667,59,1,0,0,0,1,0
130039,GEORGIA,GA,1,1,0,0,1,1,63,0,BOLIGEE,13,1,January,2012,6,Friday,13,47,0,16,4,4,33.63228056,-84.32815833,42,1,0,0,0,1,0
130040,GEORGIA,GA,1,1,0,0,1,1,147,0,AUGUSTA,20,1,January,2012,6,Friday,17,56,0,3,3,143,34.34839167,-82.89835556,42,2,0,0,0,1,1
130041,GEORGIA,GA,1,1,0,0,2,2,49,0,COLLINSVILLE,23,1,January,2012,2,Monday,15,16,0,3,2,388,30.87301111,-82.01291389,59,1,0,0,0,1,0
130042,GEORGIA,GA,1,1,1,1,1,1,89,0,BROWNSBORO,1,1,January,2012,1,Sunday,18,1,0,14,3,68,33.69006667,-84.25732222,8,5,0,0,0,1,0
130043,GEORGIA,GA,1,1,1,1,3,3,121,280,BON AIR,1,1,January,2012,1,Sunday,20,51,0,15,6,10,33.68768889,-84.38996389,8,2,0,0,0,1,0
130044,GEORGIA,GA,2,1,3,3,2,2,185,5680,ANAKTUVUK PASS,1,1,January,2012,1,Sunday,2,33,0,16,6,0,30.82629722,-83.25685278,14,2,0,0,0,1,0
130045,GEORGIA,GA,1,1,0,0,1,1,121,5640,BON AIR,2,1,January,2012,2,Monday,12,56,0,16,6,7,33.57639444,-84.53056944,42,1,0,0,0,1,0
130046,GEORGIA,GA,1,1,0,0,1,1,145,0,BALD KNOB,28,1,January,2012,7,Saturday,23,22,0,6,4,28,32.83097778,-84.73410556,32,2,0,0,0,1,1
130047,GEORGIA,GA,2,2,0,0,2,2,117,0,BIRMINGHAM,5,1,January,2012,5,Thursday,18,5,0,14,3,50,34.13194167,-84.17215000,12,2,0,0,0,1,0
130048,GEORGIA,GA,2,2,0,0,4,4,121,280,BON AIR,6,1,January,2012,6,Friday,18,33,0,14,6,239,33.69062222,-84.51144167,12,5,0,0,0,1,0
130049,GEORGIA,GA,1,1,0,0,1,1,89,1610,BROWNSBORO,7,1,January,2012,7,Saturday,3,21,0,15,6,22,33.70826111,-84.23462778,53,3,0,0,0,1,1
130050,GEORGIA,GA,2,2,1,1,2,2,89,0,BROWNSBORO,9,1,January,2012,2,Monday,19,0,0,14,3,20,33.68386389,-84.19863333,8,2,0,0,0,1,0
130051,GEORGIA,GA,2,2,0,0,2,2,121,280,BON AIR,9,1,January,2012,2,Monday,10,23,1,11,1,109,33.78008056,-84.49600556,12,1,0,0,0,1,0
130052,GEORGIA,GA,2,2,0,0,3,3,237,0,EATONTON,9,1,January,2012,2,Monday,16,35,1,13,3,162,33.37434167,-83.38035000,12,1,0,0,0,1,0
130053,GEORGIA,GA,2,2,0,0,5,5,153,5790,BONAIRE,11,1,January,2012,4,Wednesday,17,58,0,15,6,4,32.65583611,-83.61967778,12,2,0,0,0,1,0
130054,GEORGIA,GA,2,2,0,0,3,3,171,400,ALDORA,11,1,January,2012,4,Wednesday,16,35,0,14,3,46,33.04671944,-84.17689167,12,1,0,0,0,1,1
130055,GEORGIA,GA,1,1,0,0,1,1,23,0,BLADON SPRINGS,13,1,January,2012,6,Friday,16,39,0,4,4,55,32.52083889,-83.30656111,53,1,0,0,0,1,0
130056,GEORGIA,GA,1,1,1,1,1,1,89,0,BROWNSBORO,14,1,January,2012,7,Saturday,4,16,1,11,1,123,33.80285278,-84.24983333,8,2,0,0,0,1,0
130057,GEORGIA,GA,2,2,0,0,3,3,121,280,BON AIR,18,1,January,2012,4,Wednesday,14,19,0,13,6,1,33.84046111,-84.37700000,12,1,0,0,0,1,0
130058,GEORGIA,GA,2,2,0,0,3,3,117,0,BIRMINGHAM,20,1,January,2012,6,Friday,11,27,0,14,6,10,34.20941111,-84.11984722,12,1,0,0,0,1,0
130059,GEORGIA,GA,1,1,0,0,1,1,223,0,BRASWELL,20,1,January,2012,6,Friday,23,12,0,14,4,99999,33.81516667,-84.72843889,53,2,0,0,0,1,0
130060,GEORGIA,GA,1,1,0,0,1,1,89,0,BROWNSBORO,21,1,January,2012,7,Saturday,9,17,1,11,1,244,33.67080556,-84.32933056,42,1,0,0,0,1,0
130061,GEORGIA,GA,1,1,1,1,1,1,89,0,BROWNSBORO,21,1,January,2012,7,Saturday,13,17,0,13,3,0,33.84293889,-84.32855278,8,1,0,0,0,1,0
130062,GEORGIA,GA,1,1,1,1,2,2,97,0,AXIS,21,1,January,2012,7,Saturday,1,18,0,16,4,99999,33.78395833,-84.64268889,8,2,0,0,0,1,0
130063,GEORGIA,GA,1,1,1,1,2,2,51,2290,CENTRAL,22,1,January,2012,1,Sunday,20,29,0,16,3,71,32.04034722,-81.19981667,9,2,0,0,0,1,0
130064,GEORGIA,GA,1,1,0,0,1,1,217,0,COVINGTON,22,1,January,2012,1,Sunday,20,25,0,16,6,20,33.67084444,-83.86683333,34,2,0,0,0,1,1
130065,GEORGIA,GA,2,2,0,0,5,5,51,4910,CENTRAL,23,1,January,2012,2,Monday,23,17,1,13,1,4,32.04339444,-81.14648889,12,3,0,0,0,1,0
130066,GEORGIA,GA,1,1,0,0,1,1,81,0,AUBURN,24,1,January,2012,3,Tuesday,15,44,1,2,2,166,31.95741667,-83.67119444,1,1,0,0,0,1,1
130067,GEORGIA,GA,2,1,1,1,4,4,121,280,BON AIR,24,1,January,2012,3,Tuesday,23,20,1,11,1,28,33.74156111,-84.39186944,8,3,0,0,0,1,1
130068,GEORGIA,GA,2,2,0,0,4,4,175,0,CADWELL,24,1,January,2012,3,Tuesday,19,26,1,1,1,23,32.55278056,-83.17908333,12,1,0,0,0,1,0
130069,GEORGIA,GA,2,2,0,0,2,2,223,1500,BRASWELL,24,1,January,2012,3,Tuesday,12,35,1,13,3,94,33.91194167,-84.84080556,12,1,0,0,0,1,0
130070,GEORGIA,GA,1,1,0,0,1,1,251,0,DOVER,24,1,January,2012,3,Tuesday,20,47,0,4,3,220,32.73516944,-81.50885000,42,2,0,0,0,1,1
130071,GEORGIA,GA,2,2,2,2,1,1,275,5460,BARWICK,24,1,January,2012,3,Tuesday,21,52,1,13,2,99999,30.93518889,-84.00639167,8,2,0,0,0,1,0
130072,GEORGIA,GA,3,3,0,0,3,3,121,280,BON AIR,25,1,January,2012,4,Wednesday,11,32,0,14,6,14,33.75896667,-84.39433333,12,1,0,0,0,1,0
130073,GEORGIA,GA,1,1,1,1,1,1,67,0,ABBEVILLE,26,1,January,2012,5,Thursday,5,11,0,16,4,1,34.04664722,-84.55815278,8,2,0,0,0,1,1
130074,GEORGIA,GA,1,1,0,0,1,1,129,0,BIGBEE,26,1,January,2012,5,Thursday,23,40,0,14,3,151,34.52812222,-84.86083333,35,2,0,0,0,1,1
130075,GEORGIA,GA,1,1,2,2,1,1,211,3400,APALACHEE,26,1,January,2012,5,Thursday,19,3,1,2,6,119,33.59502778,-83.46856667,8,3,0,0,0,1,0
130076,GEORGIA,GA,1,1,0,0,2,2,47,0,BROWNS,27,1,January,2012,6,Friday,16,37,1,11,1,125,34.96558333,-85.18778333,23,1,0,0,0,1,0
130077,GEORGIA,GA,1,1,1,1,1,1,89,1750,BROWNSBORO,27,1,January,2012,6,Friday,5,6,1,11,1,37,33.91238056,-84.28707500,8,2,0,0,0,1,0
130078,GEORGIA,GA,2,2,0,0,2,2,121,280,BON AIR,27,1,January,2012,6,Friday,14,49,0,14,6,11,33.75128889,-84.37173611,12,1,0,0,0,1,0
130079,GEORGIA,GA,1,1,1,1,1,1,245,310,AUGUSTA,27,1,January,2012,6,Friday,6,22,0,13,6,101,33.51272778,-82.04745833,8,3,0,0,0,1,0
130080,GEORGIA,GA,1,1,0,0,3,3,285,3050,GABBETTVILLE,27,1,January,2012,6,Friday,12,43,1,1,1,83,32.98730556,-84.94999167,42,1,0,0,0,1,0
130081,GEORGIA,GA,1,1,0,0,1,1,105,1950,MARION,28,1,January,2012,7,Saturday,15,35,1,2,6,12,34.07483056,-82.98311944,35,1,0,0,0,1,1
130082,GEORGIA,GA,1,1,0,0,1,1,139,3290,CALION,28,1,January,2012,7,Saturday,16,15,0,5,6,24,34.26805833,-83.66089167,34,1,0,0,0,1,1
130083,GEORGIA,GA,2,2,0,0,2,2,217,0,COVINGTON,28,1,January,2012,7,Saturday,2,25,0,15,6,42,33.62775833,-83.90510278,12,2,0,0,0,1,1
130084,GEORGIA,GA,1,1,0,0,3,3,229,0,BLACKSHEAR,28,1,January,2012,7,Saturday,2,30,0,6,6,38,31.41493611,-82.07954167,1,2,0,0,0,1,1
130085,GEORGIA,GA,1,1,0,0,1,1,257,0,AVALON,28,1,January,2012,7,Saturday,3,30,0,6,6,99999,99.99990000,999.99990000,53,2,0,0,0,1,1
130086,GEORGIA,GA,1,1,0,0,2,2,67,0,ABBEVILLE,29,1,January,2012,1,Sunday,13,33,1,11,1,160,34.07587222,-84.62046389,42,1,0,0,0,1,0
130087,GEORGIA,GA,2,2,0,0,2,2,33,5710,CHEROKEE,1,2,February,2012,4,Wednesday,7,55,0,4,3,297,33.05495833,-82.16015278,12,1,0,0,0,1,0
130088,GEORGIA,GA,1,1,0,0,1,1,121,120,BON AIR,1,2,February,2012,4,Wednesday,23,39,0,16,6,9,34.08027222,-84.28483889,30,3,0,0,0,1,0
130089,GEORGIA,GA,2,2,0,0,2,2,135,0,ASH FLAT,1,2,February,2012,4,Wednesday,9,6,0,13,4,198,34.13422500,-84.00381389,12,1,0,0,0,1,0
130090,GEORGIA,GA,2,2,0,0,5,5,183,0,FORT STEWART,1,2,February,2012,4,Wednesday,21,20,0,4,4,72,31.79491389,-81.67420556,12,2,0,0,0,1,1
130092,GEORGIA,GA,1,1,0,0,1,1,119,0,BELLAMY,3,2,February,2012,6,Friday,15,15,1,1,1,15,34.32628889,-83.36048611,1,1,0,0,0,1,0
130093,GEORGIA,GA,2,2,0,0,2,2,275,0,BARWICK,3,2,February,2012,6,Friday,19,4,1,2,2,220,30.94965556,-84.02394722,12,2,0,0,0,1,0
130094,GEORGIA,GA,1,1,0,0,1,1,15,3020,ANNISTON,4,2,February,2012,7,Saturday,8,35,1,2,2,55,34.21202222,-84.95200833,42,1,0,0,0,1,0
130095,GEORGIA,GA,1,1,0,0,1,1,103,2520,DANVILLE,4,2,February,2012,7,Saturday,23,38,0,5,4,23,32.29359167,-81.39683611,42,2,0,0,0,1,1
130096,GEORGIA,GA,6,6,0,0,9,9,215,1280,BIBB CITY,4,2,February,2012,7,Saturday,18,45,0,14,6,57,32.46755833,-84.91135278,12,3,0,0,0,1,1
130097,GEORGIA,GA,2,2,0,0,5,5,57,0,BANKSTON,5,2,February,2012,1,Sunday,11,13,1,2,3,64,34.21247778,-84.55443333,12,1,0,0,0,2,1
130098,GEORGIA,GA,1,1,0,0,1,1,89,0,BROWNSBORO,5,2,February,2012,1,Sunday,2,50,0,14,4,16,33.85705556,-84.25599444,30,3,0,0,0,1,0
130099,GEORGIA,GA,2,2,0,0,2,2,87,0,ARMSTRONG,6,2,February,2012,2,Monday,5,40,0,4,3,19,30.73108889,-84.40185556,12,2,0,0,0,1,0
130100,GEORGIA,GA,2,2,0,0,2,2,89,0,BROWNSBORO,6,2,February,2012,2,Monday,10,13,0,14,2,105,33.73218333,-84.19691944,12,1,0,0,0,1,0
130101,GEORGIA,GA,2,2,0,0,3,3,45,0,ARITON,7,2,February,2012,3,Tuesday,11,40,0,14,4,20,33.62883333,-85.03578611,12,1,0,0,0,1,0
130102,GEORGIA,GA,1,1,0,0,2,2,89,0,BROWNSBORO,7,2,February,2012,3,Tuesday,22,29,0,15,4,6,33.68365556,-84.24621389,23,2,0,0,0,1,1
130103,GEORGIA,GA,1,1,0,0,1,1,119,0,BELLAMY,7,2,February,2012,3,Tuesday,19,11,0,4,3,60,34.36390278,-83.15277778,42,2,0,0,0,1,0
130104,GEORGIA,GA,2,2,0,0,3,3,15,0,ANNISTON,8,2,February,2012,4,Wednesday,11,35,0,3,3,37,34.10509444,-84.91708611,12,1,0,0,0,2,0
130105,GEORGIA,GA,1,1,0,0,1,1,129,0,BIGBEE,8,2,February,2012,4,Wednesday,4,36,1,11,1,127,34.58113889,-84.95203889,24,1,0,0,0,1,0
130106,GEORGIA,GA,1,1,1,1,1,1,215,1280,BIBB CITY,8,2,February,2012,4,Wednesday,16,40,0,14,4,22,32.54106389,-84.89699167,8,1,0,0,0,1,0
130107,GEORGIA,GA,2,2,0,0,3,3,227,2910,JASPER,10,2,February,2012,6,Friday,16,24,0,4,3,185,34.41035556,-84.40892778,12,1,0,0,0,1,0
130108,GEORGIA,GA,2,2,0,0,4,4,311,1190,CLEVELAND,10,2,February,2012,6,Friday,17,11,0,3,3,120,34.58650278,-83.69804722,12,5,0,0,0,1,0
130109,GEORGIA,GA,1,1,0,0,2,2,165,0,HERNDON,11,2,February,2012,7,Saturday,9,7,0,6,4,43,32.79831389,-81.87329722,1,1,0,0,0,1,0
130110,GEORGIA,GA,1,1,1,1,1,1,89,0,BROWNSBORO,14,2,February,2012,3,Tuesday,4,36,1,11,1,77,33.71548056,-84.23837500,8,2,0,0,0,1,0
130111,GEORGIA,GA,1,1,0,0,1,1,153,0,BONAIRE,14,2,February,2012,3,Tuesday,23,14,0,5,4,43,32.37759444,-83.62575556,43,2,0,0,0,1,1
130112,GEORGIA,GA,2,2,0,0,3,3,179,2730,ALLENHURST,14,2,February,2012,3,Tuesday,21,57,1,13,2,38,31.80856389,-81.60333889,12,3,0,0,0,1,0
130113,GEORGIA,GA,1,1,0,0,1,1,15,0,ANNISTON,15,2,February,2012,4,Wednesday,15,47,0,3,4,4,34.11380833,-84.84760278,42,1,0,0,0,1,0
130114,GEORGIA,GA,1,1,0,0,1,1,49,2170,COLLINSVILLE,15,2,February,2012,4,Wednesday,13,2,0,3,3,97,30.95250556,-81.91596944,1,1,0,0,0,1,0
130115,GEORGIA,GA,5,5,0,0,8,8,89,0,BROWNSBORO,15,2,February,2012,4,Wednesday,9,30,0,14,2,105,33.85473611,-84.20953889,12,1,0,0,0,1,0
130116,GEORGIA,GA,1,1,0,0,1,1,31,0,COFFEE,16,2,February,2012,5,Thursday,13,26,0,3,2,244,32.40269167,-81.68584167,32,1,0,0,0,1,0
130117,GEORGIA,GA,1,1,0,0,1,1,31,0,COFFEE,16,2,February,2012,5,Thursday,16,45,0,6,4,99999,32.24254167,-81.53126667,42,1,0,0,0,1,0
130118,GEORGIA,GA,2,2,0,0,2,2,217,1380,COVINGTON,16,2,February,2012,5,Thursday,19,48,0,14,2,40,33.83380833,-83.88839444,12,2,0,0,0,1,0