ST_CASE,State Name,State Abbreviation,# of Vehicle involved,Parked_Vehicles_Involved,Pedestrains,Person_Not_in_Motor_Vehicle,Persons_in_motor_vehicle,Total_Persons_in_accident,COUNTY,CITY,City_County_Name,Calendar_DAY,MONTH,Month_name,YEAR,DAY_WEEK,Day_Week_desc,HOUR,MINUTE,NHS_Desc,trafficway,Route,MILEPT,LATITUDE,LONGITUD,First_Crash_event,Light_cond_desc,Weather_condition,School_bus_involved,Crash_cause,FATALS,DRUNK_DR
130268,GEORGIA,GA,2,2,0,0,2,2,51,4450,CENTRAL,31,3,March,2012,7,Saturday,6,0,1,11,1,53,32.05925278,-81.25365833,12,2,0,0,0,1,1
130269,GEORGIA,GA,1,1,0,0,3,3,109,1160,ANSLEY,31,3,March,2012,7,Saturday,18,49,0,5,6,3,32.08603611,-81.97547222,53,1,0,0,0,1,1
130270,GEORGIA,GA,1,1,0,0,4,4,173,0,LAKELAND,31,3,March,2012,7,Saturday,12,49,0,3,3,77,30.97499167,-83.00688056,59,1,0,0,0,1,0
130271,GEORGIA,GA,1,1,1,1,1,1,89,0,BROWNSBORO,1,4,April,2012,1,Sunday,21,45,0,13,3,22,33.84955278,-84.32133333,8,3,0,0,0,1,0
130272,GEORGIA,GA,1,1,0,0,2,2,233,1010,ARAGON,1,4,April,2012,1,Sunday,14,15,0,5,4,19,34.05746389,-85.38569722,42,1,0,0,0,1,0
130273,GEORGIA,GA,2,2,0,0,4,4,245,310,AUGUSTA,1,4,April,2012,1,Sunday,11,28,0,13,4,41,33.37356389,-82.05029167,12,1,0,0,0,2,1
130274,GEORGIA,GA,1,1,0,0,1,1,311,1190,CLEVELAND,1,4,April,2012,1,Sunday,16,4,0,6,4,13,34.55423889,-83.67328056,35,1,0,0,0,1,0
130275,GEORGIA,GA,1,1,0,0,1,1,63,0,BOLIGEE,2,4,April,2012,2,Monday,11,4,1,11,1,63,33.63323333,-84.30370556,21,1,0,0,0,1,0
130276,GEORGIA,GA,2,2,0,0,3,3,175,0,CADWELL,2,4,April,2012,2,Monday,11,49,1,1,1,289,32.44542222,-82.73173611,12,1,0,0,0,1,0
130277,GEORGIA,GA,1,1,0,0,1,1,25,0,BARLOW BEND,3,4,April,2012,3,Tuesday,8,29,1,2,2,183,31.21415833,-81.91165833,1,1,0,0,0,1,1
130278,GEORGIA,GA,1,1,0,0,1,1,83,0,ARDMORE,3,4,April,2012,3,Tuesday,14,34,0,3,3,34,34.86415278,-85.54124722,17,1,0,0,0,1,0
130279,GEORGIA,GA,2,2,1,1,1,1,127,0,BURNWELL,3,4,April,2012,3,Tuesday,2,35,1,1,1,13,31.12872778,-81.58091667,8,2,0,0,0,1,0
130280,GEORGIA,GA,3,3,0,0,4,4,77,0,ANDERSON,4,4,April,2012,4,Wednesday,15,50,0,3,2,5,33.23167500,-84.75016667,12,1,0,0,0,1,0
130281,GEORGIA,GA,2,2,0,0,6,6,121,5640,BON AIR,4,4,April,2012,4,Wednesday,18,27,0,13,2,82,33.57692222,-84.56065833,12,1,0,0,0,1,0
130282,GEORGIA,GA,2,2,0,0,2,2,197,790,BUENA VISTA,4,4,April,2012,4,Wednesday,14,56,0,16,6,0,32.32165278,-84.52281111,12,1,0,0,0,1,0
130283,GEORGIA,GA,1,1,0,0,1,1,227,0,JASPER,4,4,April,2012,4,Wednesday,0,0,0,4,4,12,34.39553056,-84.38152778,35,2,0,0,0,1,0
130284,GEORGIA,GA,2,2,0,0,4,4,255,2510,EAST GRIFFIN,4,4,April,2012,4,Wednesday,3,3,1,13,2,71,33.28691111,-84.29183333,12,2,0,0,0,2,0
130285,GEORGIA,GA,2,2,0,0,2,2,65,2800,CYPRESS,5,4,April,2012,5,Thursday,13,30,1,2,2,147,31.03573889,-82.75266944,12,1,0,0,0,1,1
130286,GEORGIA,GA,1,1,0,0,1,1,297,0,BETWEEN,5,4,April,2012,5,Thursday,4,33,0,14,3,124,33.85547222,-83.87298889,32,2,0,0,0,1,1
130287,GEORGIA,GA,2,2,0,0,2,2,311,0,CLEVELAND,5,4,April,2012,5,Thursday,17,0,1,2,2,126,34.64792778,-83.84250556,12,1,0,0,0,2,0
130288,GEORGIA,GA,2,2,0,0,3,3,117,0,BIRMINGHAM,6,4,April,2012,6,Friday,21,1,0,16,4,14,34.13049444,-84.23018889,12,2,0,0,0,1,1
130289,GEORGIA,GA,4,4,0,0,9,9,135,0,ASH FLAT,6,4,April,2012,6,Friday,15,23,1,11,1,39,34.08977500,-83.99228611,12,1,0,0,0,2,0
130290,GEORGIA,GA,1,1,0,0,4,4,179,4640,ALLENHURST,6,4,April,2012,6,Friday,7,40,1,1,1,25,31.68542778,-81.39194167,42,1,0,0,0,1,0
130291,GEORGIA,GA,2,2,0,0,3,3,245,310,AUGUSTA,6,4,April,2012,6,Friday,18,54,1,13,2,193,33.43037222,-82.04274444,12,1,0,0,0,1,0
130292,GEORGIA,GA,1,1,0,0,1,1,245,0,AUGUSTA,6,4,April,2012,6,Friday,10,19,1,13,2,141,33.39277500,-82.11773889,1,1,0,0,0,1,0
130293,GEORGIA,GA,1,1,0,0,1,1,51,4910,CENTRAL,7,4,April,2012,7,Saturday,3,38,0,13,3,205,32.01685000,-81.11232222,43,3,0,0,0,1,1
130294,GEORGIA,GA,2,2,0,0,2,2,233,0,ARAGON,7,4,April,2012,7,Saturday,0,40,0,4,4,41,34.07421389,-85.01803611,12,2,0,0,0,1,1
130295,GEORGIA,GA,1,1,0,0,1,1,255,0,EAST GRIFFIN,7,4,April,2012,7,Saturday,20,44,0,4,4,36,33.30439444,-84.26230000,42,2,0,0,0,1,0
130296,GEORGIA,GA,1,1,0,0,2,2,127,0,BURNWELL,8,4,April,2012,1,Sunday,1,4,1,1,1,143,31.30581111,-81.48224444,1,2,0,0,0,2,1
130297,GEORGIA,GA,2,2,0,0,2,2,139,3290,CALION,8,4,April,2012,1,Sunday,11,20,1,2,2,245,34.39498889,-83.69102222,12,1,0,0,0,1,0
130298,GEORGIA,GA,2,2,0,0,5,5,229,0,BLACKSHEAR,8,4,April,2012,1,Sunday,10,48,0,6,4,0,31.27598889,-82.30920556,12,1,0,0,0,1,0
130299,GEORGIA,GA,2,2,0,0,4,4,85,1590,BENTON,9,4,April,2012,2,Monday,9,46,0,4,3,43,34.39074722,-84.12635833,12,1,0,0,0,1,0
130300,GEORGIA,GA,1,1,0,0,1,1,141,5120,BEE BRANCH,9,4,April,2012,2,Monday,12,58,0,5,4,29,33.28208333,-83.06238056,30,1,0,0,0,1,0
130301,GEORGIA,GA,1,1,0,0,1,1,157,0,ARCADE,9,4,April,2012,2,Monday,8,23,1,1,1,47,34.12757222,-83.72870833,52,1,0,0,0,1,0
130302,GEORGIA,GA,2,2,0,0,2,2,135,0,ASH FLAT,10,4,April,2012,3,Tuesday,12,42,0,14,4,39,33.93475000,-84.02945833,12,1,0,0,0,1,0
130303,GEORGIA,GA,1,1,0,0,1,1,259,0,CHARLES,10,4,April,2012,3,Tuesday,19,30,1,2,2,79,32.14710556,-84.68725278,35,1,0,0,0,1,0
130304,GEORGIA,GA,3,3,0,0,3,3,121,120,BON AIR,11,4,April,2012,4,Wednesday,10,21,1,12,2,186,34.05335833,-84.28888333,12,1,0,0,0,1,0
130305,GEORGIA,GA,1,1,0,0,1,1,121,1900,BON AIR,11,4,April,2012,4,Wednesday,3,1,1,11,1,24,33.65901389,-84.49792222,30,2,0,0,0,1,1
130306,GEORGIA,GA,2,2,0,0,2,2,3,0,BALDWIN,12,4,April,2012,5,Thursday,6,13,0,4,3,1,31.34980278,-83.04515833,12,2,0,0,0,1,0
130307,GEORGIA,GA,1,1,0,0,1,1,149,0,BELLEVILLE,12,4,April,2012,5,Thursday,0,3,0,5,4,40,33.26526944,-84.97506667,32,2,0,0,0,1,1
130308,GEORGIA,GA,1,1,1,1,1,1,151,0,FLIPPEN,12,4,April,2012,5,Thursday,7,41,0,4,4,21,33.32771944,-84.10921944,8,1,0,1,0,1,0
130309,GEORGIA,GA,2,2,0,0,4,4,245,310,AUGUSTA,12,4,April,2012,5,Thursday,16,55,0,14,3,32,33.28531389,-81.95848056,12,1,0,0,0,1,0
130310,GEORGIA,GA,1,1,0,0,1,1,77,0,ANDERSON,13,4,April,2012,6,Friday,19,18,0,6,4,10,33.32981111,-84.74937500,34,1,0,0,0,1,1
130311,GEORGIA,GA,1,1,0,0,3,3,135,0,ASH FLAT,13,4,April,2012,6,Friday,4,34,1,11,1,0,34.03841389,-84.03777500,25,2,0,0,0,1,1
130312,GEORGIA,GA,1,1,0,0,1,1,31,5170,COFFEE,14,4,April,2012,7,Saturday,8,21,0,5,4,33,32.44302778,-81.66704167,34,1,0,0,0,1,1
130313,GEORGIA,GA,2,2,0,0,2,2,59,270,FRANKLIN,14,4,April,2012,7,Saturday,13,1,0,14,4,52,34.02514444,-83.32985000,12,1,0,0,0,1,0
130314,GEORGIA,GA,1,1,0,0,1,1,139,0,CALION,14,4,April,2012,7,Saturday,21,32,0,6,4,1,34.16266667,-83.81641389,38,2,0,0,0,1,1
130315,GEORGIA,GA,2,2,0,0,2,2,15,0,ANNISTON,15,4,April,2012,1,Sunday,15,13,1,11,1,126,34.21738333,-84.75287778,57,1,0,0,0,1,0
130316,GEORGIA,GA,1,1,0,0,1,1,89,0,BROWNSBORO,10,3,March,2012,7,Saturday,16,45,0,16,4,1,33.67722222,-84.21974444,33,1,0,0,0,1,0
130317,GEORGIA,GA,1,1,0,0,1,1,155,4120,IRWIN,4,4,April,2012,4,Wednesday,18,15,0,4,4,3,31.60615833,-83.24488889,34,1,0,0,0,1,1
130318,GEORGIA,GA,1,1,0,0,1,1,151,0,FLIPPEN,16,4,April,2012,2,Monday,4,5,0,14,4,16,33.51100833,-84.22341111,25,1,0,0,0,1,0
130319,GEORGIA,GA,2,2,0,0,3,3,139,2285,CALION,24,4,April,2012,3,Tuesday,10,10,1,13,2,176,34.33162222,-83.78240278,12,1,0,0,0,1,0
130320,GEORGIA,GA,2,2,0,0,2,2,97,1770,AXIS,28,4,April,2012,7,Saturday,20,38,0,15,4,22,33.80081111,-84.72280556,12,2,0,0,0,1,1
130321,GEORGIA,GA,3,2,0,1,2,3,255,0,EAST GRIFFIN,29,2,February,2012,4,Wednesday,12,25,0,3,3,69,33.24094722,-84.38248333,12,1,0,0,0,1,0
130322,GEORGIA,GA,2,2,0,0,2,2,67,320,ABBEVILLE,9,4,April,2012,2,Monday,14,29,0,14,6,46,33.83953889,-84.65897500,12,1,0,0,0,1,0
130323,GEORGIA,GA,2,2,0,0,3,3,117,0,BIRMINGHAM,15,4,April,2012,1,Sunday,15,50,0,4,3,72,34.29374444,-84.13966389,12,1,0,0,0,1,1
130324,GEORGIA,GA,1,1,0,0,1,1,121,280,BON AIR,15,4,April,2012,1,Sunday,1,40,1,11,1,185,33.68301111,-84.41086944,52,3,0,0,0,1,1
130325,GEORGIA,GA,2,2,0,0,2,2,269,0,BUTLER,15,4,April,2012,1,Sunday,17,55,0,4,3,206,32.62886389,-84.18228333,12,1,0,0,0,1,0
130326,GEORGIA,GA,2,2,0,0,4,4,321,0,BRIDGEBORO,15,4,April,2012,1,Sunday,14,12,0,4,3,88,31.43354722,-83.75092500,12,1,0,0,0,1,0
130327,GEORGIA,GA,1,1,0,0,1,1,51,4910,CENTRAL,16,4,April,2012,2,Monday,21,2,0,16,6,22,32.00179167,-81.08287778,24,3,0,0,0,1,0
130328,GEORGIA,GA,2,2,1,1,2,2,89,1815,BROWNSBORO,16,4,April,2012,2,Monday,4,38,1,11,1,15,33.92039444,-84.32181944,8,2,0,0,0,1,0
130329,GEORGIA,GA,3,3,0,0,4,4,119,0,BELLAMY,16,4,April,2012,2,Monday,15,4,1,2,3,4,34.32296389,-83.11044444,12,1,1,0,0,2,1
130330,GEORGIA,GA,2,2,0,0,3,3,233,0,ARAGON,16,4,April,2012,2,Monday,8,45,0,4,4,48,34.04746944,-85.27254167,12,1,0,0,0,1,0
130331,GEORGIA,GA,2,2,0,0,2,2,295,0,BLOWING SPRINGS,16,4,April,2012,2,Monday,13,4,0,16,4,70,34.97314722,-85.29331111,12,1,0,0,0,1,0
130332,GEORGIA,GA,1,1,0,0,2,2,165,0,HERNDON,17,4,April,2012,3,Tuesday,12,25,0,5,4,99999,32.81655833,-81.87724167,42,1,0,0,0,2,0
130333,GEORGIA,GA,2,2,0,0,2,2,245,310,AUGUSTA,17,4,April,2012,3,Tuesday,15,53,0,14,3,67,33.36893889,-81.99699722,12,1,0,0,0,1,0
130334,GEORGIA,GA,1,1,0,0,1,1,157,1300,ARCADE,20,4,April,2012,6,Friday,13,27,0,16,6,2,34.19483333,-83.45929722,32,1,0,0,0,1,0
130335,GEORGIA,GA,1,1,1,1,1,1,15,0,ANNISTON,21,4,April,2012,7,Saturday,1,36,1,11,1,7,34.08090278,-84.67619722,8,2,0,0,0,1,0
130336,GEORGIA,GA,2,2,0,0,4,4,51,4450,CENTRAL,21,4,April,2012,7,Saturday,22,48,1,11,1,91,32.07138333,-81.21770556,12,2,0,0,0,1,0
130337,GEORGIA,GA,2,2,0,0,2,2,89,0,BROWNSBORO,21,4,April,2012,7,Saturday,17,22,0,15,3,1,33.73798333,-84.25536944,12,1,0,0,0,1,0
130338,GEORGIA,GA,1,1,1,1,1,1,135,3990,ASH FLAT,21,4,April,2012,7,Saturday,23,37,0,14,6,11,33.89833056,-84.20812500,8,2,0,0,0,1,0
130339,GEORGIA,GA,1,1,0,0,3,3,157,0,ARCADE,21,4,April,2012,7,Saturday,1,52,1,1,1,127,34.18276111,-83.59944444,34,2,0,0,0,1,0
130340,GEORGIA,GA,1,1,0,0,1,1,89,3210,BROWNSBORO,22,4,April,2012,1,Sunday,2,29,0,15,6,29,33.72708333,-84.14820000,53,3,0,0,0,1,1
130341,GEORGIA,GA,2,2,0,0,3,3,115,4760,ASHVILLE,22,4,April,2012,1,Sunday,8,17,0,14,3,300,34.34307778,-85.07823056,12,1,0,0,0,1,0
130342,GEORGIA,GA,3,3,0,0,4,4,245,310,AUGUSTA,22,4,April,2012,1,Sunday,21,14,0,13,3,49,33.43755000,-82.14753889,12,2,0,0,0,1,0
130343,GEORGIA,GA,2,2,0,0,2,2,15,980,ANNISTON,24,4,April,2012,3,Tuesday,5,22,0,3,3,58,34.11581389,-84.88275278,12,2,0,0,0,1,0
130344,GEORGIA,GA,2,2,0,0,2,2,67,0,ABBEVILLE,24,4,April,2012,3,Tuesday,23,45,0,14,3,215,34.06165278,-84.72258611,12,2,0,0,0,1,0
130345,GEORGIA,GA,1,1,0,0,1,1,77,0,ANDERSON,24,4,April,2012,3,Tuesday,16,17,0,16,4,44,33.45161944,-84.63449167,34,1,0,0,0,1,0
130346,GEORGIA,GA,1,1,0,0,1,1,121,4882,BON AIR,24,4,April,2012,3,Tuesday,22,6,0,16,6,99999,33.97854722,-84.32073056,33,3,0,0,0,1,0
130347,GEORGIA,GA,2,2,0,0,2,2,157,1300,ARCADE,24,4,April,2012,3,Tuesday,9,8,0,14,3,119,34.18922222,-83.44451667,12,1,0,0,0,1,0
130348,GEORGIA,GA,4,4,0,0,5,5,115,990,ASHVILLE,25,4,April,2012,4,Wednesday,18,58,0,4,3,29,34.10668611,-85.35226944,12,1,0,0,0,1,0
130349,GEORGIA,GA,1,1,1,1,3,3,223,0,BRASWELL,25,4,April,2012,4,Wednesday,11,4,0,16,4,0,33.92827500,-84.74302222,8,1,0,0,0,1,0
130350,GEORGIA,GA,1,1,0,0,1,1,137,0,ALCO,25,4,April,2012,4,Wednesday,23,40,0,3,3,92,34.63158333,-83.48478333,34,2,0,0,0,1,0
130351,GEORGIA,GA,1,1,1,1,1,1,191,0,CRESCENT,25,4,April,2012,4,Wednesday,20,45,0,3,3,129,31.50673056,-81.43944444,8,2,0,0,0,1,0
130352,GEORGIA,GA,1,1,0,0,1,1,29,0,BORDEN SPRINGS,26,4,April,2012,5,Thursday,14,41,1,1,1,46,32.18117500,-81.46031667,32,1,0,0,0,1,0
130353,GEORGIA,GA,2,2,0,0,3,3,127,760,BURNWELL,26,4,April,2012,5,Thursday,10,40,1,2,3,29,31.13490000,-81.56805833,12,1,0,0,0,1,0
130354,GEORGIA,GA,1,1,0,0,2,2,227,0,JASPER,26,4,April,2012,5,Thursday,23,9,0,3,3,99999,34.42616667,-84.36608611,34,2,0,0,0,1,1
130355,GEORGIA,GA,1,1,1,1,1,1,229,530,BLACKSHEAR,26,4,April,2012,5,Thursday,20,4,1,2,3,49,31.30183611,-82.24617778,8,3,0,0,0,1,0
130356,GEORGIA,GA,2,2,0,0,3,3,31,0,COFFEE,27,4,April,2012,6,Friday,9,55,0,14,3,187,32.42824722,-81.74245278,12,1,0,0,0,2,0
130357,GEORGIA,GA,1,1,1,1,1,1,67,0,ABBEVILLE,27,4,April,2012,6,Friday,18,2,0,14,3,73,33.89125000,-84.57842778,8,1,0,0,0,1,0
130358,GEORGIA,GA,1,1,0,0,1,1,67,0,ABBEVILLE,27,4,April,2012,6,Friday,21,24,0,14,4,12,33.76167778,-84.56536667,42,2,0,0,0,1,0
130359,GEORGIA,GA,1,1,1,1,1,1,63,0,BOLIGEE,28,4,April,2012,7,Saturday,2,9,1,13,3,110,99.99990000,999.99990000,8,2,0,0,0,1,0
130360,GEORGIA,GA,1,1,0,0,2,2,217,0,COVINGTON,28,4,April,2012,7,Saturday,0,9,0,6,4,16,33.48159722,-83.91518611,31,2,0,0,0,1,1
130361,GEORGIA,GA,2,2,0,0,5,5,135,3990,ASH FLAT,29,4,April,2012,1,Sunday,0,24,0,15,6,33,33.93521667,-84.13906111,12,2,0,0,0,1,0
130362,GEORGIA,GA,1,1,0,0,2,2,163,0,AVERA,29,4,April,2012,1,Sunday,17,28,0,6,4,3,33.23201111,-82.36613889,35,1,0,0,0,1,1
130363,GEORGIA,GA,2,2,0,0,4,4,285,5890,GABBETTVILLE,29,4,April,2012,1,Sunday,17,43,0,3,3,12,32.87907500,-85.15518611,12,1,0,0,0,1,0
130364,GEORGIA,GA,1,1,1,1,1,1,89,1610,BROWNSBORO,30,4,April,2012,2,Monday,6,23,0,14,6,24,33.79154444,-84.29861111,9,4,0,0,0,1,0
130365,GEORGIA,GA,1,1,0,0,1,1,227,0,JASPER,30,4,April,2012,2,Monday,11,15,0,2,3,130,34.43540278,-84.39621389,35,1,0,0,0,1,0
130366,GEORGIA,GA,1,1,0,0,1,1,313,0,COHUTTA,30,4,April,2012,2,Monday,8,11,1,1,1,1,34.65336389,-84.98487500,34,1,0,0,0,1,0
130367,GEORGIA,GA,2,2,0,0,3,3,151,0,FLIPPEN,26,4,April,2012,5,Thursday,14,49,0,14,4,10,33.50496389,-84.23329167,12,1,0,0,0,1,0
130368,GEORGIA,GA,1,1,0,0,1,1,121,280,BON AIR,28,4,April,2012,7,Saturday,9,34,0,16,6,5,33.74619444,-84.52412778,53,1,0,0,0,1,0
130369,GEORGIA,GA,2,2,0,0,2,2,89,0,BROWNSBORO,1,5,May,2012,3,Tuesday,14,50,0,15,4,47,33.76513889,-84.10500000,12,1,0,0,0,1,0
130370,GEORGIA,GA,2,2,0,0,2,2,137,0,ALCO,1,5,May,2012,3,Tuesday,10,4,0,4,4,21,34.55732778,-83.49359444,12,1,0,0,0,1,0
130371,GEORGIA,GA,3,3,0,0,3,3,31,0,COFFEE,2,5,May,2012,4,Wednesday,17,49,1,1,1,192,32.23076389,-81.63503056,12,1,0,0,0,1,0
130372,GEORGIA,GA,2,2,0,0,2,2,57,0,BANKSTON,2,5,May,2012,4,Wednesday,16,52,0,15,4,23,34.09250833,-84.54747778,12,1,0,0,0,1,0
130373,GEORGIA,GA,2,2,0,0,3,3,77,0,ANDERSON,2,5,May,2012,4,Wednesday,21,17,0,4,4,99,33.24784444,-84.93565833,12,2,0,0,0,1,0
130374,GEORGIA,GA,2,2,0,0,3,3,97,0,AXIS,2,5,May,2012,4,Wednesday,1,57,0,4,4,66,33.71188333,-84.84120000,12,2,0,0,0,2,1
130375,GEORGIA,GA,1,1,2,2,1,1,63,0,BOLIGEE,3,5,May,2012,5,Thursday,22,48,1,13,2,15,33.44930278,-84.32515000,8,2,0,0,0,2,0
130376,GEORGIA,GA,1,1,0,0,1,1,217,3920,COVINGTON,3,5,May,2012,5,Thursday,8,52,0,4,3,0,33.51343056,-83.69070278,42,1,0,0,0,1,0
130377,GEORGIA,GA,1,1,0,0,1,1,301,0,BARNETT,3,5,May,2012,5,Thursday,19,24,0,6,4,40,33.51061111,-82.66900556,35,1,0,0,0,1,1
130378,GEORGIA,GA,1,1,0,0,1,1,285,0,GABBETTVILLE,4,5,May,2012,6,Friday,20,25,1,1,1,85,32.96541111,-85.07758333,32,5,0,0,0,1,0
130379,GEORGIA,GA,1,1,0,0,2,2,33,3580,CHEROKEE,5,5,May,2012,7,Saturday,2,46,0,3,3,69,32.89825000,-82.17898611,35,2,0,0,0,1,0
130380,GEORGIA,GA,2,2,0,0,3,3,95,90,ALBERTVILLE,5,5,May,2012,7,Saturday,16,51,1,12,2,67,31.59325000,-84.13045278,12,1,0,0,0,1,0
130381,GEORGIA,GA,2,2,0,0,4,4,21,0,CHILTON,6,5,May,2012,1,Sunday,11,18,0,14,2,153,32.93660556,-83.71731667,12,1,0,0,0,1,0
130382,GEORGIA,GA,1,1,1,1,1,1,89,0,BROWNSBORO,6,5,May,2012,1,Sunday,3,30,0,13,3,14,33.84145278,-84.33038056,8,2,0,0,0,1,0
130383,GEORGIA,GA,3,3,0,0,3,3,115,4760,ASHVILLE,6,5,May,2012,1,Sunday,17,15,0,15,4,79,34.21448889,-85.28105278,12,1,0,0,0,1,0
130384,GEORGIA,GA,1,1,0,0,1,1,121,280,BON AIR,6,5,May,2012,1,Sunday,3,19,0,15,6,6,33.84916111,-84.35315833,42,3,0,0,0,1,0
130385,GEORGIA,GA,1,1,0,0,3,3,121,2060,BON AIR,6,5,May,2012,1,Sunday,18,35,1,11,1,55,33.55610278,-84.55387500,30,1,0,0,0,2,1
130386,GEORGIA,GA,2,2,0,0,3,3,257,5530,AVALON,6,5,May,2012,1,Sunday,18,5,0,14,2,34,34.54176667,-83.36151944,12,1,0,0,0,1,0
130387,GEORGIA,GA,2,2,0,0,4,4,155,4120,IRWIN,7,5,May,2012,2,Monday,14,9,0,3,2,79,31.58644722,-83.25071944,12,1,0,0,0,1,0
130388,GEORGIA,GA,3,3,0,0,4,4,229,530,BLACKSHEAR,7,5,May,2012,2,Monday,15,11,1,2,2,38,31.27606944,-82.27500833,12,1,0,0,0,1,1
130389,GEORGIA,GA,1,1,0,0,1,1,73,0,ARGO,8,5,May,2012,3,Tuesday,15,3,0,3,2,106,33.57334167,-82.29699167,34,1,0,0,0,1,0
130390,GEORGIA,GA,1,1,0,0,1,1,77,3950,ANDERSON,8,5,May,2012,3,Tuesday,1,6,0,15,4,7,33.38414444,-84.79200000,33,2,0,0,0,1,1
130391,GEORGIA,GA,1,1,0,0,1,1,263,0,BOX SPRINGS,8,5,May,2012,3,Tuesday,1,0,0,2,3,39,32.59532500,-84.49375833,1,2,0,0,0,1,1
130392,GEORGIA,GA,2,2,0,0,4,4,121,280,BON AIR,9,5,May,2012,4,Wednesday,12,1,1,11,1,46,33.69318889,-84.49988333,12,1,0,0,0,1,0
130393,GEORGIA,GA,2,2,0,0,3,3,63,0,BOLIGEE,10,5,May,2012,5,Thursday,13,20,1,13,3,13,33.55066667,-84.43608611,12,1,0,0,0,1,0
130395,GEORGIA,GA,2,2,0,0,3,3,165,0,HERNDON,10,5,May,2012,5,Thursday,7,7,0,4,4,5,32.66255000,-82.06873889,12,1,0,0,0,1,0
130396,GEORGIA,GA,1,1,0,0,6,6,75,3130,BEAVERTON,11,5,May,2012,6,Friday,12,5,0,6,6,0,31.27481667,-83.46485278,10,1,0,0,0,2,0
130397,GEORGIA,GA,2,2,0,0,2,2,1,0,AUTAUGA,11,5,May,2012,6,Friday,17,36,1,2,2,135,31.83026944,-82.34794722,12,1,0,0,0,1,0
130398,GEORGIA,GA,3,3,0,0,4,4,89,0,BROWNSBORO,12,5,May,2012,7,Saturday,9,30,0,14,4,16,33.81203333,-84.28497778,12,1,0,0,0,1,0
130399,GEORGIA,GA,2,2,1,1,2,2,121,280,BON AIR,12,5,May,2012,7,Saturday,22,29,0,14,2,226,33.72448056,-84.42058889,8,3,0,0,0,1,0
130400,GEORGIA,GA,1,1,1,1,1,1,67,0,ABBEVILLE,13,5,May,2012,1,Sunday,21,59,0,14,3,92,33.93249444,-84.54874722,8,2,0,0,0,1,0
130401,GEORGIA,GA,1,1,0,0,3,3,95,90,ALBERTVILLE,13,5,May,2012,1,Sunday,22,28,0,14,6,3,31.57681389,-84.18464167,42,2,0,0,0,1,1
130402,GEORGIA,GA,1,1,0,0,1,1,115,4760,ASHVILLE,13,5,May,2012,1,Sunday,23,29,0,4,4,40,34.42645833,-85.15562778,43,3,0,0,0,1,0
130403,GEORGIA,GA,1,1,0,0,4,4,167,0,ADRIAN,13,5,May,2012,1,Sunday,17,10,0,6,4,19,32.72917222,-82.81872222,1,1,0,0,0,1,0
130404,GEORGIA,GA,1,1,1,1,1,1,89,0,BROWNSBORO,15,5,May,2012,3,Tuesday,0,31,0,14,3,111,33.80605556,-84.18701944,8,3,0,0,0,1,0
130405,GEORGIA,GA,1,1,0,0,2,2,175,0,CADWELL,15,5,May,2012,3,Tuesday,0,46,0,6,4,28,32.66411944,-82.86956389,53,2,0,0,0,1,1
130406,GEORGIA,GA,1,1,0,0,1,1,89,0,BROWNSBORO,16,5,May,2012,4,Wednesday,16,30,0,15,4,3,33.80010833,-84.25992500,1,1,0,0,0,1,1
130407,GEORGIA,GA,1,1,0,0,1,1,69,0,ASHFORD,17,5,May,2012,5,Thursday,16,45,0,4,3,121,31.64598611,-82.86671389,42,1,0,0,0,1,1
130408,GEORGIA,GA,1,1,0,0,1,1,121,0,BON AIR,13,5,May,2012,1,Sunday,23,13,0,14,4,60,33.65204722,-84.58889444,42,2,0,0,0,1,0
130409,GEORGIA,GA,1,1,0,0,1,1,21,0,CHILTON,11,5,May,2012,6,Friday,7,59,1,11,1,16,32.71668889,-83.72949722,21,1,0,0,0,1,0
130410,GEORGIA,GA,3,3,0,0,3,3,67,0,ABBEVILLE,16,5,May,2012,4,Wednesday,7,24,0,13,3,29,33.81518333,-84.59538056,12,1,0,0,0,1,0
130411,GEORGIA,GA,1,1,0,0,1,1,271,0,HELENA,17,5,May,2012,5,Thursday,21,8,0,4,4,99999,32.12266389,-82.92320833,35,2,0,0,0,1,1
130412,GEORGIA,GA,1,1,0,0,1,1,313,1510,COHUTTA,17,5,May,2012,5,Thursday,21,51,0,15,6,99999,34.73475000,-84.98332500,32,2,0,0,0,1,1
130413,GEORGIA,GA,1,1,0,0,4,4,221,3150,ARNOLDSVILLE,18,5,May,2012,6,Friday,23,35,0,6,6,99999,33.95248611,-83.10686389,32,2,0,0,0,1,1
130414,GEORGIA,GA,1,1,1,1,1,1,127,760,BURNWELL,18,5,May,2012,6,Friday,23,55,0,14,6,39,31.21465833,-81.48038889,15,3,0,0,0,1,0
130415,GEORGIA,GA,2,2,0,0,2,2,245,310,AUGUSTA,18,5,May,2012,6,Friday,7,16,0,13,3,118,33.39531667,-82.00522500,12,1,0,0,0,1,0
130416,GEORGIA,GA,1,1,0,0,2,2,95,90,ALBERTVILLE,19,5,May,2012,7,Saturday,3,29,0,16,6,10,31.58903611,-84.12616389,42,3,0,0,0,2,0
130417,GEORGIA,GA,1,1,0,0,3,3,197,0,BUENA VISTA,20,5,May,2012,1,Sunday,1,50,0,4,3,121,32.34339167,-84.48525556,42,2,0,0,0,1,1
130418,GEORGIA,GA,1,1,1,1,1,1,261,3140,ALAGANIK,20,5,May,2012,1,Sunday,20,9,0,6,6,21,31.99302500,-84.11366667,8,1,0,0,0,1,1
130419,GEORGIA,GA,1,1,1,1,1,1,21,3390,CHILTON,21,5,May,2012,2,Monday,3,38,1,11,1,106,32.82142222,-83.65600556,8,2,0,0,0,1,0
130420,GEORGIA,GA,2,2,0,0,2,2,117,0,BIRMINGHAM,21,5,May,2012,2,Monday,15,48,0,6,4,99999,34.32517778,-84.24876111,12,1,0,0,0,1,0