ST_CASE,State Name,State Abbreviation,# of Vehicle involved,Parked_Vehicles_Involved,Pedestrains,Person_Not_in_Motor_Vehicle,Persons_in_motor_vehicle,Total_Persons_in_accident,COUNTY,CITY,City_County_Name,Calendar_DAY,MONTH,Month_name,YEAR,DAY_WEEK,Day_Week_desc,HOUR,MINUTE,NHS_Desc,trafficway,Route,MILEPT,LATITUDE,LONGITUD,First_Crash_event,Light_cond_desc,Weather_condition,School_bus_involved,Crash_cause,FATALS,DRUNK_DR
130576,GEORGIA,GA,1,1,0,0,1,1,189,0,BONEVILLE,12,7,July,2012,5,Thursday,8,58,0,3,2,192,33.43054167,-82.43968056,59,1,0,0,0,1,0
130577,GEORGIA,GA,1,1,0,0,1,1,241,0,CLAYTON,12,7,July,2012,5,Thursday,0,32,0,6,4,47,34.84006389,-83.43573889,32,2,0,0,0,1,0
130578,GEORGIA,GA,1,1,0,0,1,1,173,0,LAKELAND,13,7,July,2012,6,Friday,10,58,0,3,2,91,30.99093056,-83.00959722,34,1,0,0,0,1,0
130579,GEORGIA,GA,3,3,0,0,4,4,245,310,AUGUSTA,13,7,July,2012,6,Friday,9,54,1,11,1,57,33.42400000,-82.05895278,12,1,0,0,0,1,0
130580,GEORGIA,GA,3,3,0,0,7,7,265,0,CRAWFORDVILLE,13,7,July,2012,6,Friday,18,9,1,1,1,40,33.52979444,-82.91407778,12,1,0,0,0,2,0
130581,GEORGIA,GA,1,1,0,0,1,1,301,0,BARNETT,13,7,July,2012,6,Friday,16,38,1,1,1,48,33.50317778,-82.76961667,42,1,0,0,0,1,0
130582,GEORGIA,GA,1,1,0,0,1,1,89,0,BROWNSBORO,14,7,July,2012,7,Saturday,3,43,1,11,1,207,33.69879722,-84.26111667,25,2,0,0,0,1,0
130583,GEORGIA,GA,1,1,1,1,1,1,157,0,ARCADE,14,7,July,2012,7,Saturday,1,0,1,2,2,47,34.04670278,-83.49706111,8,2,0,0,0,1,0
130584,GEORGIA,GA,1,1,0,0,4,4,185,0,ANAKTUVUK PASS,14,7,July,2012,7,Saturday,2,50,0,6,4,6,30.69740833,-83.22805833,34,2,0,0,0,1,1
130585,GEORGIA,GA,1,1,1,1,1,1,245,310,AUGUSTA,14,7,July,2012,7,Saturday,2,46,1,13,2,111,33.35833056,-82.14246111,8,2,0,0,0,1,0
130586,GEORGIA,GA,4,4,0,0,8,8,311,0,CLEVELAND,14,7,July,2012,7,Saturday,21,34,1,2,2,41,34.56364722,-83.76338056,59,2,0,0,0,1,1
130587,GEORGIA,GA,2,2,0,0,4,4,121,0,BON AIR,15,7,July,2012,1,Sunday,10,48,0,14,3,141,33.61806389,-84.67131111,12,1,0,0,0,1,0
130588,GEORGIA,GA,1,1,0,0,1,1,267,0,COBBTOWN,15,7,July,2012,1,Sunday,8,22,0,4,3,15,31.89548889,-81.92362222,1,1,0,0,0,1,1
130589,GEORGIA,GA,1,1,0,0,1,1,305,0,DOCTORTOWN,15,7,July,2012,1,Sunday,17,56,0,4,4,29,31.36525556,-81.70841389,1,1,0,0,0,1,1
130590,GEORGIA,GA,2,2,0,0,3,3,311,0,CLEVELAND,15,7,July,2012,1,Sunday,15,0,0,6,6,3,34.59718889,-83.76822222,12,1,0,0,0,1,0
130591,GEORGIA,GA,3,3,0,0,5,5,1,0,AUTAUGA,16,7,July,2012,2,Monday,16,55,0,3,3,93,31.81131944,-82.18404444,12,1,0,0,0,1,2
130592,GEORGIA,GA,1,1,1,1,1,1,13,300,BOLLING,25,7,July,2012,4,Wednesday,8,59,0,6,4,21,34.04491111,-83.78961389,9,1,0,0,0,1,0
130593,GEORGIA,GA,1,1,1,1,2,2,63,0,BOLIGEE,8,4,April,2012,1,Sunday,21,30,1,13,2,115,33.58329722,-84.37701944,8,2,0,0,0,1,0
130594,GEORGIA,GA,2,2,0,0,4,4,117,1440,BIRMINGHAM,15,6,June,2012,6,Friday,23,40,1,13,3,113,34.20695833,-84.13913333,12,3,0,0,0,1,0
130595,GEORGIA,GA,2,2,0,0,2,2,183,2218,FORT STEWART,12,1,January,2012,5,Thursday,6,38,0,3,3,13,31.93020833,-81.86138611,12,2,0,1,0,1,0
130596,GEORGIA,GA,1,1,1,1,1,1,127,760,BURNWELL,30,1,January,2012,2,Monday,16,54,0,13,2,2,31.14979444,-81.49262222,8,1,0,0,0,1,0
130597,GEORGIA,GA,1,1,1,1,1,1,185,5680,ANAKTUVUK PASS,15,2,February,2012,4,Wednesday,18,58,0,13,2,21,30.81620556,-83.26755833,8,3,0,0,0,1,0
130598,GEORGIA,GA,1,1,0,0,2,2,165,3630,HERNDON,21,3,March,2012,4,Wednesday,13,0,0,3,3,93,32.80364722,-81.93554444,46,1,0,0,0,1,0
130599,GEORGIA,GA,1,1,1,1,3,3,31,5170,COFFEE,15,7,July,2012,1,Sunday,22,5,1,13,2,11,32.40706944,-81.78147778,8,2,0,0,0,1,0
130600,GEORGIA,GA,2,2,0,0,4,4,207,0,BOLINGBROKE,25,4,April,2012,4,Wednesday,18,18,0,4,3,227,33.14888056,-83.95338611,12,1,0,0,0,1,0
130601,GEORGIA,GA,1,1,3,3,1,1,191,0,CRESCENT,26,4,April,2012,5,Thursday,21,50,0,3,3,115,31.48832222,-81.44495833,9,2,0,0,0,2,0
130602,GEORGIA,GA,2,2,0,0,5,5,135,5300,ASH FLAT,4,7,July,2012,4,Wednesday,17,19,0,15,6,54,99.99990000,999.99990000,12,1,0,0,0,1,0
130603,GEORGIA,GA,2,2,0,0,4,4,67,0,ABBEVILLE,14,7,July,2012,7,Saturday,23,20,0,14,4,77,33.91339444,-84.59283333,12,2,0,0,0,1,0
130604,GEORGIA,GA,2,2,0,0,2,2,117,0,BIRMINGHAM,16,7,July,2012,2,Monday,16,13,0,13,3,35,34.30698611,-83.96626667,12,1,0,0,0,1,0
130605,GEORGIA,GA,1,1,0,0,1,1,263,0,BOX SPRINGS,16,7,July,2012,2,Monday,17,30,0,5,4,21,32.67206111,-84.60704167,35,1,0,0,0,1,0
130606,GEORGIA,GA,1,1,1,1,2,2,97,1770,AXIS,17,7,July,2012,3,Tuesday,13,1,0,16,6,7,33.73874722,-84.70630000,9,1,0,0,0,1,0
130607,GEORGIA,GA,2,2,1,1,1,1,121,280,BON AIR,17,7,July,2012,3,Tuesday,2,18,1,11,1,107,33.79132500,-84.39265556,8,2,0,0,0,1,1
130608,GEORGIA,GA,2,2,0,0,2,2,121,0,BON AIR,17,7,July,2012,3,Tuesday,16,52,0,14,4,8,33.57967500,-84.49561389,12,1,0,0,0,1,0
130609,GEORGIA,GA,2,2,0,0,2,2,157,1300,ARCADE,17,7,July,2012,3,Tuesday,14,10,1,13,3,129,34.19349167,-83.43141667,12,1,0,0,0,1,0
130610,GEORGIA,GA,2,2,0,0,2,2,213,1080,CARTERS,17,7,July,2012,3,Tuesday,7,28,0,6,6,3,34.79982222,-84.77520000,12,1,0,0,0,1,0
130611,GEORGIA,GA,2,2,0,0,3,3,205,0,BACONTON,18,7,July,2012,4,Wednesday,16,0,0,3,3,205,31.23191389,-84.03270556,12,1,0,0,0,1,0
130612,GEORGIA,GA,2,2,0,0,2,2,45,970,ARITON,19,7,July,2012,5,Thursday,10,58,1,13,3,133,33.61003056,-85.08600833,12,1,0,0,0,1,0
130613,GEORGIA,GA,2,2,0,0,2,2,133,0,ARLEY,19,7,July,2012,5,Thursday,7,38,0,3,3,71,33.52437500,-83.22157500,12,1,0,0,0,1,0
130614,GEORGIA,GA,2,2,0,0,2,2,151,0,FLIPPEN,19,7,July,2012,5,Thursday,16,24,0,6,4,9,33.38389167,-84.17724444,12,1,0,0,0,1,0
130615,GEORGIA,GA,2,2,0,0,2,2,117,0,BIRMINGHAM,20,7,July,2012,6,Friday,9,49,0,2,3,44,99.99990000,999.99990000,12,1,0,0,0,1,0
130616,GEORGIA,GA,1,1,1,1,1,1,151,0,FLIPPEN,20,7,July,2012,6,Friday,12,22,0,16,4,0,33.60861111,-84.25728056,19,1,0,0,0,1,0
130617,GEORGIA,GA,1,1,0,0,2,2,279,0,LYONS,20,7,July,2012,6,Friday,10,33,0,4,4,8,32.24900278,-82.31362778,34,1,0,0,0,2,0
130618,GEORGIA,GA,3,3,0,0,5,5,121,0,BON AIR,21,7,July,2012,7,Saturday,16,13,0,14,4,37,33.72380000,-84.51021667,12,1,0,0,0,1,0
130619,GEORGIA,GA,2,2,0,0,6,6,187,1480,DAHLONEGA,21,7,July,2012,7,Saturday,14,3,1,2,3,68,34.52736389,-83.87539167,12,1,0,0,0,1,0
130620,GEORGIA,GA,1,1,0,0,1,1,227,0,JASPER,21,7,July,2012,7,Saturday,6,50,0,2,3,99999,34.51672778,-84.51884444,23,1,0,0,0,1,0
130621,GEORGIA,GA,2,2,0,0,4,4,301,0,BARNETT,21,7,July,2012,7,Saturday,9,3,1,1,1,19,33.50071111,-82.78150000,12,1,0,0,0,1,0
130622,GEORGIA,GA,2,2,0,0,7,7,47,0,BROWNS,22,7,July,2012,1,Sunday,1,35,0,6,4,99999,34.88273333,-85.07169444,35,2,0,0,0,1,2
130623,GEORGIA,GA,2,2,0,0,2,2,51,4910,CENTRAL,22,7,July,2012,1,Sunday,1,32,0,13,6,41,32.09262500,-81.19674444,12,3,0,0,0,1,1
130624,GEORGIA,GA,2,2,0,0,6,6,89,3210,BROWNSBORO,22,7,July,2012,1,Sunday,4,25,1,11,1,118,33.70309167,-84.17677500,12,3,0,0,0,1,0
130625,GEORGIA,GA,1,1,0,0,2,2,121,4790,BON AIR,22,7,July,2012,1,Sunday,23,16,0,16,6,5,33.99368889,-84.32234722,33,3,0,0,0,1,1
130626,GEORGIA,GA,1,1,1,1,1,1,121,0,BON AIR,23,7,July,2012,2,Monday,2,42,0,14,3,9,33.56296944,-84.46855833,8,6,0,0,0,1,0
130627,GEORGIA,GA,1,1,1,1,1,1,63,0,BOLIGEE,24,7,July,2012,3,Tuesday,21,23,1,13,3,56,33.53233889,-84.36528333,8,2,0,0,0,1,0
130628,GEORGIA,GA,1,1,0,0,2,2,111,560,GRAHAM,25,7,July,2012,4,Wednesday,10,50,1,2,3,79,34.90340833,-84.37314444,35,1,0,0,0,1,0
130629,GEORGIA,GA,1,1,1,1,1,1,51,553,CENTRAL,26,7,July,2012,5,Thursday,11,58,0,14,3,25,32.12943889,-81.29035556,9,1,0,0,0,1,0
130630,GEORGIA,GA,2,2,0,0,3,3,73,0,ARGO,26,7,July,2012,5,Thursday,18,1,0,3,3,47,33.51777222,-82.23545278,12,1,0,0,0,1,0
130631,GEORGIA,GA,1,1,0,0,1,1,211,0,APALACHEE,26,7,July,2012,5,Thursday,14,29,0,3,3,2,33.58050556,-83.47902500,42,1,0,0,0,1,0
130632,GEORGIA,GA,1,1,3,3,1,1,273,1580,BRONWOOD,26,7,July,2012,5,Thursday,5,53,1,2,3,151,31.73559167,-84.40310278,9,2,0,0,0,1,0
130633,GEORGIA,GA,1,1,0,0,1,1,67,3440,ABBEVILLE,27,7,July,2012,6,Friday,3,44,1,11,1,49,34.05748333,-84.54339167,43,2,0,0,0,1,0
130634,GEORGIA,GA,1,1,0,0,1,1,121,0,BON AIR,27,7,July,2012,6,Friday,18,54,1,11,1,615,99.99990000,999.99990000,24,1,0,0,0,1,0
130635,GEORGIA,GA,1,1,0,0,1,1,245,310,AUGUSTA,27,7,July,2012,6,Friday,23,10,1,13,3,141,33.43744722,-82.00380556,33,3,0,0,0,1,0
130636,GEORGIA,GA,3,3,0,0,7,7,47,4680,BROWNS,28,7,July,2012,7,Saturday,18,0,1,2,3,4,34.86124444,-85.25532778,12,1,0,0,0,1,0
130637,GEORGIA,GA,2,2,0,0,4,4,51,4910,CENTRAL,28,7,July,2012,7,Saturday,0,8,0,16,6,3,32.04054722,-81.14047778,12,3,0,0,0,1,1
130638,GEORGIA,GA,1,1,0,0,2,2,145,0,BALD KNOB,28,7,July,2012,7,Saturday,19,50,0,6,4,14,32.65802778,-84.74207222,35,1,0,0,0,2,1
130639,GEORGIA,GA,2,2,0,0,4,4,227,0,JASPER,28,7,July,2012,7,Saturday,21,17,0,4,4,9,34.47762500,-84.44478333,12,1,0,0,0,1,0
130640,GEORGIA,GA,1,1,0,0,1,1,313,0,COHUTTA,28,7,July,2012,7,Saturday,19,20,0,3,3,39,34.82927222,-84.86933333,34,1,0,0,0,1,1
130641,GEORGIA,GA,1,1,0,0,2,2,87,0,ARMSTRONG,29,7,July,2012,1,Sunday,22,35,0,6,4,99999,30.72065000,-84.70916944,1,2,0,0,0,1,1
130642,GEORGIA,GA,2,2,0,0,2,2,235,0,FINLEYSON,29,7,July,2012,1,Sunday,14,17,0,3,3,72,32.28720833,-83.48714722,12,1,0,0,0,1,0
130643,GEORGIA,GA,1,1,0,0,1,1,47,0,BROWNS,30,7,July,2012,2,Monday,9,37,0,3,3,99999,34.90266389,-85.07605556,32,1,0,0,0,1,0
130644,GEORGIA,GA,1,1,0,0,1,1,101,0,BOYLSTON,30,7,July,2012,2,Monday,13,40,0,3,3,109,30.77569444,-83.00101389,34,1,0,0,0,1,0
130645,GEORGIA,GA,2,2,0,0,2,2,139,2285,CALION,31,7,July,2012,3,Tuesday,17,42,0,14,6,99999,34.34155833,-83.78187222,12,1,0,0,0,1,0
130646,GEORGIA,GA,3,3,0,0,7,7,175,1780,CADWELL,12,1,January,2012,5,Thursday,17,58,0,13,2,238,32.52026667,-82.91975278,12,3,0,0,0,1,0
130647,GEORGIA,GA,1,1,0,0,1,1,21,0,CHILTON,26,7,July,2012,5,Thursday,13,22,0,14,3,71,32.77396667,-83.65892222,33,1,0,0,0,1,0
130648,GEORGIA,GA,1,1,0,0,2,2,77,0,ANDERSON,2,8,August,2012,5,Thursday,20,24,0,6,4,12,33.34303889,-84.84133611,24,1,0,0,0,1,0
130649,GEORGIA,GA,1,1,0,0,1,1,21,3390,CHILTON,2,8,August,2012,5,Thursday,17,19,1,11,1,34,32.82925833,-83.60484167,24,1,0,0,0,1,0
130650,GEORGIA,GA,2,2,0,0,2,2,287,0,ASHBURN,2,8,August,2012,5,Thursday,12,15,1,3,3,162,31.65870278,-83.56622500,12,1,0,0,0,1,0
130651,GEORGIA,GA,1,1,0,0,1,1,71,3800,BRIDGEPORT,4,8,August,2012,7,Saturday,7,30,0,5,4,45,31.10092222,-83.72864444,18,1,0,0,0,1,0
130652,GEORGIA,GA,1,1,0,0,5,5,313,0,COHUTTA,4,8,August,2012,7,Saturday,7,15,1,1,1,81,34.73488611,-85.00385278,24,1,0,0,0,2,0
130653,GEORGIA,GA,1,1,0,0,1,1,39,0,ANDALUSIA,5,8,August,2012,1,Sunday,0,34,0,4,4,42,30.87044722,-81.61538056,59,2,0,0,0,1,1
130654,GEORGIA,GA,1,1,0,0,2,2,67,2990,ABBEVILLE,5,8,August,2012,1,Sunday,99,99,0,15,6,0,34.01829167,-84.61300556,39,2,0,0,0,1,1
130655,GEORGIA,GA,2,2,0,0,2,2,89,0,BROWNSBORO,5,8,August,2012,1,Sunday,13,45,0,16,4,1,33.79003056,-84.33930556,12,1,0,0,0,1,0
130656,GEORGIA,GA,1,1,0,0,1,1,255,2510,EAST GRIFFIN,5,8,August,2012,1,Sunday,10,12,0,16,6,1,33.23199722,-84.25064167,33,1,0,0,0,1,0
130657,GEORGIA,GA,2,2,0,0,4,4,187,1480,DAHLONEGA,6,8,August,2012,2,Monday,19,24,0,5,4,18,34.55782778,-83.91375556,12,1,0,0,0,1,1
130658,GEORGIA,GA,2,2,0,0,3,3,245,310,AUGUSTA,6,8,August,2012,2,Monday,17,31,0,14,4,25,33.44818611,-82.04632500,1,1,0,0,0,1,0
130659,GEORGIA,GA,1,1,0,0,2,2,23,0,BLADON SPRINGS,7,8,August,2012,3,Tuesday,8,45,0,4,3,46,32.33441944,-83.31576667,42,1,0,0,0,1,0
130660,GEORGIA,GA,1,1,1,1,1,1,31,0,COFFEE,7,8,August,2012,3,Tuesday,5,7,1,1,1,22,32.31883056,-81.91216944,8,2,0,0,0,1,0
130661,GEORGIA,GA,1,1,0,0,2,2,139,0,CALION,7,8,August,2012,3,Tuesday,21,35,0,5,4,21,34.19978333,-83.74905278,38,2,0,0,0,1,1
130662,GEORGIA,GA,2,2,0,0,3,3,175,0,CADWELL,7,8,August,2012,3,Tuesday,18,26,1,2,2,170,32.42558889,-82.94141667,12,1,0,0,0,2,0
130663,GEORGIA,GA,1,1,0,0,1,1,13,5180,BOLLING,8,8,August,2012,4,Wednesday,21,50,0,6,4,1,33.95422500,-83.63170278,1,2,0,0,0,1,0
130664,GEORGIA,GA,2,2,0,0,4,4,13,0,BOLLING,9,8,August,2012,5,Thursday,17,24,0,3,3,16,33.91792222,-83.71630833,12,1,0,0,0,1,0
130665,GEORGIA,GA,2,2,0,0,2,2,49,2170,COLLINSVILLE,9,8,August,2012,5,Thursday,4,26,0,6,3,13,30.83497500,-81.98864167,12,2,0,0,0,1,1
130666,GEORGIA,GA,2,2,0,0,2,2,153,0,BONAIRE,9,8,August,2012,5,Thursday,2,59,0,3,2,45,32.42806667,-83.57812778,12,2,0,0,0,1,0
130667,GEORGIA,GA,3,3,0,0,6,6,209,2710,AILEY,9,8,August,2012,5,Thursday,14,32,1,3,3,22,32.22111389,-82.47075278,12,1,0,0,0,1,0
130668,GEORGIA,GA,1,1,1,1,1,1,215,1280,BIBB CITY,9,8,August,2012,5,Thursday,6,31,1,13,2,115,32.51257222,-84.97033333,8,2,0,0,0,1,0
130669,GEORGIA,GA,1,1,0,0,1,1,215,1280,BIBB CITY,9,8,August,2012,5,Thursday,16,50,0,16,2,0,32.55406667,-84.92038889,1,1,0,0,0,1,0
130670,GEORGIA,GA,1,1,0,0,3,3,231,0,CONCORD,9,8,August,2012,5,Thursday,13,38,0,4,4,37,33.15799444,-84.37465000,43,1,0,0,0,1,0
130671,GEORGIA,GA,1,1,0,0,1,1,15,0,ANNISTON,10,8,August,2012,6,Friday,19,37,0,6,4,99999,34.23726944,-84.71204444,43,1,0,0,0,1,0
130672,GEORGIA,GA,2,2,0,0,3,3,113,0,COTTONTON,10,8,August,2012,6,Friday,13,6,0,13,3,79,33.44965278,-84.50228611,12,1,0,0,0,1,0
130673,GEORGIA,GA,2,2,0,0,3,3,121,280,BON AIR,11,8,August,2012,7,Saturday,19,17,1,11,1,300,33.82057222,-84.36006667,12,1,0,0,0,1,0
130674,GEORGIA,GA,1,1,0,0,1,1,195,0,CARLTON,11,8,August,2012,7,Saturday,9,0,0,5,4,68,34.24208611,-83.27633056,42,1,0,0,0,1,0
130675,GEORGIA,GA,1,1,0,0,5,5,289,0,ALLENTOWN,11,8,August,2012,7,Saturday,9,15,1,1,1,98,32.66414444,-83.45808056,42,1,0,0,0,2,0
130676,GEORGIA,GA,1,1,0,0,1,1,179,3590,ALLENHURST,12,8,August,2012,1,Sunday,21,30,0,6,4,5,31.77150833,-81.29889444,53,2,0,0,0,1,1
130677,GEORGIA,GA,2,2,0,0,3,3,245,310,AUGUSTA,12,8,August,2012,1,Sunday,14,3,0,13,2,33,33.43629722,-82.17607778,12,1,0,0,0,1,0
130678,GEORGIA,GA,2,2,0,0,4,4,55,0,ATTALLA,13,8,August,2012,2,Monday,8,25,0,3,3,72,34.48337222,-85.43290000,12,1,0,0,0,1,0
130679,GEORGIA,GA,1,1,0,0,1,1,63,1250,BOLIGEE,13,8,August,2012,2,Monday,21,55,1,11,1,5,33.62669722,-84.45609167,42,2,0,0,0,1,0
130680,GEORGIA,GA,1,1,0,0,1,1,89,0,BROWNSBORO,13,8,August,2012,2,Monday,23,15,0,14,3,115,33.81098889,-84.18130833,1,2,0,0,0,1,0
130681,GEORGIA,GA,1,1,0,0,4,4,123,0,ALEXANDER CITY,13,8,August,2012,2,Monday,1,0,0,6,4,26,34.62478889,-84.41019167,42,2,0,0,0,1,0
130682,GEORGIA,GA,1,1,0,0,1,1,145,2550,BALD KNOB,13,8,August,2012,2,Monday,10,12,1,3,2,138,32.79272500,-84.87018056,42,1,0,0,0,1,0
130683,GEORGIA,GA,1,1,2,2,1,1,159,0,FARRAR,13,8,August,2012,2,Monday,22,26,0,3,3,220,33.41454444,-83.76210000,8,2,0,0,0,1,0
130684,GEORGIA,GA,1,1,0,0,1,1,45,0,ARITON,14,8,August,2012,3,Tuesday,1,2,0,13,2,184,33.54823889,-85.02697500,42,2,0,0,0,1,0
130685,GEORGIA,GA,1,1,1,1,1,1,63,0,BOLIGEE,14,8,August,2012,3,Tuesday,22,21,1,13,2,107,33.57277500,-84.37165556,8,3,0,0,0,1,0
130686,GEORGIA,GA,2,2,0,0,2,2,87,1200,ARMSTRONG,14,8,August,2012,3,Tuesday,3,26,0,3,3,338,31.02175556,-84.46294444,12,3,0,0,0,1,0
130687,GEORGIA,GA,2,2,0,0,2,2,255,2510,EAST GRIFFIN,14,8,August,2012,3,Tuesday,6,36,0,6,4,17,33.24734444,-84.12289444,12,4,0,0,0,1,0
130688,GEORGIA,GA,2,2,0,0,3,3,121,280,BON AIR,15,8,August,2012,4,Wednesday,4,17,1,12,3,25,33.84932222,-84.36830556,12,3,0,0,0,2,2
130689,GEORGIA,GA,1,1,0,0,1,1,189,0,BONEVILLE,15,8,August,2012,4,Wednesday,0,50,0,6,4,28,33.53040556,-82.47422778,32,2,0,0,0,1,1
130690,GEORGIA,GA,2,2,0,0,2,2,51,4910,CENTRAL,16,8,August,2012,5,Thursday,14,37,1,11,1,14,32.03857500,-81.14193889,1,1,0,0,0,1,0
130691,GEORGIA,GA,1,1,1,1,0,0,215,1280,BIBB CITY,2,8,August,2012,5,Thursday,12,2,0,16,6,7,32.41568611,-84.92979167,8,1,0,0,0,1,0
130692,GEORGIA,GA,3,3,0,0,4,4,67,0,ABBEVILLE,16,8,August,2012,5,Thursday,16,20,1,11,1,34,33.89664444,-84.45020000,12,1,0,0,0,1,1
130693,GEORGIA,GA,2,2,0,0,4,4,67,3440,ABBEVILLE,16,8,August,2012,5,Thursday,18,47,0,16,6,2,33.94737500,-84.49352778,12,1,0,0,0,1,0
130694,GEORGIA,GA,1,1,1,1,2,2,153,4340,BONAIRE,16,8,August,2012,5,Thursday,21,11,1,11,1,143,32.48840833,-83.74265000,8,3,0,0,0,1,0
130695,GEORGIA,GA,1,1,0,0,1,1,45,5935,ARITON,17,8,August,2012,6,Friday,22,30,0,6,6,19,33.53085278,-84.97659722,1,2,0,0,0,1,1
130696,GEORGIA,GA,3,3,0,0,4,4,151,0,FLIPPEN,17,8,August,2012,6,Friday,19,44,0,2,3,186,33.44697778,-84.14335833,12,1,0,0,0,1,1
130697,GEORGIA,GA,1,1,0,0,1,1,9,3620,BLOUNT,18,8,August,2012,7,Saturday,23,50,0,3,3,158,33.08082778,-83.16136389,35,2,0,0,0,1,1
130698,GEORGIA,GA,3,3,0,0,3,3,119,0,BELLAMY,18,8,August,2012,7,Saturday,4,48,1,1,1,65,34.36394444,-83.29196944,12,2,0,0,0,1,1
130699,GEORGIA,GA,1,1,0,0,1,1,157,2920,ARCADE,18,8,August,2012,7,Saturday,14,43,1,2,3,114,34.15137222,-83.63836667,1,1,0,0,0,1,0
130700,GEORGIA,GA,1,1,0,0,2,2,257,0,AVALON,18,8,August,2012,7,Saturday,0,0,0,6,4,12,34.56066944,-83.15420000,1,3,0,0,0,1,0
130701,GEORGIA,GA,1,1,0,0,1,1,13,0,BOLLING,19,8,August,2012,1,Sunday,17,56,0,6,4,8,33.96916111,-83.63343889,53,1,0,0,0,1,0
130702,GEORGIA,GA,1,1,1,1,1,1,151,0,FLIPPEN,19,8,August,2012,1,Sunday,6,35,0,6,4,99999,99.99990000,999.99990000,8,3,0,0,0,1,1
130703,GEORGIA,GA,1,1,1,1,2,2,57,0,BANKSTON,20,8,August,2012,2,Monday,22,30,1,13,3,48,34.08812778,-84.58846389,8,3,0,0,0,1,0
130704,GEORGIA,GA,2,2,0,0,3,3,63,0,BOLIGEE,20,8,August,2012,2,Monday,4,58,0,14,4,44,33.63378611,-84.29608333,12,3,0,0,0,1,0
130705,GEORGIA,GA,2,2,0,0,3,3,185,0,ANAKTUVUK PASS,20,8,August,2012,2,Monday,12,14,0,4,4,66,30.82971944,-83.15236944,12,1,0,0,0,1,0
130706,GEORGIA,GA,1,1,0,0,1,1,245,310,AUGUSTA,20,8,August,2012,2,Monday,3,38,0,14,6,31,33.48142778,-82.04084722,39,2,0,0,0,1,1
130707,GEORGIA,GA,2,2,0,0,5,5,57,0,BANKSTON,21,8,August,2012,3,Tuesday,22,35,0,14,4,112,34.20479722,-84.52312778,12,2,0,0,0,1,0
130708,GEORGIA,GA,2,2,0,0,3,3,29,0,BORDEN SPRINGS,24,8,August,2012,6,Friday,14,20,0,3,3,69,32.17405556,-81.66090278,12,1,0,0,0,1,0
130709,GEORGIA,GA,3,3,0,0,6,6,109,0,ANSLEY,24,8,August,2012,6,Friday,20,30,0,4,3,150,32.23863333,-81.99812778,12,2,0,0,0,1,0
130710,GEORGIA,GA,2,2,0,0,2,2,121,4882,BON AIR,24,8,August,2012,6,Friday,3,8,0,12,3,127,34.04931111,-84.30017778,12,2,0,0,0,1,1
130711,GEORGIA,GA,1,1,0,0,5,5,153,5790,BONAIRE,24,8,August,2012,6,Friday,23,24,0,16,6,2,32.60993889,-83.60355000,1,3,0,0,0,1,1
130712,GEORGIA,GA,3,3,0,0,3,3,59,270,FRANKLIN,25,8,August,2012,7,Saturday,2,25,1,13,2,42,33.94062500,-83.44952778,12,3,0,0,0,1,0
130713,GEORGIA,GA,1,1,2,2,3,3,121,280,BON AIR,25,8,August,2012,7,Saturday,2,53,0,14,6,345,33.74682500,-84.37929722,8,3,0,0,0,2,0
130714,GEORGIA,GA,2,2,0,0,9,9,321,0,BRIDGEBORO,25,8,August,2012,7,Saturday,15,54,0,3,3,67,31.42346389,-83.95403611,12,1,0,0,0,2,0
130715,GEORGIA,GA,1,1,0,0,2,2,9,3620,BLOUNT,26,8,August,2012,1,Sunday,9,12,0,16,6,31,33.13882500,-83.28388889,35,1,0,0,0,1,1
130716,GEORGIA,GA,3,3,0,0,4,4,121,280,BON AIR,26,8,August,2012,1,Sunday,18,0,1,11,1,40,33.68284722,-84.50004444,12,1,0,0,0,1,0
130717,GEORGIA,GA,2,2,0,0,8,8,291,540,BLAIRSVILLE,26,8,August,2012,1,Sunday,16,21,0,4,3,78,34.76386944,-83.95230278,12,1,0,0,0,1,0
130718,GEORGIA,GA,1,1,0,0,1,1,59,270,FRANKLIN,27,8,August,2012,2,Monday,21,54,1,13,4,18,33.94633889,-83.42781944,23,2,0,0,0,1,1
130719,GEORGIA,GA,1,1,0,0,1,1,187,1480,DAHLONEGA,27,8,August,2012,2,Monday,12,53,0,4,3,237,34.62165833,-83.95916667,35,1,0,0,0,1,0
130720,GEORGIA,GA,1,1,0,0,2,2,211,0,APALACHEE,27,8,August,2012,2,Monday,19,48,1,1,1,128,33.55521944,-83.45436944,34,1,0,0,0,1,0
130721,GEORGIA,GA,2,2,0,0,2,2,87,0,ARMSTRONG,28,8,August,2012,3,Tuesday,7,53,0,14,3,106,30.93765000,-84.57144444,1,1,0,0,0,1,0
130722,GEORGIA,GA,2,2,0,0,3,3,169,0,BRADLEY,28,8,August,2012,3,Tuesday,16,58,0,3,3,78,32.93901389,-83.49496111,12,1,0,0,0,1,0
130723,GEORGIA,GA,2,2,0,0,2,2,177,0,LEE,28,8,August,2012,3,Tuesday,22,8,1,2,3,56,31.63446667,-84.24493889,12,2,0,0,0,1,0
130724,GEORGIA,GA,2,2,0,0,5,5,199,0,ALVATON,28,8,August,2012,3,Tuesday,16,15,0,3,3,4,32.84500278,-84.69481389,12,1,0,0,0,3,0
130725,GEORGIA,GA,2,1,0,0,1,1,215,1280,BIBB CITY,28,8,August,2012,3,Tuesday,20,35,0,16,6,99999,32.53601389,-84.88058056,1,3,0,0,0,1,1