ST_CASE,State Name,State Abbreviation,# of Vehicle involved,Parked_Vehicles_Involved,Pedestrains,Person_Not_in_Motor_Vehicle,Persons_in_motor_vehicle,Total_Persons_in_accident,COUNTY,CITY,City_County_Name,Calendar_DAY,MONTH,Month_name,YEAR,DAY_WEEK,Day_Week_desc,HOUR,MINUTE,NHS_Desc,trafficway,Route,MILEPT,LATITUDE,LONGITUD,First_Crash_event,Light_cond_desc,Weather_condition,School_bus_involved,Crash_cause,FATALS,DRUNK_DR
130726,GEORGIA,GA,1,1,0,0,1,1,113,0,COTTONTON,29,8,August,2012,4,Wednesday,11,51,0,14,3,25,33.50161389,-84.44860833,1,1,0,0,0,1,0
130727,GEORGIA,GA,3,3,0,0,8,8,121,0,BON AIR,29,8,August,2012,4,Wednesday,15,17,1,11,1,114,33.61868056,-84.48421389,12,1,0,0,0,2,2
130728,GEORGIA,GA,1,1,0,0,1,1,313,0,COHUTTA,29,8,August,2012,4,Wednesday,11,0,1,1,1,21,34.62626389,-84.97090000,42,1,0,0,0,1,0
130729,GEORGIA,GA,2,2,0,0,3,3,43,0,BAILEYTON,30,8,August,2012,5,Thursday,3,10,1,1,1,115,32.37276667,-82.02700556,12,2,0,0,0,1,1
130730,GEORGIA,GA,1,1,0,0,1,1,67,0,ABBEVILLE,30,8,August,2012,5,Thursday,1,32,0,15,4,4,34.03539444,-84.52021667,24,2,0,0,0,1,1
130731,GEORGIA,GA,2,2,0,0,2,2,89,0,BROWNSBORO,30,8,August,2012,5,Thursday,7,19,0,14,4,14,33.68231944,-84.27270833,12,1,0,1,0,1,0
130732,GEORGIA,GA,1,1,0,0,1,1,233,0,ARAGON,30,8,August,2012,5,Thursday,13,17,0,4,3,99999,33.95368611,-85.26479167,35,1,0,0,0,1,0
130733,GEORGIA,GA,1,1,0,0,1,1,67,0,ABBEVILLE,31,8,August,2012,6,Friday,12,3,0,16,4,4,33.89563611,-84.65691389,32,1,0,0,0,1,0
130734,GEORGIA,GA,1,1,1,1,1,1,69,0,ASHFORD,31,8,August,2012,6,Friday,22,49,0,3,3,85,31.53981944,-82.92539722,8,2,0,0,0,1,0
130735,GEORGIA,GA,1,1,0,0,1,1,121,0,BON AIR,31,8,August,2012,6,Friday,5,28,1,13,3,53,33.67411944,-84.55223889,31,2,0,0,0,1,0
130736,GEORGIA,GA,3,3,0,0,4,4,193,4150,IDEAL,31,8,August,2012,6,Friday,6,45,0,3,3,24,32.21181111,-84.11503333,12,2,0,0,0,2,0
130737,GEORGIA,GA,2,2,0,0,2,2,153,0,BONAIRE,20,8,August,2012,2,Monday,18,34,1,13,3,89,32.54365000,-83.57379722,12,1,0,0,0,1,0
130738,GEORGIA,GA,3,3,0,0,4,4,29,2218,BORDEN SPRINGS,5,2,February,2012,1,Sunday,22,52,1,3,3,20,99.99990000,999.99990000,12,2,0,0,0,1,0
130739,GEORGIA,GA,2,2,0,0,2,2,89,0,BROWNSBORO,1,9,September,2012,7,Saturday,12,30,0,14,3,25,33.82008889,-84.30902500,12,1,0,0,0,1,0
130740,GEORGIA,GA,1,1,0,0,1,1,297,0,BETWEEN,1,9,September,2012,7,Saturday,1,41,0,14,3,50,33.80155000,-83.95520556,34,2,0,0,0,1,1
130741,GEORGIA,GA,2,2,0,0,2,2,159,0,FARRAR,2,9,September,2012,1,Sunday,23,19,0,4,4,11,33.44224722,-83.78074722,12,2,0,0,0,2,1
130742,GEORGIA,GA,1,1,1,1,2,2,67,0,ABBEVILLE,1,9,September,2012,7,Saturday,1,59,0,16,4,7,33.92471944,-84.55493889,8,2,0,0,0,1,0
130743,GEORGIA,GA,1,1,0,0,3,3,15,3020,ANNISTON,3,9,September,2012,2,Monday,18,53,1,2,2,15,34.20348056,-85.01876944,42,1,0,0,0,2,0
130744,GEORGIA,GA,1,1,0,0,1,1,135,0,ASH FLAT,3,9,September,2012,2,Monday,18,1,1,13,2,120,33.97383889,-83.91271111,42,1,0,0,0,1,0
130745,GEORGIA,GA,1,1,0,0,7,7,151,3360,FLIPPEN,3,9,September,2012,2,Monday,0,39,1,1,1,28,33.33819444,-84.12261111,52,2,0,0,0,1,0
130746,GEORGIA,GA,1,1,0,0,4,4,185,0,ANAKTUVUK PASS,3,9,September,2012,2,Monday,15,13,1,1,1,5,30.63219167,-83.17846389,1,1,0,0,0,1,0
130747,GEORGIA,GA,2,2,0,0,2,2,257,0,AVALON,3,9,September,2012,2,Monday,19,26,0,4,4,44,34.56386111,-83.22412778,12,1,0,0,0,1,0
130748,GEORGIA,GA,1,1,0,0,1,1,69,0,ASHFORD,4,9,September,2012,3,Tuesday,12,42,1,2,2,21,31.43370556,-82.85065556,34,1,0,0,0,1,0
130749,GEORGIA,GA,1,1,0,0,2,2,295,0,BLOWING SPRINGS,4,9,September,2012,3,Tuesday,9,5,0,16,4,36,34.88168056,-85.33387500,34,1,0,0,0,1,0
130750,GEORGIA,GA,1,1,0,0,1,1,89,0,BROWNSBORO,5,9,September,2012,4,Wednesday,14,59,1,12,2,47,33.83520833,-84.19898333,42,1,0,0,0,1,0
130751,GEORGIA,GA,2,2,0,0,2,2,175,0,CADWELL,5,9,September,2012,4,Wednesday,12,56,0,4,3,110,32.42124722,-82.85650833,12,1,0,0,0,1,0
130752,GEORGIA,GA,4,4,0,0,4,4,115,4760,ASHVILLE,7,9,September,2012,6,Friday,20,57,1,13,3,152,34.26838056,-85.21201389,12,5,0,0,0,1,1
130753,GEORGIA,GA,4,4,0,0,6,6,121,1900,BON AIR,7,9,September,2012,6,Friday,17,3,1,11,1,37,33.65214167,-84.49756111,12,1,0,0,0,1,0
130754,GEORGIA,GA,2,2,0,0,3,3,185,5680,ANAKTUVUK PASS,7,9,September,2012,6,Friday,12,59,0,14,3,15,30.85526389,-83.28873056,12,1,0,0,0,1,0
130755,GEORGIA,GA,3,2,0,0,2,2,231,6110,CONCORD,7,9,September,2012,6,Friday,6,5,1,2,2,78,33.09649167,-84.34380000,54,1,0,0,0,1,0
130756,GEORGIA,GA,2,2,0,0,2,2,289,0,ALLENTOWN,7,9,September,2012,6,Friday,19,17,1,2,3,5,32.85061389,-83.48443056,12,1,0,0,0,1,0
130757,GEORGIA,GA,1,1,0,0,1,1,117,0,BIRMINGHAM,8,9,September,2012,7,Saturday,8,4,0,16,4,26,34.25960833,-84.12786667,32,1,0,0,0,1,0
130758,GEORGIA,GA,2,2,0,0,4,4,137,0,ALCO,8,9,September,2012,7,Saturday,11,0,1,2,2,125,34.61454167,-83.44867778,12,1,0,0,0,1,0
130759,GEORGIA,GA,1,1,0,0,1,1,303,0,DAVISBORO,8,9,September,2012,7,Saturday,20,45,0,6,4,45,32.89111111,-82.73703056,35,2,2,0,0,1,0
130760,GEORGIA,GA,2,2,0,0,4,4,89,280,BROWNSBORO,9,9,September,2012,1,Sunday,19,14,0,14,2,26,33.68292778,-84.34745278,12,5,0,0,0,1,1
130761,GEORGIA,GA,1,1,0,0,1,1,67,0,ABBEVILLE,10,9,September,2012,2,Monday,16,15,1,1,1,118,34.00956389,-84.56726944,42,1,0,0,0,1,0
130762,GEORGIA,GA,1,1,0,0,2,2,73,0,ARGO,10,9,September,2012,2,Monday,19,13,0,3,3,33,33.52554722,-82.25864722,1,1,0,0,0,1,1
130763,GEORGIA,GA,2,2,0,0,2,2,91,0,DAYTON,11,9,September,2012,3,Tuesday,10,50,0,4,3,139,32.11386667,-83.17709167,12,1,0,0,0,1,0
130764,GEORGIA,GA,1,1,1,1,6,6,133,5650,ARLEY,11,9,September,2012,3,Tuesday,17,9,0,3,3,182,33.67791944,-83.10800556,8,1,0,0,0,1,0
130765,GEORGIA,GA,2,2,0,0,2,2,199,0,ALVATON,11,9,September,2012,3,Tuesday,14,25,0,3,2,228,33.12092222,-84.72803611,12,1,0,0,0,1,0
130766,GEORGIA,GA,2,2,0,0,2,2,275,5460,BARWICK,11,9,September,2012,3,Tuesday,10,25,1,13,2,115,30.87503889,-83.97678333,12,1,0,0,0,1,0
130767,GEORGIA,GA,3,3,0,0,5,5,73,0,ARGO,12,9,September,2012,4,Wednesday,23,44,1,13,3,50,33.54205278,-82.13592778,12,6,0,0,0,1,2
130768,GEORGIA,GA,2,2,0,0,2,2,139,0,CALION,12,9,September,2012,4,Wednesday,20,34,1,13,3,33,34.33348889,-83.90302778,12,2,0,0,0,1,1
130769,GEORGIA,GA,3,3,0,0,7,7,167,6080,ADRIAN,13,9,September,2012,5,Thursday,16,36,0,5,4,34,32.68786389,-82.73151111,12,1,0,0,0,1,0
130770,GEORGIA,GA,1,1,1,1,2,2,59,270,FRANKLIN,14,9,September,2012,6,Friday,5,4,1,13,2,11,33.94078611,-83.49763889,8,2,0,0,0,1,0
130771,GEORGIA,GA,1,1,1,1,1,1,73,0,ARGO,14,9,September,2012,6,Friday,16,38,1,13,3,56,33.54531389,-82.14430000,8,1,0,0,0,1,0
130772,GEORGIA,GA,1,1,0,0,1,1,151,0,FLIPPEN,14,9,September,2012,6,Friday,9,20,0,14,4,29,33.64251389,-84.20508333,34,1,0,0,0,1,0
130773,GEORGIA,GA,1,1,0,0,1,1,113,0,COTTONTON,15,9,September,2012,7,Saturday,18,19,0,14,3,184,33.53122778,-84.51435833,1,1,0,0,0,1,0
130774,GEORGIA,GA,1,1,0,0,1,1,233,0,ARAGON,15,9,September,2012,7,Saturday,21,10,0,4,4,37,33.94854444,-85.21663611,42,2,0,0,0,1,1
130775,GEORGIA,GA,1,1,0,0,3,3,121,280,BON AIR,16,9,September,2012,1,Sunday,21,44,1,11,1,118,33.78962222,-84.49044167,52,2,0,0,0,1,0
130776,GEORGIA,GA,2,2,0,0,2,2,129,0,BIGBEE,16,9,September,2012,1,Sunday,18,19,0,4,4,87,34.45635278,-84.81285278,53,1,0,0,0,1,1
130777,GEORGIA,GA,1,1,1,1,2,2,131,0,ARLINGTON,16,9,September,2012,1,Sunday,13,11,1,2,2,66,30.75715833,-84.09481111,9,1,0,0,0,1,0
130778,GEORGIA,GA,1,1,0,0,1,1,147,0,AUGUSTA,16,9,September,2012,1,Sunday,0,19,0,6,4,27,34.43973056,-83.04586667,59,2,0,0,0,1,0
130779,GEORGIA,GA,1,1,0,0,1,1,193,0,IDEAL,16,9,September,2012,1,Sunday,19,59,0,4,3,67,32.43346944,-84.04879167,1,2,0,0,0,1,1
130780,GEORGIA,GA,1,1,1,1,1,1,245,310,AUGUSTA,17,9,September,2012,2,Monday,6,46,1,13,2,189,33.42811944,-82.04799722,8,4,0,0,0,1,0
130781,GEORGIA,GA,1,1,0,0,1,1,55,5260,ATTALLA,18,9,September,2012,3,Tuesday,9,51,1,2,2,30,34.45275556,-85.25085556,32,1,0,0,0,1,0
130782,GEORGIA,GA,2,2,0,0,3,3,89,0,BROWNSBORO,10,6,June,2012,1,Sunday,17,56,0,14,4,0,33.69960278,-84.11792222,12,1,0,0,0,1,1
130784,GEORGIA,GA,2,2,0,0,2,2,207,0,BOLINGBROKE,14,9,September,2012,6,Friday,15,11,0,3,3,10,32.92607222,-83.78706667,12,1,0,0,0,1,0
130785,GEORGIA,GA,1,1,0,0,2,2,89,0,BROWNSBORO,18,9,September,2012,3,Tuesday,22,30,0,16,4,8,33.87667222,-84.34224444,30,3,0,0,0,1,0
130786,GEORGIA,GA,2,2,0,0,3,3,199,0,ALVATON,18,9,September,2012,3,Tuesday,10,55,0,3,3,34,32.87702500,-84.64405278,12,1,0,0,0,1,0
130787,GEORGIA,GA,2,2,0,0,2,2,317,0,DANBURG,18,9,September,2012,3,Tuesday,9,24,1,2,2,81,33.78348056,-82.83610278,12,1,0,0,0,1,0
130788,GEORGIA,GA,2,2,0,0,2,2,13,0,BOLLING,19,9,September,2012,4,Wednesday,15,5,1,2,3,89,33.95197778,-83.68792500,12,1,0,0,0,1,0
130789,GEORGIA,GA,2,2,0,0,3,3,67,0,ABBEVILLE,19,9,September,2012,4,Wednesday,23,30,0,15,4,15,33.99656944,-84.62831111,12,2,0,0,0,1,1
130790,GEORGIA,GA,1,1,0,0,2,2,97,1770,AXIS,19,9,September,2012,4,Wednesday,17,59,1,11,1,107,33.73153889,-84.74260000,24,1,0,0,0,1,0
130791,GEORGIA,GA,1,1,0,0,1,1,159,0,FARRAR,20,9,September,2012,5,Thursday,5,4,0,4,4,26,33.34028056,-83.83831111,34,2,0,0,0,1,0
130792,GEORGIA,GA,1,1,0,0,1,1,13,0,BOLLING,21,9,September,2012,6,Friday,6,20,0,14,3,99999,33.99259167,-83.75359167,53,2,0,0,0,1,0
130793,GEORGIA,GA,2,2,0,0,13,13,25,0,BARLOW BEND,21,9,September,2012,6,Friday,15,36,1,2,3,96,31.20748611,-81.95826944,12,1,0,1,0,1,0
130794,GEORGIA,GA,3,3,0,0,5,5,133,0,ARLEY,21,9,September,2012,6,Friday,15,35,0,3,3,70,33.52205556,-83.22231389,12,1,0,0,0,1,0
130795,GEORGIA,GA,3,3,1,1,6,6,287,0,ASHBURN,21,9,September,2012,6,Friday,6,28,1,1,1,70,31.68330000,-83.62166667,8,2,0,0,0,1,0
130796,GEORGIA,GA,2,2,0,0,1,1,45,0,ARITON,22,9,September,2012,7,Saturday,9,5,0,3,3,272,33.60320833,-84.91383333,12,1,0,0,0,1,0
130797,GEORGIA,GA,1,1,0,0,2,2,71,3800,BRIDGEPORT,22,9,September,2012,7,Saturday,13,20,0,5,6,17,31.07546389,-83.68533611,53,1,0,0,0,2,0
130798,GEORGIA,GA,2,2,0,0,3,3,181,0,LINCOLN,22,9,September,2012,7,Saturday,15,19,0,6,4,3,33.74568889,-82.52906944,12,1,0,0,0,1,0
130799,GEORGIA,GA,1,1,0,0,2,2,31,730,COFFEE,23,9,September,2012,1,Sunday,2,32,0,4,6,64,32.30626389,-81.62138056,42,2,0,0,0,1,1
130800,GEORGIA,GA,1,1,0,0,1,1,215,1280,BIBB CITY,23,9,September,2012,1,Sunday,16,39,1,12,6,76,32.55452222,-84.89803889,42,1,0,0,0,1,0
130801,GEORGIA,GA,1,1,0,0,1,1,119,0,BELLAMY,24,9,September,2012,2,Monday,13,46,0,3,3,99999,34.43335278,-83.32414722,35,1,0,0,0,1,0
130802,GEORGIA,GA,5,5,0,0,5,5,135,0,ASH FLAT,24,9,September,2012,2,Monday,17,9,0,14,3,29,33.93594722,-84.15882222,12,1,0,0,0,1,0
130803,GEORGIA,GA,1,1,0,0,1,1,185,0,ANAKTUVUK PASS,24,9,September,2012,2,Monday,14,3,0,3,3,65,30.97060000,-83.35950556,59,1,0,0,0,1,0
130804,GEORGIA,GA,2,2,0,0,2,2,213,0,CARTERS,24,9,September,2012,2,Monday,8,46,1,2,3,76,34.77803056,-84.84985000,12,1,0,0,0,1,0
130805,GEORGIA,GA,1,1,0,0,2,2,319,0,ALLENTOWN,24,9,September,2012,2,Monday,19,13,0,3,3,237,32.80095556,-83.02997500,1,2,0,0,0,2,1
130806,GEORGIA,GA,2,2,0,0,2,2,241,9997,CLAYTON,25,9,September,2012,3,Tuesday,17,40,0,4,4,90,34.90991111,-83.25070556,12,1,0,0,0,1,0
130807,GEORGIA,GA,1,1,0,0,1,1,295,0,BLOWING SPRINGS,25,9,September,2012,3,Tuesday,12,52,0,14,3,39,34.80493889,-85.32456389,32,1,0,0,0,1,0
130808,GEORGIA,GA,4,4,0,0,4,4,59,270,FRANKLIN,26,9,September,2012,4,Wednesday,18,59,1,13,3,75,33.92356389,-83.37370278,12,1,0,0,0,1,0
130809,GEORGIA,GA,2,2,0,0,2,2,135,800,ASH FLAT,26,9,September,2012,4,Wednesday,14,31,1,13,3,78,99.99990000,999.99990000,12,1,0,0,0,1,0
130810,GEORGIA,GA,1,1,1,1,1,1,171,0,ALDORA,26,9,September,2012,4,Wednesday,20,45,0,14,3,41,33.04947222,-84.18224722,8,2,0,0,99,1,0
130811,GEORGIA,GA,4,4,0,0,7,7,39,0,ANDALUSIA,27,9,September,2012,5,Thursday,5,50,1,1,1,269,31.11133889,-81.59172222,24,2,0,0,0,1,0
130812,GEORGIA,GA,2,2,0,0,5,5,25,0,BARLOW BEND,27,9,September,2012,5,Thursday,10,0,1,2,3,99999,31.21204722,-81.92549722,12,1,0,0,0,2,0
130813,GEORGIA,GA,2,2,0,0,2,2,135,0,ASH FLAT,27,9,September,2012,5,Thursday,6,39,1,13,3,81,33.98734722,-83.93825833,12,3,0,0,0,1,0
130814,GEORGIA,GA,1,1,1,1,1,1,215,1280,BIBB CITY,27,9,September,2012,5,Thursday,23,33,1,13,3,38,32.50693889,-84.96645556,8,3,0,0,0,1,0
130815,GEORGIA,GA,2,2,0,0,8,8,31,730,COFFEE,28,9,September,2012,6,Friday,21,50,0,3,3,123,32.34388333,-81.73962222,12,2,0,0,0,1,0
130816,GEORGIA,GA,1,1,0,0,1,1,69,0,ASHFORD,28,9,September,2012,6,Friday,11,56,0,14,3,51,31.46979167,-82.87857222,42,1,0,0,0,1,0
130817,GEORGIA,GA,1,1,0,0,1,1,97,1770,AXIS,28,9,September,2012,6,Friday,17,9,0,15,6,14,33.79483611,-84.72106667,34,1,0,0,0,1,1
130818,GEORGIA,GA,2,2,0,0,4,4,121,280,BON AIR,28,9,September,2012,6,Friday,15,48,1,11,1,35,33.70535278,-84.40344444,12,1,0,0,0,1,0
130819,GEORGIA,GA,1,1,0,0,1,1,135,3990,ASH FLAT,28,9,September,2012,6,Friday,7,51,0,15,6,18,33.93647778,-84.13748056,24,2,0,0,0,1,0
130820,GEORGIA,GA,1,1,0,0,1,1,151,0,FLIPPEN,28,9,September,2012,6,Friday,5,20,0,14,3,156,33.49949167,-84.18263611,35,2,0,0,0,1,0
130821,GEORGIA,GA,2,2,0,0,3,3,97,1770,AXIS,29,9,September,2012,7,Saturday,13,50,0,14,3,75,33.75048611,-84.73673611,12,1,0,0,0,1,0
130822,GEORGIA,GA,2,2,0,0,3,3,117,0,BIRMINGHAM,29,9,September,2012,7,Saturday,17,52,1,13,3,43,34.30823611,-83.96313333,12,1,0,0,0,1,0
130823,GEORGIA,GA,1,1,0,0,3,3,121,280,BON AIR,29,9,September,2012,7,Saturday,4,56,1,11,1,28,33.79382500,-84.39176389,35,3,0,0,0,1,1
130824,GEORGIA,GA,2,2,0,0,7,7,111,560,GRAHAM,30,9,September,2012,1,Sunday,16,42,1,2,3,88,34.91723889,-84.37703333,12,1,0,0,0,1,0
130825,GEORGIA,GA,2,2,0,0,4,4,139,1180,CALION,30,9,September,2012,1,Sunday,19,29,1,2,6,249,34.47784167,-83.80078889,12,2,0,0,0,2,0
130826,GEORGIA,GA,2,2,0,0,2,2,231,0,CONCORD,6,9,September,2012,5,Thursday,13,1,1,2,2,22,33.02278889,-84.32458056,12,1,0,0,0,1,0
130827,GEORGIA,GA,1,1,1,1,1,1,21,3390,CHILTON,1,10,October,2012,2,Monday,21,57,1,13,2,161,32.86210833,-83.61330833,8,3,0,0,0,1,0
130828,GEORGIA,GA,1,1,0,0,3,3,33,0,CHEROKEE,1,10,October,2012,2,Monday,8,5,1,2,2,78,33.03421944,-81.98713889,34,1,0,0,0,1,0
130829,GEORGIA,GA,1,1,0,0,2,2,57,920,BANKSTON,1,10,October,2012,2,Monday,18,0,0,4,3,60,34.28215556,-84.56636944,42,1,0,0,0,1,0
130830,GEORGIA,GA,2,2,0,0,2,2,93,0,BEAR CREEK,2,10,October,2012,3,Tuesday,1,55,1,1,1,60,32.12483056,-83.76036944,12,2,0,0,0,1,0
130831,GEORGIA,GA,1,1,1,1,1,1,121,280,BON AIR,2,10,October,2012,3,Tuesday,20,7,0,15,6,5,33.67352500,-84.49704444,8,3,0,0,0,1,0
130832,GEORGIA,GA,1,1,0,0,1,1,179,3590,ALLENHURST,2,10,October,2012,3,Tuesday,21,42,1,2,2,99999,31.79988333,-81.43633611,33,3,0,0,0,1,0
130833,GEORGIA,GA,2,2,0,0,2,2,215,1280,BIBB CITY,2,10,October,2012,3,Tuesday,7,15,0,14,6,61,32.46650000,-84.90228611,12,4,0,0,0,1,0
130834,GEORGIA,GA,1,1,0,0,1,1,215,1280,BIBB CITY,2,10,October,2012,3,Tuesday,17,35,1,12,2,9,32.51040278,-84.99222222,18,1,0,0,0,1,0
130835,GEORGIA,GA,2,2,0,0,3,3,23,0,BLADON SPRINGS,4,10,October,2012,5,Thursday,7,20,1,3,3,119,32.45388333,-83.26946944,12,2,0,0,0,1,0
130836,GEORGIA,GA,2,2,0,0,2,2,121,280,BON AIR,4,10,October,2012,5,Thursday,13,17,0,14,6,22,33.86255556,-84.40440556,12,1,0,0,0,1,0
130837,GEORGIA,GA,1,1,0,0,1,1,157,0,ARCADE,4,10,October,2012,5,Thursday,17,10,0,4,4,10,34.21141667,-83.50152500,34,1,0,0,0,1,0
130838,GEORGIA,GA,1,1,1,1,1,1,157,3980,ARCADE,4,10,October,2012,5,Thursday,20,23,0,5,6,7,34.11312500,-83.41858056,9,2,0,0,0,1,0
130839,GEORGIA,GA,1,1,0,0,1,1,169,0,BRADLEY,4,10,October,2012,5,Thursday,14,16,1,3,3,116,32.96695278,-83.42812222,34,1,0,0,0,1,0
130840,GEORGIA,GA,1,1,1,1,1,1,215,1280,BIBB CITY,4,10,October,2012,5,Thursday,8,7,1,13,2,45,32.50676389,-84.95555278,8,1,0,0,0,1,0
130841,GEORGIA,GA,2,2,0,0,2,2,3,357,BALDWIN,5,10,October,2012,6,Friday,10,0,1,2,2,227,31.27656944,-82.73422500,12,1,0,0,0,1,0
130842,GEORGIA,GA,1,1,0,0,1,1,129,860,BIGBEE,5,10,October,2012,6,Friday,7,34,0,16,6,5,34.49816944,-84.94740000,35,4,0,0,0,1,0
130843,GEORGIA,GA,3,3,0,0,3,3,185,0,ANAKTUVUK PASS,5,10,October,2012,6,Friday,15,0,1,13,2,68,30.80686667,-83.34111389,12,1,0,0,0,1,0
130844,GEORGIA,GA,1,1,0,0,1,1,207,0,BOLINGBROKE,5,10,October,2012,6,Friday,22,30,0,4,3,204,33.11892500,-83.94275833,35,2,0,0,0,1,0
130845,GEORGIA,GA,1,1,0,0,1,1,15,0,ANNISTON,6,10,October,2012,7,Saturday,4,13,0,15,4,10,34.23525833,-84.78448611,1,2,0,0,0,1,0
130846,GEORGIA,GA,2,2,0,0,4,4,27,0,ASHLAND,6,10,October,2012,7,Saturday,22,28,0,4,3,278,31.00134444,-83.57430833,12,2,0,0,0,1,0
130847,GEORGIA,GA,1,1,1,1,1,1,39,0,ANDALUSIA,6,10,October,2012,7,Saturday,12,57,0,6,6,99999,30.80307500,-81.56285556,9,1,0,0,0,1,0
130848,GEORGIA,GA,2,2,0,0,5,5,225,0,BYRON,6,10,October,2012,7,Saturday,18,6,1,2,3,32,32.57768333,-83.89312222,12,1,0,0,0,2,1
130849,GEORGIA,GA,2,2,0,0,2,2,297,0,BETWEEN,6,10,October,2012,7,Saturday,14,59,0,4,4,12,33.80397778,-83.81887500,12,1,0,0,0,1,0
130850,GEORGIA,GA,1,1,0,0,1,1,305,2960,DOCTORTOWN,6,10,October,2012,7,Saturday,20,3,1,13,2,113,31.59170278,-81.94992778,32,2,0,0,0,1,1
130851,GEORGIA,GA,1,1,0,0,3,3,45,5730,ARITON,7,10,October,2012,1,Sunday,18,29,0,6,4,6,33.70071111,-84.92232500,42,1,0,0,0,1,1
130852,GEORGIA,GA,1,1,1,1,4,4,67,320,ABBEVILLE,7,10,October,2012,1,Sunday,18,46,1,13,2,71,33.80795278,-84.65405833,9,1,0,0,0,1,0
130853,GEORGIA,GA,1,1,1,1,1,1,73,0,ARGO,7,10,October,2012,1,Sunday,19,29,0,3,2,62,33.40693333,-82.23429167,8,2,0,0,0,1,0
130854,GEORGIA,GA,1,1,0,0,4,4,89,0,BROWNSBORO,7,10,October,2012,1,Sunday,0,37,1,11,1,35,33.71307500,-84.29359444,25,3,0,0,0,1,1
130855,GEORGIA,GA,1,1,0,0,1,1,89,0,BROWNSBORO,7,10,October,2012,1,Sunday,1,4,0,15,4,8,33.83014444,-84.21844167,53,2,0,0,0,1,1
130856,GEORGIA,GA,1,1,0,0,1,1,89,1610,BROWNSBORO,7,10,October,2012,1,Sunday,7,20,0,15,4,12,33.64823889,-84.25193056,31,3,0,0,0,1,1
130857,GEORGIA,GA,1,1,0,0,1,1,59,270,FRANKLIN,8,10,October,2012,2,Monday,0,18,0,15,4,18,33.97234722,-83.31160000,42,2,0,0,0,1,0
130858,GEORGIA,GA,2,2,0,0,4,4,63,9997,BOLIGEE,8,10,October,2012,2,Monday,9,19,1,13,3,10,33.55075000,-84.44087222,12,1,0,0,0,1,0
130859,GEORGIA,GA,2,2,0,0,2,2,67,3440,ABBEVILLE,8,10,October,2012,2,Monday,12,8,1,11,1,56,33.96100833,-84.51938333,12,1,0,0,0,1,0
130860,GEORGIA,GA,1,1,0,0,1,1,115,4760,ASHVILLE,8,10,October,2012,2,Monday,6,7,0,4,3,60,34.43823611,-85.10813889,34,2,0,0,0,1,0
130861,GEORGIA,GA,2,2,0,0,7,7,245,310,AUGUSTA,8,10,October,2012,2,Monday,16,7,0,16,4,1,33.46864722,-82.00135000,12,1,0,0,0,1,0
130862,GEORGIA,GA,2,2,0,0,2,2,305,2960,DOCTORTOWN,8,10,October,2012,2,Monday,20,57,0,16,6,3,31.60196111,-81.87657778,12,2,0,0,0,1,0
130863,GEORGIA,GA,2,2,0,0,5,5,89,0,BROWNSBORO,9,10,October,2012,3,Tuesday,7,45,1,13,2,18,33.77165833,-84.31801944,12,1,0,0,0,1,0
130864,GEORGIA,GA,2,2,1,1,2,2,51,4910,CENTRAL,10,10,October,2012,4,Wednesday,23,15,1,13,2,43,32.01426111,-81.23278333,8,2,0,0,0,1,0
130865,GEORGIA,GA,1,1,1,1,1,1,67,0,ABBEVILLE,10,10,October,2012,4,Wednesday,17,46,0,14,4,19,34.02915833,-84.52790278,8,1,0,0,0,1,0
130866,GEORGIA,GA,1,1,0,0,1,1,213,0,CARTERS,10,10,October,2012,4,Wednesday,5,59,0,3,2,93,34.93433333,-84.74776111,53,2,0,0,0,1,0
130867,GEORGIA,GA,2,1,1,1,1,1,295,4780,BLOWING SPRINGS,10,10,October,2012,4,Wednesday,16,12,0,16,6,3,34.98410278,-85.28714167,14,1,0,0,0,1,0
130868,GEORGIA,GA,1,1,0,0,1,1,63,0,BOLIGEE,11,10,October,2012,5,Thursday,12,19,1,13,3,12,33.49614722,-84.37944444,42,1,0,0,0,1,0
130869,GEORGIA,GA,2,2,0,0,2,2,89,280,BROWNSBORO,11,10,October,2012,5,Thursday,22,8,0,14,3,15,33.74736389,-84.32332500,12,3,0,0,0,1,0
130870,GEORGIA,GA,2,2,0,0,2,2,245,310,AUGUSTA,11,10,October,2012,5,Thursday,21,55,1,13,2,143,33.43172500,-82.01423056,12,3,0,0,0,1,1
130871,GEORGIA,GA,1,1,1,1,4,4,233,0,ARAGON,12,10,October,2012,6,Friday,19,54,0,4,4,6,33.91461111,-85.06087778,8,2,0,0,0,1,0
130872,GEORGIA,GA,1,1,0,0,1,1,251,0,DOVER,12,10,October,2012,6,Friday,6,51,0,6,4,11,32.91030278,-81.52875278,42,2,0,0,0,1,1
130873,GEORGIA,GA,1,1,1,1,1,1,9,0,BLOUNT,13,10,October,2012,7,Saturday,16,50,0,15,4,18,31.18906111,-82.39566667,9,1,0,0,0,1,0
130874,GEORGIA,GA,1,1,0,0,2,2,7,0,BIBB,14,10,October,2012,1,Sunday,1,40,0,4,3,68,31.17761389,-84.51826111,42,2,0,0,0,1,1