ST_CASE,State Name,State Abbreviation,# of Vehicle involved,Parked_Vehicles_Involved,Pedestrains,Person_Not_in_Motor_Vehicle,Persons_in_motor_vehicle,Total_Persons_in_accident,COUNTY,CITY,City_County_Name,Calendar_DAY,MONTH,Month_name,YEAR,DAY_WEEK,Day_Week_desc,HOUR,MINUTE,NHS_Desc,trafficway,Route,MILEPT,LATITUDE,LONGITUD,First_Crash_event,Light_cond_desc,Weather_condition,School_bus_involved,Crash_cause,FATALS,DRUNK_DR
170055,ILLINOIS,IL,1,1,0,0,1,1,51,0,CENTRAL,20,1,January,2012,6,Friday,10,40,0,16,5,0,39.08965833,-88.88023056,34,1,0,0,0,1,0
170056,ILLINOIS,IL,1,1,1,1,1,1,31,8120,COFFEE,15,1,January,2012,1,Sunday,5,55,1,13,2,113,41.62263056,-87.61201111,8,2,0,0,0,1,1
170057,ILLINOIS,IL,1,1,0,0,1,1,101,0,BOYLSTON,1,2,February,2012,4,Wednesday,20,38,0,6,5,0,38.76071111,-87.76918333,42,2,0,0,0,1,0
170059,ILLINOIS,IL,1,1,0,0,4,4,133,0,ARLEY,14,2,February,2012,3,Tuesday,21,41,0,3,3,9,38.22533611,-89.99325278,31,2,0,0,0,2,1
170060,ILLINOIS,IL,1,1,1,1,2,2,31,540,COFFEE,4,2,February,2012,7,Saturday,17,45,1,13,2,1502,42.00246111,-88.17906944,8,3,0,0,0,1,0
170061,ILLINOIS,IL,1,1,0,0,2,2,201,7460,ANNETTE,17,2,February,2012,6,Friday,21,0,0,16,6,0,42.25132778,-89.13453056,1,2,0,0,0,1,1
170062,ILLINOIS,IL,4,4,0,0,6,6,97,4472,AXIS,6,2,February,2012,2,Monday,14,37,1,13,2,302,42.16669722,-88.06382222,12,1,0,0,0,1,1
170063,ILLINOIS,IL,1,1,0,0,2,2,91,0,DAYTON,12,2,February,2012,1,Sunday,6,13,1,1,1,3026,41.01353889,-87.90418333,34,1,0,0,0,1,1
170064,ILLINOIS,IL,1,1,0,0,1,1,167,0,ADRIAN,17,2,February,2012,6,Friday,6,25,0,3,3,316,39.86413611,-89.88624167,34,4,0,0,0,1,0
170066,ILLINOIS,IL,1,1,0,0,4,4,113,0,COTTONTON,15,2,February,2012,4,Wednesday,1,12,0,2,3,1238,40.51995278,-89.17721111,34,2,0,0,0,1,1
170067,ILLINOIS,IL,2,2,0,0,3,3,51,0,CENTRAL,19,2,February,2012,1,Sunday,3,12,1,2,2,1430,38.90705833,-89.08564722,12,2,0,0,0,1,0
170068,ILLINOIS,IL,2,2,0,0,3,3,91,0,DAYTON,21,2,February,2012,3,Tuesday,15,37,0,3,3,1764,41.11811111,-87.99223611,12,1,0,0,0,1,1
170069,ILLINOIS,IL,1,1,0,0,4,4,111,0,GRAHAM,22,2,February,2012,4,Wednesday,20,6,0,5,5,0,42.20148056,-88.53868333,1,2,0,0,0,1,1
170070,ILLINOIS,IL,1,1,0,0,5,5,23,0,BLADON SPRINGS,22,2,February,2012,4,Wednesday,15,20,0,6,5,0,39.46246667,-87.57266944,10,1,0,0,0,4,0
170071,ILLINOIS,IL,1,1,0,0,1,1,41,0,BRANTLEY,11,2,February,2012,7,Saturday,23,15,0,6,5,0,39.66658611,-88.16257222,34,2,0,0,0,1,1
170072,ILLINOIS,IL,2,2,0,0,4,4,31,1670,COFFEE,9,2,February,2012,5,Thursday,3,11,0,14,3,189,41.77728889,-87.80091944,12,3,0,0,0,1,1
170073,ILLINOIS,IL,1,1,2,2,1,1,31,1670,COFFEE,9,2,February,2012,5,Thursday,2,45,0,15,2,0,41.72217778,-87.60092778,8,3,0,0,0,2,1
170075,ILLINOIS,IL,6,6,0,0,9,9,31,1670,COFFEE,23,2,February,2012,5,Thursday,23,10,1,11,1,984,41.80857778,-87.63217778,12,3,0,0,0,2,1
170076,ILLINOIS,IL,2,1,0,1,2,3,31,1670,COFFEE,12,2,February,2012,1,Sunday,7,20,0,14,6,0,41.77245833,-87.64458889,14,1,0,0,0,1,1
170077,ILLINOIS,IL,1,1,1,1,1,1,41,0,BRANTLEY,24,2,February,2012,6,Friday,13,24,0,3,3,1089,39.76351389,-88.17628056,8,1,0,0,0,1,0
170078,ILLINOIS,IL,1,1,0,0,1,1,163,0,AVERA,13,2,February,2012,2,Monday,14,8,0,15,5,0,38.52791667,-90.05319722,41,1,0,0,0,1,1
170079,ILLINOIS,IL,1,1,0,0,1,1,51,0,CENTRAL,26,2,February,2012,1,Sunday,11,13,1,2,2,1638,39.19158889,-89.10082222,34,1,0,0,0,1,0
170080,ILLINOIS,IL,3,3,0,0,4,4,97,0,AXIS,29,2,February,2012,4,Wednesday,19,0,1,11,1,2,42.49128333,-87.94867778,12,2,0,0,0,1,1
170081,ILLINOIS,IL,1,1,1,1,1,1,31,3100,COFFEE,26,1,January,2012,5,Thursday,12,5,1,13,3,260,41.87966111,-87.80472778,8,1,0,0,0,1,0
170082,ILLINOIS,IL,1,1,0,0,1,1,157,0,ARCADE,16,2,February,2012,5,Thursday,22,52,0,4,4,0,37.95788333,-89.82143333,31,2,0,0,0,1,1
170083,ILLINOIS,IL,1,1,0,0,1,1,75,0,BEAVERTON,25,2,February,2012,7,Saturday,19,30,0,4,4,0,40.57249167,-87.93734722,34,2,0,0,0,1,1
170084,ILLINOIS,IL,1,1,1,1,1,1,31,6650,COFFEE,2,2,February,2012,5,Thursday,17,36,0,13,6,0,42.12250000,-88.06310000,8,3,0,0,0,1,0
170085,ILLINOIS,IL,1,1,0,0,1,1,111,0,GRAHAM,29,2,February,2012,4,Wednesday,16,53,0,13,2,1271,42.15819444,-88.52351111,34,1,0,0,0,1,0
170086,ILLINOIS,IL,1,1,0,0,1,1,119,0,BELLAMY,1,3,March,2012,5,Thursday,19,18,1,1,1,47,38.75771111,-90.08387500,57,2,0,0,0,1,1
170087,ILLINOIS,IL,2,2,0,0,3,3,31,6410,COFFEE,23,2,February,2012,5,Thursday,18,14,0,14,6,0,41.89456111,-87.78486111,12,3,0,0,0,1,0
170088,ILLINOIS,IL,1,1,1,1,2,2,31,2719,COFFEE,22,2,February,2012,4,Wednesday,22,10,1,13,3,544,42.02089722,-87.95984444,8,2,0,0,0,1,0
170089,ILLINOIS,IL,2,2,0,0,6,6,7,0,BIBB,24,2,February,2012,6,Friday,17,30,0,13,3,18,42.30256667,-88.85522222,12,1,0,0,0,2,0
170090,ILLINOIS,IL,1,1,0,0,1,1,119,8820,BELLAMY,28,2,February,2012,3,Tuesday,12,0,0,15,6,0,38.68016944,-90.17287222,10,1,0,0,0,1,0
170091,ILLINOIS,IL,1,1,1,1,1,1,31,1670,COFFEE,17,1,January,2012,3,Tuesday,16,32,0,14,6,0,41.77965000,-87.65085833,8,1,0,0,0,1,0
170092,ILLINOIS,IL,2,2,0,0,4,4,37,2280,BRADFORD,19,2,February,2012,1,Sunday,4,1,0,13,3,420,41.93109167,-88.76570000,12,3,0,0,0,1,1
170093,ILLINOIS,IL,1,1,0,0,1,1,31,3430,COFFEE,27,2,February,2012,2,Monday,6,1,1,13,3,52,42.08068056,-87.86395278,42,2,0,0,0,1,0
170094,ILLINOIS,IL,1,1,1,1,1,1,101,0,BOYLSTON,6,3,March,2012,3,Tuesday,8,22,0,4,4,0,38.68416667,-87.75942778,9,1,0,0,0,1,0
170095,ILLINOIS,IL,1,1,0,0,2,2,31,1670,COFFEE,5,2,February,2012,1,Sunday,4,45,1,13,2,115,41.84162222,-87.60991944,42,3,0,0,0,1,1
170096,ILLINOIS,IL,1,1,0,0,1,1,163,1460,AVERA,2,3,March,2012,6,Friday,1,27,1,13,3,131,38.64028333,-90.02131111,30,3,0,0,0,1,1
170097,ILLINOIS,IL,1,1,0,0,3,3,31,1670,COFFEE,4,3,March,2012,1,Sunday,0,1,1,13,6,0,41.75221667,-87.58578056,1,3,0,0,0,1,1
170098,ILLINOIS,IL,1,1,0,0,3,3,51,0,CENTRAL,4,3,March,2012,1,Sunday,3,13,0,4,2,834,39.03008056,-88.82865556,35,2,0,0,0,1,1
170099,ILLINOIS,IL,1,1,0,0,1,1,143,0,CANEHILL,4,3,March,2012,1,Sunday,21,42,0,4,3,203,40.75565000,-89.79650278,1,2,0,0,0,1,0
170100,ILLINOIS,IL,1,1,1,1,1,1,167,8220,ADRIAN,5,3,March,2012,2,Monday,20,24,0,14,6,0,39.81616111,-89.65889722,8,3,0,0,0,1,0
170101,ILLINOIS,IL,2,2,0,0,2,2,53,0,ATMORE,7,1,January,2012,7,Saturday,8,6,0,4,3,106,40.60404167,-88.17643889,12,1,0,0,0,1,0
170102,ILLINOIS,IL,1,1,0,0,2,2,43,5980,BAILEYTON,16,1,January,2012,2,Monday,12,10,0,15,6,0,41.78775833,-88.16773333,42,1,0,0,0,1,1
170103,ILLINOIS,IL,1,1,1,1,2,2,89,2690,BROWNSBORO,22,1,January,2012,1,Sunday,18,9,0,14,6,0,42.04619722,-88.27128611,8,2,0,0,0,1,0
170104,ILLINOIS,IL,2,2,0,0,2,2,93,6620,BEAR CREEK,12,1,January,2012,5,Thursday,14,30,1,13,2,1034,41.71836944,-88.29713611,24,1,0,0,0,1,0
170105,ILLINOIS,IL,1,1,0,0,1,1,31,0,COFFEE,31,1,January,2012,3,Tuesday,15,4,1,1,1,0,41.58687778,-87.72798056,24,1,0,0,0,1,0
170106,ILLINOIS,IL,1,1,0,0,1,1,43,460,BAILEYTON,28,2,February,2012,3,Tuesday,16,8,0,15,6,0,41.76832500,-88.22537222,33,1,0,0,0,1,0
170107,ILLINOIS,IL,1,1,1,1,1,1,43,9510,BAILEYTON,30,1,January,2012,2,Monday,18,24,0,14,4,0,41.96550556,-87.97881944,8,3,0,0,0,1,0
170108,ILLINOIS,IL,1,1,0,0,1,1,157,0,ARCADE,3,3,March,2012,7,Saturday,5,31,0,6,5,0,38.11805000,-89.66252222,34,2,0,0,0,1,1
170109,ILLINOIS,IL,1,1,1,1,2,2,31,1670,COFFEE,12,2,February,2012,1,Sunday,10,0,0,14,6,0,41.77898056,-87.70186111,8,1,0,0,0,1,0
170110,ILLINOIS,IL,1,1,0,0,1,1,167,8220,ADRIAN,15,3,March,2012,5,Thursday,1,4,0,16,6,0,39.80018056,-89.65851389,33,3,0,0,0,1,1
170111,ILLINOIS,IL,2,2,0,0,2,2,111,0,GRAHAM,10,3,March,2012,7,Saturday,14,36,0,15,5,0,42.41265833,-88.20643889,12,1,0,0,0,1,1
170112,ILLINOIS,IL,1,1,1,1,1,1,31,5870,COFFEE,31,1,January,2012,3,Tuesday,20,23,1,13,2,385,42.08631944,-87.94320278,8,3,0,0,0,1,0
170114,ILLINOIS,IL,1,1,0,0,1,1,163,670,AVERA,27,2,February,2012,2,Monday,13,20,0,14,6,0,38.53453889,-89.96360000,35,1,0,0,0,1,0
170116,ILLINOIS,IL,2,2,0,0,3,3,99,0,BEATRICE,14,3,March,2012,4,Wednesday,7,35,0,3,3,204,41.25507500,-88.60739167,12,1,0,0,0,2,0
170117,ILLINOIS,IL,1,1,0,0,1,1,113,0,COTTONTON,18,3,March,2012,1,Sunday,3,0,0,3,3,1501,40.48650278,-88.72634167,1,2,0,0,0,1,1
170118,ILLINOIS,IL,2,2,0,0,5,5,27,0,ASHLAND,19,2,February,2012,1,Sunday,14,42,1,2,2,623,38.61103056,-89.29093056,12,1,0,0,0,1,0
170119,ILLINOIS,IL,2,2,0,0,2,2,167,2240,ADRIAN,18,3,March,2012,1,Sunday,15,27,0,4,3,0,39.85266944,-89.46335833,12,1,0,0,0,1,1
170120,ILLINOIS,IL,1,1,0,0,1,1,149,7020,BELLEVILLE,15,2,February,2012,4,Wednesday,5,30,0,16,6,0,39.45156944,-90.86723056,42,2,0,0,0,1,0
170122,ILLINOIS,IL,2,2,0,0,2,2,71,0,BRIDGEPORT,14,3,March,2012,4,Wednesday,12,5,1,2,2,29,40.81509444,-91.04353056,12,1,0,0,0,1,0
170123,ILLINOIS,IL,1,1,0,0,1,1,31,1670,COFFEE,12,3,March,2012,2,Monday,3,30,0,14,6,0,41.82383889,-87.61586667,33,3,0,0,0,1,0
170124,ILLINOIS,IL,1,1,1,1,4,4,43,9180,BAILEYTON,9,3,March,2012,6,Friday,21,10,1,13,3,265,41.86197222,-88.19481389,8,2,0,0,0,1,0
170125,ILLINOIS,IL,2,2,0,0,8,8,55,0,ATTALLA,13,3,March,2012,3,Tuesday,18,36,0,4,3,0,38.02365000,-89.05357778,12,1,0,0,0,1,0
170126,ILLINOIS,IL,2,2,0,0,2,2,201,0,ANNETTE,18,3,March,2012,1,Sunday,21,25,0,4,5,0,42.24725000,-89.22016667,12,1,0,0,0,1,1
170127,ILLINOIS,IL,1,1,0,0,2,2,71,0,BRIDGEPORT,10,3,March,2012,7,Saturday,12,39,0,3,3,1318,40.64470000,-91.14263889,35,1,0,0,0,1,1
170128,ILLINOIS,IL,2,2,0,0,2,2,51,0,CENTRAL,17,3,March,2012,7,Saturday,1,50,1,1,1,724,38.97434722,-89.00009722,12,2,0,0,0,1,1
170129,ILLINOIS,IL,4,4,0,0,4,4,99,0,BEATRICE,23,3,March,2012,6,Friday,6,59,1,1,1,1025,41.37628889,-88.60296667,12,1,0,0,0,1,0
170130,ILLINOIS,IL,2,2,0,0,2,2,119,0,BELLAMY,25,3,March,2012,1,Sunday,4,14,1,2,3,921,38.85916944,-89.80099722,12,2,0,0,0,1,1
170131,ILLINOIS,IL,1,1,0,0,1,1,97,0,AXIS,25,3,March,2012,1,Sunday,17,18,0,14,5,0,42.22331944,-88.17007778,42,1,0,0,0,1,1
170132,ILLINOIS,IL,1,1,0,0,1,1,121,0,BON AIR,13,3,March,2012,3,Tuesday,13,10,0,14,5,0,38.54885278,-89.10627222,34,1,0,0,0,1,0
170133,ILLINOIS,IL,1,1,0,0,1,1,119,0,BELLAMY,15,3,March,2012,5,Thursday,17,55,0,6,5,0,38.87655833,-89.97388889,34,1,0,0,0,1,0
170134,ILLINOIS,IL,1,1,1,1,1,1,49,0,COLLINSVILLE,16,3,March,2012,6,Friday,7,1,1,1,1,1574,39.09671389,-88.57962778,8,4,0,0,0,1,0
170135,ILLINOIS,IL,1,1,1,1,1,1,49,0,COLLINSVILLE,17,3,March,2012,7,Saturday,15,5,0,4,2,1102,39.16764167,-88.37306389,8,1,0,0,0,1,0
170136,ILLINOIS,IL,1,1,0,0,1,1,31,1670,COFFEE,18,3,March,2012,1,Sunday,12,12,1,12,1,2924,41.84645556,-87.64457500,25,1,0,0,0,1,1
170137,ILLINOIS,IL,1,1,1,1,1,1,31,1670,COFFEE,28,2,February,2012,3,Tuesday,21,10,0,14,6,0,41.74794167,-87.66337500,8,3,0,0,0,1,0
170138,ILLINOIS,IL,1,1,1,1,1,1,103,0,DANVILLE,20,3,March,2012,3,Tuesday,11,6,1,1,1,811,41.67458333,-89.05459444,8,1,0,0,0,1,0
170139,ILLINOIS,IL,2,2,0,0,5,5,197,0,BUENA VISTA,3,3,March,2012,7,Saturday,2,5,0,16,6,0,41.49244167,-87.91794722,38,2,0,0,0,2,2
170141,ILLINOIS,IL,1,1,0,0,2,2,197,0,BUENA VISTA,11,3,March,2012,1,Sunday,16,29,0,16,5,0,41.42559444,-88.19518333,32,1,0,0,0,1,1
170142,ILLINOIS,IL,1,1,0,0,1,1,167,7420,ADRIAN,26,3,March,2012,2,Monday,10,15,0,16,6,0,39.67375278,-89.53553056,32,1,0,0,0,1,1
170143,ILLINOIS,IL,1,1,0,0,2,2,147,0,AUGUSTA,22,3,March,2012,5,Thursday,20,19,0,4,4,0,39.98948056,-88.64348889,34,2,0,0,0,1,1
170144,ILLINOIS,IL,1,1,0,0,2,2,81,0,AUBURN,24,3,March,2012,7,Saturday,4,25,0,4,4,0,38.43809167,-89.07841944,42,2,0,0,0,1,1
170145,ILLINOIS,IL,1,1,0,0,1,1,81,0,AUBURN,26,3,March,2012,2,Monday,18,20,0,6,5,0,38.32452778,-88.75651944,10,1,0,0,0,1,0
170147,ILLINOIS,IL,1,1,0,0,4,4,63,0,BOLIGEE,30,3,March,2012,6,Friday,8,10,0,6,5,0,41.44396111,-88.46167500,34,1,0,0,0,1,1
170148,ILLINOIS,IL,1,1,0,0,2,2,39,0,ANDALUSIA,28,3,March,2012,4,Wednesday,8,12,0,4,4,0,40.23157778,-89.06172222,34,1,0,0,0,1,0
170149,ILLINOIS,IL,1,1,0,0,1,1,89,9997,BROWNSBORO,15,3,March,2012,5,Thursday,16,29,0,4,5,0,41.91461111,-88.38922500,42,1,0,0,0,1,0
170150,ILLINOIS,IL,1,1,0,0,1,1,129,0,BIGBEE,7,4,April,2012,7,Saturday,8,55,0,4,3,0,39.93412222,-89.94731111,1,2,0,0,0,1,1
170151,ILLINOIS,IL,2,2,0,0,2,2,31,1670,COFFEE,9,3,March,2012,6,Friday,11,27,0,16,6,0,41.94147500,-87.67114167,12,1,0,0,0,1,0
170152,ILLINOIS,IL,1,1,0,0,1,1,55,3210,ATTALLA,25,3,March,2012,1,Sunday,1,54,0,4,4,0,37.86578333,-88.99622222,1,2,0,0,0,1,1
170154,ILLINOIS,IL,3,3,0,0,10,10,99,0,BEATRICE,30,3,March,2012,6,Friday,22,11,1,1,1,612,41.38969444,-89.05840278,12,2,0,0,0,1,0
170155,ILLINOIS,IL,2,2,0,0,5,5,163,0,AVERA,21,3,March,2012,4,Wednesday,10,28,0,14,6,0,38.64502222,-89.87399722,12,1,0,0,0,1,0
170156,ILLINOIS,IL,1,1,1,1,3,3,31,1670,COFFEE,24,3,March,2012,7,Saturday,2,28,1,13,6,0,41.90385833,-87.63291111,8,3,0,0,0,1,1
170157,ILLINOIS,IL,2,1,1,1,1,1,7,0,BIBB,2,4,April,2012,2,Monday,6,46,1,1,1,257,42.23369167,-88.80386667,8,1,0,0,0,1,0
170158,ILLINOIS,IL,3,3,0,0,7,7,31,1670,COFFEE,24,3,March,2012,7,Saturday,18,30,0,15,6,0,41.81567778,-87.68405000,12,1,0,0,0,2,1
170159,ILLINOIS,IL,1,1,0,0,4,4,33,0,CHEROKEE,30,3,March,2012,6,Friday,22,3,0,6,5,0,39.14564722,-87.66863889,42,2,0,0,0,1,0
170160,ILLINOIS,IL,1,1,0,0,7,7,31,1670,COFFEE,25,3,March,2012,1,Sunday,1,30,0,15,6,0,41.79355833,-87.67796389,42,3,0,0,0,1,1
170161,ILLINOIS,IL,1,1,1,1,1,1,31,5550,COFFEE,3,2,February,2012,6,Friday,18,4,0,14,3,168,41.62562222,-87.71471944,8,2,0,0,0,1,0
170162,ILLINOIS,IL,2,2,0,0,5,5,31,1670,COFFEE,1,4,April,2012,1,Sunday,2,0,1,13,3,57,41.81357500,-87.70510833,12,3,0,0,0,1,1
170163,ILLINOIS,IL,1,1,1,1,2,2,41,0,BRANTLEY,2,4,April,2012,2,Monday,16,56,0,3,3,107,39.71030000,-88.43294722,9,1,0,0,0,1,0
170164,ILLINOIS,IL,1,1,0,0,1,1,75,0,BEAVERTON,1,4,April,2012,1,Sunday,16,34,0,6,5,0,40.69980000,-87.74971944,11,1,0,0,0,1,0
170166,ILLINOIS,IL,1,1,0,0,1,1,117,0,BIRMINGHAM,8,4,April,2012,1,Sunday,2,14,0,4,4,0,39.05016111,-89.88536944,34,2,0,0,0,1,0
170167,ILLINOIS,IL,6,6,0,0,14,14,145,0,BALD KNOB,1,4,April,2012,1,Sunday,17,30,1,13,2,0,38.11834722,-89.23507222,12,1,0,0,0,1,1
170168,ILLINOIS,IL,1,1,1,1,1,1,1,7180,AUTAUGA,11,4,April,2012,4,Wednesday,19,12,0,15,6,0,39.93527222,-91.33413611,8,1,0,0,0,1,0
170169,ILLINOIS,IL,2,2,0,0,5,5,201,0,ANNETTE,31,3,March,2012,7,Saturday,16,13,1,12,1,1312,42.37266389,-88.96730833,12,1,0,0,0,1,0
170170,ILLINOIS,IL,1,1,1,1,1,1,49,2650,COLLINSVILLE,29,3,March,2012,5,Thursday,0,0,0,15,6,0,39.13899167,-88.56585000,8,3,0,0,0,1,0
170171,ILLINOIS,IL,2,2,0,0,3,3,163,5340,AVERA,28,3,March,2012,4,Wednesday,12,8,1,13,3,0,38.55185556,-89.80707222,12,1,0,0,0,2,0
170172,ILLINOIS,IL,2,2,0,0,4,4,23,0,BLADON SPRINGS,6,4,April,2012,6,Friday,23,21,1,1,1,0,39.34563889,-87.62552778,12,2,0,0,0,1,0
170173,ILLINOIS,IL,1,1,0,0,1,1,115,0,ASHVILLE,27,3,March,2012,3,Tuesday,15,50,0,5,5,0,39.79018333,-89.06614167,32,1,0,0,0,1,0
170174,ILLINOIS,IL,3,3,0,0,7,7,31,6610,COFFEE,15,4,April,2012,1,Sunday,20,38,1,13,2,0,41.57950278,-87.85202222,12,3,0,0,0,3,0
170175,ILLINOIS,IL,1,1,1,1,1,1,77,5950,ANDERSON,30,3,March,2012,6,Friday,19,40,0,16,6,0,37.76046667,-89.33182500,8,2,0,0,0,1,0
170176,ILLINOIS,IL,1,1,0,0,1,1,197,0,BUENA VISTA,12,4,April,2012,5,Thursday,3,22,0,4,3,0,41.37603056,-87.62333333,30,2,0,0,0,1,1
170177,ILLINOIS,IL,1,1,0,0,1,1,99,0,BEATRICE,7,4,April,2012,7,Saturday,3,48,0,4,5,0,41.36895556,-88.64915556,32,2,0,0,0,1,1
170178,ILLINOIS,IL,3,2,0,2,4,6,43,0,BAILEYTON,7,4,April,2012,7,Saturday,11,33,1,12,1,193,41.79716389,-88.05670000,14,1,0,0,0,1,0
170179,ILLINOIS,IL,2,2,0,0,5,5,31,0,COFFEE,10,3,March,2012,7,Saturday,1,49,0,4,2,664,41.71786944,-87.85188889,12,3,0,0,0,1,1
170180,ILLINOIS,IL,2,2,0,0,5,5,31,2050,COFFEE,9,4,April,2012,2,Monday,22,15,0,15,6,0,41.65073889,-87.73819722,12,3,0,0,0,1,0
170181,ILLINOIS,IL,2,2,0,0,7,7,75,0,BEAVERTON,1,4,April,2012,1,Sunday,10,45,0,6,4,0,40.76516667,-88.03106667,12,1,0,0,0,1,0
170182,ILLINOIS,IL,1,1,0,0,3,3,185,0,ANAKTUVUK PASS,7,4,April,2012,7,Saturday,13,37,0,5,4,0,38.53342222,-87.88458889,34,1,0,0,0,1,0
170183,ILLINOIS,IL,2,2,0,0,2,2,31,1670,COFFEE,3,4,April,2012,3,Tuesday,13,48,1,13,2,845,41.72243889,-87.57913611,12,1,0,0,0,1,0
170184,ILLINOIS,IL,2,2,0,0,2,2,41,8740,BRANTLEY,10,4,April,2012,3,Tuesday,20,18,1,11,1,2112,39.78800556,-88.26461111,12,2,0,0,0,1,0
170185,ILLINOIS,IL,1,1,0,0,1,1,195,0,CARLTON,15,4,April,2012,1,Sunday,4,20,0,4,5,0,41.89389444,-89.91104444,34,2,0,0,0,1,0
170186,ILLINOIS,IL,2,2,0,0,2,2,197,887,BUENA VISTA,17,2,February,2012,6,Friday,23,4,0,16,6,0,41.70585833,-88.06207222,12,3,0,0,0,1,1
170187,ILLINOIS,IL,1,1,0,0,3,3,201,0,ANNETTE,13,4,April,2012,6,Friday,21,13,0,6,5,0,42.43011667,-88.97385833,42,2,0,0,0,1,0
170188,ILLINOIS,IL,1,1,0,0,2,2,31,2390,COFFEE,19,3,March,2012,2,Monday,16,57,0,16,6,0,41.61429444,-87.58261944,5,1,0,0,0,1,0
170189,ILLINOIS,IL,1,1,1,1,2,2,197,7491,BUENA VISTA,9,4,April,2012,2,Monday,8,59,0,16,6,0,41.61536111,-88.15060000,8,1,0,0,0,1,0
170190,ILLINOIS,IL,2,2,0,0,5,5,153,0,BONAIRE,13,4,April,2012,6,Friday,13,38,0,4,3,0,37.29381111,-88.98088611,12,1,0,0,99,1,0
170191,ILLINOIS,IL,1,1,0,0,1,1,149,7477,BELLEVILLE,28,3,March,2012,4,Wednesday,22,2,0,16,6,0,39.53761667,-91.00869444,34,2,0,0,0,1,1
170192,ILLINOIS,IL,1,1,0,0,1,1,31,6610,COFFEE,2,3,March,2012,6,Friday,0,50,0,14,6,0,41.57197500,-87.89063889,10,2,0,0,0,1,1
170193,ILLINOIS,IL,1,1,1,1,1,1,119,0,BELLAMY,13,4,April,2012,6,Friday,5,15,0,5,6,0,38.65915556,-90.04268056,8,2,0,0,0,1,0
170194,ILLINOIS,IL,1,1,0,0,1,1,137,0,ALCO,21,4,April,2012,7,Saturday,22,18,0,4,4,0,39.79185556,-90.37301389,32,2,0,0,0,1,0
170195,ILLINOIS,IL,2,2,0,0,2,2,31,1670,COFFEE,5,4,April,2012,5,Thursday,23,38,1,11,1,0,41.98266667,-87.81445000,12,3,0,0,0,1,1
170196,ILLINOIS,IL,1,1,0,0,1,1,7,0,BIBB,16,4,April,2012,2,Monday,15,53,0,6,5,0,42.22388889,-88.72415833,42,1,0,0,0,1,0
170197,ILLINOIS,IL,1,1,1,1,1,1,31,1670,COFFEE,9,1,January,2012,2,Monday,16,58,0,16,6,0,41.87740000,-87.69861111,8,5,0,0,0,1,0
170198,ILLINOIS,IL,1,1,1,1,1,1,31,1670,COFFEE,6,2,February,2012,2,Monday,19,23,1,13,3,297,41.93419444,-87.80656111,8,3,0,0,0,1,0
170199,ILLINOIS,IL,1,1,1,1,0,0,31,1670,COFFEE,25,3,March,2012,1,Sunday,16,15,0,16,8,0,41.91955000,-87.78445556,8,1,0,0,0,1,0
170200,ILLINOIS,IL,1,1,0,0,1,1,195,0,CARLTON,18,4,April,2012,4,Wednesday,2,45,0,16,5,0,41.84330000,-89.68819167,31,2,0,0,0,1,0
170201,ILLINOIS,IL,3,2,0,0,2,2,31,1670,COFFEE,19,3,March,2012,2,Monday,14,0,0,14,6,0,41.77830833,-87.74830000,12,1,0,0,0,1,0
170202,ILLINOIS,IL,1,1,0,0,1,1,119,0,BELLAMY,17,4,April,2012,3,Tuesday,13,30,0,3,3,234,38.78651667,-89.78369167,34,1,0,0,0,1,0
170203,ILLINOIS,IL,1,1,0,0,5,5,77,1350,ANDERSON,7,4,April,2012,7,Saturday,3,16,0,4,4,0,37.66605000,-89.27066944,3,2,0,0,0,2,1
170204,ILLINOIS,IL,2,2,0,0,4,4,31,1670,COFFEE,20,4,April,2012,6,Friday,2,10,0,14,6,0,41.76604444,-87.64443889,12,2,0,0,0,1,2
170205,ILLINOIS,IL,3,2,0,0,5,5,31,1670,COFFEE,23,3,March,2012,6,Friday,3,53,0,15,6,0,41.80374167,-87.72342222,12,3,0,0,0,1,1
170206,ILLINOIS,IL,1,1,0,0,4,4,163,0,AVERA,11,4,April,2012,4,Wednesday,0,28,0,4,4,0,38.51018333,-89.76116944,35,2,0,0,0,1,1
170207,ILLINOIS,IL,2,2,0,0,2,2,115,2250,ASHVILLE,6,4,April,2012,6,Friday,22,54,1,13,2,1429,39.82559167,-88.89698056,12,3,0,0,0,1,1
170208,ILLINOIS,IL,1,1,0,0,3,3,31,1670,COFFEE,21,4,April,2012,7,Saturday,23,0,1,11,1,567,41.80936667,-87.63198611,25,3,0,0,0,1,0
170209,ILLINOIS,IL,2,2,0,0,2,2,31,850,COFFEE,22,4,April,2012,1,Sunday,0,54,1,11,1,3528,41.65701667,-87.66223056,12,3,0,0,0,1,1
170210,ILLINOIS,IL,1,1,0,0,4,4,99,0,BEATRICE,16,4,April,2012,2,Monday,14,30,0,3,3,215,41.12002222,-88.97968889,34,1,0,0,0,1,1
170211,ILLINOIS,IL,1,1,0,0,1,1,197,0,BUENA VISTA,29,4,April,2012,1,Sunday,2,25,0,4,5,0,41.34720833,-88.21250833,34,2,0,0,99,1,1
170212,ILLINOIS,IL,2,2,0,0,5,5,167,8220,ADRIAN,24,4,April,2012,3,Tuesday,15,53,0,14,6,0,39.76916667,-89.61776944,12,1,0,0,0,1,0
170213,ILLINOIS,IL,3,1,0,0,2,2,31,1730,COFFEE,22,4,April,2012,1,Sunday,5,39,0,16,6,0,41.82721944,-87.76430556,14,4,0,0,0,1,1
170214,ILLINOIS,IL,1,1,0,0,6,6,203,0,BENSON,25,3,March,2012,1,Sunday,3,41,0,4,3,1087,40.84884444,-89.14241667,1,2,0,0,0,1,1
170215,ILLINOIS,IL,3,3,0,0,3,3,31,1670,COFFEE,17,4,April,2012,3,Tuesday,0,54,0,14,6,0,41.80938056,-87.61656944,12,3,0,0,0,1,0