ST_CASE,State Name,State Abbreviation,# of Vehicle involved,Parked_Vehicles_Involved,Pedestrains,Person_Not_in_Motor_Vehicle,Persons_in_motor_vehicle,Total_Persons_in_accident,COUNTY,CITY,City_County_Name,Calendar_DAY,MONTH,Month_name,YEAR,DAY_WEEK,Day_Week_desc,HOUR,MINUTE,NHS_Desc,trafficway,Route,MILEPT,LATITUDE,LONGITUD,First_Crash_event,Light_cond_desc,Weather_condition,School_bus_involved,Crash_cause,FATALS,DRUNK_DR
170216,ILLINOIS,IL,2,2,0,0,3,3,31,1670,COFFEE,19,4,April,2012,5,Thursday,0,54,0,16,6,0,41.86638333,-87.71049722,12,3,0,0,0,1,2
170217,ILLINOIS,IL,1,1,0,0,1,1,199,0,ALVATON,15,4,April,2012,1,Sunday,18,35,0,4,3,942,37.74488889,-89.11395000,35,1,0,0,0,1,0
170218,ILLINOIS,IL,1,1,0,0,1,1,111,0,GRAHAM,22,4,April,2012,1,Sunday,23,23,0,6,5,0,42.42425000,-88.37384444,53,2,0,0,0,1,1
170219,ILLINOIS,IL,1,1,0,0,2,2,197,0,BUENA VISTA,8,4,April,2012,1,Sunday,16,15,0,6,5,0,41.43242222,-87.90317500,34,3,0,0,0,1,0
170220,ILLINOIS,IL,2,2,0,0,2,2,95,3260,ALBERTVILLE,28,4,April,2012,7,Saturday,17,28,0,14,6,0,40.94301389,-90.30787778,12,1,0,0,0,1,1
170221,ILLINOIS,IL,1,1,0,0,1,1,125,0,BROOKWOOD,23,4,April,2012,2,Monday,2,58,0,4,4,0,40.34882500,-89.95126389,1,2,0,0,0,1,1
170222,ILLINOIS,IL,1,1,0,0,1,1,181,0,LINCOLN,24,4,April,2012,3,Tuesday,18,9,0,4,3,157,37.34795833,-89.25638056,32,1,0,0,0,1,1
170224,ILLINOIS,IL,3,3,0,0,3,3,31,1670,COFFEE,30,4,April,2012,2,Monday,4,29,1,11,1,674,41.67512222,-87.60116389,12,3,0,0,0,2,1
170225,ILLINOIS,IL,1,1,0,0,1,1,59,7900,FRANKLIN,2,5,May,2012,4,Wednesday,8,35,0,13,3,1486,37.70019722,-88.14996111,24,1,0,0,0,1,0
170226,ILLINOIS,IL,1,1,0,0,2,2,75,0,BEAVERTON,27,4,April,2012,6,Friday,19,22,0,4,2,2763,40.50348056,-88.07773611,34,5,0,0,0,1,0
170227,ILLINOIS,IL,2,2,0,0,2,2,111,2100,GRAHAM,12,4,April,2012,5,Thursday,14,57,0,13,3,108,42.24791389,-88.40355833,12,1,0,0,0,1,0
170228,ILLINOIS,IL,1,1,1,1,1,1,77,1350,ANDERSON,26,4,April,2012,5,Thursday,18,9,0,3,3,896,37.73063056,-89.19358333,15,1,0,0,0,1,0
170229,ILLINOIS,IL,1,1,0,0,2,2,31,1670,COFFEE,19,4,April,2012,5,Thursday,21,45,0,16,6,0,41.98139722,-87.76169444,30,3,0,0,0,1,0
170230,ILLINOIS,IL,1,1,1,1,2,2,31,1670,COFFEE,21,4,April,2012,7,Saturday,23,40,0,16,6,0,41.95910278,-87.68860556,8,2,0,0,0,1,0
170231,ILLINOIS,IL,1,1,0,0,4,4,111,0,GRAHAM,1,5,May,2012,3,Tuesday,22,46,0,4,5,0,42.18913889,-88.48267500,32,2,0,0,0,1,1
170233,ILLINOIS,IL,1,1,0,0,1,1,31,7813,COFFEE,25,4,April,2012,4,Wednesday,18,35,0,16,6,0,42.00309444,-88.12703333,33,1,0,0,0,1,0
170234,ILLINOIS,IL,2,2,0,0,3,3,31,140,COFFEE,5,5,May,2012,7,Saturday,15,25,1,2,3,411,41.66894722,-87.73887778,12,1,0,0,0,1,0
170235,ILLINOIS,IL,2,2,0,0,2,2,197,9997,BUENA VISTA,4,5,May,2012,6,Friday,14,40,0,13,6,0,41.69228611,-88.04509167,12,1,0,0,0,1,0
170236,ILLINOIS,IL,1,1,0,0,1,1,31,2390,COFFEE,30,4,April,2012,2,Monday,3,7,1,11,1,716,41.61880000,-87.57884444,42,3,0,0,0,1,1
170237,ILLINOIS,IL,1,1,0,0,1,1,29,0,BORDEN SPRINGS,6,5,May,2012,1,Sunday,12,2,0,4,4,0,39.41799167,-88.29914167,32,1,0,0,0,1,0
170238,ILLINOIS,IL,2,2,0,0,4,4,105,0,MARION,29,4,April,2012,1,Sunday,19,0,0,4,3,0,41.11053333,-88.25245000,12,2,0,0,0,1,2
170239,ILLINOIS,IL,2,2,0,0,2,2,31,1185,COFFEE,10,4,April,2012,3,Tuesday,23,28,0,15,6,0,41.74824722,-87.79243889,12,3,0,0,0,1,1
170240,ILLINOIS,IL,2,2,0,0,2,2,197,8763,BUENA VISTA,7,5,May,2012,2,Monday,14,13,0,16,6,0,41.44167778,-87.73883611,12,1,0,0,0,1,0
170241,ILLINOIS,IL,2,2,0,0,2,2,119,0,BELLAMY,5,5,May,2012,7,Saturday,11,0,1,2,3,0,38.78674444,-89.80110556,12,1,0,0,0,1,0
170242,ILLINOIS,IL,2,2,0,0,3,3,113,5070,COTTONTON,3,5,May,2012,5,Thursday,23,50,1,12,1,1450,40.31663611,-89.15987778,12,3,0,0,0,1,1
170243,ILLINOIS,IL,2,2,0,0,2,2,107,0,CARROLLTON,8,5,May,2012,3,Tuesday,23,18,1,1,1,1239,40.13435833,-89.41715278,12,2,0,0,0,2,0
170244,ILLINOIS,IL,1,1,0,0,1,1,135,0,ASH FLAT,9,5,May,2012,4,Wednesday,6,25,0,4,4,0,39.44476389,-89.64402500,33,1,0,0,0,1,0
170245,ILLINOIS,IL,1,1,0,0,1,1,77,0,ANDERSON,6,5,May,2012,1,Sunday,20,52,0,4,4,0,37.71340833,-89.53299444,1,2,0,0,0,1,1
170246,ILLINOIS,IL,1,1,1,1,1,1,163,2610,AVERA,5,1,January,2012,5,Thursday,22,48,0,16,6,0,38.62033611,-90.14860833,8,2,0,0,0,1,0
170248,ILLINOIS,IL,1,1,0,0,1,1,43,9000,BAILEYTON,1,4,April,2012,1,Sunday,2,53,0,14,6,0,41.80461389,-88.17615556,34,3,0,0,0,1,0
170249,ILLINOIS,IL,1,1,1,1,1,1,31,1670,COFFEE,3,5,May,2012,5,Thursday,20,20,0,16,6,0,41.99756944,-87.69724167,8,2,0,0,0,1,0
170250,ILLINOIS,IL,1,1,1,1,1,1,119,0,BELLAMY,12,5,May,2012,7,Saturday,10,29,0,3,3,82,38.70765000,-90.06765556,9,1,0,0,0,1,0
170251,ILLINOIS,IL,1,1,0,0,3,3,119,3550,BELLAMY,12,5,May,2012,7,Saturday,3,1,0,15,6,0,38.71699722,-90.10952778,38,3,0,0,0,3,1
170252,ILLINOIS,IL,2,2,0,0,2,2,201,0,ANNETTE,8,5,May,2012,3,Tuesday,19,35,0,3,3,0,42.41851389,-89.39190833,12,1,0,0,0,1,0
170253,ILLINOIS,IL,2,2,0,0,2,2,159,0,FARRAR,10,5,May,2012,5,Thursday,12,36,1,13,2,1242,38.69866667,-88.18610833,12,1,0,0,0,1,0
170254,ILLINOIS,IL,1,1,0,0,2,2,27,0,ASHLAND,12,5,May,2012,7,Saturday,23,36,0,4,4,0,38.63142500,-89.55378333,34,2,0,0,0,1,1
170255,ILLINOIS,IL,2,2,0,0,2,2,85,0,BENTON,13,5,May,2012,1,Sunday,1,46,1,2,2,442,42.35669167,-89.95567778,12,2,0,0,0,1,0
170256,ILLINOIS,IL,3,1,0,0,2,2,119,160,BELLAMY,13,5,May,2012,1,Sunday,0,28,0,14,6,0,38.90988333,-90.18300278,43,2,0,0,0,1,0
170257,ILLINOIS,IL,2,2,0,0,2,2,79,0,COURTLAND,13,5,May,2012,1,Sunday,17,0,0,3,3,480,38.93530556,-88.11388889,12,1,0,0,0,1,1
170258,ILLINOIS,IL,1,1,0,0,2,2,43,0,BAILEYTON,17,3,March,2012,7,Saturday,9,54,1,13,3,297,41.92923056,-88.20875556,31,1,0,0,0,1,0
170259,ILLINOIS,IL,2,2,0,0,2,2,91,0,DAYTON,14,5,May,2012,2,Monday,9,10,0,6,5,0,41.29680000,-87.70791111,12,1,0,0,0,1,0
170260,ILLINOIS,IL,2,2,0,0,2,2,197,0,BUENA VISTA,15,5,May,2012,3,Tuesday,18,57,1,2,3,0,41.32444167,-87.82168889,12,1,0,0,0,1,0
170261,ILLINOIS,IL,3,3,0,0,7,7,31,1260,COFFEE,26,2,February,2012,1,Sunday,18,38,1,13,3,73,41.60342778,-87.55903056,12,3,0,0,0,1,0
170262,ILLINOIS,IL,1,1,0,0,4,4,21,6700,CHILTON,27,4,April,2012,6,Friday,11,10,0,16,6,0,39.37619722,-89.07768056,42,1,0,0,0,3,0
170263,ILLINOIS,IL,1,1,0,0,1,1,37,0,BRADFORD,6,1,January,2012,6,Friday,16,45,0,6,5,0,42.02670833,-88.70439444,42,5,0,0,0,1,0
170264,ILLINOIS,IL,1,1,0,0,1,1,199,0,ALVATON,28,4,April,2012,7,Saturday,17,48,0,4,5,0,37.60325556,-89.11531667,41,1,0,0,0,1,1
170265,ILLINOIS,IL,2,2,0,0,2,2,91,0,DAYTON,15,5,May,2012,3,Tuesday,13,43,0,6,6,0,41.18579444,-88.12828056,12,1,0,0,0,1,0
170266,ILLINOIS,IL,2,2,0,0,4,4,139,0,CALION,30,4,April,2012,2,Monday,13,46,0,2,3,400,39.58975278,-88.53771111,12,1,0,0,0,1,0
170267,ILLINOIS,IL,3,2,0,0,3,3,201,7460,ANNETTE,13,5,May,2012,1,Sunday,18,41,0,16,6,0,42.29086667,-89.10075278,12,1,0,0,0,1,1
170268,ILLINOIS,IL,1,1,0,0,3,3,93,9630,BEAR CREEK,26,4,April,2012,5,Thursday,0,40,0,14,6,0,41.66967500,-88.43126944,30,2,0,0,0,1,1
170269,ILLINOIS,IL,1,1,0,0,1,1,183,0,FORT STEWART,13,5,May,2012,1,Sunday,17,10,1,1,1,0,40.11785833,-87.53496944,34,1,0,0,0,1,0
170270,ILLINOIS,IL,3,3,0,0,10,10,31,0,COFFEE,13,5,May,2012,1,Sunday,11,30,1,1,1,185,41.91709722,-87.91986389,12,1,0,0,0,1,0
170271,ILLINOIS,IL,1,1,0,0,1,1,31,1670,COFFEE,22,5,May,2012,3,Tuesday,19,23,1,11,1,516,41.87636111,-87.64550556,25,1,0,0,0,1,0
170272,ILLINOIS,IL,2,2,0,0,2,2,135,0,ASH FLAT,15,5,May,2012,3,Tuesday,11,0,0,2,3,621,39.17370278,-89.56030000,12,1,0,0,0,1,0
170273,ILLINOIS,IL,2,2,0,0,3,3,109,0,ANSLEY,16,5,May,2012,4,Wednesday,23,3,0,6,4,0,40.43326944,-90.65650000,12,2,0,0,0,1,1
170274,ILLINOIS,IL,2,2,0,0,2,2,27,0,ASHLAND,18,5,May,2012,6,Friday,21,35,0,3,3,116,38.45318611,-89.63159722,12,2,0,0,0,2,0
170276,ILLINOIS,IL,5,5,0,0,5,5,31,0,COFFEE,22,5,May,2012,3,Tuesday,7,54,1,12,1,0,41.86891111,-87.91720556,12,1,0,0,0,1,0
170277,ILLINOIS,IL,1,1,0,0,1,1,197,0,BUENA VISTA,20,5,May,2012,1,Sunday,2,0,1,1,1,2460,41.42301667,-88.19461944,52,2,0,0,0,1,1
170278,ILLINOIS,IL,1,1,0,0,1,1,31,1670,COFFEE,20,5,May,2012,1,Sunday,3,5,1,12,1,291,41.87621389,-87.65813333,25,3,0,0,0,1,1
170279,ILLINOIS,IL,2,2,0,0,2,2,31,2390,COFFEE,20,5,May,2012,1,Sunday,6,50,1,12,1,704,41.63692500,-87.57858333,12,1,0,0,0,1,1
170280,ILLINOIS,IL,1,1,0,0,1,1,197,5160,BUENA VISTA,6,5,May,2012,1,Sunday,16,39,0,16,6,0,41.43646944,-87.99163056,33,1,0,0,0,1,1
170281,ILLINOIS,IL,1,1,0,0,1,1,19,0,CEDAR BLUFF,25,5,May,2012,6,Friday,23,10,0,16,5,0,40.04246389,-87.97696389,35,2,0,0,0,1,1
170282,ILLINOIS,IL,2,2,0,0,5,5,35,0,BROOKLYN,25,5,May,2012,6,Friday,7,10,1,1,1,1720,39.26783333,-88.47018056,12,1,0,0,0,1,0
170283,ILLINOIS,IL,2,2,0,0,5,5,31,1670,COFFEE,24,5,May,2012,5,Thursday,21,50,1,12,1,435,41.96058056,-87.74208611,52,3,0,0,0,1,0
170284,ILLINOIS,IL,2,2,0,0,5,5,27,0,ASHLAND,26,5,May,2012,7,Saturday,17,58,0,3,3,306,38.55295000,-89.57220000,12,1,0,0,0,1,0
170285,ILLINOIS,IL,2,2,0,0,2,2,157,0,ARCADE,29,5,May,2012,3,Tuesday,4,55,0,2,3,47,38.19056667,-89.91311944,12,2,0,0,0,1,0
170286,ILLINOIS,IL,3,1,4,4,1,1,163,0,AVERA,22,5,May,2012,3,Tuesday,9,34,1,11,1,131,38.59873611,-89.96621667,14,1,0,0,0,1,0
170287,ILLINOIS,IL,1,1,0,0,1,1,55,0,ATTALLA,8,5,May,2012,3,Tuesday,19,57,0,6,5,0,37.88087778,-88.92235833,32,5,0,0,0,1,1
170288,ILLINOIS,IL,2,2,0,0,10,10,201,7460,ANNETTE,17,5,May,2012,5,Thursday,15,5,0,16,6,0,42.30692500,-88.98175833,12,1,0,0,0,1,0
170289,ILLINOIS,IL,4,2,1,1,2,2,31,8030,COFFEE,21,5,May,2012,2,Monday,16,22,0,15,6,0,42.03358056,-87.71590000,12,1,0,0,0,1,0
170290,ILLINOIS,IL,1,1,0,0,1,1,119,3550,BELLAMY,28,4,April,2012,7,Saturday,0,56,0,14,6,0,38.73593056,-90.13460556,34,3,0,0,0,1,0
170291,ILLINOIS,IL,1,1,0,0,1,1,131,0,ARLINGTON,8,5,May,2012,3,Tuesday,13,29,0,3,3,1048,41.16937222,-90.75311667,34,1,0,0,0,1,0
170292,ILLINOIS,IL,2,2,0,0,3,3,31,1670,COFFEE,19,5,May,2012,7,Saturday,8,29,1,13,2,809,41.72255278,-87.57048611,12,1,0,0,0,1,1
170293,ILLINOIS,IL,1,1,0,0,1,1,197,887,BUENA VISTA,13,5,May,2012,1,Sunday,17,13,0,16,6,0,41.72837500,-88.05247500,42,1,0,0,0,1,1
170294,ILLINOIS,IL,2,2,0,0,4,4,143,0,CANEHILL,29,5,May,2012,3,Tuesday,16,0,1,2,2,1099,40.53961111,-89.86450000,12,1,0,0,0,2,0
170295,ILLINOIS,IL,2,2,0,0,2,2,163,2610,AVERA,6,5,May,2012,1,Sunday,17,24,0,14,6,0,38.62815278,-90.16991944,12,1,0,0,0,1,0
170296,ILLINOIS,IL,2,2,0,0,5,5,31,2390,COFFEE,25,2,February,2012,7,Saturday,11,0,0,15,6,0,41.62298056,-87.58258889,12,1,0,0,0,1,0
170297,ILLINOIS,IL,2,2,0,0,3,3,183,9280,FORT STEWART,4,5,May,2012,6,Friday,21,27,1,13,2,2257,40.03329167,-87.63828056,12,1,0,0,0,1,1
170298,ILLINOIS,IL,3,3,0,0,7,7,97,9090,AXIS,21,3,March,2012,4,Wednesday,6,20,1,13,2,189,42.29350000,-88.16066111,12,4,0,0,0,1,0
170299,ILLINOIS,IL,1,1,0,0,1,1,81,0,AUBURN,9,5,May,2012,4,Wednesday,5,40,0,6,5,0,38.42495000,-88.91412500,11,2,0,0,0,1,0
170300,ILLINOIS,IL,1,1,0,0,1,1,31,1670,COFFEE,14,5,May,2012,2,Monday,12,56,0,15,6,0,41.77493889,-87.60705278,33,1,0,0,0,1,0
170301,ILLINOIS,IL,1,1,0,0,4,4,31,1670,COFFEE,12,5,May,2012,7,Saturday,23,55,0,14,6,0,41.88660833,-87.74605000,33,3,0,0,0,4,1
170302,ILLINOIS,IL,1,1,0,0,2,2,31,1670,COFFEE,13,5,May,2012,1,Sunday,3,15,0,16,6,0,41.86914722,-87.69841111,21,3,0,0,0,1,0
170303,ILLINOIS,IL,1,1,0,0,1,1,31,1670,COFFEE,23,5,May,2012,4,Wednesday,0,52,1,13,6,0,41.93548056,-87.68797778,30,3,0,0,0,1,0
170304,ILLINOIS,IL,1,1,0,0,1,1,119,0,BELLAMY,2,6,June,2012,7,Saturday,12,55,0,14,6,0,38.69036944,-90.02902500,46,1,0,0,0,1,1
170305,ILLINOIS,IL,1,1,0,0,6,6,31,1670,COFFEE,19,5,May,2012,7,Saturday,0,50,0,14,6,0,41.83723056,-87.70481944,46,3,0,0,0,4,1
170306,ILLINOIS,IL,1,1,1,1,0,0,143,0,CANEHILL,24,4,April,2012,3,Tuesday,8,54,0,6,5,0,40.94517222,-89.80236944,8,1,0,0,0,1,0
170308,ILLINOIS,IL,1,1,0,0,1,1,139,0,CALION,12,5,May,2012,7,Saturday,4,41,0,2,3,483,39.62012222,-88.67541667,7,2,0,0,0,1,0
170309,ILLINOIS,IL,2,2,0,0,2,2,55,0,ATTALLA,19,5,May,2012,7,Saturday,14,29,0,4,5,0,37.98765000,-88.76155000,12,1,0,0,0,1,0
170310,ILLINOIS,IL,1,1,1,1,2,2,113,840,COTTONTON,26,5,May,2012,7,Saturday,13,38,0,14,2,1361,40.47551111,-88.98443056,9,1,0,0,0,1,0
170311,ILLINOIS,IL,3,3,0,0,3,3,31,1670,COFFEE,14,5,May,2012,2,Monday,1,30,0,15,6,0,41.96876111,-87.67918056,12,3,0,0,0,1,3
170312,ILLINOIS,IL,2,2,0,0,4,4,93,0,BEAR CREEK,4,6,June,2012,2,Monday,15,15,0,16,6,0,41.60685000,-88.31570000,12,1,0,0,0,3,0
170313,ILLINOIS,IL,1,1,0,0,1,1,167,8220,ADRIAN,19,5,May,2012,7,Saturday,3,53,0,16,6,0,39.71404167,-89.62623611,7,3,0,0,0,1,1
170314,ILLINOIS,IL,2,2,0,0,3,3,31,1670,COFFEE,23,5,May,2012,4,Wednesday,19,25,0,15,6,0,41.85893056,-87.71886944,12,1,0,0,0,1,1
170315,ILLINOIS,IL,2,2,0,0,3,3,179,6840,ALLENHURST,23,5,May,2012,4,Wednesday,21,48,0,13,3,1007,40.54528611,-89.60158333,12,3,0,0,0,1,0
170316,ILLINOIS,IL,2,2,0,0,2,2,197,0,BUENA VISTA,8,6,June,2012,6,Friday,15,31,1,11,1,1266,41.48636389,-88.19018056,35,1,0,0,0,1,0
170317,ILLINOIS,IL,1,1,1,1,1,1,31,1680,COFFEE,29,2,February,2012,4,Wednesday,19,51,1,13,2,1466,41.50615833,-87.63359167,8,3,0,0,0,1,0
170318,ILLINOIS,IL,1,1,1,1,1,1,89,2690,BROWNSBORO,28,3,March,2012,4,Wednesday,9,50,0,2,6,0,42.05858333,-88.30616389,8,1,0,0,0,1,0
170319,ILLINOIS,IL,1,1,0,0,1,1,127,5530,BURNWELL,17,5,May,2012,5,Thursday,10,50,0,6,4,0,37.20978889,-88.71626111,34,1,0,0,0,1,0
170320,ILLINOIS,IL,2,2,0,0,2,2,31,1730,COFFEE,15,3,March,2012,5,Thursday,16,28,1,13,6,0,41.83997778,-87.75620556,12,1,0,0,0,1,1
170321,ILLINOIS,IL,1,1,0,0,1,1,93,6620,BEAR CREEK,7,4,April,2012,7,Saturday,6,1,1,13,2,1029,41.71941111,-88.30545556,32,3,0,0,0,1,1
170322,ILLINOIS,IL,1,1,0,0,7,7,95,0,ALBERTVILLE,2,6,June,2012,7,Saturday,13,27,0,6,5,0,40.85930000,-90.06194722,5,1,0,0,0,1,0
170323,ILLINOIS,IL,1,1,0,0,1,1,31,0,COFFEE,24,4,April,2012,3,Tuesday,6,0,0,15,6,0,41.57030556,-87.59077778,42,1,0,0,0,1,1
170324,ILLINOIS,IL,1,1,0,0,1,1,63,9997,BOLIGEE,27,5,May,2012,1,Sunday,14,58,0,14,2,1131,41.34363333,-88.55690833,52,1,0,0,0,1,1
170325,ILLINOIS,IL,4,4,0,0,8,8,183,2220,FORT STEWART,31,5,May,2012,5,Thursday,14,35,0,15,6,0,40.12633056,-87.62856944,12,1,0,0,0,1,0
170326,ILLINOIS,IL,1,1,0,0,1,1,69,0,ASHFORD,14,6,June,2012,5,Thursday,14,22,0,6,5,0,37.54759167,-88.16886667,1,1,0,0,0,1,0
170328,ILLINOIS,IL,1,1,0,0,1,1,125,0,BROOKWOOD,3,6,June,2012,1,Sunday,16,50,0,4,4,0,40.42028333,-89.85095556,34,1,0,0,0,1,1
170329,ILLINOIS,IL,2,2,0,0,3,3,125,0,BROOKWOOD,8,6,June,2012,6,Friday,12,0,1,13,2,857,40.29745556,-89.94476111,12,1,0,0,0,2,0
170330,ILLINOIS,IL,1,1,0,0,1,1,179,0,ALLENHURST,10,6,June,2012,1,Sunday,2,17,0,4,4,0,40.36138333,-89.31185556,34,2,0,0,0,1,1
170331,ILLINOIS,IL,1,1,0,0,1,1,103,0,DANVILLE,8,6,June,2012,6,Friday,20,45,0,6,5,0,41.81423611,-89.53263056,34,5,0,0,0,1,1
170332,ILLINOIS,IL,1,1,1,1,1,1,31,8075,COFFEE,28,4,April,2012,7,Saturday,1,30,1,13,3,69,42.08626389,-88.14108056,8,2,0,0,0,1,0
170333,ILLINOIS,IL,1,1,1,1,1,1,91,0,DAYTON,28,5,May,2012,2,Monday,21,8,0,6,5,0,41.10911667,-87.67103333,8,2,0,0,0,1,0
170335,ILLINOIS,IL,2,2,0,0,2,2,201,7460,ANNETTE,29,5,May,2012,3,Tuesday,18,29,0,14,6,0,42.28042500,-89.09661944,12,1,0,0,0,1,0
170336,ILLINOIS,IL,3,3,0,0,6,6,119,2510,BELLAMY,15,6,June,2012,6,Friday,10,44,1,13,3,31,38.86082500,-90.12743056,12,1,0,0,0,2,0
170337,ILLINOIS,IL,1,1,0,0,2,2,111,1440,GRAHAM,7,4,April,2012,7,Saturday,1,5,0,16,6,0,42.21703611,-88.24423056,30,2,0,0,0,1,1
170338,ILLINOIS,IL,1,1,1,1,1,1,197,0,BUENA VISTA,4,4,April,2012,4,Wednesday,23,16,0,15,6,0,41.53281944,-88.04338333,8,2,0,0,0,1,0
170339,ILLINOIS,IL,2,2,0,0,2,2,89,0,BROWNSBORO,18,4,April,2012,4,Wednesday,9,5,0,16,3,317,42.10143056,-88.25780556,12,1,0,0,0,1,0
170340,ILLINOIS,IL,1,1,0,0,1,1,109,1215,ANSLEY,22,4,April,2012,1,Sunday,3,21,0,6,5,0,40.55719722,-90.54484444,32,2,0,0,0,1,1
170341,ILLINOIS,IL,1,1,0,0,3,3,31,8300,COFFEE,4,4,April,2012,4,Wednesday,13,50,0,16,6,0,41.81895556,-87.78993611,30,1,0,0,0,1,0
170342,ILLINOIS,IL,1,1,0,0,1,1,31,6650,COFFEE,9,4,April,2012,2,Monday,14,24,0,16,6,0,42.10811667,-88.04739167,42,1,0,0,0,1,0
170343,ILLINOIS,IL,1,1,0,0,1,1,105,0,MARION,30,5,May,2012,4,Wednesday,16,48,0,6,5,0,40.77526389,-88.35093333,1,1,0,0,0,1,1
170344,ILLINOIS,IL,1,1,0,0,1,1,197,887,BUENA VISTA,28,4,April,2012,7,Saturday,0,18,0,16,6,0,41.70408333,-88.05451111,31,3,0,0,0,1,1
170345,ILLINOIS,IL,2,2,0,0,2,2,31,1680,COFFEE,7,5,May,2012,2,Monday,14,5,1,13,2,1475,41.50619722,-87.61545000,12,1,0,0,0,1,0
170346,ILLINOIS,IL,2,2,0,0,4,4,93,0,BEAR CREEK,8,5,May,2012,3,Tuesday,20,18,0,14,6,992,41.72263889,-88.37533056,12,3,0,0,0,1,0
170347,ILLINOIS,IL,2,2,0,0,2,2,31,1260,COFFEE,10,6,June,2012,1,Sunday,10,6,0,13,3,95,41.62269167,-87.57598889,12,1,0,0,0,1,0
170348,ILLINOIS,IL,2,2,0,0,2,2,93,0,BEAR CREEK,14,5,May,2012,2,Monday,21,37,1,13,2,977,41.72228056,-88.40443333,12,3,0,0,0,1,0
170349,ILLINOIS,IL,2,2,0,0,2,2,31,3790,COFFEE,25,4,April,2012,4,Wednesday,19,50,0,15,3,3163,41.61356389,-87.63679167,12,2,0,0,0,1,0
170350,ILLINOIS,IL,1,1,0,0,1,1,47,0,BROWNS,1,7,July,2012,1,Sunday,7,43,0,4,4,0,38.27305556,-88.07664444,34,2,0,0,0,1,1
170351,ILLINOIS,IL,1,1,1,1,1,1,163,120,AVERA,1,5,May,2012,3,Tuesday,21,5,1,13,3,32,38.59597778,-90.12325000,8,3,0,0,0,1,0
170352,ILLINOIS,IL,4,1,0,0,2,2,31,1670,COFFEE,4,2,February,2012,7,Saturday,4,57,0,15,6,0,41.91070000,-87.75568889,14,3,0,0,0,1,1
170353,ILLINOIS,IL,5,4,2,2,9,9,31,1670,COFFEE,20,2,February,2012,2,Monday,14,58,0,15,6,0,41.68485278,-87.65979167,12,1,0,0,0,1,1
170354,ILLINOIS,IL,2,2,0,0,4,4,197,9997,BUENA VISTA,23,4,April,2012,2,Monday,9,2,0,16,6,0,41.70323056,-88.22495000,12,1,0,1,0,1,0
170355,ILLINOIS,IL,2,2,0,0,2,2,31,1670,COFFEE,23,4,April,2012,2,Monday,13,40,0,14,6,0,41.88087500,-87.71431944,12,1,0,0,0,1,0
170356,ILLINOIS,IL,2,2,0,0,4,4,31,1670,COFFEE,24,4,April,2012,3,Tuesday,21,13,1,13,6,0,41.71970556,-87.58511667,12,1,0,0,0,1,1
170357,ILLINOIS,IL,1,1,1,1,1,1,99,6630,BEATRICE,21,4,April,2012,7,Saturday,14,16,0,13,3,406,41.33243333,-88.83708611,8,1,0,0,0,1,0
170358,ILLINOIS,IL,2,2,0,0,2,2,167,8220,ADRIAN,24,4,April,2012,3,Tuesday,10,41,0,13,3,4,39.83171111,-89.58531944,12,1,0,0,0,1,0
170359,ILLINOIS,IL,1,1,0,0,1,1,111,0,GRAHAM,14,5,May,2012,2,Monday,14,49,0,6,5,0,42.32607222,-88.70561944,30,1,0,0,0,1,0
170360,ILLINOIS,IL,4,4,0,0,7,7,97,6290,AXIS,14,4,April,2012,7,Saturday,4,37,1,13,2,500,42.31530278,-87.87882778,12,2,0,0,0,1,2
170361,ILLINOIS,IL,1,1,0,0,1,1,43,5980,BAILEYTON,3,5,May,2012,5,Thursday,21,29,0,16,6,0,41.80285000,-88.13087778,33,3,0,0,0,1,0
170362,ILLINOIS,IL,2,2,0,0,3,3,89,3300,BROWNSBORO,20,5,May,2012,1,Sunday,17,55,0,13,6,0,41.89893056,-88.27691111,12,1,0,0,0,1,0
170363,ILLINOIS,IL,2,2,0,0,4,4,31,1260,COFFEE,24,5,May,2012,5,Thursday,0,52,0,15,6,0,41.60969444,-87.55324167,12,2,0,0,0,1,0
170364,ILLINOIS,IL,2,2,0,0,2,2,89,3300,BROWNSBORO,28,5,May,2012,2,Monday,18,40,1,13,4,0,41.86863056,-88.34043056,12,1,0,0,0,1,1
170365,ILLINOIS,IL,1,1,1,1,1,1,31,1670,COFFEE,25,5,May,2012,6,Friday,1,9,0,14,6,0,41.82715556,-87.70455833,8,3,0,0,0,1,0
170366,ILLINOIS,IL,2,2,1,1,4,4,97,7560,AXIS,30,5,May,2012,4,Wednesday,18,24,0,14,6,0,42.37913889,-88.10185000,9,1,0,0,0,1,0
170367,ILLINOIS,IL,2,2,0,0,3,3,11,0,BULLOCK,16,6,June,2012,7,Saturday,9,24,0,3,3,536,41.39784167,-89.68510000,12,1,0,0,0,1,0
170368,ILLINOIS,IL,2,1,0,0,1,1,31,2719,COFFEE,14,5,May,2012,2,Monday,14,13,1,13,3,534,42.00613056,-87.95953611,14,1,0,0,0,1,0
170369,ILLINOIS,IL,1,1,0,0,1,1,31,1030,COFFEE,25,5,May,2012,6,Friday,12,6,0,16,6,0,41.86396667,-87.85058611,31,1,0,0,0,1,0
170370,ILLINOIS,IL,1,1,0,0,3,3,11,0,BULLOCK,3,6,June,2012,1,Sunday,4,11,1,2,3,633,41.50027500,-89.46623889,42,2,0,0,0,2,1
170371,ILLINOIS,IL,2,2,0,0,2,2,99,0,BEATRICE,4,6,June,2012,2,Monday,11,52,0,4,5,0,41.36848889,-88.74466944,12,1,0,0,0,1,0
170372,ILLINOIS,IL,2,2,0,0,2,2,89,460,BROWNSBORO,11,5,May,2012,6,Friday,12,56,0,13,6,0,41.75070000,-88.28828889,12,1,0,0,0,1,0
170374,ILLINOIS,IL,1,1,0,0,1,1,135,0,ASH FLAT,6,6,June,2012,4,Wednesday,18,45,0,6,8,0,39.27626111,-89.63687222,34,1,0,0,0,1,1