ST_CASE,State Name,State Abbreviation,# of Vehicle involved,Parked_Vehicles_Involved,Pedestrains,Person_Not_in_Motor_Vehicle,Persons_in_motor_vehicle,Total_Persons_in_accident,COUNTY,CITY,City_County_Name,Calendar_DAY,MONTH,Month_name,YEAR,DAY_WEEK,Day_Week_desc,HOUR,MINUTE,NHS_Desc,trafficway,Route,MILEPT,LATITUDE,LONGITUD,First_Crash_event,Light_cond_desc,Weather_condition,School_bus_involved,Crash_cause,FATALS,DRUNK_DR
170536,ILLINOIS,IL,1,1,1,1,2,2,85,3250,BENTON,11,8,August,2012,7,Saturday,20,49,1,13,2,123,42.43706389,-90.45164722,8,1,0,0,0,1,0
170537,ILLINOIS,IL,1,1,0,0,4,4,167,0,ADRIAN,19,8,August,2012,1,Sunday,3,14,0,16,6,0,39.80107500,-89.75336667,53,2,0,0,0,1,1
170538,ILLINOIS,IL,1,1,0,0,2,2,3,0,BALDWIN,5,8,August,2012,1,Sunday,2,31,1,2,3,260,37.29553056,-89.44827778,38,3,0,0,0,1,0
170539,ILLINOIS,IL,2,2,0,0,10,10,31,1670,COFFEE,11,8,August,2012,7,Saturday,6,11,0,15,6,0,41.93205556,-87.70438333,12,1,0,0,0,1,1
170540,ILLINOIS,IL,1,1,0,0,2,2,1,0,AUTAUGA,3,8,August,2012,6,Friday,10,21,0,6,6,0,39.95857778,-91.20395000,30,1,0,0,0,2,0
170541,ILLINOIS,IL,2,2,0,0,3,3,97,4650,AXIS,7,8,August,2012,3,Tuesday,13,13,0,14,4,0,42.17586111,-88.10705833,12,1,0,0,0,1,1
170542,ILLINOIS,IL,1,1,0,0,1,1,87,0,ARMSTRONG,27,8,August,2012,2,Monday,16,15,0,4,2,260,37.35400000,-88.88328889,26,1,0,0,0,1,0
170543,ILLINOIS,IL,1,1,0,0,1,1,157,0,ARCADE,16,8,August,2012,5,Thursday,17,57,0,4,4,0,37.95949722,-89.82206667,34,1,0,0,0,1,1
170544,ILLINOIS,IL,1,1,0,0,1,1,31,7813,COFFEE,25,8,August,2012,7,Saturday,11,27,1,11,1,655,42.06393889,-88.08085278,25,1,0,0,0,1,0
170545,ILLINOIS,IL,1,1,0,0,1,1,21,0,CHILTON,28,7,July,2012,7,Saturday,8,8,0,5,5,0,39.38260278,-89.04900278,11,1,0,0,0,1,0
170546,ILLINOIS,IL,1,1,0,0,1,1,197,0,BUENA VISTA,13,6,June,2012,4,Wednesday,21,45,0,14,4,0,41.54290000,-87.85925000,10,3,0,0,0,1,0
170547,ILLINOIS,IL,2,2,0,0,2,2,195,0,CARLTON,1,8,August,2012,4,Wednesday,16,5,0,4,5,0,41.63298889,-90.13261944,12,1,0,0,0,1,0
170548,ILLINOIS,IL,1,1,1,1,1,1,51,0,CENTRAL,31,8,August,2012,6,Friday,16,2,0,5,4,0,39.09332500,-88.85480000,9,1,0,0,0,1,0
170549,ILLINOIS,IL,1,1,1,1,1,1,97,9090,AXIS,16,6,June,2012,7,Saturday,20,11,0,16,6,0,42.27259444,-88.12429722,8,1,0,0,0,1,1
170550,ILLINOIS,IL,2,2,0,0,2,2,115,2250,ASHVILLE,14,8,August,2012,3,Tuesday,10,21,0,13,3,590,39.89303056,-88.91143056,12,1,0,0,0,1,1
170551,ILLINOIS,IL,1,1,0,0,1,1,141,0,BEE BRANCH,17,7,July,2012,3,Tuesday,23,44,0,5,4,0,42.20023333,-89.40588333,24,2,0,0,0,1,1
170552,ILLINOIS,IL,2,1,0,0,3,3,115,2250,ASHVILLE,29,7,July,2012,1,Sunday,6,27,0,16,6,0,39.83708056,-88.93750000,14,4,0,0,0,1,0
170553,ILLINOIS,IL,1,1,0,0,1,1,143,0,CANEHILL,28,7,July,2012,7,Saturday,23,53,0,3,3,130,40.93006389,-89.67859722,24,3,0,0,0,1,1
170554,ILLINOIS,IL,1,1,0,0,1,1,115,2250,ASHVILLE,16,8,August,2012,5,Thursday,13,14,0,14,6,0,39.90540000,-88.97401944,33,1,0,0,0,1,0
170555,ILLINOIS,IL,2,2,0,0,3,3,203,0,BENSON,3,9,September,2012,2,Monday,11,45,1,2,2,1509,40.73068889,-89.21483056,12,1,0,0,0,1,0
170556,ILLINOIS,IL,2,2,0,0,4,4,55,0,ATTALLA,25,8,August,2012,7,Saturday,11,25,0,3,3,522,38.08201944,-89.10033056,12,1,0,0,0,1,0
170557,ILLINOIS,IL,1,1,0,0,1,1,181,0,LINCOLN,19,8,August,2012,1,Sunday,15,50,1,1,1,240,37.36422222,-89.15577222,1,1,0,0,0,1,0
170559,ILLINOIS,IL,2,2,0,0,2,2,119,0,BELLAMY,4,9,September,2012,3,Tuesday,15,44,1,13,3,348,38.70190000,-89.96104444,12,1,0,0,0,1,0
170560,ILLINOIS,IL,1,1,0,0,1,1,43,0,BAILEYTON,24,6,June,2012,1,Sunday,4,34,0,13,3,519,41.82325278,-88.05817778,1,2,0,0,0,1,1
170561,ILLINOIS,IL,2,2,0,0,4,4,105,0,MARION,11,8,August,2012,7,Saturday,12,3,0,4,4,0,40.70087778,-88.50586944,12,1,0,0,0,1,0
170562,ILLINOIS,IL,1,1,1,1,1,1,31,1670,COFFEE,26,8,August,2012,1,Sunday,7,55,0,14,6,0,41.87466389,-87.72546667,8,1,0,0,0,1,0
170563,ILLINOIS,IL,1,1,1,1,2,2,31,3190,COFFEE,22,7,July,2012,1,Sunday,1,43,1,13,2,510,41.93459722,-87.88486389,8,3,0,0,0,1,1
170564,ILLINOIS,IL,2,2,0,0,2,2,43,0,BAILEYTON,10,6,June,2012,1,Sunday,17,20,0,16,6,0,41.93956111,-88.01181111,12,1,0,0,0,1,1
170565,ILLINOIS,IL,1,1,1,1,1,1,31,1030,COFFEE,22,7,July,2012,1,Sunday,15,37,0,14,6,0,41.84960000,-87.86219722,33,1,0,0,0,1,0
170566,ILLINOIS,IL,2,2,0,0,4,4,31,5870,COFFEE,7,9,September,2012,6,Friday,15,51,0,14,6,0,42.05504167,-87.96035278,12,1,0,0,0,1,0
170567,ILLINOIS,IL,1,1,1,1,2,2,31,1670,COFFEE,7,9,September,2012,6,Friday,4,25,1,11,6,0,41.83737500,-87.67543333,8,3,0,0,0,1,1
170568,ILLINOIS,IL,2,2,0,0,2,2,31,2390,COFFEE,5,9,September,2012,4,Wednesday,9,24,1,11,1,714,41.62243333,-87.57887778,12,1,0,0,0,1,1
170569,ILLINOIS,IL,2,2,0,0,3,3,109,1880,ANSLEY,3,9,September,2012,2,Monday,21,7,1,13,2,344,40.43790000,-90.75856389,12,2,0,0,0,1,1
170570,ILLINOIS,IL,1,1,0,0,1,1,31,1670,COFFEE,2,9,September,2012,1,Sunday,3,15,0,14,6,0,41.83678889,-87.73300833,30,3,0,0,0,1,1
170571,ILLINOIS,IL,1,1,1,1,1,1,177,3220,LEE,17,6,June,2012,1,Sunday,4,40,0,14,6,0,42.28716389,-89.62118611,8,3,0,0,0,1,0
170572,ILLINOIS,IL,1,1,0,0,1,1,73,0,ARGO,26,7,July,2012,5,Thursday,16,43,0,6,5,0,41.20776389,-89.91630000,34,1,0,0,0,1,1
170573,ILLINOIS,IL,1,1,0,0,1,1,123,0,ALEXANDER CITY,3,8,August,2012,6,Friday,0,50,0,3,3,19,41.10022222,-89.34425833,52,2,0,0,0,1,1
170575,ILLINOIS,IL,1,1,0,0,2,2,11,0,BULLOCK,18,8,August,2012,7,Saturday,20,7,0,14,4,0,41.39314722,-89.48327222,43,5,0,0,0,1,0
170576,ILLINOIS,IL,1,1,0,0,2,2,31,3430,COFFEE,4,7,July,2012,4,Wednesday,13,34,0,16,6,0,42.10349167,-87.82931111,7,1,0,0,0,2,1
170577,ILLINOIS,IL,1,1,0,0,1,1,7,3277,BIBB,25,8,August,2012,7,Saturday,6,15,0,6,5,0,42.27693889,-88.74720833,30,4,0,0,0,1,1
170578,ILLINOIS,IL,1,1,1,1,2,2,31,1670,COFFEE,20,8,August,2012,2,Monday,17,0,0,15,6,0,41.99403333,-87.69952222,8,1,0,0,0,1,0
170579,ILLINOIS,IL,3,3,0,0,11,11,31,1670,COFFEE,29,7,July,2012,1,Sunday,4,20,1,11,1,484,41.91598611,-87.66818333,12,3,0,0,0,1,1
170580,ILLINOIS,IL,2,2,0,0,5,5,37,0,BRADFORD,25,8,August,2012,7,Saturday,2,19,0,3,3,346,41.93569722,-88.90663333,12,2,0,0,0,1,1
170581,ILLINOIS,IL,1,1,1,1,2,2,31,1670,COFFEE,25,8,August,2012,7,Saturday,11,24,0,14,6,0,41.70829722,-87.62353611,8,1,0,0,0,1,0
170582,ILLINOIS,IL,1,1,0,0,1,1,197,0,BUENA VISTA,27,8,August,2012,2,Monday,11,57,0,16,5,0,41.33979167,-88.21043611,42,9,0,0,0,1,0
170583,ILLINOIS,IL,2,2,0,0,5,5,31,1670,COFFEE,30,8,August,2012,5,Thursday,5,10,1,11,1,557,41.82393056,-87.63005556,12,3,0,0,0,1,0
170584,ILLINOIS,IL,1,1,0,0,1,1,31,1670,COFFEE,1,9,September,2012,7,Saturday,14,55,1,13,2,109,41.83310556,-87.60746111,34,1,0,0,0,1,1
170585,ILLINOIS,IL,1,1,0,0,2,2,119,1910,BELLAMY,31,8,August,2012,6,Friday,20,28,1,11,1,0,38.67585000,-90.02950278,21,3,0,0,0,2,0
170586,ILLINOIS,IL,2,2,0,0,2,2,133,0,ARLEY,20,8,August,2012,2,Monday,16,40,0,6,5,0,38.14083611,-90.22784444,12,1,0,0,0,1,0
170587,ILLINOIS,IL,2,2,0,0,4,4,73,0,ARGO,4,6,June,2012,2,Monday,8,29,0,3,3,277,41.54428889,-90.15741667,12,1,0,0,0,2,0
170588,ILLINOIS,IL,2,2,0,0,2,2,43,2719,BAILEYTON,13,6,June,2012,4,Wednesday,17,3,0,13,2,1911,41.78066111,-88.17946111,12,1,0,0,0,1,1
170589,ILLINOIS,IL,1,1,0,0,1,1,73,0,ARGO,7,8,August,2012,3,Tuesday,2,45,0,3,3,406,41.16621667,-90.29480000,34,6,0,0,0,1,1
170590,ILLINOIS,IL,2,2,0,0,3,3,31,7813,COFFEE,31,8,August,2012,6,Friday,16,54,0,14,6,0,42.02496111,-88.04561944,12,1,0,0,0,1,0
170591,ILLINOIS,IL,1,1,0,0,3,3,89,0,BROWNSBORO,15,8,August,2012,4,Wednesday,23,5,0,16,5,0,41.95316111,-88.44115278,42,2,0,0,0,1,1
170592,ILLINOIS,IL,3,3,0,0,3,3,197,0,BUENA VISTA,24,8,August,2012,6,Friday,22,50,0,15,6,0,41.55736944,-88.04419722,12,2,0,0,0,1,1
170593,ILLINOIS,IL,1,1,0,0,1,1,199,0,ALVATON,25,8,August,2012,7,Saturday,14,9,0,4,4,0,37.64486667,-89.13480000,24,1,0,0,0,1,0
170594,ILLINOIS,IL,1,1,0,0,1,1,31,1670,COFFEE,6,8,August,2012,2,Monday,18,1,0,14,6,0,41.89181667,-87.72598056,30,1,0,0,0,1,0
170595,ILLINOIS,IL,2,2,0,0,2,2,143,0,CANEHILL,23,8,August,2012,5,Thursday,6,11,1,2,2,1162,40.56121111,-89.75156389,12,1,0,0,0,1,0
170596,ILLINOIS,IL,2,2,0,0,2,2,197,4300,BUENA VISTA,31,8,August,2012,6,Friday,15,10,0,13,2,1373,41.46457222,-88.18117500,12,1,0,0,0,1,2
170597,ILLINOIS,IL,1,1,4,4,1,1,97,3910,AXIS,3,9,September,2012,2,Monday,14,30,0,14,6,0,42.18403333,-87.80389444,8,1,0,0,0,1,0
170598,ILLINOIS,IL,2,2,0,0,2,2,75,0,BEAVERTON,7,9,September,2012,6,Friday,7,51,0,4,5,0,40.91788889,-87.94039444,12,1,0,0,0,1,0
170599,ILLINOIS,IL,2,2,0,0,3,3,83,0,ARDMORE,9,9,September,2012,1,Sunday,18,32,0,2,3,127,38.96356389,-90.39378611,12,1,0,0,0,1,1
170600,ILLINOIS,IL,1,1,0,0,1,1,37,0,BRADFORD,4,9,September,2012,3,Tuesday,15,4,0,4,5,0,41.70391944,-88.81017222,34,1,0,0,0,1,1
170601,ILLINOIS,IL,2,2,0,0,2,2,201,7460,ANNETTE,9,9,September,2012,1,Sunday,1,38,0,13,3,529,42.25126944,-89.10450000,12,3,0,0,0,1,1
170602,ILLINOIS,IL,1,1,1,1,1,1,201,7460,ANNETTE,30,8,August,2012,5,Thursday,0,54,0,15,6,0,42.26568889,-89.08933889,8,2,0,0,0,1,0
170603,ILLINOIS,IL,1,1,1,1,4,4,111,0,GRAHAM,8,9,September,2012,7,Saturday,21,4,0,4,4,0,42.26061944,-88.51108889,8,2,0,0,0,1,0
170604,ILLINOIS,IL,3,3,0,0,4,4,93,0,BEAR CREEK,10,9,September,2012,2,Monday,6,3,0,14,3,102,41.60808611,-88.26239722,12,1,0,0,0,1,0
170605,ILLINOIS,IL,2,2,0,0,5,5,31,0,COFFEE,8,9,September,2012,7,Saturday,18,4,1,11,1,706,42.04306944,-87.98929167,25,1,0,0,0,1,0
170606,ILLINOIS,IL,2,2,0,0,2,2,167,0,ADRIAN,11,9,September,2012,3,Tuesday,17,40,0,4,5,0,39.71988056,-89.77135000,12,1,0,0,0,1,0
170607,ILLINOIS,IL,1,1,0,0,1,1,41,0,BRANTLEY,11,9,September,2012,3,Tuesday,18,7,0,6,4,0,39.80695000,-87.95493889,30,1,0,0,0,1,1
170608,ILLINOIS,IL,2,2,0,0,2,2,113,0,COTTONTON,10,9,September,2012,2,Monday,17,37,0,4,5,0,40.56130000,-89.04253056,12,1,0,0,0,1,0
170609,ILLINOIS,IL,1,1,0,0,3,3,201,7460,ANNETTE,11,9,September,2012,3,Tuesday,23,10,0,14,6,0,42.26986389,-89.08170000,42,3,0,0,0,1,0
170610,ILLINOIS,IL,1,1,0,0,1,1,31,1670,COFFEE,3,9,September,2012,2,Monday,0,10,1,13,2,117,41.84399167,-87.61090833,30,3,0,0,0,1,1
170611,ILLINOIS,IL,2,2,0,0,4,4,197,4300,BUENA VISTA,13,9,September,2012,5,Thursday,20,25,0,13,3,259,41.46633889,-88.07951111,12,2,0,0,0,1,1
170612,ILLINOIS,IL,2,2,0,0,3,3,7,0,BIBB,11,9,September,2012,3,Tuesday,20,21,0,3,3,107,42.42933889,-88.85103056,12,2,0,0,0,2,0
170613,ILLINOIS,IL,2,2,0,0,3,3,119,3550,BELLAMY,14,9,September,2012,6,Friday,11,57,1,13,3,1567,38.75238056,-90.12463056,12,1,0,0,0,1,0
170614,ILLINOIS,IL,2,2,0,0,2,2,19,0,CEDAR BLUFF,12,9,September,2012,4,Wednesday,6,0,0,3,2,1654,40.31095000,-88.44169722,12,4,0,0,0,1,0
170615,ILLINOIS,IL,2,2,0,0,3,3,107,4840,CARROLLTON,14,9,September,2012,6,Friday,20,24,0,14,6,0,40.16447500,-89.38696111,12,3,0,0,0,1,2
170616,ILLINOIS,IL,1,1,0,0,1,1,93,9630,BEAR CREEK,14,9,September,2012,6,Friday,1,10,0,14,3,10,41.62669722,-88.43083889,32,2,0,0,0,1,1
170617,ILLINOIS,IL,1,1,0,0,1,1,113,0,COTTONTON,16,9,September,2012,1,Sunday,1,0,0,6,5,0,40.52347500,-89.15780833,34,2,0,0,0,1,1
170618,ILLINOIS,IL,2,2,0,0,3,3,75,0,BEAVERTON,20,9,September,2012,5,Thursday,14,21,0,3,2,3121,40.93093056,-87.86668056,12,1,0,0,0,1,0
170619,ILLINOIS,IL,1,1,0,0,5,5,179,0,ALLENHURST,22,9,September,2012,7,Saturday,4,4,0,16,5,0,40.66738889,-89.50365833,1,2,0,0,0,1,1
170620,ILLINOIS,IL,1,1,1,1,1,1,109,5100,ANSLEY,14,9,September,2012,6,Friday,14,33,1,13,2,1319,40.45861111,-90.65636111,9,1,0,0,99,1,0
170621,ILLINOIS,IL,2,2,0,0,3,3,17,0,CHAMBERS,23,9,September,2012,1,Sunday,1,30,0,3,3,191,39.97261389,-90.20582778,12,2,0,0,0,1,1
170622,ILLINOIS,IL,2,1,0,0,1,1,31,1670,COFFEE,5,9,September,2012,4,Wednesday,20,39,0,16,6,0,41.78412778,-87.64972778,14,5,0,0,0,1,1
170623,ILLINOIS,IL,3,3,0,0,3,3,63,0,BOLIGEE,20,9,September,2012,5,Thursday,14,7,1,11,1,1121,41.38860000,-88.42233056,12,1,0,0,0,1,0
170624,ILLINOIS,IL,2,2,0,0,2,2,201,0,ANNETTE,26,9,September,2012,4,Wednesday,17,39,0,4,3,58,42.33215000,-89.17395833,12,5,0,0,0,1,0
170625,ILLINOIS,IL,1,1,0,0,2,2,197,4001,BUENA VISTA,25,9,September,2012,3,Tuesday,20,38,0,16,6,0,41.57090833,-87.92908889,42,2,0,0,0,1,1
170626,ILLINOIS,IL,1,1,1,1,1,1,31,1670,COFFEE,22,9,September,2012,7,Saturday,20,10,1,11,1,253,41.87400278,-87.73160000,8,2,0,0,0,1,0
170627,ILLINOIS,IL,1,1,1,1,1,1,31,6400,COFFEE,24,5,May,2012,5,Thursday,8,13,1,13,5,449,41.72376111,-87.74091944,8,1,0,0,0,1,0
170628,ILLINOIS,IL,1,1,1,1,1,1,31,1670,COFFEE,20,6,June,2012,4,Wednesday,12,2,0,16,6,0,41.91676111,-87.72039722,9,1,0,0,99,1,0
170629,ILLINOIS,IL,3,2,0,0,5,5,31,1670,COFFEE,31,5,May,2012,5,Thursday,20,43,0,15,6,0,41.88223889,-87.76493056,12,3,0,0,0,1,0
170630,ILLINOIS,IL,1,1,0,0,1,1,201,0,ANNETTE,24,9,September,2012,2,Monday,23,25,0,4,3,66,42.33721667,-89.18821389,34,2,0,0,0,1,1
170631,ILLINOIS,IL,2,2,0,0,2,2,31,1670,COFFEE,22,6,June,2012,6,Friday,7,20,0,13,6,0,41.87445000,-87.62423056,12,1,0,0,0,1,0
170632,ILLINOIS,IL,1,1,0,0,1,1,31,1670,COFFEE,30,7,July,2012,2,Monday,20,29,0,15,6,0,41.75677500,-87.68830556,42,3,0,0,0,1,1
170633,ILLINOIS,IL,2,2,0,0,2,2,113,840,COTTONTON,29,7,July,2012,1,Sunday,10,15,0,14,6,0,40.47370833,-88.92671944,12,1,0,0,0,1,0
170634,ILLINOIS,IL,3,3,0,0,5,5,31,540,COFFEE,4,8,August,2012,7,Saturday,16,50,1,13,2,1504,42.00164167,-88.17550000,12,1,0,0,0,1,0
170635,ILLINOIS,IL,1,1,1,1,2,2,31,1670,COFFEE,14,8,August,2012,3,Tuesday,6,12,0,15,6,0,41.89609722,-87.65518056,30,1,0,0,0,1,0
170636,ILLINOIS,IL,1,1,1,1,1,1,31,1670,COFFEE,24,8,August,2012,6,Friday,17,25,1,13,3,189,41.77728889,-87.80091944,8,1,0,0,0,1,0
170637,ILLINOIS,IL,1,1,0,0,2,2,197,0,BUENA VISTA,25,8,August,2012,7,Saturday,3,44,0,15,5,0,41.46999167,-87.86765833,39,2,0,0,0,1,1
170638,ILLINOIS,IL,1,1,1,1,1,1,31,1670,COFFEE,17,8,August,2012,6,Friday,7,5,0,14,6,0,41.69257222,-87.62435278,8,1,0,0,0,1,0
170639,ILLINOIS,IL,3,3,0,0,8,8,31,1670,COFFEE,18,8,August,2012,7,Saturday,17,45,1,13,2,205,41.96267778,-87.64637778,12,1,0,0,0,2,0
170640,ILLINOIS,IL,2,2,0,0,3,3,31,2330,COFFEE,3,8,August,2012,6,Friday,14,43,0,14,6,0,42.02456944,-87.87693889,12,1,0,0,0,1,0
170641,ILLINOIS,IL,1,1,1,1,1,1,31,1670,COFFEE,4,8,August,2012,7,Saturday,23,10,1,13,2,206,41.96399444,-87.64666389,8,3,0,0,0,1,0
170642,ILLINOIS,IL,1,1,1,1,1,1,31,4860,COFFEE,18,8,August,2012,7,Saturday,5,20,0,14,2,269,42.00878056,-87.73547778,8,3,0,0,0,1,0
170643,ILLINOIS,IL,1,1,1,1,1,1,31,1670,COFFEE,21,8,August,2012,3,Tuesday,15,41,0,15,6,0,41.84431944,-87.72088333,8,1,0,0,0,1,0
170644,ILLINOIS,IL,1,1,0,0,1,1,31,1670,COFFEE,23,8,August,2012,5,Thursday,9,16,0,15,6,0,41.88905556,-87.64137500,21,1,0,0,0,1,0
170645,ILLINOIS,IL,2,2,0,0,3,3,31,1670,COFFEE,18,8,August,2012,7,Saturday,5,26,0,15,6,0,41.86246111,-87.71041111,12,3,0,0,0,1,1
170646,ILLINOIS,IL,2,2,0,0,4,4,119,3450,BELLAMY,31,8,August,2012,6,Friday,12,41,1,13,2,58,38.94300000,-90.19087500,12,1,0,0,0,2,0
170647,ILLINOIS,IL,2,2,0,0,3,3,113,8240,COTTONTON,2,9,September,2012,1,Sunday,20,18,0,6,6,0,40.43430278,-89.22356944,12,2,0,0,0,1,1
170648,ILLINOIS,IL,1,1,0,0,1,1,19,0,CEDAR BLUFF,22,7,July,2012,1,Sunday,0,15,0,4,4,0,40.05371111,-88.06181111,34,2,0,0,0,1,1
170649,ILLINOIS,IL,2,2,0,0,3,3,111,4640,GRAHAM,4,9,September,2012,3,Tuesday,20,53,1,13,3,1523,42.25513056,-88.43275278,12,2,0,0,0,2,0
170650,ILLINOIS,IL,1,1,0,0,1,1,153,8750,BONAIRE,15,9,September,2012,7,Saturday,3,15,0,4,5,0,37.26428333,-89.18593889,35,2,0,0,0,1,1
170651,ILLINOIS,IL,2,2,0,0,3,3,183,2220,FORT STEWART,6,9,September,2012,5,Thursday,14,35,0,13,2,2207,40.12442778,-87.63051667,30,1,0,0,0,1,0
170652,ILLINOIS,IL,1,1,0,0,1,1,51,0,CENTRAL,16,9,September,2012,1,Sunday,12,58,0,6,5,0,38.86896111,-88.79751944,32,1,0,0,0,1,0
170653,ILLINOIS,IL,1,1,0,0,1,1,31,2719,COFFEE,13,9,September,2012,5,Thursday,0,35,0,16,6,0,42.00602222,-87.95803889,31,2,0,0,0,1,0
170654,ILLINOIS,IL,2,2,0,0,2,2,7,0,BIBB,14,9,September,2012,6,Friday,16,5,0,6,6,0,42.34485000,-88.90133333,12,1,0,0,0,1,0
170655,ILLINOIS,IL,1,1,0,0,1,1,119,0,BELLAMY,16,9,September,2012,1,Sunday,14,13,1,2,3,872,38.78794444,-89.80106944,52,1,0,0,0,1,0
170656,ILLINOIS,IL,2,2,0,0,2,2,163,670,AVERA,30,9,September,2012,1,Sunday,10,50,0,13,3,77,38.52403056,-89.96161111,12,1,0,0,0,1,0
170657,ILLINOIS,IL,1,1,0,0,1,1,31,6610,COFFEE,20,9,September,2012,5,Thursday,18,21,0,16,6,0,41.60863333,-87.85008056,42,1,0,0,0,1,0
170658,ILLINOIS,IL,2,2,0,0,2,2,103,0,DANVILLE,15,9,September,2012,7,Saturday,19,52,1,1,1,854,41.72471667,-89.00903333,1,2,0,0,0,1,0
170659,ILLINOIS,IL,2,2,0,0,7,7,111,0,GRAHAM,2,9,September,2012,1,Sunday,21,30,0,2,3,25,42.25516111,-88.55981111,12,2,0,0,0,1,1
170660,ILLINOIS,IL,1,1,1,1,1,1,31,1670,COFFEE,6,8,August,2012,2,Monday,13,40,1,14,6,0,41.80906111,-87.63531111,9,1,0,0,0,1,0
170661,ILLINOIS,IL,1,1,0,0,4,4,89,0,BROWNSBORO,2,9,September,2012,1,Sunday,0,47,0,4,4,0,42.04500000,-88.58685278,1,2,0,0,0,1,0
170662,ILLINOIS,IL,1,1,1,1,2,2,141,6580,BEE BRANCH,2,9,September,2012,1,Sunday,10,30,0,2,3,288,42.01721944,-89.33243889,8,1,0,0,0,1,0
170664,ILLINOIS,IL,1,1,1,1,1,1,163,2610,AVERA,19,9,September,2012,4,Wednesday,12,43,0,16,6,0,38.60900000,-90.13008056,8,1,0,0,0,1,0
170665,ILLINOIS,IL,2,2,0,0,2,2,27,0,ASHLAND,21,9,September,2012,6,Friday,18,59,0,6,5,0,38.65593889,-89.59515000,12,1,0,0,0,1,0
170666,ILLINOIS,IL,1,1,1,1,1,1,31,1670,COFFEE,6,8,August,2012,2,Monday,19,0,0,15,6,0,41.96886111,-87.76218056,8,1,0,0,0,1,0
170668,ILLINOIS,IL,1,1,0,0,1,1,141,0,BEE BRANCH,8,9,September,2012,7,Saturday,17,13,0,4,4,0,42.17246944,-89.47371944,34,1,0,0,0,1,1
170669,ILLINOIS,IL,1,1,0,0,1,1,119,0,BELLAMY,20,9,September,2012,5,Thursday,1,10,0,4,4,0,38.97736389,-89.87554444,34,2,0,0,0,1,1
170670,ILLINOIS,IL,1,1,1,1,1,1,37,0,BRADFORD,27,9,September,2012,5,Thursday,6,29,0,16,5,0,41.99185556,-88.63610556,9,2,0,0,0,1,0
170671,ILLINOIS,IL,1,1,1,1,4,4,31,3790,COFFEE,8,9,September,2012,7,Saturday,19,52,1,13,3,144,41.62265833,-87.67187500,9,3,0,0,0,1,0
170672,ILLINOIS,IL,1,1,0,0,1,1,199,5250,ALVATON,29,9,September,2012,7,Saturday,19,57,1,11,1,540,37.74739167,-88.95552500,32,2,0,0,0,1,1
170674,ILLINOIS,IL,1,1,0,0,4,4,119,160,BELLAMY,30,9,September,2012,1,Sunday,2,9,0,16,6,0,38.90750833,-90.16735556,1,2,0,0,0,1,0
170675,ILLINOIS,IL,2,2,0,0,3,3,27,0,ASHLAND,30,9,September,2012,1,Sunday,19,1,0,4,5,0,38.60943889,-89.41026944,12,5,0,0,0,1,0
170676,ILLINOIS,IL,2,2,0,0,2,2,63,0,BOLIGEE,2,10,October,2012,3,Tuesday,14,42,0,14,4,0,41.34705000,-88.38391667,12,1,0,0,0,1,0
170677,ILLINOIS,IL,1,1,1,1,1,1,31,8030,COFFEE,2,10,October,2012,3,Tuesday,15,17,0,15,6,0,42.05926389,-87.75277778,8,1,0,0,0,1,0
170678,ILLINOIS,IL,2,2,0,0,2,2,201,7460,ANNETTE,2,10,October,2012,3,Tuesday,15,51,1,12,2,957,42.21955278,-89.05056944,12,1,0,0,0,1,0
170679,ILLINOIS,IL,1,1,1,1,1,1,31,1670,COFFEE,25,8,August,2012,7,Saturday,1,13,0,19,8,0,41.97593611,-87.68975000,8,3,0,0,0,1,0
170680,ILLINOIS,IL,3,3,0,0,3,3,163,2610,AVERA,3,10,October,2012,4,Wednesday,8,30,0,14,6,0,38.59971389,-90.07843333,12,1,0,0,0,1,0
170681,ILLINOIS,IL,2,2,0,0,3,3,113,0,COTTONTON,7,10,October,2012,1,Sunday,21,21,1,2,2,1821,40.74256111,-88.62273056,12,2,0,0,0,2,0
170682,ILLINOIS,IL,1,1,1,1,1,1,31,1670,COFFEE,5,10,October,2012,6,Friday,8,55,0,15,6,0,41.90108056,-87.63436111,9,1,0,0,0,1,0
170683,ILLINOIS,IL,1,1,0,0,1,1,199,0,ALVATON,22,9,September,2012,7,Saturday,23,45,0,6,5,0,37.76644444,-88.87815000,1,2,0,0,0,1,1
170684,ILLINOIS,IL,1,1,0,0,1,1,19,5130,CEDAR BLUFF,10,10,October,2012,4,Wednesday,14,16,1,1,1,1734,40.18888056,-88.36971389,38,1,0,0,0,1,0
170685,ILLINOIS,IL,2,2,0,0,5,5,91,0,DAYTON,13,10,October,2012,7,Saturday,10,19,0,13,3,78,41.20673889,-87.84876944,12,1,0,0,0,1,0
170686,ILLINOIS,IL,2,2,0,0,2,2,31,3940,COFFEE,13,10,October,2012,7,Saturday,16,50,1,11,1,0,41.86953889,-87.88350833,12,1,0,0,0,1,0
170689,ILLINOIS,IL,5,5,0,0,6,6,31,0,COFFEE,16,10,October,2012,3,Tuesday,9,13,1,11,1,708,42.04116944,-87.98514167,12,1,0,0,0,1,0
170690,ILLINOIS,IL,1,1,0,0,2,2,179,0,ALLENHURST,21,10,October,2012,1,Sunday,7,45,0,6,5,0,40.42860000,-89.69093056,43,1,0,0,0,1,0