ST_CASE,State Name,State Abbreviation,# of Vehicle involved,Parked_Vehicles_Involved,Pedestrains,Person_Not_in_Motor_Vehicle,Persons_in_motor_vehicle,Total_Persons_in_accident,COUNTY,CITY,City_County_Name,Calendar_DAY,MONTH,Month_name,YEAR,DAY_WEEK,Day_Week_desc,HOUR,MINUTE,NHS_Desc,trafficway,Route,MILEPT,LATITUDE,LONGITUD,First_Crash_event,Light_cond_desc,Weather_condition,School_bus_involved,Crash_cause,FATALS,DRUNK_DR
170691,ILLINOIS,IL,1,1,0,0,1,1,83,0,ARDMORE,17,10,October,2012,4,Wednesday,9,30,0,4,4,0,39.04699167,-90.35591111,32,1,0,0,0,1,0
170692,ILLINOIS,IL,3,3,0,0,3,3,31,1670,COFFEE,2,10,October,2012,3,Tuesday,20,38,0,15,6,0,41.93107500,-87.78098611,12,3,0,0,0,1,1
170693,ILLINOIS,IL,1,1,0,0,1,1,113,840,COTTONTON,23,9,September,2012,1,Sunday,1,30,0,15,6,0,40.47893889,-89.02688889,41,2,0,0,0,1,1
170694,ILLINOIS,IL,1,1,1,1,1,1,31,1730,COFFEE,7,10,October,2012,1,Sunday,0,42,1,13,3,526,41.83535833,-87.74368889,9,3,0,0,0,1,0
170695,ILLINOIS,IL,3,3,0,0,7,7,31,980,COFFEE,13,8,August,2012,2,Monday,16,13,0,14,6,0,41.73324167,-87.81360278,12,1,0,0,0,1,0
170696,ILLINOIS,IL,1,1,0,0,2,2,81,5900,AUBURN,22,9,September,2012,7,Saturday,23,40,0,13,3,815,38.31827222,-88.85208056,1,2,0,0,0,2,1
170697,ILLINOIS,IL,1,1,0,0,1,1,7,710,BIBB,6,8,August,2012,2,Monday,7,17,0,14,6,0,42.25499167,-88.83515833,30,1,0,0,0,1,0
170698,ILLINOIS,IL,2,2,0,0,2,2,191,0,CRESCENT,5,10,October,2012,6,Friday,17,25,1,1,1,1044,38.26712500,-88.45496944,12,1,0,0,0,1,1
170699,ILLINOIS,IL,1,1,1,1,1,1,111,0,GRAHAM,1,10,October,2012,2,Monday,3,20,0,15,6,0,42.20878889,-88.20957222,8,2,0,0,99,1,0
170700,ILLINOIS,IL,1,1,1,1,2,2,31,2870,COFFEE,1,9,September,2012,7,Saturday,22,20,0,14,6,0,42.05891667,-87.72732500,8,3,0,0,0,1,0
170701,ILLINOIS,IL,2,2,0,0,2,2,97,4958,AXIS,10,9,September,2012,2,Monday,20,28,0,14,3,800,42.17520000,-88.00522222,12,2,0,0,0,1,1
170702,ILLINOIS,IL,1,1,0,0,2,2,197,0,BUENA VISTA,30,9,September,2012,1,Sunday,11,21,1,11,1,3306,41.37426667,-87.78968611,42,1,0,0,0,1,1
170703,ILLINOIS,IL,2,2,0,0,2,2,43,2750,BAILEYTON,10,9,September,2012,2,Monday,16,30,0,14,6,0,41.93143056,-87.93966944,12,1,0,0,0,1,0
170704,ILLINOIS,IL,1,1,0,0,2,2,161,0,DENTON,4,11,November,2012,1,Sunday,0,58,0,6,5,0,41.57555000,-90.30636111,34,2,0,0,99,1,1
170705,ILLINOIS,IL,2,2,0,0,3,3,105,7070,MARION,19,10,October,2012,6,Friday,10,24,0,13,3,4,40.88660000,-88.64193889,12,1,0,0,0,2,0
170706,ILLINOIS,IL,1,1,0,0,1,1,163,0,AVERA,7,11,November,2012,4,Wednesday,18,15,1,11,1,0,38.62110556,-90.08852778,34,3,0,0,0,1,0
170707,ILLINOIS,IL,1,1,1,1,1,1,163,2610,AVERA,3,10,October,2012,4,Wednesday,20,35,0,15,6,0,38.62631111,-90.12151944,8,2,0,0,99,1,0
170709,ILLINOIS,IL,1,1,1,1,3,3,31,1670,COFFEE,18,10,October,2012,5,Thursday,3,42,0,14,6,0,42.00563889,-87.66093056,8,3,0,0,0,1,0
170710,ILLINOIS,IL,2,2,0,0,2,2,191,0,CRESCENT,23,10,October,2012,3,Tuesday,6,35,1,2,2,1157,38.38916389,-88.40554167,12,4,0,0,0,1,0
170711,ILLINOIS,IL,1,1,0,0,1,1,143,6850,CANEHILL,25,10,October,2012,5,Thursday,0,20,0,5,6,0,40.79779444,-89.62144444,33,2,0,0,0,1,1
170712,ILLINOIS,IL,2,2,0,0,3,3,119,0,BELLAMY,20,10,October,2012,7,Saturday,8,10,1,1,1,142,38.75207222,-89.91214444,12,1,0,0,0,1,1
170713,ILLINOIS,IL,2,2,0,0,2,2,91,0,DAYTON,12,10,October,2012,6,Friday,22,32,0,3,3,14,41.15710833,-87.63737222,12,2,0,0,0,1,1
170714,ILLINOIS,IL,1,1,0,0,1,1,197,0,BUENA VISTA,25,10,October,2012,5,Thursday,22,36,0,13,3,0,41.26010833,-88.11083056,42,2,0,0,0,1,1
170715,ILLINOIS,IL,3,3,0,0,7,7,201,7460,ANNETTE,21,10,October,2012,1,Sunday,12,40,0,14,6,0,42.22345000,-89.06245000,12,1,0,0,0,1,0
170716,ILLINOIS,IL,1,1,0,0,3,3,73,4450,ARGO,14,10,October,2012,1,Sunday,0,58,0,14,6,0,41.23446944,-89.91535000,17,2,0,0,0,1,1
170717,ILLINOIS,IL,2,2,0,0,2,2,151,0,FLIPPEN,26,10,October,2012,6,Friday,17,0,0,3,3,157,37.58763611,-88.44706944,12,1,0,0,0,1,0
170718,ILLINOIS,IL,2,2,0,0,4,4,177,0,LEE,17,10,October,2012,4,Wednesday,19,10,0,4,4,0,42.25878333,-89.60135556,12,3,0,0,0,2,0
170719,ILLINOIS,IL,1,1,0,0,1,1,51,0,CENTRAL,24,10,October,2012,4,Wednesday,18,10,0,4,5,0,38.92528611,-89.19906389,42,1,0,0,0,1,1
170720,ILLINOIS,IL,1,1,0,0,1,1,87,0,ARMSTRONG,29,10,October,2012,2,Monday,14,9,1,1,1,224,37.35096667,-88.78749444,1,1,0,0,0,1,0
170721,ILLINOIS,IL,2,2,0,0,2,2,91,0,DAYTON,17,10,October,2012,4,Wednesday,12,20,0,3,3,129,41.27624722,-87.81985278,12,1,0,0,0,1,0
170722,ILLINOIS,IL,2,2,0,0,4,4,173,0,LAKELAND,30,10,October,2012,3,Tuesday,18,25,0,2,3,1149,39.40491944,-88.73308056,12,2,0,0,0,1,1
170723,ILLINOIS,IL,2,2,0,0,2,2,29,0,BORDEN SPRINGS,2,11,November,2012,6,Friday,11,50,0,4,4,0,39.50673333,-88.26765833,12,1,0,0,0,1,0
170724,ILLINOIS,IL,2,2,0,0,2,2,17,0,CHAMBERS,3,11,November,2012,7,Saturday,18,59,0,3,3,192,39.91823611,-90.10361389,12,2,0,0,0,1,1
170725,ILLINOIS,IL,2,2,0,0,4,4,197,4300,BUENA VISTA,6,11,November,2012,3,Tuesday,19,38,0,13,2,1218,41.53082778,-88.09168889,12,3,0,0,0,1,1
170726,ILLINOIS,IL,2,1,0,2,1,3,113,840,COTTONTON,23,10,October,2012,3,Tuesday,11,52,1,11,1,1599,40.48970556,-89.02842222,45,1,0,0,0,1,0
170727,ILLINOIS,IL,1,1,0,0,1,1,97,6725,AXIS,6,8,August,2012,2,Monday,8,58,0,13,2,530,42.35656944,-87.89465278,1,1,0,0,0,1,0
170728,ILLINOIS,IL,1,1,0,0,1,1,89,0,BROWNSBORO,30,9,September,2012,1,Sunday,17,7,0,15,4,0,42.03488889,-88.38407500,1,1,0,0,0,1,1
170729,ILLINOIS,IL,1,1,1,1,4,4,31,7320,COFFEE,2,9,September,2012,1,Sunday,19,53,0,14,3,3177,41.63289722,-87.64146667,8,3,0,0,0,1,0
170730,ILLINOIS,IL,1,1,0,0,1,1,27,0,ASHLAND,6,10,October,2012,7,Saturday,6,15,0,4,4,0,38.72609444,-89.51873333,1,2,0,0,0,1,0
170731,ILLINOIS,IL,2,2,0,0,3,3,163,7960,AVERA,10,11,November,2012,7,Saturday,1,32,1,11,1,162,38.57495833,-89.92389722,12,2,0,0,0,1,0
170732,ILLINOIS,IL,1,1,0,0,2,2,43,6378,BAILEYTON,13,11,November,2012,3,Tuesday,4,55,1,11,1,0,41.84959722,-87.93940278,24,3,0,0,0,1,1
170733,ILLINOIS,IL,1,1,0,0,5,5,81,0,AUBURN,2,10,October,2012,3,Tuesday,3,23,1,1,1,825,38.27342778,-88.85356389,33,2,0,0,0,2,0
170734,ILLINOIS,IL,2,2,1,1,2,2,31,980,COFFEE,26,8,August,2012,1,Sunday,2,43,0,14,6,0,41.74399167,-87.81899167,8,3,0,0,0,1,0
170735,ILLINOIS,IL,2,2,0,0,2,2,31,1670,COFFEE,10,11,November,2012,7,Saturday,1,25,1,11,1,628,41.72197778,-87.62457778,12,3,0,0,0,1,1
170736,ILLINOIS,IL,1,1,0,0,1,1,91,0,DAYTON,14,11,November,2012,4,Wednesday,21,53,0,4,4,0,41.16773333,-88.01108056,34,2,0,0,0,1,0
170737,ILLINOIS,IL,2,2,0,0,3,3,119,7580,BELLAMY,15,11,November,2012,5,Thursday,13,36,0,13,3,74,38.85138889,-90.05358889,12,1,0,0,0,1,0
170738,ILLINOIS,IL,4,4,0,0,4,4,19,0,CEDAR BLUFF,16,11,November,2012,6,Friday,14,24,1,1,1,2547,40.36844444,-88.14472778,12,1,0,0,0,1,0
170739,ILLINOIS,IL,1,1,0,0,1,1,79,0,COURTLAND,17,11,November,2012,7,Saturday,17,50,0,4,4,0,38.93578611,-88.15206667,34,2,0,0,0,1,1
170740,ILLINOIS,IL,1,1,1,1,1,1,31,1670,COFFEE,30,10,October,2012,3,Tuesday,20,13,1,13,1,629,41.72138611,-87.62455833,8,3,0,0,0,1,0
170741,ILLINOIS,IL,1,1,1,1,1,1,167,0,ADRIAN,15,11,November,2012,5,Thursday,8,42,0,3,3,1000,39.58823889,-89.78331667,9,1,0,0,0,1,0
170742,ILLINOIS,IL,2,2,0,0,4,4,31,1670,COFFEE,18,11,November,2012,1,Sunday,4,14,1,12,1,544,41.84468056,-87.63217500,12,3,0,0,0,1,1
170743,ILLINOIS,IL,1,1,1,1,1,1,31,980,COFFEE,19,8,August,2012,1,Sunday,23,33,0,16,6,0,41.70923333,-87.80005556,8,3,0,0,0,1,1
170744,ILLINOIS,IL,1,1,0,0,1,1,143,0,CANEHILL,29,8,August,2012,4,Wednesday,0,14,0,3,3,870,40.82176944,-89.96602500,1,2,0,0,0,1,1
170745,ILLINOIS,IL,2,2,0,0,3,3,15,0,ANNISTON,15,8,August,2012,4,Wednesday,11,25,0,6,5,0,42.18636111,-90.10366667,12,1,0,0,0,1,0
170746,ILLINOIS,IL,1,1,1,1,1,1,97,9650,AXIS,10,10,October,2012,4,Wednesday,5,20,0,14,6,0,42.43543889,-87.84564444,8,2,0,0,0,1,0
170747,ILLINOIS,IL,2,2,0,0,5,5,143,0,CANEHILL,10,9,September,2012,2,Monday,9,4,0,3,5,0,40.69730000,-89.83776111,12,1,0,0,0,1,0
170748,ILLINOIS,IL,1,1,1,1,1,1,31,1730,COFFEE,12,9,September,2012,4,Wednesday,10,50,1,13,6,0,41.83340833,-87.77488333,8,1,0,0,0,1,0
170749,ILLINOIS,IL,2,2,0,0,2,2,85,6220,BENTON,11,10,October,2012,5,Thursday,20,3,0,4,6,0,42.45333889,-89.94381111,12,2,0,0,0,1,1
170750,ILLINOIS,IL,1,1,0,0,1,1,15,1540,ANNISTON,19,10,October,2012,6,Friday,19,35,0,3,3,1044,42.01766111,-89.89854167,32,2,0,0,0,1,0
170751,ILLINOIS,IL,1,1,1,1,1,1,193,1380,IDEAL,17,10,October,2012,4,Wednesday,9,2,0,13,3,509,38.09081944,-88.15878056,8,1,0,0,0,1,0
170752,ILLINOIS,IL,2,2,0,0,2,2,201,7460,ANNETTE,16,11,November,2012,6,Friday,14,38,0,13,6,0,42.22711111,-89.07222778,12,1,0,0,0,1,0
170753,ILLINOIS,IL,1,1,0,0,1,1,137,0,ALCO,28,10,October,2012,1,Sunday,9,54,0,4,4,0,39.85149167,-90.21506389,35,1,0,0,0,1,0
170754,ILLINOIS,IL,1,1,0,0,1,1,97,0,AXIS,27,10,October,2012,7,Saturday,3,46,0,13,2,0,42.38305556,-87.91901389,59,2,0,0,0,1,1
170755,ILLINOIS,IL,2,2,0,0,2,2,121,0,BON AIR,27,11,November,2012,3,Tuesday,6,55,1,13,2,0,38.62036944,-89.02586667,12,1,0,0,0,1,0
170756,ILLINOIS,IL,1,1,0,0,1,1,97,4820,AXIS,4,10,October,2012,5,Thursday,4,52,0,15,6,0,42.26974444,-87.95473611,33,3,0,0,0,1,1
170757,ILLINOIS,IL,2,2,0,0,2,2,31,5410,COFFEE,25,8,August,2012,7,Saturday,0,12,0,15,6,0,41.87496944,-87.85348611,12,2,0,0,0,1,1
170759,ILLINOIS,IL,1,1,0,0,1,1,31,5380,COFFEE,3,10,October,2012,4,Wednesday,6,55,1,11,1,0,41.50728611,-87.74512500,1,1,0,0,0,1,1
170760,ILLINOIS,IL,1,1,1,1,3,3,81,0,AUBURN,25,10,October,2012,5,Thursday,19,25,0,4,3,892,38.22955000,-88.90305556,9,2,0,0,0,1,0
170761,ILLINOIS,IL,1,1,1,1,1,1,31,1670,COFFEE,31,10,October,2012,4,Wednesday,10,0,0,14,6,0,41.89970000,-87.66740000,9,1,0,0,0,1,0
170762,ILLINOIS,IL,1,1,0,0,5,5,13,3677,BOLLING,20,10,October,2012,7,Saturday,23,18,0,4,4,0,39.26238056,-90.72810833,5,2,0,0,0,1,0
170763,ILLINOIS,IL,1,1,1,1,1,1,31,2719,COFFEE,2,11,November,2012,6,Friday,21,28,0,14,6,0,42.01324444,-87.94033889,8,2,0,0,0,1,0
170764,ILLINOIS,IL,1,1,1,1,1,1,199,5250,ALVATON,6,11,November,2012,3,Tuesday,18,17,0,14,3,1042,37.74095000,-88.93266111,8,3,0,0,0,1,0
170765,ILLINOIS,IL,1,1,0,0,1,1,143,5215,CANEHILL,11,11,November,2012,1,Sunday,2,54,0,6,4,0,40.57654722,-89.72766667,53,2,0,0,0,1,1
170766,ILLINOIS,IL,2,2,0,0,2,2,167,0,ADRIAN,28,11,November,2012,4,Wednesday,15,47,0,2,3,43,39.81992778,-89.72121667,12,1,0,0,0,2,0
170767,ILLINOIS,IL,2,2,0,0,2,2,59,0,FRANKLIN,20,11,November,2012,3,Tuesday,8,35,0,3,3,145,37.64661667,-88.26201389,12,1,0,0,0,1,0
170768,ILLINOIS,IL,2,2,1,1,3,3,135,0,ASH FLAT,26,11,November,2012,2,Monday,9,38,1,1,1,615,39.30091389,-89.64201944,8,1,0,0,0,1,0
170769,ILLINOIS,IL,2,2,0,0,3,3,119,0,BELLAMY,10,11,November,2012,7,Saturday,12,50,0,4,5,0,38.67172500,-89.87604722,12,1,0,0,0,1,0
170770,ILLINOIS,IL,1,1,0,0,3,3,183,0,FORT STEWART,5,11,November,2012,2,Monday,19,42,0,14,4,0,40.10864167,-87.58434444,5,2,0,0,0,1,0
170771,ILLINOIS,IL,1,1,1,1,1,1,119,3550,BELLAMY,1,12,December,2012,7,Saturday,7,12,1,13,3,1517,38.69403611,-90.16788333,8,9,0,0,0,1,0
170772,ILLINOIS,IL,2,2,1,1,2,2,31,7813,COFFEE,12,11,November,2012,2,Monday,22,47,1,12,8,0,41.98991667,-88.12604444,8,3,0,0,0,1,0
170773,ILLINOIS,IL,2,2,0,0,3,3,197,2060,BUENA VISTA,5,12,December,2012,4,Wednesday,17,0,0,14,6,0,41.46991667,-87.59946944,12,3,0,0,0,1,0
170774,ILLINOIS,IL,2,2,0,0,2,2,197,0,BUENA VISTA,11,10,October,2012,5,Thursday,10,21,1,13,3,22,41.41391111,-87.60118889,12,1,0,0,0,1,0
170775,ILLINOIS,IL,1,1,0,0,3,3,125,0,BROOKWOOD,28,10,October,2012,1,Sunday,1,29,0,6,4,0,40.17790278,-89.69251667,34,2,0,0,0,1,1
170776,ILLINOIS,IL,3,1,0,0,4,4,43,460,BAILEYTON,23,10,October,2012,3,Tuesday,1,42,0,15,6,0,41.77936111,-88.24914444,33,3,0,0,0,1,0
170777,ILLINOIS,IL,1,1,1,1,1,1,31,1670,COFFEE,19,11,November,2012,2,Monday,8,27,0,14,6,0,41.85238889,-87.66358333,8,1,0,0,0,1,0
170778,ILLINOIS,IL,1,1,1,1,1,1,95,3260,ALBERTVILLE,28,10,October,2012,1,Sunday,3,26,0,14,6,0,40.94387778,-90.37412500,8,3,0,0,0,1,1
170779,ILLINOIS,IL,1,1,1,1,1,1,31,1730,COFFEE,19,10,October,2012,6,Friday,19,30,1,13,3,524,41.83169444,-87.74363333,8,3,0,0,0,1,1
170780,ILLINOIS,IL,1,1,0,0,1,1,105,0,MARION,10,11,November,2012,7,Saturday,13,53,1,1,1,2100,41.01951667,-88.52824444,21,1,0,0,0,1,0
170781,ILLINOIS,IL,2,2,0,0,3,3,105,0,MARION,21,11,November,2012,4,Wednesday,5,17,0,3,3,1342,40.87335833,-88.68274722,12,2,0,0,0,1,0
170782,ILLINOIS,IL,2,2,0,0,2,2,91,0,DAYTON,3,12,December,2012,2,Monday,18,32,1,2,3,2783,41.12731944,-87.71038056,12,2,0,0,0,1,0
170783,ILLINOIS,IL,1,1,1,1,2,2,75,0,BEAVERTON,28,11,November,2012,4,Wednesday,17,40,1,1,1,2766,40.66618056,-88.03540000,8,2,0,0,0,1,0
170784,ILLINOIS,IL,1,1,1,1,1,1,75,0,BEAVERTON,28,11,November,2012,4,Wednesday,17,40,1,1,1,2766,40.66648333,-88.03541111,8,2,0,0,0,1,0
170785,ILLINOIS,IL,1,1,0,0,1,1,197,0,BUENA VISTA,24,11,November,2012,7,Saturday,7,16,0,16,5,0,41.37312500,-87.65040833,34,9,0,0,0,1,1
170786,ILLINOIS,IL,2,2,0,0,3,3,33,8352,CHEROKEE,9,8,August,2012,5,Thursday,16,44,0,3,3,586,39.00351111,-87.82696111,12,1,0,0,0,1,0
170787,ILLINOIS,IL,1,1,0,0,2,2,165,0,HERNDON,1,12,December,2012,7,Saturday,19,59,0,3,3,347,37.60507500,-88.54400833,23,2,0,0,0,2,1
170788,ILLINOIS,IL,2,2,0,0,8,8,91,0,DAYTON,6,12,December,2012,5,Thursday,7,15,0,4,3,243,41.20360000,-88.01733611,12,1,0,1,0,1,0
170790,ILLINOIS,IL,1,1,0,0,1,1,163,0,AVERA,1,9,September,2012,7,Saturday,2,30,1,11,1,3,38.61658889,-90.17743611,20,3,0,0,0,1,1
170791,ILLINOIS,IL,2,2,0,0,2,2,163,0,AVERA,22,10,October,2012,2,Monday,14,30,0,14,3,170,38.50478056,-89.90570000,12,1,0,0,0,1,0
170792,ILLINOIS,IL,2,1,0,1,1,2,19,0,CEDAR BLUFF,3,12,December,2012,2,Monday,11,54,0,4,4,0,40.18924722,-88.21116944,14,1,0,0,0,1,0
170793,ILLINOIS,IL,1,1,0,0,3,3,201,7460,ANNETTE,4,11,November,2012,1,Sunday,1,13,0,15,6,0,42.25356944,-89.03173333,30,3,0,0,0,1,0
170794,ILLINOIS,IL,2,2,0,0,2,2,91,0,DAYTON,21,11,November,2012,4,Wednesday,7,53,0,4,4,0,41.14716111,-88.01071111,12,1,0,0,0,1,1
170795,ILLINOIS,IL,1,1,1,1,1,1,203,0,BENSON,15,9,September,2012,7,Saturday,15,18,0,4,4,0,40.75982500,-89.19605278,9,1,0,0,0,1,0
170796,ILLINOIS,IL,2,2,0,0,4,4,53,0,ATMORE,24,9,September,2012,2,Monday,17,12,1,2,2,2049,40.74819167,-88.18940000,12,1,0,0,0,1,0
170797,ILLINOIS,IL,2,2,0,0,2,2,141,5850,BEE BRANCH,31,7,July,2012,3,Tuesday,21,5,0,6,5,0,42.05636667,-89.45183889,12,2,0,0,0,1,1
170798,ILLINOIS,IL,1,1,1,1,3,3,19,8770,CEDAR BLUFF,12,10,October,2012,6,Friday,23,48,1,13,2,2478,40.11651111,-88.20954167,8,3,0,0,0,1,1
170799,ILLINOIS,IL,2,2,0,0,2,2,171,0,ALDORA,15,10,October,2012,2,Monday,8,37,0,3,3,875,39.76800278,-90.53293333,12,1,0,0,0,1,0
170800,ILLINOIS,IL,1,1,0,0,1,1,141,0,BEE BRANCH,16,10,October,2012,3,Tuesday,20,11,0,2,3,424,42.16343056,-89.23164444,42,2,0,0,0,1,0
170801,ILLINOIS,IL,2,2,0,0,2,2,141,0,BEE BRANCH,15,8,August,2012,4,Wednesday,21,34,1,2,3,1046,42.04763889,-89.58758889,12,3,0,0,0,1,0
170802,ILLINOIS,IL,2,2,0,0,2,2,115,2250,ASHVILLE,14,11,November,2012,4,Wednesday,17,8,0,13,3,20,39.82602778,-88.94326944,12,5,0,1,0,1,0
170803,ILLINOIS,IL,1,1,0,0,1,1,85,0,BENTON,17,11,November,2012,7,Saturday,12,9,0,6,5,0,42.50689444,-90.36270278,1,1,0,0,0,1,0
170804,ILLINOIS,IL,1,1,1,1,1,1,111,2100,GRAHAM,19,11,November,2012,2,Monday,17,45,1,13,2,294,42.22527500,-88.28450278,9,3,0,0,0,1,0
170805,ILLINOIS,IL,1,1,1,1,1,1,31,3790,COFFEE,4,11,November,2012,1,Sunday,0,26,1,13,2,1708,41.60087778,-87.64148333,8,3,0,0,0,1,0
170806,ILLINOIS,IL,2,2,0,0,2,2,141,0,BEE BRANCH,22,11,November,2012,5,Thursday,9,41,0,4,4,0,42.00331389,-89.37480000,12,1,0,0,0,2,0
170807,ILLINOIS,IL,1,1,0,0,1,1,97,3130,AXIS,31,10,October,2012,4,Wednesday,14,40,1,13,2,139,42.36323889,-88.16916667,46,1,0,0,0,1,0
170808,ILLINOIS,IL,1,1,1,1,1,1,31,5280,COFFEE,29,11,November,2012,5,Thursday,16,52,1,11,1,3492,41.61444167,-87.69260833,8,3,0,0,0,1,0
170809,ILLINOIS,IL,2,2,0,0,2,2,17,8930,CHAMBERS,11,11,November,2012,1,Sunday,13,14,0,14,3,175,39.95029167,-90.21008056,12,1,0,0,0,1,0
170810,ILLINOIS,IL,2,2,0,0,2,2,19,0,CEDAR BLUFF,21,11,November,2012,4,Wednesday,7,32,0,3,3,794,40.07621944,-87.95851944,12,1,0,0,0,1,0
170811,ILLINOIS,IL,1,1,0,0,1,1,119,1910,BELLAMY,8,11,November,2012,5,Thursday,9,45,0,14,6,0,38.69151667,-89.99825833,42,1,0,0,0,1,0
170813,ILLINOIS,IL,1,1,1,1,1,1,31,1670,COFFEE,3,11,November,2012,7,Saturday,21,35,0,16,6,0,41.93116111,-87.77475000,8,3,0,0,0,1,0
170814,ILLINOIS,IL,2,2,0,0,4,4,201,0,ANNETTE,15,12,December,2012,7,Saturday,13,58,0,3,3,289,42.42521111,-89.17481111,12,1,0,0,0,1,0
170815,ILLINOIS,IL,1,1,1,1,1,1,197,2060,BUENA VISTA,11,11,November,2012,1,Sunday,20,17,0,13,3,3045,41.44434444,-87.63130833,8,2,0,0,0,1,0
170816,ILLINOIS,IL,1,1,0,0,2,2,31,5380,COFFEE,12,12,December,2012,4,Wednesday,23,15,1,11,1,0,41.50747500,-87.74050278,35,3,0,0,0,1,1
170817,ILLINOIS,IL,1,1,0,0,1,1,31,7502,COFFEE,1,11,November,2012,5,Thursday,14,30,0,14,6,0,41.99108889,-87.85983889,43,1,0,0,0,1,0
170818,ILLINOIS,IL,1,1,0,0,1,1,111,9560,GRAHAM,9,9,September,2012,1,Sunday,2,0,1,13,2,172,42.30843611,-88.47217500,41,2,0,0,0,1,1
170819,ILLINOIS,IL,1,1,0,0,1,1,89,8100,BROWNSBORO,15,9,September,2012,7,Saturday,18,15,0,16,6,0,41.99687778,-88.29770278,18,1,0,0,0,1,1
170820,ILLINOIS,IL,1,1,0,0,3,3,97,3130,AXIS,29,9,September,2012,7,Saturday,16,6,0,16,6,0,42.40249444,-88.18291667,42,1,0,0,0,1,1
170821,ILLINOIS,IL,1,1,1,1,1,1,31,7165,COFFEE,22,10,October,2012,2,Monday,2,59,1,13,3,69,42.10035833,-87.88301111,8,2,0,0,0,1,0
170822,ILLINOIS,IL,2,2,0,0,2,2,197,0,BUENA VISTA,2,12,December,2012,1,Sunday,2,8,0,15,6,0,41.55825278,-87.81226667,12,3,0,0,0,1,1
170823,ILLINOIS,IL,2,2,0,0,2,2,89,0,BROWNSBORO,6,12,December,2012,5,Thursday,10,16,0,13,3,774,42.09758333,-88.40072500,12,1,0,0,0,1,0
170824,ILLINOIS,IL,1,1,0,0,1,1,31,1670,COFFEE,2,12,December,2012,1,Sunday,3,20,0,15,6,0,41.86037778,-87.63025000,30,3,0,0,0,1,1
170825,ILLINOIS,IL,2,2,0,0,2,2,115,2250,ASHVILLE,1,12,December,2012,7,Saturday,4,50,1,13,2,1394,39.84593056,-88.94961944,12,3,0,0,0,1,1
170826,ILLINOIS,IL,1,1,0,0,2,2,83,0,ARDMORE,23,12,December,2012,1,Sunday,11,20,0,2,3,105,39.11250000,-90.47998889,32,1,0,0,0,1,0
170827,ILLINOIS,IL,2,2,0,0,3,3,31,0,COFFEE,17,10,October,2012,4,Wednesday,7,15,1,11,1,0,41.84776111,-87.91700000,12,1,0,0,0,1,0
170828,ILLINOIS,IL,1,1,1,1,1,1,31,1670,COFFEE,8,12,December,2012,7,Saturday,3,40,0,14,6,0,41.83696667,-87.72434167,8,3,0,0,0,1,0
170829,ILLINOIS,IL,1,1,0,0,1,1,91,5200,DAYTON,2,12,December,2012,1,Sunday,22,30,0,16,6,0,41.23214722,-87.84644167,42,2,0,0,0,1,1
170830,ILLINOIS,IL,1,1,1,1,1,1,163,120,AVERA,25,11,November,2012,1,Sunday,5,13,1,13,3,36,38.59155000,-90.11831944,8,3,0,0,0,1,0
170831,ILLINOIS,IL,1,1,1,1,1,1,89,0,BROWNSBORO,10,12,December,2012,2,Monday,19,36,0,14,4,0,41.73443056,-88.48504722,8,2,0,0,0,1,0
170832,ILLINOIS,IL,2,2,0,0,3,3,201,0,ANNETTE,16,12,December,2012,1,Sunday,19,24,0,14,6,0,42.31058889,-89.04125278,12,3,0,0,0,1,1
170833,ILLINOIS,IL,2,2,0,0,3,3,37,2280,BRADFORD,15,12,December,2012,7,Saturday,19,0,0,3,6,0,41.96805278,-88.74296944,12,2,0,0,0,1,0
170834,ILLINOIS,IL,2,1,0,0,1,1,31,1670,COFFEE,12,12,December,2012,4,Wednesday,4,23,1,15,6,0,41.96138056,-87.68436667,14,1,0,0,0,1,1
170835,ILLINOIS,IL,4,1,1,1,1,1,31,1670,COFFEE,18,12,December,2012,3,Tuesday,9,50,0,16,6,0,41.77272222,-87.60821111,8,1,0,0,0,1,0
170836,ILLINOIS,IL,2,2,0,0,2,2,31,1670,COFFEE,12,9,September,2012,4,Wednesday,9,0,0,14,6,0,41.93928889,-87.70761944,12,1,0,0,0,1,0
170837,ILLINOIS,IL,1,1,1,1,1,1,31,1670,COFFEE,27,9,September,2012,5,Thursday,18,54,0,14,6,0,41.75118611,-87.61027222,8,2,0,0,0,1,0
170838,ILLINOIS,IL,3,1,1,1,1,1,31,1670,COFFEE,22,9,September,2012,7,Saturday,2,0,0,13,6,0,41.77431389,-87.72264444,14,3,0,0,0,1,1
170839,ILLINOIS,IL,1,1,1,1,1,1,31,1670,COFFEE,14,10,October,2012,1,Sunday,3,10,0,15,6,0,41.90210000,-87.76805278,8,3,0,0,0,1,0
170840,ILLINOIS,IL,2,2,0,0,2,2,31,1670,COFFEE,18,8,August,2012,7,Saturday,16,55,0,15,6,0,41.93740000,-87.72106111,12,1,0,0,0,1,0
170841,ILLINOIS,IL,2,1,0,0,2,2,91,0,DAYTON,8,12,December,2012,7,Saturday,6,29,1,1,1,3248,41.29306944,-87.83153056,14,1,0,0,0,1,0