ST_CASE,State Name,State Abbreviation,# of Vehicle involved,Parked_Vehicles_Involved,Pedestrains,Person_Not_in_Motor_Vehicle,Persons_in_motor_vehicle,Total_Persons_in_accident,COUNTY,CITY,City_County_Name,Calendar_DAY,MONTH,Month_name,YEAR,DAY_WEEK,Day_Week_desc,HOUR,MINUTE,NHS_Desc,trafficway,Route,MILEPT,LATITUDE,LONGITUD,First_Crash_event,Light_cond_desc,Weather_condition,School_bus_involved,Crash_cause,FATALS,DRUNK_DR
170842,ILLINOIS,IL,2,2,0,0,2,2,41,0,BRANTLEY,7,12,December,2012,6,Friday,18,7,0,3,3,1147,39.83586944,-88.16021389,12,2,0,0,0,1,0
170843,ILLINOIS,IL,1,1,0,0,2,2,179,0,ALLENHURST,11,12,December,2012,3,Tuesday,8,25,0,4,4,0,40.52231667,-89.35401389,1,1,0,0,0,1,0
170844,ILLINOIS,IL,1,1,1,1,1,1,31,1670,COFFEE,12,9,September,2012,4,Wednesday,11,0,0,15,6,0,41.75658056,-87.61508056,9,1,0,0,0,1,0
170845,ILLINOIS,IL,1,1,1,1,1,1,31,1670,COFFEE,19,10,October,2012,6,Friday,2,2,0,15,6,0,41.91298611,-87.68151944,15,3,0,0,0,1,1
170846,ILLINOIS,IL,1,1,2,2,1,1,31,1670,COFFEE,12,11,November,2012,2,Monday,18,5,0,16,6,0,41.99770000,-87.69355000,8,2,0,0,0,1,0
170847,ILLINOIS,IL,2,2,0,0,4,4,31,1670,COFFEE,24,11,November,2012,7,Saturday,5,30,0,15,6,0,41.90271111,-87.71653889,12,3,0,0,0,1,0
170848,ILLINOIS,IL,1,1,0,0,2,2,31,1670,COFFEE,20,11,November,2012,3,Tuesday,4,22,0,15,6,0,41.84692500,-87.67570000,33,3,0,0,0,1,0
170849,ILLINOIS,IL,3,1,0,0,1,1,31,2870,COFFEE,7,11,November,2012,4,Wednesday,14,21,0,16,6,0,42.03186389,-87.67568056,14,1,0,0,0,1,0
170850,ILLINOIS,IL,1,1,1,1,1,1,31,0,COFFEE,5,11,November,2012,2,Monday,16,30,1,2,5,0,42.01033333,-87.86006389,8,9,0,0,0,1,0
170852,ILLINOIS,IL,2,2,0,0,2,2,21,0,CHILTON,15,12,December,2012,7,Saturday,1,3,0,4,4,0,39.62597778,-89.28888056,12,2,0,0,0,1,1
170853,ILLINOIS,IL,2,2,0,0,2,2,27,0,ASHLAND,20,12,December,2012,5,Thursday,18,17,1,2,2,645,38.61681111,-89.25154444,12,2,0,0,0,1,0
170854,ILLINOIS,IL,2,2,0,0,4,4,99,0,BEATRICE,7,11,November,2012,4,Wednesday,8,42,0,3,3,225,41.31196389,-88.97191111,12,1,0,0,0,1,1
170855,ILLINOIS,IL,2,2,0,0,3,3,201,0,ANNETTE,10,12,December,2012,2,Monday,13,43,1,2,2,781,42.28753889,-89.35405000,12,1,0,0,0,2,0
170856,ILLINOIS,IL,1,1,0,0,2,2,31,1670,COFFEE,23,12,December,2012,1,Sunday,2,25,1,11,1,809,41.98239167,-87.81442222,20,3,0,0,0,1,1
170858,ILLINOIS,IL,1,1,0,0,1,1,165,0,HERNDON,24,12,December,2012,2,Monday,11,30,1,2,2,718,37.82345278,-88.42662778,34,1,0,0,0,1,0
170859,ILLINOIS,IL,2,2,0,0,2,2,149,0,BELLEVILLE,31,12,December,2012,2,Monday,8,8,0,4,3,386,39.62742778,-90.88274722,12,1,0,0,0,1,0
170860,ILLINOIS,IL,3,3,0,0,9,9,31,6280,COFFEE,14,10,October,2012,1,Sunday,13,5,1,13,2,0,42.15234444,-87.79797500,12,1,0,0,0,1,0
170861,ILLINOIS,IL,1,1,0,0,1,1,31,1670,COFFEE,17,10,October,2012,4,Wednesday,21,14,1,12,6,0,41.78480000,-87.58468056,42,3,0,0,0,1,0
170862,ILLINOIS,IL,1,1,1,1,1,1,31,8030,COFFEE,8,11,November,2012,5,Thursday,18,43,0,13,6,0,42.03330833,-87.74730278,9,2,0,0,0,1,0
170863,ILLINOIS,IL,1,1,0,0,1,1,31,6380,COFFEE,10,11,November,2012,7,Saturday,20,47,0,15,6,0,41.62260556,-87.78602778,1,3,0,0,0,1,0
170864,ILLINOIS,IL,2,2,0,0,3,3,31,7380,COFFEE,25,11,November,2012,1,Sunday,10,1,0,14,6,0,41.64053056,-87.69888333,12,1,0,0,0,1,1
170865,ILLINOIS,IL,1,1,1,1,1,1,31,7765,COFFEE,5,12,December,2012,4,Wednesday,20,2,0,14,6,0,41.48947222,-87.56388611,8,3,0,0,0,1,0
170866,ILLINOIS,IL,2,2,0,0,3,3,31,0,COFFEE,31,12,December,2012,2,Monday,6,11,1,13,3,320,41.70121944,-87.93932500,12,2,0,0,0,1,0
170867,ILLINOIS,IL,1,1,2,2,1,1,197,4300,BUENA VISTA,1,12,December,2012,7,Saturday,6,45,0,16,6,0,41.54674444,-88.10503056,8,4,0,0,0,1,0
170868,ILLINOIS,IL,1,1,0,0,2,2,141,0,BEE BRANCH,2,12,December,2012,1,Sunday,21,43,0,4,4,0,42.12106667,-89.22598333,24,2,0,0,0,1,1
170869,ILLINOIS,IL,1,1,0,0,3,3,31,1670,COFFEE,16,10,October,2012,3,Tuesday,8,15,0,15,6,0,41.68478611,-87.66368056,10,1,0,0,0,1,1
170870,ILLINOIS,IL,2,2,0,0,2,2,31,3996,COFFEE,5,12,December,2012,4,Wednesday,4,11,0,13,6,0,42.05779444,-88.14453056,12,3,0,0,0,1,0
170871,ILLINOIS,IL,1,1,1,1,1,1,31,1050,COFFEE,12,10,October,2012,6,Friday,15,38,0,15,6,0,41.82937222,-87.85158056,8,1,0,0,0,1,0
170872,ILLINOIS,IL,2,2,0,0,5,5,111,3770,GRAHAM,16,10,October,2012,3,Tuesday,1,5,0,13,2,44,42.43200278,-88.61354722,12,2,0,0,0,1,1
170873,ILLINOIS,IL,3,3,0,0,4,4,173,0,LAKELAND,20,12,December,2012,5,Thursday,18,8,0,3,3,451,39.56911667,-88.80887778,12,2,0,0,0,1,0
170874,ILLINOIS,IL,1,1,0,0,1,1,41,0,BRANTLEY,6,12,December,2012,5,Thursday,16,29,0,4,4,0,39.65878333,-88.10074167,34,1,0,0,0,1,1
170875,ILLINOIS,IL,1,1,0,0,1,1,117,0,BIRMINGHAM,20,12,December,2012,5,Thursday,15,33,0,6,5,0,39.02053333,-89.92825278,35,1,0,0,0,1,0
170876,ILLINOIS,IL,1,1,0,0,1,1,161,5670,DENTON,10,12,December,2012,2,Monday,3,14,0,14,6,0,41.51540000,-90.47533056,33,3,0,0,0,1,1
170878,ILLINOIS,IL,1,1,0,0,1,1,49,0,COLLINSVILLE,22,10,October,2012,2,Monday,11,15,1,1,1,1670,39.20007222,-88.49915556,42,1,0,0,0,1,0
170879,ILLINOIS,IL,2,2,0,0,3,3,89,0,BROWNSBORO,14,11,November,2012,4,Wednesday,23,52,0,13,4,0,41.83420000,-88.34051389,12,2,0,0,0,1,1
170880,ILLINOIS,IL,1,1,0,0,1,1,111,4286,GRAHAM,24,11,November,2012,7,Saturday,22,20,0,14,6,0,42.37671667,-88.30616944,42,2,0,0,0,1,1
170882,ILLINOIS,IL,2,2,0,0,2,2,91,4380,DAYTON,16,12,December,2012,1,Sunday,21,30,0,13,2,3229,41.08615000,-87.86895556,12,3,0,0,0,1,1
170883,ILLINOIS,IL,2,2,0,0,3,3,31,3790,COFFEE,4,11,November,2012,1,Sunday,4,2,1,13,2,1707,41.60086944,-87.64251944,12,2,0,0,0,1,1
170884,ILLINOIS,IL,4,4,0,0,6,6,89,9997,BROWNSBORO,1,12,December,2012,7,Saturday,20,45,0,13,3,592,41.90576111,-88.44487222,12,2,0,0,0,2,1
170885,ILLINOIS,IL,1,1,1,1,1,1,31,2330,COFFEE,3,11,November,2012,7,Saturday,19,3,1,13,3,561,42.03030278,-87.94058333,8,3,0,0,0,1,0
170886,ILLINOIS,IL,1,1,0,0,1,1,151,0,FLIPPEN,21,11,November,2012,4,Wednesday,22,7,0,6,5,0,37.53738889,-88.56148056,1,2,0,0,0,1,1
170887,ILLINOIS,IL,2,2,0,0,5,5,97,7550,AXIS,21,11,November,2012,4,Wednesday,21,17,0,14,4,0,42.34685556,-88.09710278,12,2,0,0,0,1,1
170888,ILLINOIS,IL,2,2,0,0,3,3,109,0,ANSLEY,2,11,November,2012,6,Friday,12,32,1,2,2,457,40.45526111,-90.56121944,12,1,0,0,0,1,0
170889,ILLINOIS,IL,1,1,1,1,3,3,31,0,COFFEE,17,11,November,2012,7,Saturday,18,40,0,15,5,0,41.61390556,-87.56386111,8,2,0,0,0,1,0
170890,ILLINOIS,IL,2,2,0,0,2,2,75,0,BEAVERTON,21,11,November,2012,4,Wednesday,8,11,0,3,3,1353,40.80711944,-87.86397500,12,1,0,0,0,1,0
170891,ILLINOIS,IL,1,1,0,0,1,1,111,4090,GRAHAM,1,12,December,2012,7,Saturday,14,4,0,15,6,0,42.15644167,-88.45472222,1,1,0,0,0,1,0
170892,ILLINOIS,IL,2,2,0,0,2,2,31,140,COFFEE,17,12,December,2012,2,Monday,22,11,1,13,3,402,41.65591111,-87.73839444,12,3,0,0,0,1,1
170893,ILLINOIS,IL,1,1,0,0,1,1,31,4010,COFFEE,15,12,December,2012,7,Saturday,1,51,0,15,6,0,41.55349722,-87.65948611,31,3,0,0,0,1,1
170894,ILLINOIS,IL,1,1,0,0,2,2,175,0,CADWELL,26,11,November,2012,2,Monday,18,56,0,3,3,1076,41.07320556,-89.92611389,32,2,0,0,0,1,1
170895,ILLINOIS,IL,1,1,0,0,1,1,75,0,BEAVERTON,18,12,December,2012,3,Tuesday,16,45,0,4,4,0,40.51750833,-88.03500278,34,2,0,0,0,1,0
170896,ILLINOIS,IL,2,2,0,0,2,2,197,4001,BUENA VISTA,15,12,December,2012,7,Saturday,16,16,0,14,6,0,41.58441111,-87.97788333,12,5,0,0,0,1,0
170897,ILLINOIS,IL,1,1,0,0,2,2,89,1390,BROWNSBORO,19,12,December,2012,4,Wednesday,0,36,0,5,3,329,42.10986111,-88.29568611,42,3,0,0,0,1,1
170898,ILLINOIS,IL,1,1,0,0,1,1,37,0,BRADFORD,26,12,December,2012,4,Wednesday,14,52,0,3,4,0,41.94915000,-88.69257778,1,1,0,0,0,1,1
170899,ILLINOIS,IL,2,2,0,0,2,2,163,0,AVERA,20,12,December,2012,5,Thursday,18,16,0,4,4,0,38.37991667,-90.05618056,12,2,0,0,0,1,0
170900,ILLINOIS,IL,2,2,0,0,5,5,31,2719,COFFEE,25,12,December,2012,3,Tuesday,20,20,1,13,3,1014,42.02243056,-87.95988889,12,2,0,0,0,1,0
170901,ILLINOIS,IL,1,1,0,0,1,1,119,3550,BELLAMY,7,12,December,2012,6,Friday,0,42,0,13,3,70,38.73146389,-90.12390278,30,2,0,0,0,1,1
170902,ILLINOIS,IL,2,2,0,0,4,4,31,1670,COFFEE,25,12,December,2012,3,Tuesday,4,45,0,14,6,0,41.92865278,-87.72687500,12,2,0,0,0,1,0
170903,ILLINOIS,IL,2,1,0,0,1,1,31,1670,COFFEE,24,12,December,2012,2,Monday,3,46,1,14,6,0,41.84788056,-87.66594167,14,3,0,0,0,1,1
170904,ILLINOIS,IL,2,1,1,1,1,1,161,7470,DENTON,19,9,September,2012,4,Wednesday,23,13,0,16,6,0,41.50217500,-90.57716389,8,3,0,0,0,1,1
170905,ILLINOIS,IL,1,1,1,1,1,1,31,280,COFFEE,18,12,December,2012,3,Tuesday,16,34,1,13,3,149,42.05140556,-87.97636111,9,3,0,0,0,1,0
170906,ILLINOIS,IL,3,3,0,0,7,7,111,7270,GRAHAM,23,12,December,2012,1,Sunday,15,18,1,13,2,24,42.46117222,-88.30632778,12,1,0,0,0,1,0
170908,ILLINOIS,IL,1,1,0,0,1,1,179,2600,ALLENHURST,30,12,December,2012,1,Sunday,20,30,0,14,2,990,40.64335556,-89.50795000,1,3,0,0,0,1,1
170909,ILLINOIS,IL,2,2,0,0,3,3,31,6180,COFFEE,8,11,November,2012,5,Thursday,15,30,1,13,3,229,42.05486944,-87.82553889,12,1,0,0,0,1,0
170910,ILLINOIS,IL,1,1,0,0,1,1,31,0,COFFEE,6,12,December,2012,5,Thursday,19,35,1,12,1,452,41.61651944,-87.68626111,25,3,0,0,0,1,0
170911,ILLINOIS,IL,3,1,0,0,1,1,31,1670,COFFEE,14,12,December,2012,6,Friday,13,30,0,16,6,0,41.97265556,-87.66113889,14,1,0,0,0,1,0
170912,ILLINOIS,IL,2,2,0,0,4,4,163,2610,AVERA,21,12,December,2012,6,Friday,21,41,0,14,6,0,38.60773611,-90.13196667,12,3,0,0,0,1,0
170913,ILLINOIS,IL,2,2,0,0,2,2,31,2390,COFFEE,16,12,December,2012,1,Sunday,5,21,1,11,1,709,41.63012222,-87.57862778,12,3,0,0,0,1,0
170914,ILLINOIS,IL,1,1,1,1,1,1,31,1670,COFFEE,22,12,December,2012,7,Saturday,7,58,1,13,2,807,41.72248056,-87.57533889,8,1,0,0,0,1,0
170915,ILLINOIS,IL,1,1,0,0,1,1,43,0,BAILEYTON,19,12,December,2012,4,Wednesday,7,26,0,15,4,0,41.81858889,-88.07158333,38,9,0,0,0,1,1
170916,ILLINOIS,IL,2,2,0,0,3,3,43,0,BAILEYTON,26,12,December,2012,4,Wednesday,15,1,1,13,3,326,41.70926944,-87.94496111,12,1,0,0,0,1,0
170917,ILLINOIS,IL,1,1,1,1,1,1,31,1670,COFFEE,17,11,November,2012,7,Saturday,0,43,1,13,3,500,41.79680556,-87.74277500,8,3,0,0,0,1,0
170918,ILLINOIS,IL,2,2,0,0,4,4,43,9250,BAILEYTON,30,12,December,2012,1,Sunday,19,30,0,14,6,0,41.80516111,-87.97566944,12,3,0,0,0,1,0
170920,ILLINOIS,IL,2,2,0,0,2,2,179,2600,ALLENHURST,17,11,November,2012,7,Saturday,19,53,1,11,1,939,40.68494444,-89.58248889,12,3,0,0,0,1,2
170921,ILLINOIS,IL,1,1,1,1,1,1,31,7813,COFFEE,8,12,December,2012,7,Saturday,0,37,0,14,6,0,42.02698056,-88.08793889,8,3,0,0,0,1,0
170922,ILLINOIS,IL,1,1,0,0,2,2,31,0,COFFEE,25,12,December,2012,3,Tuesday,16,8,0,15,5,0,42.11663889,-87.86626389,30,2,0,0,0,1,0
170924,ILLINOIS,IL,1,1,1,1,1,1,31,1670,COFFEE,16,9,September,2012,1,Sunday,4,55,0,16,6,0,41.84230278,-87.72815000,8,3,0,0,0,1,0
170925,ILLINOIS,IL,1,1,2,2,1,1,31,1670,COFFEE,16,11,November,2012,6,Friday,18,40,0,13,6,0,41.97230000,-87.68902222,8,3,0,0,0,1,0
170926,ILLINOIS,IL,1,1,1,1,4,4,31,1670,COFFEE,17,11,November,2012,7,Saturday,23,17,0,13,6,0,41.75150000,-87.58576944,8,3,0,0,0,1,0
170927,ILLINOIS,IL,1,1,1,1,2,2,31,1670,COFFEE,9,11,November,2012,6,Friday,7,5,0,14,6,0,41.96903056,-87.65963056,8,1,0,0,0,1,1
170928,ILLINOIS,IL,1,1,0,0,3,3,31,1670,COFFEE,9,12,December,2012,1,Sunday,5,30,0,16,6,0,41.98850278,-87.81676944,5,4,0,0,0,1,0
170929,ILLINOIS,IL,1,1,1,1,1,1,31,1670,COFFEE,13,12,December,2012,5,Thursday,10,10,0,16,6,0,41.84808056,-87.64427778,9,1,0,0,0,1,0
170930,ILLINOIS,IL,1,1,1,1,1,1,31,1670,COFFEE,1,12,December,2012,7,Saturday,12,6,0,13,6,0,41.75707500,-87.58571389,8,1,0,0,0,1,0
170931,ILLINOIS,IL,1,1,1,1,1,1,183,2220,FORT STEWART,21,12,December,2012,6,Friday,12,23,0,14,6,2167,40.17495556,-87.63024444,8,1,0,0,0,1,0
170932,ILLINOIS,IL,1,1,0,0,1,1,31,7320,COFFEE,12,9,September,2012,4,Wednesday,12,23,1,11,1,3519,41.64443889,-87.66128056,42,1,0,0,0,1,1
170933,ILLINOIS,IL,1,1,0,0,1,1,97,9650,AXIS,12,6,June,2012,3,Tuesday,11,24,1,13,3,653,42.45716667,-87.84192222,42,1,0,0,0,1,0
180001,INDIANA,IN,1,1,1,1,3,3,97,2210,AXIS,1,1,January,2012,1,Sunday,1,1,0,16,6,0,39.82128889,-86.04581111,8,3,0,0,0,1,0
180002,INDIANA,IN,2,2,0,0,2,2,171,5210,ALDORA,3,1,January,2012,3,Tuesday,18,26,0,4,3,0,40.27989722,-87.40399722,12,2,0,0,0,1,0
180003,INDIANA,IN,1,1,0,0,1,1,99,4010,BEATRICE,3,1,January,2012,3,Tuesday,17,45,0,6,4,0,41.34698056,-86.36321944,1,2,0,0,0,1,0
180004,INDIANA,IN,1,1,0,0,1,1,167,4840,ADRIAN,3,1,January,2012,3,Tuesday,21,54,0,16,6,0,39.46543889,-87.40998056,33,2,0,0,0,1,0
180005,INDIANA,IN,1,1,0,0,1,1,73,1206,ARGO,5,1,January,2012,5,Thursday,0,0,0,6,4,0,41.11540000,-87.23808611,1,2,0,0,0,1,1
180006,INDIANA,IN,2,2,0,0,2,2,9,2040,BLOUNT,2,1,January,2012,2,Monday,16,10,0,4,3,0,40.49574444,-85.37012778,12,1,0,0,0,1,0
180007,INDIANA,IN,2,2,0,0,2,2,11,2630,BULLOCK,2,1,January,2012,2,Monday,19,20,1,1,1,1340,40.00564444,-86.42448889,52,2,0,0,0,1,0
180008,INDIANA,IN,2,2,0,0,2,2,91,2570,DAYTON,5,1,January,2012,5,Thursday,17,3,1,1,1,520,41.67373333,-86.67990000,12,1,0,0,0,1,0
180009,INDIANA,IN,3,3,0,0,6,6,75,4040,BEAVERTON,7,1,January,2012,7,Saturday,22,30,0,6,4,0,40.34513889,-85.02435000,12,2,0,0,0,1,1
180010,INDIANA,IN,1,1,0,0,1,1,55,2810,ATTALLA,4,1,January,2012,4,Wednesday,4,15,0,6,4,0,38.92199444,-87.12972222,1,2,0,0,0,1,1
180011,INDIANA,IN,3,3,0,0,4,4,145,4470,BALD KNOB,7,1,January,2012,7,Saturday,18,28,0,15,3,0,39.54744167,-85.77553889,12,2,0,0,0,1,0
180012,INDIANA,IN,2,2,0,0,2,2,89,1290,BROWNSBORO,7,1,January,2012,7,Saturday,2,40,0,16,6,0,41.43805000,-87.51796667,12,2,0,0,0,1,2
180013,INDIANA,IN,2,2,0,0,2,2,11,5490,BULLOCK,9,1,January,2012,2,Monday,14,28,0,14,2,0,39.97790833,-86.25469444,12,1,0,0,0,1,0
180014,INDIANA,IN,1,1,0,0,1,1,51,4060,CENTRAL,6,1,January,2012,6,Friday,10,14,0,6,4,0,38.29656111,-87.58514722,34,1,0,0,0,1,0
180015,INDIANA,IN,1,1,1,1,1,1,95,3910,ALBERTVILLE,1,1,January,2012,1,Sunday,11,20,1,1,1,190,40.01701944,-85.76528056,8,1,0,0,0,1,0
180016,INDIANA,IN,2,2,0,0,2,2,87,4490,ARMSTRONG,6,1,January,2012,6,Friday,17,1,0,3,2,0,41.65411111,-85.64790833,12,1,0,0,0,1,1
180017,INDIANA,IN,1,1,0,0,2,2,97,2210,AXIS,5,1,January,2012,5,Thursday,0,35,1,11,1,800,39.75331667,-86.14659444,24,3,0,0,0,1,0
180018,INDIANA,IN,2,2,0,0,4,4,3,1580,BALDWIN,12,1,January,2012,5,Thursday,16,41,0,3,2,0,41.17525833,-85.26918333,12,5,0,0,0,1,0
180019,INDIANA,IN,2,2,0,0,3,3,65,1280,CYPRESS,5,1,January,2012,5,Thursday,13,3,0,3,2,0,39.80208611,-85.44809167,12,1,0,0,0,1,0
180020,INDIANA,IN,2,2,0,0,5,5,71,4440,BRIDGEPORT,6,1,January,2012,6,Friday,19,0,0,4,3,0,39.02165000,-85.89166667,12,3,0,0,0,2,0
180021,INDIANA,IN,2,2,0,0,4,4,163,1480,AVERA,12,1,January,2012,5,Thursday,16,5,1,1,1,200,37.93955833,-87.50852500,12,1,0,0,0,1,0
180022,INDIANA,IN,2,2,0,0,2,2,91,2990,DAYTON,13,1,January,2012,6,Friday,14,27,0,15,3,0,41.71830000,-86.82605000,12,1,0,0,0,1,0
180023,INDIANA,IN,2,2,0,0,3,3,89,4300,BROWNSBORO,12,1,January,2012,5,Thursday,15,15,0,14,2,0,41.43081111,-87.47003056,12,1,0,0,0,1,0
180024,INDIANA,IN,1,1,0,0,1,1,105,380,MARION,17,1,January,2012,3,Tuesday,6,40,0,6,6,0,39.12056944,-86.53131389,33,3,0,0,0,1,0
180026,INDIANA,IN,3,3,0,0,4,4,121,4230,BON AIR,15,1,January,2012,1,Sunday,15,35,0,3,2,1270,39.66498333,-87.37188333,12,1,0,0,0,1,0
180027,INDIANA,IN,1,1,0,0,2,2,3,2645,BALDWIN,18,1,January,2012,4,Wednesday,4,1,0,6,4,0,41.19281111,-85.02091667,34,2,0,0,0,1,0
180028,INDIANA,IN,2,2,0,0,3,3,69,2860,ASHFORD,19,1,January,2012,5,Thursday,14,10,1,1,1,830,40.81378611,-85.36914167,12,1,0,0,0,1,0
180029,INDIANA,IN,3,2,0,0,7,7,97,2210,AXIS,5,1,January,2012,5,Thursday,18,35,0,16,5,0,39.83287500,-86.09897778,52,2,0,0,0,1,0
180030,INDIANA,IN,1,1,0,0,1,1,97,2210,AXIS,9,1,January,2012,2,Monday,9,30,0,16,6,0,39.65121111,-86.06354167,3,1,0,0,0,1,0
180031,INDIANA,IN,1,1,0,0,1,1,97,2210,AXIS,11,1,January,2012,4,Wednesday,9,49,0,16,6,0,39.78188333,-86.00928333,33,1,0,0,0,1,0
180032,INDIANA,IN,2,2,0,0,5,5,55,2690,ATTALLA,3,1,January,2012,3,Tuesday,19,15,0,6,4,0,39.05263611,-87.17143333,12,2,0,0,0,2,0
180033,INDIANA,IN,3,3,0,0,4,4,19,4420,CEDAR BLUFF,20,1,January,2012,6,Friday,8,17,1,1,1,110,38.41253889,-85.76487778,12,1,0,0,0,1,0
180034,INDIANA,IN,1,1,0,0,1,1,171,5330,ALDORA,6,1,January,2012,6,Friday,7,17,0,6,4,0,40.31582500,-87.24899167,42,2,0,0,0,1,0
180035,INDIANA,IN,1,1,0,0,1,1,95,2230,ALBERTVILLE,19,1,January,2012,5,Thursday,15,42,1,11,1,140,39.99320278,-85.84823333,35,1,0,0,0,1,0
180036,INDIANA,IN,1,1,1,1,1,1,19,2270,CEDAR BLUFF,20,1,January,2012,6,Friday,18,47,0,16,6,0,38.28548056,-85.73386667,8,2,0,0,0,1,0
180037,INDIANA,IN,2,2,0,0,3,3,97,2210,AXIS,24,1,January,2012,3,Tuesday,1,13,0,16,5,0,39.73774167,-86.11787778,12,2,0,0,0,1,1
180038,INDIANA,IN,2,2,0,0,2,2,123,4820,ALEXANDER CITY,16,1,January,2012,2,Monday,16,24,0,4,3,40,38.05626111,-86.71057778,12,1,0,0,0,1,0
180039,INDIANA,IN,2,2,0,0,3,3,93,3110,BEAR CREEK,26,1,January,2012,5,Thursday,21,15,0,4,3,0,38.69237778,-86.45836944,12,2,0,0,0,1,0
180040,INDIANA,IN,1,1,0,0,1,1,149,2000,BELLEVILLE,5,1,January,2012,5,Thursday,12,36,0,6,4,0,41.37568333,-86.48576111,42,1,0,0,0,1,0
180041,INDIANA,IN,2,2,0,0,4,4,181,540,LINCOLN,28,1,January,2012,7,Saturday,9,29,0,3,2,0,40.60611111,-87.03048889,12,1,0,0,0,2,0
180042,INDIANA,IN,2,2,0,0,2,2,109,2890,ANSLEY,1,2,February,2012,4,Wednesday,21,31,0,15,3,0,39.42239444,-86.43589722,12,3,0,0,0,1,0
180044,INDIANA,IN,1,1,0,0,1,1,29,3230,BORDEN SPRINGS,27,1,January,2012,6,Friday,11,18,0,4,3,0,39.11421667,-85.05513611,52,1,0,0,0,1,0
180045,INDIANA,IN,1,1,1,1,1,1,97,2210,AXIS,18,1,January,2012,4,Wednesday,18,45,0,16,6,0,39.64078611,-86.11881944,8,3,0,0,0,1,0
180046,INDIANA,IN,1,1,0,0,1,1,89,2120,BROWNSBORO,3,2,February,2012,6,Friday,1,34,0,16,6,0,41.52925833,-87.30208056,34,2,0,0,0,1,0
180047,INDIANA,IN,1,1,0,0,1,1,5,990,BAKER HILL,3,2,February,2012,6,Friday,3,23,0,16,6,0,39.20709444,-85.92402500,42,2,0,0,0,1,0
180048,INDIANA,IN,1,1,1,1,2,2,97,2210,AXIS,2,2,February,2012,5,Thursday,12,55,0,16,6,0,39.79924444,-86.10750278,9,1,0,0,0,1,0
180049,INDIANA,IN,2,2,0,0,6,6,127,4025,BURNWELL,3,2,February,2012,6,Friday,23,20,1,1,1,336,41.57051944,-86.98719722,12,2,0,0,0,1,0
180051,INDIANA,IN,2,2,0,0,2,2,91,5085,DAYTON,4,2,February,2012,7,Saturday,23,45,0,3,2,0,41.25691111,-86.89038333,12,2,0,0,0,1,1
180052,INDIANA,IN,1,1,0,0,1,1,67,2430,ABBEVILLE,2,2,February,2012,5,Thursday,3,42,0,3,2,0,40.40661944,-86.12572500,31,2,0,0,0,1,1
180053,INDIANA,IN,2,2,0,0,2,2,97,2210,AXIS,31,1,January,2012,3,Tuesday,8,32,0,16,5,0,39.77131667,-86.06000000,12,1,0,0,0,1,0
180054,INDIANA,IN,1,1,0,0,1,1,127,4960,BURNWELL,5,2,February,2012,1,Sunday,23,0,0,3,2,0,41.54968611,-87.01267500,52,2,0,0,0,1,1
180055,INDIANA,IN,2,2,0,0,2,2,39,1830,ANDALUSIA,7,2,February,2012,3,Tuesday,16,50,0,6,4,0,41.58036944,-85.90615000,12,1,0,0,0,1,0
180056,INDIANA,IN,2,2,0,0,2,2,127,4025,BURNWELL,4,2,February,2012,7,Saturday,3,30,1,1,1,219,41.58634167,-87.20682222,12,3,0,0,0,1,1
180057,INDIANA,IN,2,2,0,0,2,2,57,710,BANKSTON,9,2,February,2012,5,Thursday,13,30,0,16,6,0,39.94898611,-86.15550278,12,1,0,0,0,2,0
180058,INDIANA,IN,3,3,0,0,4,4,11,5490,BULLOCK,10,2,February,2012,6,Friday,6,1,1,1,1,1290,39.93437222,-86.34170000,12,2,0,0,0,1,0
180059,INDIANA,IN,2,2,0,0,2,2,39,3380,ANDALUSIA,10,2,February,2012,6,Friday,8,54,0,14,2,0,41.44266944,-86.00243889,12,1,0,0,0,1,0
180061,INDIANA,IN,2,2,0,0,2,2,135,5350,ASH FLAT,10,1,January,2012,3,Tuesday,12,42,0,14,2,0,40.16601667,-84.96690000,12,1,0,0,0,1,0
180062,INDIANA,IN,1,1,0,0,2,2,35,3360,BROOKLYN,1,2,February,2012,4,Wednesday,19,55,0,4,3,0,40.07995278,-85.37071389,34,2,0,0,0,1,0
180063,INDIANA,IN,1,1,0,0,1,1,83,5030,ARDMORE,12,2,February,2012,1,Sunday,7,0,0,6,4,0,38.57953611,-87.52015278,30,2,0,0,0,1,1
180064,INDIANA,IN,3,3,0,0,7,7,97,2210,AXIS,11,2,February,2012,7,Saturday,7,49,0,16,6,0,39.84793333,-86.10368056,12,1,0,0,0,1,0
180065,INDIANA,IN,1,1,0,0,1,1,97,2210,AXIS,11,2,February,2012,7,Saturday,14,2,0,16,6,0,39.88631389,-86.20301389,34,1,0,0,0,1,1
180066,INDIANA,IN,2,2,0,0,3,3,97,2210,AXIS,8,2,February,2012,4,Wednesday,23,55,0,16,6,80,39.70077778,-86.26245833,12,3,0,0,0,1,1