ST_CASE,State Name,State Abbreviation,# of Vehicle involved,Parked_Vehicles_Involved,Pedestrains,Person_Not_in_Motor_Vehicle,Persons_in_motor_vehicle,Total_Persons_in_accident,COUNTY,CITY,City_County_Name,Calendar_DAY,MONTH,Month_name,YEAR,DAY_WEEK,Day_Week_desc,HOUR,MINUTE,NHS_Desc,trafficway,Route,MILEPT,LATITUDE,LONGITUD,First_Crash_event,Light_cond_desc,Weather_condition,School_bus_involved,Crash_cause,FATALS,DRUNK_DR
180068,INDIANA,IN,2,2,0,0,4,4,129,4050,BIGBEE,4,2,February,2012,7,Saturday,9,35,0,4,3,0,38.04716667,-87.71770833,12,1,0,0,0,1,0
180069,INDIANA,IN,2,2,0,0,6,6,45,2110,ARITON,10,2,February,2012,6,Friday,19,30,1,1,1,221,40.11811667,-87.13461111,12,2,0,0,0,1,0
180070,INDIANA,IN,2,2,0,0,2,2,91,5240,DAYTON,16,2,February,2012,5,Thursday,2,37,0,3,2,0,41.57078889,-86.89687778,12,2,0,0,0,1,1
180071,INDIANA,IN,1,1,1,1,1,1,97,2210,AXIS,15,2,February,2012,4,Wednesday,10,56,0,16,6,0,39.82772222,-86.10600833,8,1,0,0,0,1,0
180072,INDIANA,IN,2,2,0,0,2,2,55,360,ATTALLA,15,2,February,2012,4,Wednesday,10,8,0,4,3,0,39.03980833,-86.72009444,12,1,0,0,0,1,0
180073,INDIANA,IN,3,1,2,2,1,1,63,900,BOLIGEE,14,2,February,2012,3,Tuesday,7,30,1,1,1,578,39.60002222,-86.51774722,14,4,0,0,0,1,0
180074,INDIANA,IN,1,1,0,0,1,1,99,440,BEATRICE,16,2,February,2012,5,Thursday,0,0,0,6,4,0,41.37048056,-86.08261389,1,2,0,0,0,1,0
180075,INDIANA,IN,2,2,0,0,5,5,163,1480,AVERA,19,2,February,2012,1,Sunday,2,26,0,4,3,0,38.03297222,-87.64056667,12,2,0,0,0,1,0
180076,INDIANA,IN,1,1,1,1,1,1,141,3100,BEE BRANCH,19,2,February,2012,1,Sunday,10,50,0,4,3,0,41.71519444,-86.19761111,9,1,0,0,0,1,0
180077,INDIANA,IN,1,1,0,0,4,4,61,1390,BELLWOOD,16,2,February,2012,5,Thursday,15,30,0,4,3,0,38.12210833,-85.96783333,42,1,0,0,0,1,0
180078,INDIANA,IN,1,1,0,0,2,2,31,1910,COFFEE,7,2,February,2012,3,Tuesday,21,44,0,3,2,0,39.41903889,-85.59051111,38,2,0,0,0,2,0
180079,INDIANA,IN,1,1,1,1,1,1,163,1480,AVERA,14,2,February,2012,3,Tuesday,18,10,0,16,6,0,37.95507778,-87.50874444,15,2,0,0,0,1,0
180080,INDIANA,IN,1,1,0,0,1,1,99,470,BEATRICE,11,2,February,2012,7,Saturday,5,20,0,6,4,0,41.37759722,-86.15511389,34,2,0,0,0,1,1
180081,INDIANA,IN,2,2,0,0,2,2,19,800,CEDAR BLUFF,22,2,February,2012,4,Wednesday,7,5,0,6,4,0,38.57064444,-85.47789444,12,4,0,0,0,1,0
180082,INDIANA,IN,2,2,0,0,5,5,37,2260,BRADFORD,14,2,February,2012,3,Tuesday,21,29,0,4,3,0,38.48121111,-86.81170556,12,3,0,0,0,1,0
180083,INDIANA,IN,1,1,0,0,2,2,163,1480,AVERA,22,2,February,2012,4,Wednesday,20,24,0,6,6,0,38.04701667,-87.59863611,30,2,0,0,0,1,0
180084,INDIANA,IN,1,1,1,1,1,1,19,2270,CEDAR BLUFF,25,2,February,2012,7,Saturday,19,1,0,16,6,0,38.30118056,-85.72508056,9,2,0,0,0,1,0
180085,INDIANA,IN,2,2,1,1,2,2,167,4840,ADRIAN,20,2,February,2012,2,Monday,22,25,0,14,2,0,39.46139444,-87.41400278,8,2,0,0,0,1,0
180086,INDIANA,IN,1,1,1,1,1,1,91,2570,DAYTON,6,1,January,2012,6,Friday,18,44,0,15,3,0,41.60921111,-86.71809167,9,2,0,0,0,1,0
180087,INDIANA,IN,2,2,0,0,3,3,173,795,LAKELAND,28,2,February,2012,3,Tuesday,14,57,0,4,3,0,38.00811389,-87.44199444,12,1,0,0,0,1,0
180088,INDIANA,IN,1,1,1,1,1,1,75,4040,BEAVERTON,27,2,February,2012,2,Monday,19,15,0,6,4,0,40.39265278,-84.99681111,8,2,0,0,0,1,0
180089,INDIANA,IN,1,1,0,0,1,1,27,5120,ASHLAND,4,3,March,2012,1,Sunday,16,50,0,6,4,0,38.60369444,-87.15506944,35,1,0,0,0,1,1
180090,INDIANA,IN,1,1,0,0,1,1,47,9997,BROWNS,25,2,February,2012,7,Saturday,3,59,0,6,4,0,39.34805000,-85.20875278,35,2,0,0,0,1,1
180091,INDIANA,IN,1,1,0,0,4,4,97,2210,AXIS,5,3,March,2012,2,Monday,3,12,1,11,1,1060,39.66094444,-86.08248056,24,2,0,0,0,1,0
180092,INDIANA,IN,2,2,0,0,3,3,77,2830,ANDERSON,25,2,February,2012,7,Saturday,18,10,0,3,2,0,38.84614444,-85.37942778,12,5,0,0,0,1,0
180093,INDIANA,IN,1,1,2,2,2,2,97,2210,AXIS,6,3,March,2012,3,Tuesday,20,17,0,16,6,0,39.77235833,-86.04170000,8,3,0,0,0,1,0
180094,INDIANA,IN,1,1,0,0,1,1,19,2270,CEDAR BLUFF,7,3,March,2012,4,Wednesday,21,29,0,16,6,0,38.28401389,-85.72724722,25,3,0,0,0,1,1
180095,INDIANA,IN,2,2,0,0,2,2,141,4580,BEE BRANCH,8,3,March,2012,5,Thursday,10,51,0,16,6,0,41.61557778,-86.25232500,12,1,0,0,0,1,0
180096,INDIANA,IN,1,1,0,0,2,2,119,4630,BELLAMY,7,3,March,2012,4,Wednesday,8,10,0,6,4,0,39.37658056,-86.76989444,1,1,0,0,0,1,0
180098,INDIANA,IN,1,1,0,0,2,2,83,340,ARDMORE,7,3,March,2012,4,Wednesday,10,0,0,4,3,0,38.77969722,-87.33882500,38,1,0,0,0,1,0
180099,INDIANA,IN,1,1,0,0,1,1,149,3620,BELLEVILLE,7,3,March,2012,4,Wednesday,2,44,0,6,4,0,41.20090833,-86.71195833,42,2,0,0,0,1,0
180100,INDIANA,IN,1,1,0,0,1,1,85,5110,BENTON,10,3,March,2012,7,Saturday,1,59,0,6,4,0,41.18363889,-85.91818333,42,2,0,0,0,1,1
180103,INDIANA,IN,1,1,0,0,1,1,63,560,BOLIGEE,13,3,March,2012,3,Tuesday,7,26,0,16,6,0,39.84336111,-86.39785556,10,2,0,0,0,1,0
180104,INDIANA,IN,2,2,0,0,7,7,97,2210,AXIS,2,3,March,2012,6,Friday,14,52,0,16,6,0,39.73770833,-86.13036389,12,1,0,0,0,1,0
180105,INDIANA,IN,1,1,0,0,2,2,97,2210,AXIS,13,3,March,2012,3,Tuesday,20,10,0,16,6,0,39.70581389,-86.28065556,25,5,0,0,0,1,0
180106,INDIANA,IN,1,1,0,0,2,2,153,1510,BONAIRE,12,3,March,2012,2,Monday,18,40,0,6,4,0,39.24135278,-87.37027778,34,1,0,0,0,1,0
180107,INDIANA,IN,1,1,0,0,1,1,47,550,BROWNS,11,3,March,2012,1,Sunday,1,36,0,4,3,0,99.99990000,999.99990000,1,3,0,0,0,1,1
180108,INDIANA,IN,1,1,4,4,1,1,89,1100,BROWNSBORO,6,3,March,2012,3,Tuesday,19,0,0,16,6,0,41.44938611,-87.37375278,8,3,0,0,0,1,1
180109,INDIANA,IN,2,2,0,0,4,4,49,1700,COLLINSVILLE,14,3,March,2012,4,Wednesday,10,19,0,3,2,0,41.07588611,-86.23960278,12,1,0,0,0,1,0
180110,INDIANA,IN,2,2,0,0,2,2,133,260,ARLEY,14,3,March,2012,4,Wednesday,13,55,0,3,2,0,39.77110000,-86.88585000,12,1,0,0,0,1,1
180111,INDIANA,IN,1,1,0,0,1,1,81,1950,AUBURN,15,3,March,2012,5,Thursday,23,9,0,4,3,0,39.61960278,-86.21268333,35,3,0,0,0,1,0
180112,INDIANA,IN,2,2,0,0,3,3,3,1580,BALDWIN,14,3,March,2012,4,Wednesday,16,56,0,16,6,0,41.07448333,-85.21624722,12,1,0,0,0,1,0
180113,INDIANA,IN,2,2,0,0,2,2,57,3590,BANKSTON,16,3,March,2012,6,Friday,15,55,0,6,4,0,40.07422500,-85.88193611,12,1,0,0,0,1,1
180114,INDIANA,IN,1,1,0,0,1,1,93,300,BEAR CREEK,17,3,March,2012,7,Saturday,20,58,0,16,5,0,38.86855833,-86.48811667,39,2,0,0,0,1,1
180115,INDIANA,IN,1,1,0,0,2,2,37,2180,BRADFORD,18,3,March,2012,1,Sunday,16,45,0,6,4,0,38.28692222,-86.99803333,35,1,0,0,0,1,1
180116,INDIANA,IN,1,1,0,0,1,1,151,160,FLIPPEN,18,3,March,2012,1,Sunday,3,40,0,4,3,0,41.69935556,-85.00010833,32,2,0,0,0,1,1
180117,INDIANA,IN,2,2,0,0,4,4,141,4580,BEE BRANCH,3,3,March,2012,7,Saturday,18,20,0,3,2,800,41.62625278,-86.22529167,12,5,0,0,0,1,0
180118,INDIANA,IN,2,2,0,0,4,4,141,4580,BEE BRANCH,18,3,March,2012,1,Sunday,4,20,0,6,6,0,41.72707500,-86.28885556,12,3,0,0,0,1,1
180119,INDIANA,IN,1,1,0,0,28,28,97,2210,AXIS,12,3,March,2012,2,Monday,7,39,0,16,6,0,39.75575556,-86.08293056,21,3,0,1,0,2,0
180120,INDIANA,IN,1,1,0,0,1,1,85,1470,BENTON,17,3,March,2012,7,Saturday,20,46,0,6,4,0,41.27764167,-85.99881111,1,2,0,0,0,1,1
180121,INDIANA,IN,3,3,0,0,5,5,3,1580,BALDWIN,19,3,March,2012,2,Monday,10,9,0,4,3,0,41.17913056,-85.09411667,12,1,0,0,0,1,0
180122,INDIANA,IN,1,1,0,0,1,1,93,300,BEAR CREEK,18,3,March,2012,1,Sunday,16,37,0,6,4,0,99.99990000,999.99990000,32,1,0,0,0,1,1
180123,INDIANA,IN,2,2,0,0,2,2,97,2210,AXIS,18,3,March,2012,1,Sunday,10,15,0,16,6,0,39.84018889,-86.12653056,12,1,0,0,0,1,0
180124,INDIANA,IN,1,1,0,0,1,1,141,4580,BEE BRANCH,20,3,March,2012,3,Tuesday,23,53,0,6,4,0,41.60768056,-86.21358611,42,2,0,0,0,1,1
180125,INDIANA,IN,1,1,0,0,1,1,167,4840,ADRIAN,20,3,March,2012,3,Tuesday,23,13,0,3,2,0,39.39920000,-87.40129722,1,2,0,0,0,1,0
180126,INDIANA,IN,1,1,0,0,2,2,89,2010,BROWNSBORO,19,3,March,2012,2,Monday,16,6,0,16,5,0,41.61320833,-87.52192500,5,1,0,0,0,1,0
180127,INDIANA,IN,2,2,0,0,2,2,97,2210,AXIS,4,3,March,2012,1,Sunday,18,10,0,16,5,0,39.88338889,-86.21528333,12,1,0,0,0,1,1
180128,INDIANA,IN,1,1,0,0,1,1,119,4630,BELLAMY,18,3,March,2012,1,Sunday,20,19,0,4,3,0,39.30921944,-86.93805278,1,2,0,0,0,1,0
180131,INDIANA,IN,2,2,0,0,3,3,27,5120,ASHLAND,9,3,March,2012,6,Friday,8,23,0,4,3,0,38.61152500,-87.11876389,12,1,0,0,0,2,0
180132,INDIANA,IN,1,1,0,0,3,3,5,990,BAKER HILL,17,3,March,2012,7,Saturday,16,43,1,1,1,760,39.30763611,-85.95919722,1,1,0,0,0,1,0
180133,INDIANA,IN,1,1,0,0,1,1,71,4440,BRIDGEPORT,18,3,March,2012,1,Sunday,12,2,1,1,1,550,39.02428333,-85.88640833,59,1,0,0,0,1,0
180134,INDIANA,IN,1,1,0,0,4,4,95,70,ALBERTVILLE,15,3,March,2012,5,Thursday,13,35,0,6,4,0,40.23396944,-85.65188333,42,1,0,0,0,1,0
180135,INDIANA,IN,2,2,0,0,3,3,23,1640,BLADON SPRINGS,27,3,March,2012,3,Tuesday,12,29,0,6,4,0,40.32943056,-86.50584167,12,1,0,0,0,1,0
180136,INDIANA,IN,1,1,0,0,1,1,41,1000,BRANTLEY,12,3,March,2012,2,Monday,19,56,0,4,3,0,39.63872778,-85.12946944,33,3,0,0,0,1,0
180137,INDIANA,IN,1,1,0,0,1,1,67,2430,ABBEVILLE,16,3,March,2012,6,Friday,18,25,0,6,5,0,40.43396667,-86.09938889,3,1,0,0,0,1,0
180138,INDIANA,IN,2,2,0,0,3,3,97,2210,AXIS,19,3,March,2012,2,Monday,16,51,0,16,5,0,39.77394167,-86.00906667,12,1,0,0,0,1,0
180139,INDIANA,IN,2,2,0,0,2,2,3,1580,BALDWIN,27,3,March,2012,3,Tuesday,18,10,0,16,5,0,41.04988333,-85.16419722,12,1,0,0,0,1,0
180140,INDIANA,IN,2,2,0,0,3,3,105,380,MARION,29,3,March,2012,5,Thursday,13,34,0,4,3,0,39.08680556,-86.67308611,12,1,0,0,0,1,0
180142,INDIANA,IN,2,2,0,0,3,3,39,1410,ANDALUSIA,30,3,March,2012,6,Friday,16,28,0,6,4,0,41.60878056,-85.94523611,12,1,0,0,0,1,0
180143,INDIANA,IN,1,1,0,0,1,1,93,300,BEAR CREEK,30,3,March,2012,6,Friday,16,2,0,6,4,0,38.91378333,-86.49799722,38,1,0,0,0,1,0
180144,INDIANA,IN,1,1,0,0,2,2,105,380,MARION,1,4,April,2012,1,Sunday,1,6,0,6,4,0,39.00911111,-86.56375278,42,2,0,0,0,1,1
180145,INDIANA,IN,1,1,0,0,2,2,97,2210,AXIS,18,3,March,2012,1,Sunday,19,43,0,16,6,0,39.81684444,-86.25604167,30,3,0,0,0,1,1
180146,INDIANA,IN,2,2,0,0,2,2,73,1206,ARGO,1,4,April,2012,1,Sunday,21,13,0,4,3,0,41.17395000,-87.19834722,12,2,0,0,0,1,2
180147,INDIANA,IN,3,3,0,0,3,3,39,3010,ANDALUSIA,2,4,April,2012,2,Monday,14,10,0,4,3,0,41.62768333,-85.70521389,12,1,0,0,0,1,0
180148,INDIANA,IN,2,2,0,0,3,3,143,4400,CANEHILL,29,3,March,2012,5,Thursday,12,45,0,6,4,0,38.73395833,-85.75747222,12,1,0,0,0,1,0
180149,INDIANA,IN,2,1,0,0,1,1,49,4190,COLLINSVILLE,31,3,March,2012,7,Saturday,14,58,0,6,4,0,41.07425000,-86.23030278,14,1,0,0,0,1,0
180150,INDIANA,IN,2,2,0,0,6,6,83,3700,ARDMORE,28,3,March,2012,4,Wednesday,20,44,0,3,2,0,38.88190000,-87.44176667,12,2,0,0,0,5,0
180151,INDIANA,IN,2,2,0,0,6,6,97,2210,AXIS,25,3,March,2012,1,Sunday,22,18,0,16,6,0,39.84031389,-86.08882500,12,3,0,0,0,1,1
180152,INDIANA,IN,1,1,0,0,1,1,61,1030,BELLWOOD,21,3,March,2012,4,Wednesday,10,15,0,4,3,0,38.12000556,-86.08800833,1,1,0,0,0,1,0
180153,INDIANA,IN,1,1,0,0,3,3,89,1730,BROWNSBORO,3,4,April,2012,3,Tuesday,13,0,1,1,1,120,41.60717778,-87.39696944,25,1,0,0,0,1,1
180154,INDIANA,IN,2,2,0,0,5,5,127,4025,BURNWELL,2,4,April,2012,2,Monday,20,20,0,6,4,0,41.53603333,-87.17931389,12,2,0,0,0,1,0
180155,INDIANA,IN,1,1,0,0,1,1,177,640,LEE,4,4,April,2012,4,Wednesday,12,51,1,1,1,1410,39.85514722,-85.05782778,38,1,0,0,0,1,0
180156,INDIANA,IN,1,1,1,1,1,1,59,1890,FRANKLIN,29,3,March,2012,5,Thursday,5,48,0,3,2,0,39.78853333,-85.69740000,8,2,0,0,0,1,0
180157,INDIANA,IN,1,1,1,1,2,2,39,1830,ANDALUSIA,6,4,April,2012,6,Friday,20,15,0,4,3,0,41.65820833,-85.82118056,8,5,0,0,0,1,0
180158,INDIANA,IN,1,1,0,0,1,1,7,430,BIBB,8,4,April,2012,1,Sunday,9,10,0,4,3,0,40.51941944,-87.33731944,30,1,0,0,0,1,0
180159,INDIANA,IN,2,2,0,0,5,5,67,2430,ABBEVILLE,10,2,February,2012,6,Friday,19,54,0,4,3,0,40.41758889,-86.22099167,12,2,0,0,0,1,0
180160,INDIANA,IN,1,1,0,0,1,1,167,4840,ADRIAN,13,2,February,2012,2,Monday,6,0,0,3,2,0,39.26273889,-87.38896667,1,1,0,0,0,1,0
180161,INDIANA,IN,1,1,0,0,1,1,39,1830,ANDALUSIA,9,4,April,2012,2,Monday,6,56,0,6,4,0,41.55193611,-85.77068333,33,4,0,0,0,1,0
180162,INDIANA,IN,1,1,0,0,1,1,55,360,ATTALLA,30,3,March,2012,6,Friday,23,43,0,4,3,0,39.02687778,-86.94428333,34,2,0,0,0,1,1
180163,INDIANA,IN,1,1,0,0,2,2,77,2830,ANDERSON,10,4,April,2012,3,Tuesday,0,40,0,4,3,0,38.72122778,-85.22659722,42,2,0,0,0,1,0
180164,INDIANA,IN,1,1,0,0,1,1,35,1760,BROOKLYN,2,4,April,2012,2,Monday,7,30,1,1,1,487,40.32781389,-85.55882500,38,1,0,0,0,1,0
180165,INDIANA,IN,2,2,0,0,2,2,79,3670,COURTLAND,12,4,April,2012,5,Thursday,20,57,0,4,3,0,38.97090000,-85.60218611,35,2,0,0,0,1,0
180166,INDIANA,IN,1,1,0,0,1,1,55,360,ATTALLA,30,3,March,2012,6,Friday,13,6,0,4,3,0,99.99990000,999.99990000,42,1,0,0,0,1,0
180168,INDIANA,IN,1,1,0,0,1,1,3,1580,BALDWIN,13,4,April,2012,6,Friday,20,20,0,16,5,0,41.02024167,-85.17396667,33,2,0,0,0,1,0
180169,INDIANA,IN,1,1,1,1,1,1,3,1580,BALDWIN,15,4,April,2012,1,Sunday,2,45,0,16,5,0,41.07422778,-85.14779167,8,2,0,0,0,1,1
180170,INDIANA,IN,1,1,0,0,1,1,157,2480,ARCADE,15,4,April,2012,1,Sunday,6,54,0,3,2,0,40.33386389,-86.78578056,1,1,0,0,0,1,1
180171,INDIANA,IN,1,1,0,0,3,3,121,4230,BON AIR,7,4,April,2012,7,Saturday,20,53,0,6,4,0,99.99990000,999.99990000,34,2,0,0,0,1,1
180172,INDIANA,IN,2,2,0,0,3,3,127,4960,BURNWELL,10,4,April,2012,3,Tuesday,12,44,0,3,2,0,41.47073056,-87.18140833,12,1,0,0,0,1,0
180173,INDIANA,IN,1,1,0,0,1,1,175,4340,CADWELL,15,4,April,2012,1,Sunday,11,0,0,4,3,0,38.52728889,-86.02350278,59,1,0,0,0,1,0
180174,INDIANA,IN,3,3,0,0,3,3,39,3010,ANDALUSIA,9,4,April,2012,2,Monday,7,9,0,3,2,0,41.66785556,-85.76006944,12,2,0,0,0,1,0
180175,INDIANA,IN,1,1,0,0,1,1,97,2210,AXIS,12,4,April,2012,5,Thursday,16,1,1,1,1,930,39.73288333,-86.03988056,1,1,0,0,0,1,0
180176,INDIANA,IN,1,1,1,1,2,2,141,4580,BEE BRANCH,20,4,April,2012,6,Friday,1,23,0,16,5,0,41.68726389,-86.22601944,40,2,0,0,0,1,1
180177,INDIANA,IN,1,1,0,0,1,1,85,3680,BENTON,19,4,April,2012,5,Thursday,16,42,0,6,4,0,41.34018333,-85.76598056,42,1,0,0,0,1,0
180178,INDIANA,IN,1,1,0,0,2,2,89,2120,BROWNSBORO,18,4,April,2012,4,Wednesday,18,44,0,16,5,0,41.52342222,-87.22078056,1,1,0,0,0,1,1
180179,INDIANA,IN,2,2,0,0,6,6,45,1040,ARITON,18,4,April,2012,4,Wednesday,18,55,0,6,4,0,40.22091667,-87.31417778,12,1,0,0,0,1,0
180180,INDIANA,IN,2,2,0,0,2,2,37,1530,BRADFORD,19,4,April,2012,5,Thursday,5,59,0,4,3,0,38.26114722,-86.86615000,53,4,0,0,0,1,0
180181,INDIANA,IN,1,1,0,0,1,1,133,1534,ARLEY,21,4,April,2012,7,Saturday,23,3,0,6,4,0,39.65942222,-86.70627778,1,2,0,0,0,1,1
180182,INDIANA,IN,1,1,1,1,1,1,95,140,ALBERTVILLE,19,4,April,2012,5,Thursday,21,3,0,16,5,0,40.12780556,-85.67800556,9,2,0,0,0,1,0
180183,INDIANA,IN,1,1,0,0,3,3,105,380,MARION,16,4,April,2012,2,Monday,23,57,0,6,5,0,39.07622222,-86.57104722,38,2,0,0,0,3,0
180184,INDIANA,IN,1,1,0,0,1,1,55,360,ATTALLA,23,4,April,2012,2,Monday,8,25,0,3,2,0,38.93653333,-86.92677500,42,1,0,0,0,1,0
180185,INDIANA,IN,2,2,0,0,2,2,137,5010,ALCO,14,4,April,2012,7,Saturday,14,30,0,3,2,0,39.06168611,-85.23220278,12,1,0,0,0,1,0
180186,INDIANA,IN,3,3,0,0,4,4,107,1060,CARROLLTON,18,4,April,2012,4,Wednesday,21,29,0,3,2,0,40.11925278,-86.90432778,12,2,0,0,0,1,1
180187,INDIANA,IN,2,2,0,0,5,5,97,2210,AXIS,14,4,April,2012,7,Saturday,2,8,0,16,5,0,39.75512222,-86.25136111,12,2,0,0,0,1,1
180188,INDIANA,IN,1,1,0,0,2,2,89,3370,BROWNSBORO,15,4,April,2012,1,Sunday,6,38,0,16,5,0,41.52434167,-87.51517500,33,4,0,0,0,1,1
180189,INDIANA,IN,2,2,0,0,2,2,135,2790,ASH FLAT,18,4,April,2012,4,Wednesday,15,48,0,4,3,0,40.07925556,-84.82791111,12,1,0,0,0,1,0
180190,INDIANA,IN,4,4,0,0,4,4,85,3050,BENTON,23,2,February,2012,5,Thursday,6,8,0,6,4,0,41.42706111,-85.94268889,12,2,0,0,0,1,0
180191,INDIANA,IN,1,1,0,0,1,1,89,1100,BROWNSBORO,6,3,March,2012,3,Tuesday,20,15,0,16,5,0,41.41328333,-87.40015833,35,2,0,0,0,1,1
180192,INDIANA,IN,1,1,0,0,2,2,15,1200,ANNISTON,11,4,April,2012,4,Wednesday,15,3,0,6,4,0,40.57645833,-86.61995000,42,1,0,0,0,1,0
180193,INDIANA,IN,1,1,0,0,1,1,89,2972,BROWNSBORO,19,4,April,2012,5,Thursday,3,1,0,15,3,0,41.45193889,-87.36467778,33,2,0,0,0,1,1
180194,INDIANA,IN,2,2,0,0,4,4,69,2190,ASHFORD,26,4,April,2012,5,Thursday,6,7,0,15,3,0,40.90699444,-85.49060833,12,4,0,0,0,2,0
180196,INDIANA,IN,1,1,1,1,1,1,5,990,BAKER HILL,28,4,April,2012,7,Saturday,21,57,0,3,2,0,39.25022778,-85.94259167,8,2,0,0,0,1,0
180197,INDIANA,IN,1,1,0,0,1,1,109,2890,ANSLEY,27,4,April,2012,6,Friday,15,30,0,4,3,0,39.34853056,-86.50035278,5,1,0,0,0,1,0
180198,INDIANA,IN,1,1,0,0,2,2,165,1500,HERNDON,5,3,March,2012,2,Monday,12,14,0,15,3,0,39.68560556,-87.41124444,58,1,0,0,0,1,0
180199,INDIANA,IN,1,1,0,0,1,1,173,4830,LAKELAND,3,4,April,2012,3,Tuesday,20,54,0,6,4,0,38.08268889,-87.12825278,34,2,0,0,0,1,0
180200,INDIANA,IN,2,2,0,0,7,7,183,980,FORT STEWART,29,4,April,2012,1,Sunday,20,2,0,3,2,0,41.00510556,-85.34709167,12,5,0,0,0,1,1
180201,INDIANA,IN,1,1,6,6,1,1,1,1180,AUTAUGA,17,4,April,2012,3,Tuesday,7,59,0,4,3,0,40.74377222,-85.02151667,49,1,0,0,0,3,0
180202,INDIANA,IN,2,2,0,0,2,2,181,4110,LINCOLN,1,5,May,2012,3,Tuesday,5,43,0,3,2,0,40.74447778,-86.84005278,12,2,0,0,0,1,1
180203,INDIANA,IN,1,1,0,0,1,1,141,3100,BEE BRANCH,27,4,April,2012,6,Friday,8,51,0,16,5,0,41.66374722,-86.19378333,25,1,0,0,0,1,1
180204,INDIANA,IN,1,1,0,0,1,1,93,300,BEAR CREEK,2,5,May,2012,4,Wednesday,13,52,0,16,6,0,38.86141944,-86.45508611,35,1,0,0,0,1,0
180205,INDIANA,IN,1,1,1,1,1,1,109,2890,ANSLEY,30,4,April,2012,2,Monday,23,59,0,4,3,0,39.47545000,-86.36855278,8,2,0,0,0,1,0
180206,INDIANA,IN,3,3,0,0,3,3,107,1060,CARROLLTON,3,5,May,2012,5,Thursday,10,17,0,3,2,0,39.96707222,-86.90345556,12,1,0,0,0,1,0
180207,INDIANA,IN,2,2,0,0,3,3,99,440,BEATRICE,29,4,April,2012,1,Sunday,15,53,0,3,2,0,41.30355556,-86.09510833,12,1,0,0,0,1,0
180208,INDIANA,IN,1,1,1,1,1,1,141,3790,BEE BRANCH,5,5,May,2012,7,Saturday,22,43,0,15,3,0,41.66326944,-86.07865000,8,2,0,0,0,1,0
180209,INDIANA,IN,2,2,0,0,2,2,165,940,HERNDON,4,5,May,2012,6,Friday,10,35,0,4,3,0,39.65865556,-87.43764167,12,1,0,0,0,1,0
180210,INDIANA,IN,1,1,0,0,2,2,97,2210,AXIS,3,5,May,2012,5,Thursday,22,24,0,16,5,0,39.90343056,-86.20301389,5,3,0,0,0,1,0
180211,INDIANA,IN,1,1,0,0,1,1,97,2210,AXIS,2,5,May,2012,4,Wednesday,3,11,0,16,6,0,39.87809722,-86.18868056,26,3,0,0,0,1,1
180212,INDIANA,IN,2,2,0,0,3,3,3,1580,BALDWIN,8,5,May,2012,3,Tuesday,9,15,0,16,5,0,41.06818056,-85.14579444,12,1,0,0,0,2,1
180213,INDIANA,IN,2,2,0,0,2,2,89,2010,BROWNSBORO,8,5,May,2012,3,Tuesday,18,15,0,4,3,0,41.57405556,-87.43280556,12,1,0,0,0,1,1
180214,INDIANA,IN,1,1,1,1,1,1,113,2670,COTTONTON,7,5,May,2012,2,Monday,4,40,0,3,2,0,41.45173611,-85.62461944,8,2,0,0,0,1,0
180215,INDIANA,IN,2,2,0,0,2,2,97,2210,AXIS,4,5,May,2012,6,Friday,1,20,1,11,1,802,39.75325556,-86.15011111,12,3,0,0,0,1,0
180216,INDIANA,IN,1,1,0,0,2,2,141,2530,BEE BRANCH,9,5,May,2012,4,Wednesday,17,10,0,6,4,0,41.52677222,-86.33093889,42,1,0,0,0,1,0
180217,INDIANA,IN,2,1,0,0,1,1,87,4490,ARMSTRONG,5,5,May,2012,7,Saturday,2,7,0,6,4,0,41.69428889,-85.60594722,53,2,0,0,0,1,1
180218,INDIANA,IN,1,1,0,0,1,1,3,1580,BALDWIN,13,5,May,2012,1,Sunday,6,0,0,6,5,0,40.98406944,-85.20749444,5,2,0,0,0,1,1
180219,INDIANA,IN,1,1,1,1,3,3,3,1580,BALDWIN,13,5,May,2012,1,Sunday,8,40,0,16,5,0,41.02766389,-85.09600833,8,1,0,0,0,1,0
180220,INDIANA,IN,1,1,0,0,1,1,3,1580,BALDWIN,12,5,May,2012,7,Saturday,3,50,0,16,5,0,41.12351389,-85.15930278,32,2,0,0,0,1,1
180221,INDIANA,IN,2,2,0,0,3,3,75,4080,BEAVERTON,9,5,May,2012,4,Wednesday,23,49,0,4,3,0,40.33602500,-85.17349722,12,2,0,0,0,1,1
180222,INDIANA,IN,1,1,0,0,1,1,89,1100,BROWNSBORO,14,5,May,2012,2,Monday,20,47,0,6,4,0,41.42826667,-87.39106667,34,2,0,0,0,1,1
180223,INDIANA,IN,2,2,0,0,8,8,71,4440,BRIDGEPORT,5,5,May,2012,7,Saturday,17,11,0,4,3,0,38.97925556,-86.02210278,12,1,0,0,0,1,0
180224,INDIANA,IN,1,1,0,0,2,2,77,2830,ANDERSON,6,5,May,2012,1,Sunday,3,25,0,4,3,0,38.73813611,-85.47506389,59,2,0,0,0,1,0
180225,INDIANA,IN,1,1,0,0,3,3,47,2590,BROWNS,20,4,April,2012,6,Friday,21,50,0,6,4,0,39.48912222,-85.20870833,42,1,0,0,0,1,1
180226,INDIANA,IN,2,2,0,0,2,2,127,4960,BURNWELL,16,5,May,2012,4,Wednesday,12,48,0,4,3,0,41.49154444,-86.97864444,12,1,0,0,0,1,0