ST_CASE,State Name,State Abbreviation,# of Vehicle involved,Parked_Vehicles_Involved,Pedestrains,Person_Not_in_Motor_Vehicle,Persons_in_motor_vehicle,Total_Persons_in_accident,COUNTY,CITY,City_County_Name,Calendar_DAY,MONTH,Month_name,YEAR,DAY_WEEK,Day_Week_desc,HOUR,MINUTE,NHS_Desc,trafficway,Route,MILEPT,LATITUDE,LONGITUD,First_Crash_event,Light_cond_desc,Weather_condition,School_bus_involved,Crash_cause,FATALS,DRUNK_DR
180227,INDIANA,IN,2,2,0,0,2,2,97,2210,AXIS,10,5,May,2012,5,Thursday,22,34,1,11,1,1270,39.91150000,-86.32245556,12,2,0,0,0,1,0
180228,INDIANA,IN,1,1,0,0,1,1,155,5020,IRWIN,8,5,May,2012,3,Tuesday,5,28,0,4,3,0,38.87534167,-84.98795833,42,2,0,0,0,1,1
180229,INDIANA,IN,1,1,1,1,1,1,39,1410,ANDALUSIA,16,5,May,2012,4,Wednesday,16,44,0,6,4,0,41.70267778,-86.03047500,8,1,0,0,0,1,0
180230,INDIANA,IN,2,2,0,0,2,2,35,3360,BROOKLYN,5,5,May,2012,7,Saturday,21,30,0,16,5,0,40.21747222,-85.44602778,1,2,0,0,0,1,1
180231,INDIANA,IN,2,2,0,0,2,2,97,2210,AXIS,17,5,May,2012,5,Thursday,21,55,0,16,5,0,39.86515833,-86.25463611,12,2,0,0,0,1,1
180232,INDIANA,IN,5,5,0,0,6,6,107,2680,CARROLLTON,16,5,May,2012,4,Wednesday,13,5,0,3,2,0,40.31411944,-86.90168333,12,1,0,0,0,1,0
180233,INDIANA,IN,3,3,0,0,4,4,33,1720,CHEROKEE,17,5,May,2012,5,Thursday,16,30,0,4,3,0,41.29568889,-85.18791389,12,1,0,0,0,1,0
180234,INDIANA,IN,2,2,0,0,2,2,73,4100,ARGO,19,5,May,2012,7,Saturday,14,37,0,4,3,0,41.02726667,-87.17596111,12,1,0,0,0,1,0
180235,INDIANA,IN,1,1,0,0,1,1,157,2480,ARCADE,18,5,May,2012,6,Friday,3,39,0,16,5,0,40.42482500,-86.89311667,21,2,0,0,0,1,1
180236,INDIANA,IN,1,1,0,0,1,1,97,2210,AXIS,14,5,May,2012,2,Monday,3,25,0,16,5,0,39.83639444,-86.27056944,33,2,0,0,0,1,1
180237,INDIANA,IN,1,1,0,0,1,1,177,1350,LEE,14,5,May,2012,2,Monday,22,25,0,6,4,0,39.99140000,-85.13332222,17,2,0,0,0,1,0
180238,INDIANA,IN,1,1,0,0,3,3,175,4340,CADWELL,18,5,May,2012,6,Friday,17,0,0,6,4,0,38.62049722,-85.95067500,1,1,0,0,0,1,0
180239,INDIANA,IN,2,2,0,0,2,2,79,3670,COURTLAND,15,5,May,2012,3,Tuesday,16,45,0,3,2,0,38.99992500,-85.64473889,54,1,0,0,0,1,0
180240,INDIANA,IN,1,1,0,0,1,1,59,1570,FRANKLIN,21,5,May,2012,2,Monday,22,24,0,16,5,0,39.92937778,-85.85036389,1,2,0,0,0,1,1
180241,INDIANA,IN,1,1,0,0,5,5,63,560,BOLIGEE,19,5,May,2012,7,Saturday,8,41,0,16,4,0,39.86383056,-86.43036944,42,1,0,0,0,1,1
180242,INDIANA,IN,2,2,0,0,3,3,167,4840,ADRIAN,16,5,May,2012,4,Wednesday,17,0,1,1,1,120,39.43006111,-87.30683889,12,1,0,0,0,2,0
180243,INDIANA,IN,2,2,0,0,2,2,163,1480,AVERA,15,5,May,2012,3,Tuesday,16,50,1,1,1,195,38.16762778,-87.65114444,26,1,0,0,0,1,0
180244,INDIANA,IN,2,2,0,0,2,2,3,1580,BALDWIN,28,5,May,2012,2,Monday,4,1,0,16,5,0,41.07459167,-85.22514722,12,2,0,0,0,1,2
180245,INDIANA,IN,1,1,0,0,3,3,127,4960,BURNWELL,27,5,May,2012,1,Sunday,22,25,0,4,3,0,41.37700278,-87.20028056,42,2,0,0,0,1,1
180246,INDIANA,IN,1,1,0,0,1,1,89,1290,BROWNSBORO,20,5,May,2012,1,Sunday,0,24,0,16,5,0,41.48661111,-87.51874722,33,2,0,0,0,1,1
180247,INDIANA,IN,1,1,0,0,2,2,39,480,ANDALUSIA,25,5,May,2012,6,Friday,21,10,0,4,3,0,41.68771111,-85.81573889,53,2,0,0,0,2,0
180248,INDIANA,IN,1,1,0,0,2,2,153,2970,BONAIRE,29,5,May,2012,3,Tuesday,14,22,0,4,3,0,39.06253056,-87.56448889,1,1,0,0,0,1,1
180249,INDIANA,IN,1,1,0,0,1,1,35,3360,BROOKLYN,26,5,May,2012,7,Saturday,1,5,0,3,2,0,40.23853333,-85.35607778,31,2,0,0,0,1,0
180250,INDIANA,IN,1,1,0,0,4,4,147,1140,AUGUSTA,26,5,May,2012,7,Saturday,15,23,1,1,1,600,38.19961944,-86.91518889,1,1,0,0,0,1,0
180251,INDIANA,IN,2,2,0,0,4,4,97,2210,AXIS,25,5,May,2012,6,Friday,14,37,0,16,5,0,39.80999167,-86.18832778,12,1,0,0,0,1,1
180252,INDIANA,IN,1,1,0,0,1,1,31,1910,COFFEE,26,5,May,2012,7,Saturday,18,26,0,4,3,0,39.40750278,-85.47960000,1,1,0,0,0,1,1
180253,INDIANA,IN,1,1,0,0,2,2,19,4420,CEDAR BLUFF,24,5,May,2012,5,Thursday,16,20,1,1,1,66,38.35813611,-85.75440000,18,1,0,0,0,1,0
180254,INDIANA,IN,1,1,0,0,2,2,97,2210,AXIS,29,5,May,2012,3,Tuesday,17,54,0,16,5,0,39.83173333,-85.99782500,33,1,0,0,0,1,0
180255,INDIANA,IN,2,2,0,0,4,4,9,2040,BLOUNT,25,5,May,2012,6,Friday,19,48,0,15,3,0,40.53784444,-85.37095556,12,1,0,0,0,1,0
180256,INDIANA,IN,1,1,1,1,1,1,163,1480,AVERA,30,5,May,2012,4,Wednesday,16,31,0,16,5,0,37.97834444,-87.49246667,9,1,0,0,0,1,0
180257,INDIANA,IN,2,2,0,0,2,2,89,1290,BROWNSBORO,3,6,June,2012,1,Sunday,3,15,0,16,5,0,41.51727778,-87.50934722,12,2,0,0,0,1,1
180258,INDIANA,IN,2,2,1,1,5,5,97,2210,AXIS,8,4,April,2012,1,Sunday,0,48,1,11,1,59,39.69193056,-86.21132222,8,2,0,0,0,1,0
180259,INDIANA,IN,2,2,0,0,2,2,147,4200,AUGUSTA,20,4,April,2012,6,Friday,7,25,0,4,3,0,37.90154722,-87.10945556,12,1,0,0,0,1,0
180260,INDIANA,IN,2,2,0,0,4,4,51,4060,CENTRAL,2,6,June,2012,7,Saturday,12,17,0,4,3,0,38.35510000,-87.56725556,12,1,0,0,0,1,0
180261,INDIANA,IN,2,2,0,0,2,2,93,3750,BEAR CREEK,1,6,June,2012,6,Friday,13,37,0,4,3,0,38.90097778,-86.53199722,12,1,0,0,0,1,0
180262,INDIANA,IN,2,2,0,0,4,4,109,3163,ANSLEY,2,6,June,2012,7,Saturday,20,19,1,1,1,510,39.57170833,-86.63180556,12,1,0,0,0,1,1
180263,INDIANA,IN,2,2,0,0,3,3,157,2480,ARCADE,1,6,June,2012,6,Friday,23,58,0,4,3,0,40.48611111,-86.82050833,12,2,0,0,0,1,0
180264,INDIANA,IN,2,2,0,0,3,3,177,4120,LEE,4,6,June,2012,2,Monday,15,30,0,3,2,0,39.82097500,-84.95806389,12,1,0,0,0,1,0
180265,INDIANA,IN,1,1,0,0,2,2,51,4570,CENTRAL,3,6,June,2012,1,Sunday,11,43,0,4,3,0,38.27682500,-87.38042778,1,1,0,0,0,1,0
180266,INDIANA,IN,2,2,0,0,2,2,141,3100,BEE BRANCH,3,6,June,2012,1,Sunday,4,32,0,4,3,0,41.75628056,-86.08783611,12,2,0,0,0,1,1
180267,INDIANA,IN,1,1,0,0,1,1,31,4320,COFFEE,3,6,June,2012,1,Sunday,1,32,0,6,4,0,39.43618611,-85.55311389,34,2,0,0,0,1,1
180268,INDIANA,IN,1,1,0,0,1,1,21,2033,CHILTON,3,6,June,2012,1,Sunday,23,39,0,6,4,0,39.56907778,-87.06983333,32,2,0,0,0,1,1
180269,INDIANA,IN,1,1,0,0,2,2,17,2730,CHAMBERS,6,6,June,2012,4,Wednesday,4,51,0,6,4,0,40.75310833,-86.24047500,38,2,0,0,0,1,1
180270,INDIANA,IN,1,1,0,0,2,2,21,460,CHILTON,2,6,June,2012,7,Saturday,14,0,0,16,5,0,39.51132222,-87.13425278,34,1,0,0,0,1,1
180271,INDIANA,IN,1,1,2,2,1,1,39,1410,ANDALUSIA,7,6,June,2012,5,Thursday,5,50,0,6,4,0,41.64693889,-85.95298889,9,4,0,0,0,2,0
180272,INDIANA,IN,2,2,0,0,2,2,83,5030,ARDMORE,29,5,May,2012,3,Tuesday,7,0,0,3,2,0,38.61247500,-87.53790000,12,1,0,0,0,1,0
180273,INDIANA,IN,1,1,0,0,1,1,127,4960,BURNWELL,7,6,June,2012,5,Thursday,3,16,0,6,4,0,41.56126944,-87.11534167,42,2,0,0,0,1,1
180274,INDIANA,IN,1,1,0,0,1,1,69,2860,ASHFORD,7,6,June,2012,5,Thursday,23,20,1,11,1,865,40.82898333,-85.35236111,11,2,0,0,0,1,0
180275,INDIANA,IN,2,2,0,0,3,3,97,2210,AXIS,27,5,May,2012,1,Sunday,12,35,0,16,5,0,39.85258611,-86.28454722,12,1,0,0,0,1,0
180276,INDIANA,IN,1,1,0,0,1,1,147,830,AUGUSTA,5,6,June,2012,3,Tuesday,9,44,0,6,4,0,38.05500833,-87.14531389,35,1,0,0,0,1,0
180277,INDIANA,IN,2,2,0,0,2,2,3,1580,BALDWIN,11,6,June,2012,2,Monday,15,30,0,14,2,0,41.02289167,-85.26850833,11,1,0,0,0,1,0
180278,INDIANA,IN,1,1,0,0,1,1,181,540,LINCOLN,11,6,June,2012,2,Monday,12,20,1,1,1,1880,40.58338611,-86.95719167,1,1,0,0,0,1,0
180279,INDIANA,IN,1,1,0,0,1,1,81,1650,AUBURN,7,6,June,2012,5,Thursday,2,41,0,4,3,0,39.41075556,-86.05753889,38,2,0,0,0,1,1
180280,INDIANA,IN,2,2,0,0,3,3,95,70,ALBERTVILLE,4,6,June,2012,2,Monday,15,51,0,4,3,0,40.28569722,-85.67152778,12,1,0,0,0,1,0
180281,INDIANA,IN,2,2,0,0,5,5,89,2010,BROWNSBORO,10,6,June,2012,1,Sunday,13,49,0,16,5,0,41.62296111,-87.49985556,12,1,0,0,0,1,1
180282,INDIANA,IN,1,1,0,0,1,1,93,300,BEAR CREEK,12,6,June,2012,3,Tuesday,17,31,0,16,6,0,38.83550556,-86.51935833,39,1,0,0,0,1,1
180283,INDIANA,IN,1,1,0,0,1,1,95,140,ALBERTVILLE,15,5,May,2012,3,Tuesday,19,53,0,16,5,0,40.11145278,-85.63733056,1,1,0,0,0,1,0
180284,INDIANA,IN,1,1,0,0,1,1,47,3310,BROWNS,11,6,June,2012,2,Monday,9,26,0,4,3,0,39.40771389,-84.89117778,42,1,0,0,0,1,0
180285,INDIANA,IN,2,2,0,0,2,2,51,1630,CENTRAL,12,6,June,2012,3,Tuesday,8,49,0,4,3,0,38.32668056,-87.40725278,12,1,0,0,0,1,0
180286,INDIANA,IN,1,1,1,1,1,1,3,1580,BALDWIN,13,6,June,2012,4,Wednesday,21,55,0,6,4,0,41.03837778,-85.07715833,8,2,0,0,0,1,0
180287,INDIANA,IN,2,2,0,0,3,3,157,2480,ARCADE,9,6,June,2012,7,Saturday,16,22,0,6,4,0,40.43329444,-86.73282500,12,1,0,0,0,2,0
180288,INDIANA,IN,1,1,1,1,1,1,157,5200,ARCADE,12,6,June,2012,3,Tuesday,4,50,0,3,2,0,40.46760000,-86.94294444,8,2,0,0,0,1,0
180289,INDIANA,IN,1,1,1,1,1,1,39,1410,ANDALUSIA,7,6,June,2012,5,Thursday,3,36,0,6,4,0,41.66691111,-85.88760556,9,2,0,0,0,1,0
180290,INDIANA,IN,1,1,0,0,2,2,109,2890,ANSLEY,13,6,June,2012,4,Wednesday,19,0,0,6,4,0,39.47346389,-86.28455833,1,1,0,0,0,1,0
180291,INDIANA,IN,2,2,0,0,2,2,143,240,CANEHILL,13,6,June,2012,4,Wednesday,15,28,0,4,3,0,38.74301944,-85.82802778,12,1,0,0,0,2,0
180292,INDIANA,IN,2,2,0,0,3,3,11,5490,BULLOCK,15,6,June,2012,6,Friday,13,41,0,3,2,0,40.11959444,-86.32408889,12,1,0,0,0,1,0
180293,INDIANA,IN,1,1,0,0,1,1,97,2210,AXIS,16,6,June,2012,7,Saturday,3,10,1,1,1,163,39.81249444,-86.27525278,25,2,0,0,0,1,0
180294,INDIANA,IN,1,1,0,0,2,2,165,1500,HERNDON,26,5,May,2012,7,Saturday,15,57,0,15,3,0,39.67606667,-87.42074444,1,1,0,0,0,1,0
180295,INDIANA,IN,1,1,0,0,1,1,143,240,CANEHILL,13,6,June,2012,4,Wednesday,9,36,0,6,4,0,38.75777222,-85.78553333,53,1,0,0,0,1,0
180296,INDIANA,IN,2,2,0,0,2,2,63,560,BOLIGEE,18,6,June,2012,2,Monday,22,9,0,15,3,0,39.86059167,-86.39253056,12,3,0,0,0,1,1
180297,INDIANA,IN,1,1,0,0,1,1,109,2890,ANSLEY,19,6,June,2012,3,Tuesday,16,32,0,6,4,0,39.52905833,-86.28734167,19,1,0,0,0,1,0
180298,INDIANA,IN,2,2,0,0,4,4,89,1730,BROWNSBORO,9,6,June,2012,7,Saturday,21,9,0,14,2,0,41.60185000,-87.41079167,12,3,0,0,0,1,0
180299,INDIANA,IN,3,3,0,0,5,5,157,2480,ARCADE,4,6,June,2012,2,Monday,13,27,0,3,2,0,40.28321667,-86.90372222,12,1,0,0,0,2,0
180301,INDIANA,IN,2,2,0,0,3,3,181,4110,LINCOLN,20,6,June,2012,4,Wednesday,8,59,0,14,2,0,40.75348889,-86.87507500,12,1,0,0,0,1,0
180302,INDIANA,IN,1,1,0,0,2,2,37,2260,BRADFORD,11,5,May,2012,6,Friday,17,40,0,6,4,0,38.45896667,-86.82580833,42,1,0,0,0,1,0
180303,INDIANA,IN,2,2,0,0,6,6,65,3450,CYPRESS,29,5,May,2012,3,Tuesday,20,27,0,4,3,0,39.93188333,-85.46238056,12,5,0,0,0,1,0
180304,INDIANA,IN,2,2,0,0,6,6,157,5200,ARCADE,7,6,June,2012,5,Thursday,15,34,0,6,4,0,40.52812222,-86.83885000,12,1,0,0,0,1,1
180305,INDIANA,IN,1,1,0,0,4,4,11,2630,BULLOCK,18,6,June,2012,2,Monday,4,40,1,11,1,1410,40.06359722,-86.49385833,24,2,0,0,0,1,0
180306,INDIANA,IN,1,1,0,0,2,2,65,4510,CYPRESS,19,6,June,2012,3,Tuesday,14,24,0,4,3,0,39.85827500,-85.57635833,42,1,0,0,0,1,0
180307,INDIANA,IN,1,1,0,0,3,3,119,4630,BELLAMY,20,6,June,2012,4,Wednesday,23,4,0,3,2,1250,39.31028056,-86.74229444,35,2,0,0,0,2,0
180308,INDIANA,IN,2,2,0,0,2,2,105,380,MARION,20,6,June,2012,4,Wednesday,9,36,0,4,3,0,39.11544444,-86.62523333,12,1,0,0,0,1,0
180309,INDIANA,IN,1,1,0,0,1,1,89,2760,BROWNSBORO,22,6,June,2012,6,Friday,19,3,0,6,5,0,41.25679444,-87.39053889,34,1,0,0,0,1,1
180310,INDIANA,IN,2,2,0,0,3,3,183,840,FORT STEWART,22,6,June,2012,6,Friday,18,15,0,3,2,0,41.24101111,-85.33127222,12,1,0,0,0,1,0
180312,INDIANA,IN,1,1,1,1,1,1,91,2990,DAYTON,22,6,June,2012,6,Friday,8,10,0,16,5,0,41.68045000,-86.90345556,8,1,0,0,0,1,0
180313,INDIANA,IN,2,2,0,0,3,3,95,140,ALBERTVILLE,22,6,June,2012,6,Friday,15,44,0,16,5,0,40.09051944,-85.73953056,12,1,0,0,0,1,0
180315,INDIANA,IN,2,2,0,0,2,2,141,3630,BEE BRANCH,23,6,June,2012,7,Saturday,21,59,0,4,3,0,41.55191389,-86.42709167,12,2,0,0,0,2,1
180316,INDIANA,IN,2,2,0,0,2,2,95,3760,ALBERTVILLE,22,6,June,2012,6,Friday,16,56,0,6,4,0,40.26286389,-85.61425556,12,1,0,0,0,1,0
180317,INDIANA,IN,3,3,0,0,8,8,89,2515,BROWNSBORO,12,6,June,2012,3,Tuesday,16,59,1,11,1,128,41.57275833,-87.28106667,12,1,0,0,0,1,1
180318,INDIANA,IN,3,3,0,0,3,3,51,3830,CENTRAL,16,6,June,2012,7,Saturday,0,56,0,4,3,0,38.26763611,-87.66791667,12,2,0,0,0,1,1
180319,INDIANA,IN,1,1,0,0,2,2,145,4470,BALD KNOB,22,6,June,2012,6,Friday,11,32,1,1,1,1200,39.48853333,-85.68330556,31,1,0,0,0,1,0
180320,INDIANA,IN,1,1,0,0,1,1,157,2480,ARCADE,5,6,June,2012,3,Tuesday,15,56,0,16,6,0,40.40605000,-86.82881111,33,1,0,0,0,1,0
180321,INDIANA,IN,1,1,0,0,3,3,109,2890,ANSLEY,25,6,June,2012,2,Monday,17,6,0,6,5,0,39.49178611,-86.60347500,42,1,0,0,0,1,0
180322,INDIANA,IN,2,2,0,0,3,3,75,4080,BEAVERTON,19,6,June,2012,3,Tuesday,18,45,0,4,3,0,40.35066944,-85.16359167,12,1,0,0,0,1,0
180323,INDIANA,IN,2,2,0,0,3,3,79,5000,COURTLAND,18,6,June,2012,2,Monday,18,0,0,4,3,0,38.98753889,-85.61183056,12,1,0,0,0,1,1
180324,INDIANA,IN,2,2,0,0,3,3,149,2420,BELLEVILLE,25,6,June,2012,2,Monday,10,42,0,14,2,0,41.29566944,-86.62071111,12,1,0,0,0,1,0
180325,INDIANA,IN,1,1,0,0,2,2,103,3940,DANVILLE,23,6,June,2012,7,Saturday,11,46,0,6,4,0,40.65771111,-86.02377500,11,1,0,0,0,1,0
180326,INDIANA,IN,2,2,0,0,4,4,133,950,ARLEY,26,6,June,2012,3,Tuesday,16,16,1,1,1,300,39.48659444,-86.99915556,12,1,0,0,0,1,0
180327,INDIANA,IN,1,1,1,1,1,1,63,251,BOLIGEE,24,6,June,2012,1,Sunday,2,5,0,6,4,0,39.76226389,-86.43342500,9,2,0,0,0,1,1
180328,INDIANA,IN,2,1,1,1,1,1,97,2210,AXIS,25,6,June,2012,2,Monday,18,32,1,11,1,827,39.77606944,-86.14154722,8,1,0,0,0,1,0
180329,INDIANA,IN,2,2,0,0,2,2,157,2480,ARCADE,13,6,June,2012,4,Wednesday,21,3,0,15,3,0,99.99990000,999.99990000,12,1,0,0,0,1,0
180330,INDIANA,IN,1,1,0,0,1,1,123,4820,ALEXANDER CITY,24,6,June,2012,1,Sunday,12,30,1,1,1,780,38.22721389,-86.59764444,21,1,0,0,0,1,0
180331,INDIANA,IN,2,2,0,0,3,3,3,1580,BALDWIN,23,6,June,2012,7,Saturday,10,58,0,16,5,0,41.12729444,-85.19265278,12,1,0,0,0,1,0
180332,INDIANA,IN,1,1,0,0,1,1,93,300,BEAR CREEK,27,6,June,2012,4,Wednesday,20,24,0,6,5,0,99.99990000,999.99990000,35,1,0,0,0,1,1
180333,INDIANA,IN,2,2,0,0,2,2,99,470,BEATRICE,13,6,June,2012,4,Wednesday,6,25,0,3,2,0,41.45300000,-86.09664444,12,1,0,0,0,1,0
180334,INDIANA,IN,3,3,0,0,8,8,181,4110,LINCOLN,29,6,June,2012,6,Friday,15,49,0,3,2,0,40.75060000,-87.04007222,12,1,0,0,0,4,0
180335,INDIANA,IN,1,1,0,0,1,1,143,4400,CANEHILL,30,6,June,2012,7,Saturday,2,14,0,6,4,0,38.64587500,-85.82143056,1,2,0,0,0,1,1
180336,INDIANA,IN,1,1,0,0,2,2,51,3690,CENTRAL,28,6,June,2012,5,Thursday,17,42,0,4,3,0,38.33720278,-87.33606944,42,1,0,0,0,1,1
180337,INDIANA,IN,2,2,0,0,2,2,5,990,BAKER HILL,29,6,June,2012,6,Friday,10,49,0,4,3,0,39.12610000,-86.01550833,12,1,0,0,0,1,0
180338,INDIANA,IN,1,1,1,1,3,3,163,1480,AVERA,12,5,May,2012,7,Saturday,12,22,0,16,5,0,37.98043611,-87.57495000,8,1,0,0,0,1,0
180339,INDIANA,IN,1,1,0,0,2,2,181,4110,LINCOLN,15,5,May,2012,3,Tuesday,15,9,0,4,3,0,40.70643056,-86.87194444,42,1,0,0,0,1,0
180340,INDIANA,IN,1,1,0,0,2,2,163,1480,AVERA,18,5,May,2012,6,Friday,20,24,0,6,5,0,38.05270833,-87.49132500,34,2,0,0,0,1,0
180341,INDIANA,IN,2,2,0,0,2,2,163,1480,AVERA,12,6,June,2012,3,Tuesday,17,30,0,4,3,0,37.99169444,-87.52511944,5,1,0,0,0,1,0
180342,INDIANA,IN,2,2,0,0,3,3,97,2210,AXIS,30,6,June,2012,7,Saturday,18,25,0,16,5,0,39.71659722,-86.23336389,12,1,0,0,0,1,0
180343,INDIANA,IN,2,2,0,0,2,2,25,1460,BARLOW BEND,30,6,June,2012,7,Saturday,9,35,0,4,3,0,38.33041111,-86.61972500,12,1,0,0,0,1,0
180344,INDIANA,IN,2,2,0,0,2,2,63,3990,BOLIGEE,29,6,June,2012,6,Friday,1,6,1,11,1,668,39.67239444,-86.35919722,12,3,0,0,0,1,0
180345,INDIANA,IN,1,1,0,0,2,2,153,4750,BONAIRE,5,7,July,2012,5,Thursday,0,50,0,6,4,0,39.15768611,-87.39018889,1,2,0,0,0,1,1
180346,INDIANA,IN,1,1,0,0,1,1,55,4800,ATTALLA,2,7,July,2012,2,Monday,14,15,0,4,3,0,39.03447778,-87.03041389,42,1,0,0,0,1,0
180347,INDIANA,IN,2,2,0,0,3,3,89,1730,BROWNSBORO,30,6,June,2012,7,Saturday,10,35,0,16,5,0,41.56596667,-87.39365833,12,1,0,0,0,1,0
180348,INDIANA,IN,2,2,0,0,3,3,99,470,BEATRICE,16,6,June,2012,7,Saturday,15,51,0,3,2,0,41.46061944,-86.14651667,12,1,0,0,0,1,0
180349,INDIANA,IN,1,1,0,0,1,1,39,3380,ANDALUSIA,5,7,July,2012,5,Thursday,7,0,0,6,4,0,41.48815278,-86.03239167,34,1,0,0,0,1,0
180351,INDIANA,IN,2,2,0,0,2,2,39,1830,ANDALUSIA,5,7,July,2012,5,Thursday,14,51,0,4,3,0,41.49315278,-85.83481944,12,1,0,0,0,1,0
180352,INDIANA,IN,1,1,0,0,2,2,99,4010,BEATRICE,29,6,June,2012,6,Friday,20,50,0,6,4,0,41.30306389,-86.33271111,24,5,0,0,0,2,0
180353,INDIANA,IN,1,1,0,0,1,1,85,5110,BENTON,5,7,July,2012,5,Thursday,21,16,0,6,4,0,99.99990000,999.99990000,30,5,0,0,0,1,1
180354,INDIANA,IN,2,2,0,0,6,6,89,2120,BROWNSBORO,4,7,July,2012,4,Wednesday,10,9,0,15,3,0,41.55795278,-87.24079167,12,1,0,0,0,1,0
180355,INDIANA,IN,1,1,0,0,2,2,85,3960,BENTON,5,7,July,2012,5,Thursday,11,48,0,3,2,0,41.21460278,-85.75595556,1,1,0,0,0,1,0
180356,INDIANA,IN,1,1,0,0,2,2,39,480,ANDALUSIA,7,7,July,2012,7,Saturday,4,30,0,6,4,0,41.69018333,-85.83146944,34,2,0,0,0,1,0
180357,INDIANA,IN,2,1,0,0,1,1,39,1410,ANDALUSIA,7,7,July,2012,7,Saturday,3,48,0,3,2,0,41.68865000,-86.04007222,14,2,0,0,0,1,1
180358,INDIANA,IN,1,1,0,0,2,2,39,1830,ANDALUSIA,7,7,July,2012,7,Saturday,8,59,0,4,3,0,41.46935833,-85.83984722,42,1,0,0,0,1,0
180359,INDIANA,IN,2,2,0,0,2,2,157,2480,ARCADE,5,7,July,2012,5,Thursday,12,40,0,16,5,0,40.41255556,-86.80979722,12,1,0,0,0,1,0
180360,INDIANA,IN,4,4,0,0,11,11,29,1880,BORDEN SPRINGS,4,7,July,2012,4,Wednesday,18,28,1,11,1,160,39.12378889,-84.83340556,12,1,0,0,0,1,0
180361,INDIANA,IN,1,1,0,0,1,1,79,3670,COURTLAND,17,6,June,2012,1,Sunday,3,23,0,6,4,0,39.06148056,-85.78806944,53,2,0,0,0,1,1
180362,INDIANA,IN,1,1,0,0,2,2,89,2972,BROWNSBORO,10,7,July,2012,3,Tuesday,4,6,0,16,5,0,41.51501667,-87.36516667,42,2,0,0,0,1,1
180363,INDIANA,IN,2,2,0,0,3,3,39,5050,ANDALUSIA,11,7,July,2012,4,Wednesday,7,29,0,6,4,0,41.53640278,-85.98233889,12,1,0,0,0,1,0
180364,INDIANA,IN,2,2,0,0,2,2,71,2930,BRIDGEPORT,5,7,July,2012,5,Thursday,18,39,0,3,2,0,38.87509722,-86.19648889,12,1,0,0,0,1,0
180365,INDIANA,IN,2,2,0,0,4,4,175,3906,CADWELL,30,6,June,2012,7,Saturday,19,32,0,15,3,0,38.48994722,-86.00297222,12,1,0,0,0,1,0
180366,INDIANA,IN,2,2,0,0,3,3,3,1580,BALDWIN,4,7,July,2012,4,Wednesday,12,12,0,16,5,0,41.05750556,-85.18976944,12,1,0,0,0,2,0
180367,INDIANA,IN,1,1,0,0,2,2,3,1580,BALDWIN,10,7,July,2012,3,Tuesday,22,0,0,6,5,0,41.18113056,-85.00793889,38,5,0,0,0,2,0
180368,INDIANA,IN,1,1,0,0,2,2,15,604,ANNISTON,12,7,July,2012,5,Thursday,23,18,0,6,4,0,40.46520833,-86.43031389,1,2,0,0,0,1,1
180369,INDIANA,IN,2,2,0,0,4,4,89,2760,BROWNSBORO,6,7,July,2012,6,Friday,21,48,0,15,3,0,41.28965278,-87.37487222,12,2,0,0,0,1,0
180370,INDIANA,IN,1,1,0,0,1,1,89,2760,BROWNSBORO,8,7,July,2012,1,Sunday,13,47,0,6,4,0,41.30805556,-87.39651667,42,1,0,0,0,1,0
180371,INDIANA,IN,2,2,0,0,1,1,85,3050,BENTON,13,7,July,2012,6,Friday,2,46,0,16,4,0,41.43511944,-85.84593611,12,2,0,0,0,1,1
180372,INDIANA,IN,2,2,0,0,2,2,53,1750,ATMORE,13,7,July,2012,6,Friday,11,2,0,14,2,0,40.48788611,-85.62342222,12,1,0,0,0,1,0
180373,INDIANA,IN,1,1,0,0,2,2,21,460,CHILTON,14,7,July,2012,7,Saturday,1,15,1,1,1,250,39.44890278,-87.11934167,35,2,0,0,0,1,0
180374,INDIANA,IN,1,1,0,0,1,1,97,2210,AXIS,13,7,July,2012,6,Friday,0,32,0,16,5,0,39.72174444,-86.03982500,33,2,0,0,0,1,1
180375,INDIANA,IN,1,1,4,4,1,1,87,4490,ARMSTRONG,9,7,July,2012,2,Monday,12,17,0,4,3,0,41.72358333,-85.55727778,49,1,0,0,0,1,0
180376,INDIANA,IN,1,1,0,0,2,2,97,2210,AXIS,13,7,July,2012,6,Friday,14,25,1,11,1,1123,39.78280278,-86.14101111,1,1,0,0,0,2,0
180377,INDIANA,IN,2,2,0,0,5,5,159,4860,FARRAR,14,7,July,2012,7,Saturday,20,12,0,4,3,0,40.24758889,-86.04116389,12,1,0,0,0,1,0
180378,INDIANA,IN,1,1,0,0,1,1,3,1580,BALDWIN,14,7,July,2012,7,Saturday,15,6,0,16,5,0,41.03895833,-85.11297500,42,1,0,0,0,1,0
180379,INDIANA,IN,1,1,0,0,1,1,61,2540,BELLWOOD,15,7,July,2012,1,Sunday,22,0,0,6,4,0,38.32856389,-86.01672500,42,2,0,0,0,1,0
180380,INDIANA,IN,1,1,0,0,3,3,51,4060,CENTRAL,18,7,July,2012,4,Wednesday,5,53,0,6,4,0,38.32681389,-87.92684167,52,1,0,0,0,2,0
180381,INDIANA,IN,1,1,0,0,2,2,157,2480,ARCADE,17,7,July,2012,3,Tuesday,0,36,0,16,5,0,40.41335833,-86.89622500,24,2,0,0,0,1,1
180382,INDIANA,IN,2,2,0,0,3,3,57,5180,BANKSTON,10,7,July,2012,3,Tuesday,15,26,0,3,2,0,40.09025556,-86.12804722,12,1,0,0,0,2,0
180383,INDIANA,IN,2,2,0,0,2,2,3,1580,BALDWIN,18,7,July,2012,4,Wednesday,6,50,0,6,5,0,41.00130556,-85.28388056,12,1,0,0,0,2,1