ST_CASE,State Name,State Abbreviation,# of Vehicle involved,Parked_Vehicles_Involved,Pedestrains,Person_Not_in_Motor_Vehicle,Persons_in_motor_vehicle,Total_Persons_in_accident,COUNTY,CITY,City_County_Name,Calendar_DAY,MONTH,Month_name,YEAR,DAY_WEEK,Day_Week_desc,HOUR,MINUTE,NHS_Desc,trafficway,Route,MILEPT,LATITUDE,LONGITUD,First_Crash_event,Light_cond_desc,Weather_condition,School_bus_involved,Crash_cause,FATALS,DRUNK_DR
180384,INDIANA,IN,2,2,0,0,2,2,157,2480,ARCADE,18,7,July,2012,4,Wednesday,15,6,0,4,3,0,40.48368056,-86.82494722,12,1,0,0,0,1,1
180385,INDIANA,IN,1,1,1,1,2,2,97,2210,AXIS,8,5,May,2012,3,Tuesday,13,19,0,16,5,0,39.78196389,-86.00365000,8,1,0,0,0,1,0
180386,INDIANA,IN,1,1,0,0,1,1,95,3910,ALBERTVILLE,14,6,June,2012,5,Thursday,22,46,0,4,3,0,39.96833889,-85.75818611,30,2,0,0,0,1,0
180387,INDIANA,IN,1,1,0,0,1,1,145,4470,BALD KNOB,21,6,June,2012,5,Thursday,3,0,1,11,1,1005,39.66801111,-85.95123889,1,2,0,0,0,1,1
180388,INDIANA,IN,2,2,0,0,2,2,97,2210,AXIS,12,7,July,2012,5,Thursday,21,34,0,16,5,0,39.78342500,-86.15740556,12,2,0,0,0,1,0
180389,INDIANA,IN,2,2,0,0,2,2,151,160,FLIPPEN,13,7,July,2012,6,Friday,15,19,0,15,3,0,41.66270000,-84.99963333,12,1,0,0,0,1,0
180390,INDIANA,IN,2,2,0,0,5,5,95,140,ALBERTVILLE,16,7,July,2012,2,Monday,20,45,0,16,5,0,40.11814722,-85.67883611,12,5,0,0,0,1,0
180391,INDIANA,IN,1,1,0,0,1,1,87,2500,ARMSTRONG,27,6,June,2012,4,Wednesday,14,56,0,6,4,0,41.69486667,-85.35376944,11,1,0,0,0,1,0
180392,INDIANA,IN,1,1,0,0,1,1,175,4340,CADWELL,14,7,July,2012,7,Saturday,3,0,0,4,3,0,38.62138056,-86.18826111,1,2,0,0,0,1,1
180393,INDIANA,IN,1,1,0,0,1,1,87,2500,ARMSTRONG,18,7,July,2012,4,Wednesday,19,51,0,6,4,0,41.68556389,-85.25129167,1,1,0,0,0,1,1
180394,INDIANA,IN,2,2,0,0,5,5,91,5240,DAYTON,19,7,July,2012,5,Thursday,7,28,0,6,5,0,41.54434444,-86.85279722,12,4,0,0,0,1,1
180395,INDIANA,IN,3,3,0,0,3,3,53,1750,ATMORE,20,7,July,2012,6,Friday,15,22,1,1,1,580,40.46571111,-85.55046667,12,1,0,0,0,1,0
180396,INDIANA,IN,1,1,0,0,1,1,51,2070,CENTRAL,21,7,July,2012,7,Saturday,2,30,0,4,3,0,38.47094167,-87.49511111,42,2,0,0,0,1,0
180397,INDIANA,IN,2,2,0,0,2,2,35,3360,BROOKLYN,21,7,July,2012,7,Saturday,19,45,0,16,5,0,40.19341944,-85.37076389,12,1,0,0,0,1,0
180398,INDIANA,IN,1,1,0,0,1,1,23,4250,BLADON SPRINGS,22,7,July,2012,1,Sunday,14,56,0,4,3,0,40.40516111,-86.52535278,42,1,0,0,0,1,0
180399,INDIANA,IN,1,1,0,0,1,1,29,5190,BORDEN SPRINGS,23,7,July,2012,2,Monday,3,50,0,4,3,0,39.27645833,-84.89302778,52,2,0,0,0,1,0
180400,INDIANA,IN,3,3,0,0,3,3,89,1310,BROWNSBORO,11,7,July,2012,4,Wednesday,4,23,0,15,3,0,41.65901111,-87.46453056,12,4,0,0,0,1,0
180401,INDIANA,IN,1,1,0,0,1,1,97,2210,AXIS,22,7,July,2012,1,Sunday,6,52,0,16,5,0,39.82909722,-86.32287778,34,2,0,0,0,1,1
180402,INDIANA,IN,1,1,0,0,1,1,73,4100,ARGO,23,7,July,2012,2,Monday,16,0,0,16,4,0,41.08601944,-87.14423333,34,1,0,0,0,1,1
180403,INDIANA,IN,1,1,0,0,1,1,163,1480,AVERA,6,7,July,2012,6,Friday,23,0,0,6,5,0,37.92131667,-87.54120833,42,2,0,0,0,1,1
180404,INDIANA,IN,2,2,0,0,4,4,181,540,LINCOLN,23,7,July,2012,2,Monday,17,59,0,6,4,0,40.58316667,-86.92538611,12,1,0,0,0,1,0
180405,INDIANA,IN,2,2,0,0,2,2,5,990,BAKER HILL,20,7,July,2012,6,Friday,22,44,0,3,2,0,39.20181667,-85.86305278,12,2,0,0,0,1,0
180406,INDIANA,IN,1,1,0,0,1,1,87,2500,ARMSTRONG,21,7,July,2012,7,Saturday,20,12,0,4,3,0,41.61327778,-85.40363611,34,1,0,0,0,1,1
180407,INDIANA,IN,2,2,0,0,2,2,89,1730,BROWNSBORO,16,7,July,2012,2,Monday,21,20,0,15,3,0,41.54038056,-87.33626944,12,3,0,0,0,1,0
180408,INDIANA,IN,1,1,0,0,1,1,47,550,BROWNS,22,7,July,2012,1,Sunday,16,58,0,4,3,0,39.44191111,-85.15061944,24,1,0,0,0,1,0
180409,INDIANA,IN,1,1,0,0,4,4,93,300,BEAR CREEK,28,7,July,2012,7,Saturday,23,10,0,16,5,0,38.91258889,-86.47581667,30,2,0,0,0,3,1
180410,INDIANA,IN,1,1,0,0,1,1,1,1180,AUTAUGA,28,7,July,2012,7,Saturday,17,19,0,3,2,0,40.83005000,-85.28439444,34,1,0,0,0,1,0
180411,INDIANA,IN,1,1,1,1,1,1,63,4720,BOLIGEE,20,7,July,2012,6,Friday,4,50,0,3,2,0,39.64620000,-86.60374722,8,2,0,0,0,1,0
180412,INDIANA,IN,2,2,0,0,4,4,153,1510,BONAIRE,26,7,July,2012,5,Thursday,17,13,0,3,2,0,39.22291111,-87.38903889,12,1,0,0,0,1,1
180413,INDIANA,IN,1,1,0,0,1,1,95,140,ALBERTVILLE,29,7,July,2012,1,Sunday,20,8,0,6,4,0,40.02109444,-85.65569444,23,1,0,0,0,1,0
180414,INDIANA,IN,2,2,0,0,3,3,97,2210,AXIS,25,7,July,2012,4,Wednesday,21,32,0,15,3,0,39.64165556,-86.20213611,12,3,0,0,0,1,0
180415,INDIANA,IN,2,2,0,0,3,3,33,5130,CHEROKEE,27,7,July,2012,6,Friday,12,51,0,14,2,0,41.43337222,-85.02533056,12,1,0,0,0,1,0
180416,INDIANA,IN,2,2,0,0,2,2,13,3390,BOLLING,1,8,August,2012,4,Wednesday,6,45,0,4,3,0,39.19111667,-86.15516667,12,1,0,0,0,1,0
180418,INDIANA,IN,1,1,0,0,4,4,5,990,BAKER HILL,27,7,July,2012,6,Friday,12,2,1,1,1,581,39.05533333,-85.91701667,35,1,0,0,0,1,0
180419,INDIANA,IN,1,1,0,0,2,2,125,3950,BROOKWOOD,29,7,July,2012,1,Sunday,17,50,0,4,3,0,38.50290278,-87.25619167,30,1,0,0,0,1,0
180420,INDIANA,IN,3,1,0,0,1,1,89,1310,BROWNSBORO,1,8,August,2012,4,Wednesday,15,50,0,16,5,0,41.61999167,-87.48922222,14,1,0,0,0,1,0
180421,INDIANA,IN,1,1,1,1,1,1,87,4870,ARMSTRONG,2,8,August,2012,5,Thursday,5,13,0,6,4,0,41.53953333,-85.51270556,9,2,0,0,0,1,0
180422,INDIANA,IN,2,1,0,0,3,3,97,2210,AXIS,29,5,May,2012,3,Tuesday,14,50,1,11,1,942,39.73191667,-86.03264722,14,1,0,0,0,1,0
180423,INDIANA,IN,1,1,0,0,1,1,61,1030,BELLWOOD,29,7,July,2012,1,Sunday,3,1,0,4,3,0,38.21213889,-86.05366389,42,2,0,0,0,1,1
180424,INDIANA,IN,1,1,0,0,1,1,177,4120,LEE,18,7,July,2012,4,Wednesday,23,3,0,16,5,0,39.86102222,-84.87422778,3,2,0,0,0,1,0
180425,INDIANA,IN,2,2,0,0,2,2,19,4420,CEDAR BLUFF,6,8,August,2012,2,Monday,5,18,0,4,3,0,38.44419444,-85.85516667,12,2,0,0,0,1,0
180426,INDIANA,IN,1,1,0,0,1,1,129,4050,BIGBEE,6,8,August,2012,2,Monday,9,0,1,1,1,71,38.19044167,-87.83435278,1,1,0,0,0,1,0
180427,INDIANA,IN,1,1,0,0,1,1,157,2480,ARCADE,5,8,August,2012,1,Sunday,20,0,0,16,5,0,40.41733056,-86.89572778,33,1,0,0,0,1,0
180428,INDIANA,IN,5,5,0,0,10,10,3,1580,BALDWIN,27,7,July,2012,6,Friday,15,20,0,14,2,0,41.12534444,-85.21131667,12,1,0,0,0,1,0
180429,INDIANA,IN,3,3,0,0,5,5,97,2210,AXIS,20,7,July,2012,6,Friday,14,30,1,11,1,980,39.69133889,-85.98601389,12,1,0,0,0,1,0
180430,INDIANA,IN,1,1,0,0,2,2,97,2210,AXIS,27,7,July,2012,6,Friday,18,38,0,16,5,0,39.78031944,-86.27627222,1,1,0,0,0,1,0
180432,INDIANA,IN,2,2,0,0,2,2,113,250,COTTONTON,5,8,August,2012,1,Sunday,17,37,0,4,3,0,41.33625556,-85.22670278,12,1,0,0,0,1,0
180433,INDIANA,IN,1,1,0,0,1,1,177,4120,LEE,2,8,August,2012,5,Thursday,21,33,0,6,4,0,39.80695833,-84.95813333,31,2,0,0,0,1,1
180434,INDIANA,IN,1,1,0,0,1,1,53,2850,ATMORE,15,7,July,2012,1,Sunday,8,20,0,6,4,0,40.64804167,-85.77125000,42,1,0,0,0,1,1
180435,INDIANA,IN,1,1,0,0,1,1,97,2210,AXIS,20,7,July,2012,6,Friday,0,12,0,16,5,0,39.72305833,-86.13873889,19,2,0,0,0,1,0
180436,INDIANA,IN,2,2,0,0,2,2,97,2210,AXIS,29,7,July,2012,1,Sunday,23,20,1,11,1,279,39.92401111,-86.20770556,12,2,0,0,0,1,1
180437,INDIANA,IN,2,2,0,0,2,2,97,2210,AXIS,3,8,August,2012,6,Friday,12,45,0,16,5,0,39.91982500,-86.14586667,12,1,0,0,0,1,0
180438,INDIANA,IN,2,2,0,0,4,4,97,2210,AXIS,4,8,August,2012,7,Saturday,15,50,0,16,5,0,39.77940556,-86.01323056,12,1,0,0,0,1,0
180439,INDIANA,IN,2,2,0,0,4,4,91,2570,DAYTON,8,8,August,2012,4,Wednesday,13,0,0,4,3,0,41.64928056,-86.64050000,12,1,0,0,0,2,0
180440,INDIANA,IN,1,1,0,0,3,3,159,4450,FARRAR,3,8,August,2012,6,Friday,3,50,0,16,5,0,40.38483056,-86.08862500,42,2,0,0,0,1,0
180441,INDIANA,IN,3,3,0,0,6,6,95,140,ALBERTVILLE,8,8,August,2012,4,Wednesday,13,26,0,15,3,0,40.13531389,-85.65995000,12,1,0,0,0,1,0
180442,INDIANA,IN,2,2,0,0,6,6,21,460,CHILTON,2,8,August,2012,5,Thursday,13,4,0,4,3,0,39.44591667,-87.12634167,12,1,0,0,0,1,0
180443,INDIANA,IN,2,2,0,0,4,4,59,1890,FRANKLIN,5,7,July,2012,5,Thursday,16,58,0,6,4,0,39.81279167,-85.87819167,12,1,0,0,0,1,0
180444,INDIANA,IN,1,1,0,0,1,1,59,1570,FRANKLIN,9,7,July,2012,2,Monday,11,11,0,6,4,0,39.85732222,-85.84090833,41,1,0,0,0,1,0
180445,INDIANA,IN,2,2,0,0,2,2,167,4840,ADRIAN,8,8,August,2012,4,Wednesday,22,20,0,16,5,0,39.45562500,-87.39768611,12,2,0,0,0,1,1
180446,INDIANA,IN,4,4,0,0,5,5,79,3670,COURTLAND,24,7,July,2012,3,Tuesday,15,26,0,4,3,0,39.09950833,-85.73915556,12,1,0,0,0,1,0
180447,INDIANA,IN,1,1,0,0,1,1,177,640,LEE,30,7,July,2012,2,Monday,23,45,1,1,1,1350,39.85313056,-85.18543333,1,2,0,0,0,1,0
180448,INDIANA,IN,3,3,0,0,3,3,129,3340,BIGBEE,7,8,August,2012,3,Tuesday,10,30,0,15,3,0,37.92913333,-87.92953611,12,1,0,0,0,1,0
180449,INDIANA,IN,1,1,0,0,1,1,23,1640,BLADON SPRINGS,12,8,August,2012,1,Sunday,12,12,0,16,5,0,40.27600000,-86.52465833,31,1,0,0,0,1,0
180450,INDIANA,IN,1,1,0,0,1,1,57,3590,BANKSTON,12,8,August,2012,1,Sunday,2,0,0,4,3,0,40.06554167,-85.87000833,53,2,0,0,0,1,1
180451,INDIANA,IN,2,2,0,0,2,2,119,4630,BELLAMY,10,8,August,2012,6,Friday,16,55,0,4,3,0,39.30581111,-86.83791667,12,1,0,0,0,1,1
180452,INDIANA,IN,1,1,1,1,1,1,181,5400,LINCOLN,13,8,August,2012,2,Monday,6,27,0,14,2,0,40.75415556,-87.04155000,15,2,0,0,0,1,0
180453,INDIANA,IN,2,2,0,0,2,2,97,2210,AXIS,3,8,August,2012,6,Friday,11,28,0,16,5,0,39.71431111,-86.23784167,12,1,0,0,0,1,0
180454,INDIANA,IN,3,3,0,0,3,3,123,4820,ALEXANDER CITY,9,8,August,2012,5,Thursday,16,26,0,4,3,25,37.96329722,-86.74812500,12,1,0,0,0,1,0
180455,INDIANA,IN,1,1,0,0,4,4,3,3480,BALDWIN,12,8,August,2012,1,Sunday,15,44,1,11,1,204,41.07696111,-84.99099167,1,1,0,0,0,1,0
180456,INDIANA,IN,2,2,0,0,3,3,183,980,FORT STEWART,8,8,August,2012,4,Wednesday,17,5,0,4,3,0,41.26222222,-85.46288889,12,1,0,0,0,1,0
180457,INDIANA,IN,1,1,0,0,1,1,155,3900,IRWIN,4,7,July,2012,4,Wednesday,2,56,0,4,3,0,38.87170556,-84.79154167,35,2,0,0,0,1,1
180458,INDIANA,IN,1,1,0,0,2,2,35,3360,BROOKLYN,9,4,April,2012,2,Monday,8,45,0,6,4,0,40.16093611,-85.34842778,3,1,0,0,0,1,0
180459,INDIANA,IN,1,1,0,0,2,2,11,5490,BULLOCK,16,8,August,2012,5,Thursday,5,39,0,14,2,0,39.96168333,-86.24688333,33,2,0,0,0,2,0
180460,INDIANA,IN,1,1,0,0,1,1,177,4120,LEE,17,8,August,2012,6,Friday,6,5,0,6,4,0,39.91003611,-84.83789722,58,2,0,0,0,1,1
180461,INDIANA,IN,2,2,0,0,2,2,77,2830,ANDERSON,12,8,August,2012,1,Sunday,0,21,0,3,2,0,38.80854167,-85.38406667,12,2,0,0,0,1,0
180462,INDIANA,IN,1,1,0,0,1,1,91,2380,DAYTON,29,7,July,2012,1,Sunday,15,32,0,3,2,0,41.45573889,-86.63937500,1,1,0,0,0,1,0
180463,INDIANA,IN,1,1,1,1,1,1,137,280,ALCO,16,8,August,2012,5,Thursday,4,31,0,4,3,0,39.19220278,-85.20722222,8,2,0,0,0,1,0
180464,INDIANA,IN,1,1,0,0,1,1,151,190,FLIPPEN,22,8,August,2012,4,Wednesday,0,58,0,6,4,0,41.54133333,-85.13023889,24,2,0,0,0,1,1
180465,INDIANA,IN,2,2,0,0,3,3,97,2210,AXIS,20,8,August,2012,2,Monday,20,15,0,16,5,0,39.81813056,-86.10560833,12,5,0,0,0,1,1
180466,INDIANA,IN,2,2,0,0,4,4,57,170,BANKSTON,22,8,August,2012,4,Wednesday,20,5,0,4,3,0,40.17648611,-85.93930000,12,5,0,0,0,1,0
180467,INDIANA,IN,2,2,0,0,2,2,87,2500,ARMSTRONG,14,8,August,2012,3,Tuesday,19,13,0,6,4,0,41.69961667,-85.42187222,12,1,0,0,0,1,0
180468,INDIANA,IN,1,1,0,0,1,1,149,2420,BELLEVILLE,15,8,August,2012,4,Wednesday,17,4,0,4,3,0,41.21136389,-86.58840556,34,1,0,0,0,1,1
180469,INDIANA,IN,2,2,0,0,2,2,127,4872,BURNWELL,20,8,August,2012,2,Monday,16,15,0,3,2,0,41.68061389,-86.93238333,12,1,0,0,0,1,0
180470,INDIANA,IN,1,1,0,0,2,2,39,1830,ANDALUSIA,22,8,August,2012,4,Wednesday,20,48,0,3,2,0,41.44303611,-85.92645556,1,2,0,0,0,1,1
180471,INDIANA,IN,1,1,0,0,1,1,73,4090,ARGO,22,8,August,2012,4,Wednesday,23,30,0,6,4,0,40.77900278,-87.16329167,43,2,0,0,0,1,1
180472,INDIANA,IN,1,1,1,1,1,1,91,5240,DAYTON,15,8,August,2012,4,Wednesday,12,54,1,1,1,380,41.58777778,-86.91405278,8,1,0,0,0,1,0
180473,INDIANA,IN,2,2,0,0,2,2,135,4920,ASH FLAT,14,8,August,2012,3,Tuesday,9,55,0,4,3,0,40.23749444,-84.87028333,12,1,0,0,0,1,0
180474,INDIANA,IN,1,1,0,0,1,1,37,350,BRADFORD,15,8,August,2012,4,Wednesday,6,37,0,4,3,0,38.31945278,-86.68730556,32,4,0,0,0,1,0
180475,INDIANA,IN,13,13,0,0,22,22,73,1206,ARGO,18,8,August,2012,7,Saturday,7,0,1,1,1,2277,41.11917778,-87.26538889,12,1,0,0,0,1,0
180476,INDIANA,IN,2,2,0,0,2,2,75,4040,BEAVERTON,23,8,August,2012,5,Thursday,21,30,0,4,3,0,40.37633889,-85.10016944,12,2,0,0,0,1,0
180477,INDIANA,IN,2,2,0,0,2,2,91,2990,DAYTON,16,8,August,2012,5,Thursday,0,50,1,1,1,435,41.73878056,-86.78429167,12,2,0,0,0,2,1
180478,INDIANA,IN,1,1,0,0,2,2,61,1030,BELLWOOD,21,8,August,2012,3,Tuesday,15,28,0,6,4,0,38.32692500,-86.14785833,43,1,0,0,0,1,0
180479,INDIANA,IN,1,1,0,0,1,1,35,1143,BROOKLYN,23,8,August,2012,5,Thursday,0,25,0,6,4,0,40.09216389,-85.44248611,58,2,0,0,0,1,1
180480,INDIANA,IN,1,1,0,0,6,6,175,9997,CADWELL,3,8,August,2012,6,Friday,17,50,0,6,4,0,38.52183056,-86.07273611,35,1,0,0,0,1,0
180481,INDIANA,IN,1,1,0,0,1,1,99,180,BEATRICE,25,8,August,2012,7,Saturday,19,26,0,6,4,0,41.20084167,-86.23882222,31,1,0,0,0,1,1
180482,INDIANA,IN,2,2,0,0,2,2,81,1370,AUBURN,20,8,August,2012,2,Monday,6,39,0,3,2,0,39.35512500,-85.98366944,12,2,0,0,0,1,0
180483,INDIANA,IN,2,2,0,0,2,2,53,4790,ATMORE,28,8,August,2012,3,Tuesday,10,44,0,4,3,0,40.47892222,-85.84566111,12,1,0,0,0,1,0
180484,INDIANA,IN,1,1,0,0,1,1,153,2200,BONAIRE,17,6,June,2012,1,Sunday,16,30,0,6,4,0,39.25914722,-87.29354444,5,1,0,0,0,1,0
180485,INDIANA,IN,1,1,1,1,1,1,19,870,CEDAR BLUFF,17,8,August,2012,6,Friday,21,20,0,16,5,0,38.29881944,-85.76136667,8,2,0,0,0,1,0
180486,INDIANA,IN,1,1,1,1,1,1,163,1480,AVERA,30,8,August,2012,5,Thursday,15,37,0,16,5,0,37.97861389,-87.56386667,8,1,0,0,0,1,0
180487,INDIANA,IN,2,2,0,0,3,3,21,4710,CHILTON,15,8,August,2012,4,Wednesday,14,37,0,4,3,0,39.44598611,-87.13105000,12,1,0,0,0,1,0
180488,INDIANA,IN,1,1,1,1,1,1,123,4820,ALEXANDER CITY,22,8,August,2012,4,Wednesday,19,51,1,1,1,735,38.23204167,-86.67621944,8,5,0,0,0,1,0
180489,INDIANA,IN,1,1,1,1,2,2,89,760,BROWNSBORO,24,8,August,2012,6,Friday,4,5,0,16,5,0,41.37573333,-87.44360000,9,2,0,0,0,1,1
180490,INDIANA,IN,1,1,0,0,1,1,109,3163,ANSLEY,28,8,August,2012,3,Tuesday,13,11,1,1,1,616,39.62973333,-86.44567500,18,1,0,0,0,1,0
180491,INDIANA,IN,2,2,0,0,2,2,77,2830,ANDERSON,24,8,August,2012,6,Friday,20,57,0,4,3,0,38.75276111,-85.44927778,12,2,0,0,0,1,0
180492,INDIANA,IN,2,2,0,0,3,3,33,620,CHEROKEE,29,8,August,2012,4,Wednesday,1,0,0,6,4,0,41.37565278,-84.90700000,12,2,0,0,0,1,1
180493,INDIANA,IN,1,1,0,0,1,1,3,5418,BALDWIN,31,8,August,2012,6,Friday,20,16,0,6,5,0,41.09736944,-84.92425278,30,2,0,0,0,1,1
180494,INDIANA,IN,2,2,0,0,2,2,107,1060,CARROLLTON,29,8,August,2012,4,Wednesday,12,54,0,4,3,0,40.04539444,-86.75748333,12,1,0,0,0,1,0
180495,INDIANA,IN,1,1,0,0,1,1,83,3150,ARDMORE,30,8,August,2012,5,Thursday,14,35,0,15,3,0,38.61843889,-87.35890278,34,1,0,0,0,1,0
180496,INDIANA,IN,1,1,1,1,1,1,63,3990,BOLIGEE,3,9,September,2012,2,Monday,4,20,0,4,3,0,39.64665000,-86.32882222,8,2,0,0,0,1,0
180497,INDIANA,IN,2,2,0,0,2,2,109,3240,ANSLEY,31,7,July,2012,3,Tuesday,16,10,0,4,3,0,39.60653889,-86.36781667,12,1,0,0,0,1,0
180498,INDIANA,IN,1,1,0,0,1,1,169,3650,BRADLEY,26,8,August,2012,1,Sunday,15,31,0,15,3,0,41.01462500,-85.79038889,53,1,0,0,0,1,0
180499,INDIANA,IN,1,1,1,1,1,1,89,1730,BROWNSBORO,31,8,August,2012,6,Friday,21,10,0,15,3,0,41.59177500,-87.33696667,8,2,0,0,0,1,0
180500,INDIANA,IN,1,1,0,0,1,1,17,2730,CHAMBERS,2,9,September,2012,1,Sunday,4,0,0,3,2,0,40.75400000,-86.35985000,35,2,0,0,0,1,1
180501,INDIANA,IN,2,2,0,0,2,2,157,2480,ARCADE,4,9,September,2012,3,Tuesday,2,3,0,3,2,0,40.36304167,-86.81891667,12,2,0,0,0,1,0
180502,INDIANA,IN,1,1,0,0,1,1,149,2420,BELLEVILLE,1,9,September,2012,7,Saturday,11,26,0,3,2,0,41.32680278,-86.62059167,34,1,0,0,0,1,0
180503,INDIANA,IN,2,2,0,0,2,2,3,3480,BALDWIN,8,9,September,2012,7,Saturday,13,15,0,3,2,0,41.08934167,-84.98516389,12,1,0,0,0,1,0
180504,INDIANA,IN,1,1,0,0,1,1,39,3380,ANDALUSIA,8,9,September,2012,7,Saturday,18,7,0,3,2,0,41.44950833,-85.83910833,34,1,0,0,0,1,0
180505,INDIANA,IN,1,1,0,0,1,1,111,510,GRAHAM,7,9,September,2012,6,Friday,15,0,0,6,4,0,40.93495556,-87.39249444,32,1,0,0,0,1,0
180506,INDIANA,IN,2,2,0,0,2,2,39,1410,ANDALUSIA,27,8,August,2012,2,Monday,17,7,1,11,1,900,41.73211389,-86.00332500,12,1,0,0,0,1,1
180508,INDIANA,IN,2,2,0,0,2,2,105,380,MARION,11,9,September,2012,3,Tuesday,7,51,0,16,5,0,39.15018889,-86.48487222,12,1,0,0,0,1,1
180509,INDIANA,IN,1,1,1,1,1,1,177,780,LEE,12,9,September,2012,4,Wednesday,5,12,1,1,1,1460,39.85954444,-84.99320556,8,2,0,0,0,1,0
180510,INDIANA,IN,2,2,0,0,3,3,39,1410,ANDALUSIA,14,9,September,2012,6,Friday,7,40,0,6,5,0,41.72011389,-86.02313889,12,1,0,0,0,1,0
180511,INDIANA,IN,3,3,0,0,4,4,89,4300,BROWNSBORO,15,9,September,2012,7,Saturday,18,25,0,14,2,0,41.42116389,-87.47005278,12,1,0,0,0,1,1
180512,INDIANA,IN,1,1,0,0,1,1,23,1640,BLADON SPRINGS,16,9,September,2012,1,Sunday,21,1,0,6,4,0,40.22730833,-86.59049444,11,2,0,0,0,1,1
180513,INDIANA,IN,3,3,0,0,5,5,91,5085,DAYTON,9,9,September,2012,1,Sunday,7,9,0,14,2,0,41.43416111,-86.89120556,12,1,0,0,0,1,0
180514,INDIANA,IN,2,2,0,0,2,2,107,5140,CARROLLTON,14,9,September,2012,6,Friday,8,18,0,4,3,0,39.88164167,-87.04756389,12,1,0,0,0,1,0
180515,INDIANA,IN,1,1,0,0,1,1,173,3430,LAKELAND,16,9,September,2012,1,Sunday,3,55,0,6,4,0,38.04385833,-87.35326944,35,2,0,0,0,1,1
180516,INDIANA,IN,2,2,0,0,2,2,89,2515,BROWNSBORO,14,9,September,2012,6,Friday,1,30,1,11,1,117,41.56909444,-87.30036667,12,3,0,0,0,1,1
180517,INDIANA,IN,1,1,1,1,1,1,67,2430,ABBEVILLE,15,9,September,2012,7,Saturday,2,42,0,14,2,0,40.44071944,-86.12633889,8,3,0,0,0,1,0
180518,INDIANA,IN,1,1,0,0,2,2,89,1730,BROWNSBORO,10,9,September,2012,2,Monday,23,25,0,16,5,0,41.53745556,-87.32635556,33,2,0,0,0,1,1
180519,INDIANA,IN,2,2,0,0,3,3,125,3950,BROOKWOOD,17,9,September,2012,2,Monday,12,20,0,4,3,0,38.42940278,-87.24160833,12,1,0,0,0,1,0
180521,INDIANA,IN,1,1,0,0,2,2,49,4190,COLLINSVILLE,14,9,September,2012,6,Friday,16,57,0,6,4,0,41.12426944,-86.31825000,35,1,0,0,0,1,0
180522,INDIANA,IN,3,3,0,0,5,5,29,4310,BORDEN SPRINGS,19,9,September,2012,4,Wednesday,17,43,1,1,1,1580,39.28675000,-85.00678056,12,1,0,0,0,2,0
180523,INDIANA,IN,5,4,0,0,6,6,167,4840,ADRIAN,16,9,September,2012,1,Sunday,18,42,1,1,1,120,39.43005833,-87.31035833,12,1,0,0,0,1,0
180524,INDIANA,IN,1,1,1,1,2,2,133,1870,ARLEY,18,9,September,2012,3,Tuesday,10,16,0,3,2,0,39.76363056,-86.96522778,8,1,0,0,0,1,0
180525,INDIANA,IN,2,2,0,0,2,2,45,210,ARITON,19,9,September,2012,4,Wednesday,12,50,0,14,2,0,40.28635556,-87.24808889,12,1,0,0,0,1,0
180526,INDIANA,IN,1,1,0,0,1,1,171,4700,ALDORA,23,9,September,2012,1,Sunday,0,30,0,6,4,0,40.35965556,-87.52818333,23,2,0,0,0,1,0
180527,INDIANA,IN,2,2,0,0,3,3,69,2190,ASHFORD,21,9,September,2012,6,Friday,17,22,0,3,2,0,40.89636111,-85.51096944,12,1,0,0,0,1,0
180528,INDIANA,IN,1,1,0,0,1,1,3,1580,BALDWIN,20,9,September,2012,5,Thursday,11,35,0,6,5,0,41.18209444,-85.04572778,42,1,0,0,0,1,1
180529,INDIANA,IN,1,1,0,0,2,2,133,1870,ARLEY,19,9,September,2012,4,Wednesday,21,55,0,3,2,0,39.55048333,-86.96184722,32,2,0,0,0,1,1
180530,INDIANA,IN,1,1,1,1,1,1,97,2210,AXIS,16,9,September,2012,1,Sunday,0,4,0,16,5,0,39.81321667,-86.23993333,8,2,0,0,0,1,0
180531,INDIANA,IN,2,2,0,0,2,2,89,2010,BROWNSBORO,18,9,September,2012,3,Tuesday,20,19,1,11,1,35,41.57396944,-87.45826944,12,3,0,0,0,1,0
180532,INDIANA,IN,2,2,0,0,2,2,141,3630,BEE BRANCH,20,9,September,2012,5,Thursday,22,34,0,4,3,0,41.58170278,-86.42661667,12,2,0,0,0,1,1
180533,INDIANA,IN,2,2,0,0,9,9,171,5330,ALDORA,12,8,August,2012,1,Sunday,19,20,0,6,4,0,40.37708889,-87.11127222,12,1,0,0,0,1,0
180534,INDIANA,IN,1,1,0,0,1,1,127,4025,BURNWELL,25,9,September,2012,3,Tuesday,23,6,0,14,2,0,41.59392778,-87.19135833,24,2,0,0,0,1,1
180535,INDIANA,IN,1,1,0,0,1,1,175,9997,CADWELL,21,9,September,2012,6,Friday,19,1,0,4,3,0,38.48978611,-86.00223333,35,1,0,0,0,1,1
180536,INDIANA,IN,1,1,0,0,2,2,183,840,FORT STEWART,23,8,August,2012,5,Thursday,21,30,0,6,4,0,41.17487222,-85.34644167,35,2,0,0,0,1,0