ST_CASE,State Name,State Abbreviation,# of Vehicle involved,Parked_Vehicles_Involved,Pedestrains,Person_Not_in_Motor_Vehicle,Persons_in_motor_vehicle,Total_Persons_in_accident,COUNTY,CITY,City_County_Name,Calendar_DAY,MONTH,Month_name,YEAR,DAY_WEEK,Day_Week_desc,HOUR,MINUTE,NHS_Desc,trafficway,Route,MILEPT,LATITUDE,LONGITUD,First_Crash_event,Light_cond_desc,Weather_condition,School_bus_involved,Crash_cause,FATALS,DRUNK_DR
180537,INDIANA,IN,2,2,0,0,2,2,135,1520,ASH FLAT,27,9,September,2012,5,Thursday,15,28,0,6,4,0,40.27944167,-85.07425278,12,1,0,0,0,1,0
180538,INDIANA,IN,2,2,0,0,2,2,137,2133,ALCO,23,9,September,2012,1,Sunday,14,46,0,3,2,0,39.06456944,-85.44147778,12,1,0,0,0,1,0
180539,INDIANA,IN,4,4,0,0,6,6,133,950,ARLEY,21,9,September,2012,6,Friday,18,5,1,1,1,435,39.53923889,-86.75892500,12,1,0,0,0,2,0
180540,INDIANA,IN,2,1,0,0,1,1,55,360,ATTALLA,25,9,September,2012,3,Tuesday,1,0,0,3,2,0,39.02906944,-86.98790278,34,2,0,0,0,1,0
180541,INDIANA,IN,2,2,0,0,2,2,3,1580,BALDWIN,29,9,September,2012,7,Saturday,6,8,0,6,5,0,40.98205000,-85.16822222,12,2,0,0,0,1,1
180542,INDIANA,IN,1,1,0,0,1,1,73,4100,ARGO,30,9,September,2012,1,Sunday,3,47,0,6,4,0,40.91160000,-87.17063056,1,2,0,0,0,1,1
180543,INDIANA,IN,1,1,0,0,1,1,71,570,BRIDGEPORT,15,9,September,2012,7,Saturday,13,29,0,4,3,0,39.00004722,-86.14890556,1,1,0,0,0,1,0
180544,INDIANA,IN,1,1,0,0,1,1,39,1830,ANDALUSIA,15,9,September,2012,7,Saturday,22,0,0,6,4,0,41.53529444,-85.86653889,5,2,0,0,0,1,1
180545,INDIANA,IN,1,1,0,0,1,1,141,4580,BEE BRANCH,30,9,September,2012,1,Sunday,0,40,1,1,1,720,41.73024444,-86.33849722,21,2,0,0,0,1,0
180546,INDIANA,IN,1,1,0,0,2,2,97,2210,AXIS,27,5,May,2012,1,Sunday,3,30,0,16,5,0,39.73163333,-86.05789167,33,3,0,0,0,1,1
180547,INDIANA,IN,1,1,1,1,1,1,97,2210,AXIS,11,6,June,2012,2,Monday,2,5,0,16,5,0,39.83191944,-86.27048889,8,2,0,0,0,1,0
180548,INDIANA,IN,2,2,0,0,2,2,31,1910,COFFEE,28,9,September,2012,6,Friday,9,22,0,4,3,0,39.43182500,-85.47925278,12,1,0,0,0,1,0
180549,INDIANA,IN,2,2,0,0,5,5,97,2210,AXIS,29,9,September,2012,7,Saturday,11,51,0,16,5,0,39.81075000,-86.23973889,12,1,0,0,0,1,0
180550,INDIANA,IN,2,2,0,0,5,5,77,1285,ANDERSON,29,9,September,2012,7,Saturday,6,12,0,4,3,0,38.85335000,-85.51789722,24,2,0,0,0,1,1
180551,INDIANA,IN,1,1,0,0,1,1,167,4840,ADRIAN,20,7,July,2012,6,Friday,2,43,0,16,5,0,39.44729722,-87.40665556,33,2,0,0,0,1,0
180552,INDIANA,IN,2,2,0,0,2,2,1,1180,AUTAUGA,11,9,September,2012,3,Tuesday,11,8,0,16,5,0,40.81750833,-84.93543611,12,1,0,0,0,1,0
180553,INDIANA,IN,1,1,0,0,1,1,153,4750,BONAIRE,16,9,September,2012,1,Sunday,1,30,0,6,4,0,39.09546944,-87.38162500,3,2,0,0,0,1,1
180554,INDIANA,IN,2,2,0,0,3,3,149,2000,BELLEVILLE,26,9,September,2012,4,Wednesday,6,11,0,3,2,0,41.36945000,-86.49461944,12,2,0,0,0,1,0
180555,INDIANA,IN,4,4,1,1,5,5,121,4210,BON AIR,7,8,August,2012,3,Tuesday,0,50,0,3,2,0,39.79318056,-87.26795000,8,2,0,0,0,1,0
180556,INDIANA,IN,1,1,0,0,1,1,19,800,CEDAR BLUFF,19,8,August,2012,1,Sunday,17,38,0,6,4,0,38.46070833,-85.54219722,42,1,0,0,0,1,1
180557,INDIANA,IN,1,1,0,0,1,1,181,3200,LINCOLN,29,9,September,2012,7,Saturday,1,48,0,6,4,0,40.71988611,-86.74505000,1,2,0,0,0,1,1
180558,INDIANA,IN,2,1,1,2,1,2,91,2990,DAYTON,2,10,October,2012,3,Tuesday,11,30,1,1,1,400,41.59390278,-86.87620833,8,1,0,0,0,2,0
180559,INDIANA,IN,1,1,1,1,2,2,141,3100,BEE BRANCH,4,10,October,2012,5,Thursday,12,52,0,4,3,0,41.48252500,-86.15613333,9,1,0,0,0,1,0
180560,INDIANA,IN,1,1,0,0,1,1,161,2660,DENTON,1,10,October,2012,2,Monday,14,57,0,6,4,0,39.58855278,-84.99218333,1,1,0,0,0,1,0
180561,INDIANA,IN,2,2,0,0,2,2,97,2210,AXIS,27,9,September,2012,5,Thursday,4,13,0,16,5,0,39.76283889,-86.23157778,12,3,0,0,0,1,1
180562,INDIANA,IN,4,4,0,0,6,6,103,590,DANVILLE,4,10,October,2012,5,Thursday,11,45,0,3,2,0,40.67716944,-86.12821667,12,1,0,0,0,1,0
180563,INDIANA,IN,2,2,0,0,4,4,49,20,COLLINSVILLE,4,10,October,2012,5,Thursday,17,0,0,4,3,0,41.05627222,-86.02809444,12,1,0,0,0,1,0
180564,INDIANA,IN,1,1,0,0,1,1,105,380,MARION,7,10,October,2012,1,Sunday,3,25,0,16,5,0,39.20485556,-86.54731389,42,3,0,0,0,1,1
180565,INDIANA,IN,1,1,0,0,1,1,141,4580,BEE BRANCH,7,10,October,2012,1,Sunday,20,9,0,6,5,0,41.68883889,-86.35121667,10,2,0,0,0,1,0
180566,INDIANA,IN,3,3,0,0,3,3,29,4310,BORDEN SPRINGS,6,10,October,2012,7,Saturday,16,32,0,4,3,0,39.27755278,-85.03934444,12,1,0,0,0,2,1
180567,INDIANA,IN,2,2,0,0,4,4,109,2890,ANSLEY,6,10,October,2012,7,Saturday,21,22,0,15,3,0,39.55588611,-86.25093611,12,2,0,0,0,1,1
180568,INDIANA,IN,1,1,0,0,1,1,27,3710,ASHLAND,28,9,September,2012,6,Friday,23,55,0,6,4,0,38.83071389,-86.98215833,30,2,0,0,0,1,0
180569,INDIANA,IN,1,1,0,0,1,1,81,5270,AUBURN,9,10,October,2012,3,Tuesday,4,29,1,1,1,966,39.57721111,-86.05889722,31,2,0,0,0,1,0
180570,INDIANA,IN,2,2,0,0,2,2,107,1060,CARROLLTON,2,10,October,2012,3,Tuesday,16,14,0,14,2,0,39.92543611,-86.90267222,12,1,0,0,0,1,0
180571,INDIANA,IN,2,2,0,0,4,4,165,3930,HERNDON,9,9,September,2012,1,Sunday,19,35,1,1,1,60,40.11818889,-87.47473056,11,1,0,0,0,2,0
180572,INDIANA,IN,1,1,0,0,1,1,159,4450,FARRAR,8,10,October,2012,2,Monday,7,25,0,6,4,0,40.37620000,-86.06897500,34,4,0,0,0,1,0
180573,INDIANA,IN,2,2,0,0,3,3,7,1600,BIBB,13,10,October,2012,7,Saturday,11,5,0,3,2,0,40.62195278,-87.38078611,12,1,0,0,0,1,0
180574,INDIANA,IN,1,1,1,1,2,2,173,410,LAKELAND,12,10,October,2012,6,Friday,6,30,0,6,4,0,38.14888056,-87.20152222,8,4,0,0,0,1,0
180575,INDIANA,IN,2,1,0,0,1,1,163,1480,AVERA,26,8,August,2012,1,Sunday,1,14,0,16,5,0,37.97301111,-87.56355000,33,3,0,0,0,1,1
180577,INDIANA,IN,1,1,2,2,3,3,67,2430,ABBEVILLE,13,10,October,2012,7,Saturday,22,22,0,16,5,0,40.46796111,-86.16510000,8,2,0,0,0,1,0
180578,INDIANA,IN,3,3,0,0,5,5,19,418,CEDAR BLUFF,19,9,September,2012,4,Wednesday,6,20,0,4,3,0,38.44483056,-85.86410278,12,2,0,0,0,2,0
180579,INDIANA,IN,2,2,0,0,2,2,145,4470,BALD KNOB,11,10,October,2012,5,Thursday,15,32,1,1,1,1050,39.63166667,-85.89142778,12,1,0,0,0,1,0
180580,INDIANA,IN,2,2,0,0,2,2,183,980,FORT STEWART,17,10,October,2012,4,Wednesday,9,3,0,3,2,0,41.14106667,-85.43450278,12,1,0,0,0,1,0
180581,INDIANA,IN,1,1,0,0,2,2,89,1100,BROWNSBORO,13,10,October,2012,7,Saturday,1,20,0,6,5,0,41.43604444,-87.42621944,42,2,0,0,0,1,1
180582,INDIANA,IN,1,1,0,0,2,2,97,2210,AXIS,13,10,October,2012,7,Saturday,3,12,0,16,5,0,39.77991111,-86.25325833,1,3,0,0,0,1,1
180583,INDIANA,IN,1,1,1,1,1,1,141,4580,BEE BRANCH,18,10,October,2012,5,Thursday,20,53,0,4,3,0,41.70565000,-86.25019722,9,2,0,0,0,1,0
180584,INDIANA,IN,1,1,0,0,1,1,37,350,BRADFORD,22,10,October,2012,2,Monday,6,20,0,6,4,0,38.27679167,-86.74803333,42,2,0,0,0,1,0
180586,INDIANA,IN,1,1,0,0,2,2,93,300,BEAR CREEK,21,10,October,2012,1,Sunday,17,50,0,4,3,0,38.83877222,-86.55973333,1,1,0,0,0,1,1
180587,INDIANA,IN,2,2,0,0,2,2,85,5110,BENTON,14,9,September,2012,6,Friday,8,6,0,3,2,0,41.28233611,-86.04685278,12,4,0,0,0,1,0
180588,INDIANA,IN,2,2,0,0,2,2,19,2270,CEDAR BLUFF,18,10,October,2012,5,Thursday,13,37,0,16,5,0,38.27792500,-85.74511389,12,1,0,0,0,1,0
180589,INDIANA,IN,1,1,1,1,2,2,97,2210,AXIS,23,10,October,2012,3,Tuesday,19,35,0,16,5,0,39.77403889,-86.00707222,8,2,0,0,0,1,0
180590,INDIANA,IN,2,2,0,0,4,4,29,230,BORDEN SPRINGS,24,10,October,2012,4,Wednesday,15,9,0,3,2,0,39.03056389,-84.94129167,12,1,0,1,0,1,0
180592,INDIANA,IN,2,2,0,0,2,2,35,3360,BROOKLYN,18,10,October,2012,5,Thursday,8,24,0,6,5,0,40.25527222,-85.42351944,12,4,0,0,0,1,0
180593,INDIANA,IN,2,2,0,0,2,2,119,4630,BELLAMY,3,10,October,2012,4,Wednesday,14,7,0,14,2,0,39.29000000,-86.75636111,12,1,0,0,0,1,0
180594,INDIANA,IN,2,2,0,0,2,2,183,980,FORT STEWART,24,10,October,2012,4,Wednesday,11,23,0,4,3,0,41.17128333,-85.43560278,12,1,0,0,0,1,0
180595,INDIANA,IN,2,2,0,0,2,2,97,2210,AXIS,25,10,October,2012,5,Thursday,22,2,0,16,5,0,39.74177778,-86.08255556,12,2,0,0,0,1,1
180596,INDIANA,IN,1,1,0,0,1,1,85,3050,BENTON,22,10,October,2012,2,Monday,14,9,0,16,5,0,41.40852778,-85.84595556,10,1,0,0,0,1,0
180597,INDIANA,IN,2,2,0,0,2,2,167,4840,ADRIAN,27,10,October,2012,7,Saturday,8,8,0,6,5,0,39.54250278,-87.36991667,12,2,0,0,0,1,0
180598,INDIANA,IN,1,1,0,0,1,1,93,300,BEAR CREEK,29,10,October,2012,2,Monday,5,3,0,6,4,0,38.78759444,-86.39401111,42,2,0,0,0,1,1
180599,INDIANA,IN,1,1,0,0,1,1,71,2930,BRIDGEPORT,20,10,October,2012,7,Saturday,12,30,0,6,4,0,38.88177222,-86.21975278,42,1,0,0,0,1,0
180600,INDIANA,IN,2,2,0,0,2,2,17,2730,CHAMBERS,25,10,October,2012,5,Thursday,15,22,0,3,2,0,40.76120000,-86.26148611,12,1,0,0,0,1,0
180601,INDIANA,IN,2,2,0,0,6,6,169,5040,BRADLEY,27,10,October,2012,7,Saturday,14,0,0,6,4,0,40.82403056,-85.90381389,12,1,0,0,0,1,0
180602,INDIANA,IN,1,1,0,0,1,1,97,2210,AXIS,21,10,October,2012,1,Sunday,7,56,0,16,5,0,39.77361111,-86.14417222,33,1,0,0,0,1,1
180603,INDIANA,IN,2,2,0,0,3,3,5,990,BAKER HILL,19,10,October,2012,6,Friday,19,55,0,4,3,0,99.99990000,999.99990000,12,2,0,0,0,2,0
180604,INDIANA,IN,2,2,0,0,3,3,111,3270,GRAHAM,30,10,October,2012,3,Tuesday,15,7,0,3,2,0,41.08173889,-87.44832500,12,1,0,0,0,1,0
180605,INDIANA,IN,1,1,1,1,1,1,97,2210,AXIS,28,10,October,2012,1,Sunday,20,51,1,11,1,1160,39.80551667,-86.16625278,8,2,0,0,0,1,0
180606,INDIANA,IN,1,1,0,0,1,1,169,5040,BRADLEY,1,11,November,2012,5,Thursday,11,29,0,16,5,0,40.79886944,-85.82775556,10,1,0,0,0,1,0
180607,INDIANA,IN,1,1,0,0,1,1,43,3400,BAILEYTON,30,10,October,2012,3,Tuesday,12,26,1,11,1,0,38.30063611,-85.84712778,42,1,0,0,0,1,0
180608,INDIANA,IN,1,1,0,0,1,1,131,2920,ARLINGTON,30,10,October,2012,3,Tuesday,18,0,0,6,4,0,41.09606389,-86.85066389,34,1,0,0,0,1,1
180609,INDIANA,IN,1,1,0,0,3,3,71,4440,BRIDGEPORT,16,9,September,2012,1,Sunday,6,13,0,16,5,0,38.95912500,-85.91475556,18,2,0,0,0,1,1
180610,INDIANA,IN,3,3,0,0,5,5,35,3360,BROOKLYN,6,8,August,2012,2,Monday,12,24,0,16,5,0,40.21960000,-85.40293611,12,1,0,0,0,1,0
180611,INDIANA,IN,2,2,0,0,2,2,57,170,BANKSTON,30,8,August,2012,5,Thursday,21,23,0,4,3,0,40.17638056,-85.93914722,12,2,0,0,0,1,0
180612,INDIANA,IN,2,2,0,0,3,3,57,710,BANKSTON,10,10,October,2012,4,Wednesday,13,17,0,16,5,0,39.95654167,-86.08353611,12,1,0,0,0,1,0
180613,INDIANA,IN,1,1,0,0,1,1,39,3060,ANDALUSIA,2,11,November,2012,6,Friday,5,36,0,3,2,0,41.45086667,-85.71822222,11,2,0,0,0,1,0
180614,INDIANA,IN,1,1,0,0,1,1,151,160,FLIPPEN,2,11,November,2012,6,Friday,1,9,0,3,2,0,41.63244444,-84.90337500,34,2,0,0,0,1,1
180615,INDIANA,IN,2,2,0,0,5,5,43,3400,BAILEYTON,29,10,October,2012,2,Monday,0,0,0,4,3,0,38.20584167,-85.87958056,12,2,0,0,0,4,1
180616,INDIANA,IN,1,1,0,0,1,1,25,1460,BARLOW BEND,29,10,October,2012,2,Monday,22,31,0,4,3,0,99.99990000,999.99990000,11,2,0,0,0,1,0
180617,INDIANA,IN,1,1,1,1,1,1,3,1580,BALDWIN,4,11,November,2012,1,Sunday,3,17,0,16,5,0,41.10198333,-85.13795000,8,2,0,0,0,1,0
180618,INDIANA,IN,1,1,0,0,2,2,177,4120,LEE,2,11,November,2012,6,Friday,14,45,0,6,4,0,39.85090556,-84.85116389,53,1,0,0,0,1,0
180619,INDIANA,IN,2,2,0,0,2,2,155,5020,IRWIN,3,11,November,2012,7,Saturday,16,20,0,4,3,0,38.78229722,-84.97292500,12,1,0,0,0,1,0
180620,INDIANA,IN,1,1,0,0,1,1,3,3480,BALDWIN,4,11,November,2012,1,Sunday,21,20,0,6,5,0,41.09118889,-84.99995833,59,2,0,0,0,1,0
180621,INDIANA,IN,1,1,0,0,2,2,175,3906,CADWELL,3,11,November,2012,7,Saturday,17,34,0,4,3,0,38.48779444,-85.98348611,32,1,0,0,0,1,0
180622,INDIANA,IN,2,2,0,0,2,2,35,3360,BROOKLYN,5,11,November,2012,2,Monday,9,44,0,16,5,0,40.17817500,-85.36746111,12,1,0,0,0,1,1
180623,INDIANA,IN,3,3,0,0,5,5,89,2120,BROWNSBORO,7,11,November,2012,4,Wednesday,8,38,0,14,2,0,41.55060278,-87.23056389,12,1,0,0,0,1,0
180624,INDIANA,IN,2,2,0,0,7,7,157,2480,ARCADE,31,10,October,2012,4,Wednesday,16,48,0,4,3,0,40.30132778,-87.07361111,12,1,0,0,0,3,0
180625,INDIANA,IN,2,1,0,0,1,1,107,1060,CARROLLTON,6,11,November,2012,3,Tuesday,9,32,0,16,5,0,40.04668889,-86.87420556,14,1,0,0,0,1,0
180626,INDIANA,IN,2,2,0,0,2,2,19,2270,CEDAR BLUFF,7,11,November,2012,4,Wednesday,14,25,0,16,5,0,38.30843056,-85.71971667,12,1,0,0,0,1,0
180627,INDIANA,IN,1,1,0,0,1,1,35,3360,BROOKLYN,4,10,October,2012,5,Thursday,19,28,0,3,2,0,40.16285000,-85.35310833,35,5,0,0,0,1,1
180628,INDIANA,IN,2,2,0,0,3,3,71,4440,BRIDGEPORT,5,11,November,2012,2,Monday,16,0,0,3,2,0,38.90550556,-85.82097222,12,1,0,0,0,1,0
180629,INDIANA,IN,3,3,0,0,7,7,19,870,CEDAR BLUFF,10,11,November,2012,7,Saturday,18,17,0,3,2,0,38.32108056,-85.75123611,12,5,0,0,0,1,0
180630,INDIANA,IN,1,1,0,0,1,1,17,2730,CHAMBERS,10,11,November,2012,7,Saturday,21,42,0,16,5,0,40.73536944,-86.34644722,33,2,0,0,0,1,1
180631,INDIANA,IN,2,2,0,0,2,2,81,5270,AUBURN,10,11,November,2012,7,Saturday,13,38,0,14,2,0,39.51591389,-86.07372778,12,1,0,0,0,1,0
180632,INDIANA,IN,2,2,0,0,2,2,89,2120,BROWNSBORO,11,11,November,2012,1,Sunday,3,33,0,16,5,0,41.54337500,-87.23070278,12,2,0,0,0,1,1
180633,INDIANA,IN,1,1,0,0,1,1,3,1580,BALDWIN,11,11,November,2012,1,Sunday,20,44,0,16,5,0,41.10284167,-85.19216667,33,3,0,0,0,1,0
180634,INDIANA,IN,3,3,0,0,5,5,89,2010,BROWNSBORO,11,11,November,2012,1,Sunday,2,35,0,16,5,0,41.59564167,-87.50017500,12,2,0,0,0,1,1
180635,INDIANA,IN,1,1,0,0,2,2,91,2570,DAYTON,1,11,November,2012,5,Thursday,2,30,0,3,2,0,41.65041389,-86.75797222,42,2,0,0,0,1,1
180636,INDIANA,IN,1,1,0,0,1,1,29,1220,BORDEN SPRINGS,10,11,November,2012,7,Saturday,3,31,0,3,2,0,39.04168333,-85.10112778,32,2,0,0,0,1,1
180637,INDIANA,IN,1,1,0,0,1,1,97,2210,AXIS,2,11,November,2012,6,Friday,19,11,1,11,1,844,39.79461944,-86.12141111,25,2,0,0,0,1,1
180638,INDIANA,IN,2,2,0,0,2,2,29,230,BORDEN SPRINGS,31,10,October,2012,4,Wednesday,12,29,0,15,3,0,39.05090000,-84.89645833,12,1,0,0,0,1,0
180641,INDIANA,IN,1,1,1,1,1,1,137,2133,ALCO,25,10,October,2012,5,Thursday,18,53,0,16,4,0,39.08983056,-85.34774167,8,1,0,0,0,1,0
180642,INDIANA,IN,1,1,0,0,1,1,141,5060,BEE BRANCH,15,11,November,2012,5,Thursday,1,5,0,4,3,0,41.47091111,-86.49583056,10,2,0,0,0,1,0
180643,INDIANA,IN,1,1,0,0,1,1,79,3670,COURTLAND,12,11,November,2012,2,Monday,0,0,0,4,3,0,38.93083056,-85.61706944,35,2,0,0,0,1,1
180644,INDIANA,IN,1,1,0,0,3,3,135,1520,ASH FLAT,28,10,October,2012,1,Sunday,2,18,0,16,5,0,40.18785556,-85.12614722,10,2,0,0,0,2,1
180645,INDIANA,IN,2,2,0,0,4,4,125,3950,BROOKWOOD,13,11,November,2012,3,Tuesday,13,30,0,4,3,0,38.40225833,-87.30695833,12,1,0,0,0,1,0
180646,INDIANA,IN,1,1,0,0,1,1,97,2210,AXIS,16,11,November,2012,6,Friday,2,15,0,16,5,0,39.71674722,-85.98163611,42,2,0,0,0,1,1
180647,INDIANA,IN,1,1,0,0,1,1,167,4840,ADRIAN,17,11,November,2012,7,Saturday,0,20,0,4,3,0,39.41247778,-87.44452222,5,2,0,0,0,1,1
180648,INDIANA,IN,1,1,0,0,1,1,29,5190,BORDEN SPRINGS,17,11,November,2012,7,Saturday,10,28,1,1,1,1680,39.27586389,-84.87799722,31,1,0,0,0,1,0
180649,INDIANA,IN,1,1,0,0,2,2,125,3950,BROOKWOOD,10,11,November,2012,7,Saturday,3,24,0,4,3,0,38.41175278,-87.30588333,42,2,0,0,0,1,0
180650,INDIANA,IN,1,1,0,0,2,2,43,1939,BAILEYTON,26,9,September,2012,4,Wednesday,10,5,0,4,3,0,38.37932222,-86.00381944,42,1,0,0,0,1,0
180651,INDIANA,IN,2,2,0,0,4,4,39,1830,ANDALUSIA,19,11,November,2012,2,Monday,18,40,0,6,4,0,41.46613611,-85.72830278,12,2,0,0,0,1,0
180652,INDIANA,IN,2,2,0,0,3,3,47,550,BROWNS,12,11,November,2012,2,Monday,10,58,0,4,3,0,39.45069444,-85.02925278,12,1,0,0,0,1,0
180654,INDIANA,IN,1,1,1,1,1,1,97,2210,AXIS,24,11,November,2012,7,Saturday,5,30,0,16,5,0,39.88702778,-86.04239167,8,2,0,0,0,1,1
180655,INDIANA,IN,2,2,0,0,2,2,169,5040,BRADLEY,26,11,November,2012,2,Monday,11,38,0,4,3,0,40.73913611,-85.75245278,12,1,0,0,0,1,0
180657,INDIANA,IN,1,1,1,1,1,1,173,2800,LAKELAND,27,11,November,2012,3,Tuesday,19,0,1,1,1,360,38.18942500,-87.34942500,8,2,0,0,0,1,0
180658,INDIANA,IN,1,1,1,1,2,2,61,1030,BELLWOOD,24,11,November,2012,7,Saturday,18,23,0,15,3,0,38.26357778,-85.93485278,8,2,0,0,0,1,0
180659,INDIANA,IN,1,1,0,0,1,1,19,800,CEDAR BLUFF,22,11,November,2012,5,Thursday,18,12,0,6,4,0,38.50946944,-85.54067500,58,2,0,0,0,1,1
180660,INDIANA,IN,1,1,0,0,1,1,115,4150,ASHVILLE,8,10,October,2012,2,Monday,18,30,0,6,4,0,39.01211667,-84.91844722,58,1,0,0,0,1,1
180661,INDIANA,IN,1,1,1,1,1,1,11,2630,BULLOCK,25,11,November,2012,1,Sunday,18,3,0,4,3,0,39.93761389,-86.39771389,8,2,0,0,0,1,0
180662,INDIANA,IN,2,2,0,0,3,3,97,2210,AXIS,20,9,September,2012,5,Thursday,16,4,0,16,5,0,39.78905556,-86.04540833,12,1,0,0,0,1,0
180663,INDIANA,IN,2,2,0,0,3,3,3,1580,BALDWIN,25,9,September,2012,3,Tuesday,10,0,0,4,3,0,41.17974722,-85.07536944,12,1,0,0,0,1,0
180664,INDIANA,IN,2,2,0,0,2,2,69,2190,ASHFORD,25,10,October,2012,5,Thursday,12,52,0,3,3,0,40.88017778,-85.54270278,12,1,0,0,0,1,0
180665,INDIANA,IN,2,2,0,0,6,6,63,251,BOLIGEE,27,10,October,2012,7,Saturday,16,9,0,14,2,0,39.76196389,-86.42373889,12,1,0,0,0,1,0
180666,INDIANA,IN,3,3,0,0,6,6,155,5020,IRWIN,1,9,September,2012,7,Saturday,16,21,0,4,3,0,38.87265556,-85.04815556,12,1,0,0,0,1,0
180667,INDIANA,IN,2,2,0,0,3,3,145,4470,BALD KNOB,16,11,November,2012,6,Friday,12,0,0,16,5,0,39.52282778,-85.77252778,12,1,0,0,0,1,1
180668,INDIANA,IN,1,1,0,0,1,1,165,3930,HERNDON,1,12,December,2012,7,Saturday,8,18,0,3,2,0,40.14200000,-87.49047500,34,1,0,0,0,1,0
180669,INDIANA,IN,2,2,0,0,2,2,159,4860,FARRAR,28,11,November,2012,4,Wednesday,10,26,0,3,2,0,40.23193611,-86.12784444,12,1,0,0,0,1,0
180670,INDIANA,IN,2,2,0,0,3,3,95,2560,ALBERTVILLE,27,11,November,2012,3,Tuesday,16,2,0,4,3,0,40.08357778,-85.82958889,12,5,0,0,0,1,0
180671,INDIANA,IN,2,2,0,0,2,2,73,5250,ARGO,4,12,December,2012,3,Tuesday,17,9,0,4,3,0,41.18725278,-87.10446667,12,2,0,0,0,1,0
180672,INDIANA,IN,1,1,0,0,3,3,71,570,BRIDGEPORT,5,12,December,2012,4,Wednesday,16,50,0,6,4,0,38.85225556,-86.00696389,1,1,0,0,0,1,0
180673,INDIANA,IN,2,2,1,1,4,4,89,2010,BROWNSBORO,22,9,September,2012,7,Saturday,4,34,0,4,3,0,41.56996667,-87.43210556,8,2,0,0,0,1,0
180674,INDIANA,IN,1,1,0,0,1,1,89,2760,BROWNSBORO,5,12,December,2012,4,Wednesday,15,51,0,4,3,0,41.28929444,-87.25723611,35,1,0,0,0,1,0
180675,INDIANA,IN,1,1,0,0,3,3,163,1480,AVERA,6,12,December,2012,5,Thursday,21,55,0,16,5,0,37.95731667,-87.55409722,19,2,0,0,0,1,0
180676,INDIANA,IN,1,1,1,1,1,1,61,1050,BELLWOOD,4,12,December,2012,3,Tuesday,7,17,0,4,3,0,38.31780556,-86.12931389,8,2,0,0,0,1,0
180677,INDIANA,IN,2,2,2,2,1,1,97,2210,AXIS,7,12,December,2012,6,Friday,5,45,0,16,5,0,39.73136111,-86.31947500,8,2,0,0,0,1,0
180678,INDIANA,IN,1,1,0,0,1,1,89,1290,BROWNSBORO,6,12,December,2012,5,Thursday,12,6,0,16,5,0,41.47906389,-87.49873056,10,1,0,0,0,1,0
180679,INDIANA,IN,1,1,0,0,1,1,63,3990,BOLIGEE,8,12,December,2012,7,Saturday,7,30,0,3,2,0,39.70995833,-86.37877500,32,2,0,0,0,1,0
180680,INDIANA,IN,2,2,0,0,3,3,159,4860,FARRAR,5,12,December,2012,4,Wednesday,14,49,0,6,4,0,40.30373056,-86.04131944,12,1,0,0,0,2,0
180681,INDIANA,IN,1,1,0,0,3,3,109,3240,ANSLEY,8,12,December,2012,7,Saturday,0,30,0,6,4,0,39.59871944,-86.27494722,34,2,0,0,0,1,1
180682,INDIANA,IN,1,1,0,0,1,1,21,4710,CHILTON,5,12,December,2012,4,Wednesday,19,27,1,1,1,180,39.44558889,-87.22172778,3,1,0,0,0,1,0
180683,INDIANA,IN,6,6,0,0,7,7,11,5280,BULLOCK,10,12,December,2012,2,Monday,7,28,1,11,1,1330,39.96710833,-86.37780278,12,4,0,0,0,1,0
180684,INDIANA,IN,1,1,0,0,1,1,61,2540,BELLWOOD,8,12,December,2012,7,Saturday,3,0,0,4,3,0,38.22428333,-86.00717778,42,2,0,0,0,1,1
180685,INDIANA,IN,1,1,1,1,1,1,97,2210,AXIS,13,12,December,2012,5,Thursday,19,51,0,16,5,0,39.80665556,-86.30796667,8,2,0,0,0,1,0
180686,INDIANA,IN,1,1,0,0,1,1,145,4470,BALD KNOB,15,12,December,2012,7,Saturday,2,18,0,6,4,0,39.43044167,-85.80779167,32,2,0,0,0,1,1
180687,INDIANA,IN,1,1,0,0,2,2,157,2480,ARCADE,15,12,December,2012,7,Saturday,3,40,0,16,5,0,40.45455556,-86.92861389,30,2,0,0,0,1,1
180688,INDIANA,IN,1,1,0,0,2,2,107,1170,CARROLLTON,8,12,December,2012,7,Saturday,18,5,0,4,3,0,40.05350833,-86.70491944,42,2,0,0,0,1,0
180689,INDIANA,IN,1,1,0,0,1,1,43,3400,BAILEYTON,11,9,September,2012,3,Tuesday,1,0,0,6,4,0,38.36597778,-85.82942778,18,2,0,0,0,1,0
180690,INDIANA,IN,2,2,0,0,3,3,133,950,ARLEY,9,12,December,2012,1,Sunday,9,50,1,1,1,0,39.53281389,-86.79388889,12,1,0,0,0,2,0