ST_CASE,State Name,State Abbreviation,# of Vehicle involved,Parked_Vehicles_Involved,Pedestrains,Person_Not_in_Motor_Vehicle,Persons_in_motor_vehicle,Total_Persons_in_accident,COUNTY,CITY,City_County_Name,Calendar_DAY,MONTH,Month_name,YEAR,DAY_WEEK,Day_Week_desc,HOUR,MINUTE,NHS_Desc,trafficway,Route,MILEPT,LATITUDE,LONGITUD,First_Crash_event,Light_cond_desc,Weather_condition,School_bus_involved,Crash_cause,FATALS,DRUNK_DR
180691,INDIANA,IN,2,2,0,0,3,3,57,3590,BANKSTON,17,12,December,2012,2,Monday,10,43,0,16,5,0,40.00166111,-85.91907222,12,1,0,0,0,1,0
180692,INDIANA,IN,2,2,0,0,2,2,59,1890,FRANKLIN,13,12,December,2012,5,Thursday,12,10,0,4,3,0,39.93019167,-85.77113611,12,1,0,0,0,1,0
180693,INDIANA,IN,1,1,0,0,2,2,77,2830,ANDERSON,13,12,December,2012,5,Thursday,9,31,0,3,2,0,38.82011111,-85.38262778,1,1,0,0,0,1,0
180694,INDIANA,IN,1,1,0,0,1,1,77,2830,ANDERSON,18,12,December,2012,3,Tuesday,0,1,0,4,3,0,38.76296944,-85.45001667,34,2,0,0,0,1,1
180695,INDIANA,IN,2,2,0,0,2,2,89,2010,BROWNSBORO,18,12,December,2012,3,Tuesday,18,37,0,14,2,0,41.60997778,-87.46218056,12,2,0,0,0,1,0
180696,INDIANA,IN,2,1,2,2,1,1,97,2210,AXIS,18,12,December,2012,3,Tuesday,20,21,0,16,5,0,39.75217778,-86.14042778,33,3,0,0,0,1,0
180698,INDIANA,IN,2,2,0,0,4,4,177,4120,LEE,14,12,December,2012,6,Friday,14,41,0,16,5,0,39.83646944,-84.86166944,12,1,0,0,0,1,0
180699,INDIANA,IN,1,1,0,0,1,1,111,510,GRAHAM,20,12,December,2012,5,Thursday,15,15,0,6,4,0,40.91151111,-87.34655556,1,1,0,0,0,1,0
180700,INDIANA,IN,2,2,0,0,2,2,77,2830,ANDERSON,17,12,December,2012,2,Monday,17,22,0,4,3,0,38.74085556,-85.44973611,12,1,0,0,0,1,0
180701,INDIANA,IN,1,1,0,0,1,1,125,3950,BROOKWOOD,20,12,December,2012,5,Thursday,1,59,0,4,3,0,38.47279722,-87.31421111,32,2,0,0,0,1,1
180702,INDIANA,IN,2,2,0,0,2,2,89,2010,BROWNSBORO,21,12,December,2012,6,Friday,20,6,0,15,3,0,41.62876111,-87.49885278,12,1,0,0,0,1,1
180703,INDIANA,IN,1,1,0,0,2,2,31,1910,COFFEE,21,12,December,2012,6,Friday,16,7,0,3,2,0,39.43305000,-85.59176944,32,1,0,0,0,1,0
180704,INDIANA,IN,2,2,0,0,3,3,169,4170,BRADLEY,21,12,December,2012,6,Friday,16,58,0,4,3,0,40.93836944,-85.89020000,12,1,7,0,0,2,0
180705,INDIANA,IN,1,1,0,0,1,1,37,2260,BRADFORD,23,12,December,2012,1,Sunday,20,10,0,4,3,0,38.49054444,-86.76691111,34,2,0,0,0,1,1
180706,INDIANA,IN,2,2,0,0,5,5,163,1480,AVERA,26,12,December,2012,4,Wednesday,12,18,0,16,5,0,37.95491111,-87.50091667,12,1,0,0,0,2,1
180707,INDIANA,IN,1,1,0,0,3,3,183,980,FORT STEWART,26,12,December,2012,4,Wednesday,20,50,0,3,2,0,41.15472500,-85.45717500,53,2,0,0,0,1,0
180708,INDIANA,IN,1,1,1,1,1,1,89,4300,BROWNSBORO,26,11,November,2012,2,Monday,17,33,0,6,5,0,41.46080556,-87.45089167,8,1,0,0,0,1,0
180709,INDIANA,IN,1,1,0,0,1,1,71,1090,BRIDGEPORT,21,12,December,2012,6,Friday,2,25,1,1,1,364,38.77875833,-85.83111944,52,2,0,0,0,1,0
180710,INDIANA,IN,2,2,0,0,4,4,179,400,ALLENHURST,22,12,December,2012,7,Saturday,13,8,0,15,3,0,40.83005000,-85.16584167,12,1,0,0,0,1,0
180711,INDIANA,IN,2,2,0,0,2,2,175,4340,CADWELL,24,12,December,2012,2,Monday,20,19,0,4,3,0,38.65062500,-85.99296111,12,2,0,0,0,1,1
180712,INDIANA,IN,1,1,0,0,1,1,71,4440,BRIDGEPORT,28,12,December,2012,6,Friday,1,59,0,3,2,0,39.05344722,-85.83142500,42,2,0,0,0,1,0
180713,INDIANA,IN,1,1,0,0,1,1,39,3010,ANDALUSIA,21,12,December,2012,6,Friday,7,40,0,6,4,0,41.63594167,-85.73425833,30,4,0,0,0,1,0
180714,INDIANA,IN,1,1,1,1,2,2,23,1640,BLADON SPRINGS,30,12,December,2012,1,Sunday,4,29,0,4,3,0,40.25878056,-86.51064444,8,2,0,0,0,1,1
180715,INDIANA,IN,1,1,0,0,1,1,23,3000,BLADON SPRINGS,30,12,December,2012,1,Sunday,2,1,0,4,3,0,40.27241111,-86.35325000,1,2,0,0,0,1,1
180716,INDIANA,IN,1,1,0,0,1,1,85,2640,BENTON,23,12,December,2012,1,Sunday,2,50,0,6,4,0,41.29362500,-85.70178333,42,2,0,0,0,1,1
180717,INDIANA,IN,3,3,0,0,6,6,97,2210,AXIS,27,12,December,2012,5,Thursday,10,0,0,16,5,0,39.88777222,-86.21112500,12,1,0,0,0,1,0
180718,INDIANA,IN,1,1,1,1,1,1,153,4750,BONAIRE,16,10,October,2012,3,Tuesday,8,59,0,16,5,0,39.09727500,-87.40824444,15,1,0,0,0,1,0
180719,INDIANA,IN,2,2,0,0,8,8,29,2610,BORDEN SPRINGS,30,12,December,2012,1,Sunday,15,11,0,14,2,0,39.08661667,-84.87810278,12,1,0,0,0,1,0
180720,INDIANA,IN,2,1,0,0,1,1,141,4580,BEE BRANCH,6,12,December,2012,5,Thursday,19,57,0,16,5,0,41.69933889,-86.27653333,14,2,0,0,0,1,1
180721,INDIANA,IN,1,1,1,1,5,5,105,380,MARION,20,12,December,2012,5,Thursday,7,23,0,6,5,0,39.12135000,-86.52326944,8,2,0,0,0,1,0
180722,INDIANA,IN,1,1,0,0,4,4,3,3480,BALDWIN,21,12,December,2012,6,Friday,10,1,0,6,5,0,41.07323611,-84.88417778,34,1,0,0,0,1,0
180723,INDIANA,IN,2,1,0,0,1,1,59,1890,FRANKLIN,30,12,December,2012,1,Sunday,4,45,1,1,1,1070,39.82118889,-85.74626111,14,3,0,0,0,1,0
180724,INDIANA,IN,1,1,2,2,1,1,163,1480,AVERA,30,12,December,2012,1,Sunday,2,18,0,16,5,0,37.94450833,-87.53255278,24,2,0,0,0,3,1
180725,INDIANA,IN,2,2,0,0,2,2,111,1820,GRAHAM,26,12,December,2012,4,Wednesday,14,37,0,3,2,0,40.76558056,-87.27326389,12,1,0,0,0,1,0
180726,INDIANA,IN,2,2,0,0,3,3,123,4820,ALEXANDER CITY,22,12,December,2012,7,Saturday,18,42,0,15,3,0,37.97344444,-86.73281944,12,2,0,0,0,1,0
180727,INDIANA,IN,1,1,0,0,3,3,97,2600,AXIS,31,12,December,2012,2,Monday,14,47,0,16,5,0,39.84176111,-86.02891944,38,1,0,0,0,1,0
180728,INDIANA,IN,2,2,0,0,2,2,5,2160,BAKER HILL,15,11,November,2012,5,Thursday,18,27,0,4,3,0,39.26904722,-85.77128889,12,2,0,0,0,1,0
180729,INDIANA,IN,2,2,0,0,2,2,105,380,MARION,9,12,December,2012,1,Sunday,14,54,0,4,3,0,39.02456944,-86.40512500,12,1,0,0,0,1,0
180730,INDIANA,IN,3,3,0,0,4,4,69,2860,ASHFORD,5,11,November,2012,2,Monday,13,54,0,4,3,0,40.82266944,-85.34052778,12,1,0,0,0,1,0
180731,INDIANA,IN,1,1,0,0,1,1,59,1890,FRANKLIN,23,12,December,2012,1,Sunday,2,9,0,16,5,0,39.76515556,-85.76827778,42,2,0,0,0,1,0
180732,INDIANA,IN,1,1,0,0,3,3,91,2570,DAYTON,21,12,December,2012,6,Friday,18,18,0,4,3,0,41.56514167,-86.73924167,16,2,0,0,0,1,0
180733,INDIANA,IN,4,4,0,0,4,4,97,2210,AXIS,28,10,October,2012,1,Sunday,9,47,0,16,5,0,39.70960556,-86.08245278,12,1,0,0,0,1,0
180734,INDIANA,IN,2,2,0,0,2,2,69,2190,ASHFORD,26,11,November,2012,2,Monday,6,4,0,3,2,0,40.88083889,-85.59223611,12,2,0,0,0,1,0
180735,INDIANA,IN,2,2,0,0,3,3,51,4060,CENTRAL,27,12,December,2012,5,Thursday,14,42,0,15,3,0,38.35545556,-87.59361389,12,1,0,0,0,1,0
180736,INDIANA,IN,1,1,0,0,3,3,49,4190,COLLINSVILLE,14,12,December,2012,6,Friday,18,10,0,3,2,0,41.10719167,-86.23979722,1,2,0,0,0,2,0
180737,INDIANA,IN,2,2,0,0,2,2,139,4270,CALION,8,8,August,2012,4,Wednesday,21,29,0,6,4,0,39.54638056,-85.44364167,12,2,0,0,0,1,0
180738,INDIANA,IN,2,2,0,0,2,2,45,1040,ARITON,23,9,September,2012,1,Sunday,14,38,0,6,5,0,40.09692778,-87.31878611,12,1,0,0,0,1,0
180739,INDIANA,IN,1,1,0,0,1,1,25,2620,BARLOW BEND,14,11,November,2012,4,Wednesday,12,55,0,4,3,0,38.27668056,-86.34861111,42,1,0,0,0,1,0
180740,INDIANA,IN,3,3,0,0,5,5,53,4950,ATMORE,30,11,November,2012,6,Friday,17,42,0,4,3,0,40.48026944,-85.50304722,12,2,0,0,0,2,0
180741,INDIANA,IN,1,1,1,1,1,1,97,2210,AXIS,10,11,November,2012,7,Saturday,15,40,0,16,5,0,39.78144444,-86.09273333,9,1,0,0,0,1,0
180742,INDIANA,IN,2,2,0,0,2,2,97,2210,AXIS,24,11,November,2012,7,Saturday,19,50,0,16,5,0,39.88338611,-86.06685278,12,3,0,0,0,1,0
180743,INDIANA,IN,2,2,0,0,2,2,131,5340,ARLINGTON,3,12,December,2012,2,Monday,11,41,0,6,4,0,41.02713611,-86.80918056,12,1,0,0,0,1,0
180744,INDIANA,IN,2,2,0,0,2,2,95,140,ALBERTVILLE,6,12,December,2012,5,Thursday,7,7,0,16,5,0,40.11550833,-85.65751389,12,2,0,0,0,1,0
180745,INDIANA,IN,1,1,0,0,1,1,97,2210,AXIS,21,12,December,2012,6,Friday,1,3,0,16,5,0,39.75197222,-86.25295833,30,3,0,0,0,1,1
180746,INDIANA,IN,1,1,0,0,2,2,29,230,BORDEN SPRINGS,19,11,November,2012,2,Monday,0,36,0,16,5,0,39.07259167,-84.89600000,42,2,0,0,0,1,1
180747,INDIANA,IN,1,1,0,0,1,1,175,4340,CADWELL,21,11,November,2012,4,Wednesday,16,38,0,4,3,0,38.59283056,-86.04287222,59,1,0,0,0,1,0
180748,INDIANA,IN,1,1,0,0,1,1,19,4420,CEDAR BLUFF,5,5,May,2012,7,Saturday,8,5,0,6,4,0,38.47911667,-85.78587222,42,1,0,0,0,1,0
180749,INDIANA,IN,1,1,0,0,1,1,115,4150,ASHVILLE,13,7,July,2012,6,Friday,8,15,0,6,4,0,38.99282778,-84.95098056,35,1,0,0,0,1,0
190001,IOWA,IA,2,2,0,0,2,2,167,0,ADRIAN,16,3,March,2012,6,Friday,6,0,0,4,4,0,43.07022222,-96.01751667,12,4,10,0,0,1,0
190002,IOWA,IA,2,2,0,0,2,2,55,0,ATTALLA,1,1,January,2012,1,Sunday,4,16,1,2,2,146,42.47085000,-91.31000278,12,2,0,0,0,1,1
190003,IOWA,IA,2,2,0,0,2,2,163,2080,AVERA,6,1,January,2012,6,Friday,17,16,0,16,6,0,41.56298056,-90.59100833,12,3,0,0,0,1,0
190004,IOWA,IA,1,1,0,0,1,1,159,0,FARRAR,7,1,January,2012,7,Saturday,7,35,0,4,4,0,40.69621389,-94.04105833,1,2,0,0,0,1,0
190005,IOWA,IA,1,1,0,0,1,1,179,0,ALLENHURST,6,1,January,2012,6,Friday,3,33,0,6,4,0,40.94706944,-92.33087500,35,2,0,0,0,1,0
190006,IOWA,IA,1,1,0,0,1,1,97,0,AXIS,7,1,January,2012,7,Saturday,8,35,0,6,4,0,42.07805556,-90.80178333,1,1,0,0,0,1,0
190007,IOWA,IA,1,1,0,0,1,1,61,0,BELLWOOD,7,1,January,2012,7,Saturday,3,13,1,2,2,2,42.47040833,-91.12472778,23,2,0,0,0,1,0
190008,IOWA,IA,2,2,0,0,3,3,123,0,ALEXANDER CITY,8,1,January,2012,1,Sunday,15,25,0,3,3,144,41.29615556,-92.60308889,12,1,0,0,0,1,0
190009,IOWA,IA,1,1,0,0,1,1,95,0,ALBERTVILLE,8,1,January,2012,1,Sunday,3,30,0,3,3,77,41.58296944,-92.02357500,1,2,0,0,0,1,1
190010,IOWA,IA,2,2,0,0,4,4,129,0,BIGBEE,11,1,January,2012,4,Wednesday,17,0,1,2,2,217,41.03074167,-95.53346389,12,5,11,0,0,1,0
190011,IOWA,IA,2,2,0,0,2,2,139,0,CALION,12,1,January,2012,5,Thursday,7,55,0,3,3,68,41.53350556,-91.03831667,12,1,0,0,0,1,0
190012,IOWA,IA,1,1,0,0,2,2,155,0,IRWIN,11,1,January,2012,4,Wednesday,16,32,1,1,1,72,41.49163611,-95.90128333,23,1,0,0,0,1,0
190013,IOWA,IA,1,1,0,0,1,1,179,0,ALLENHURST,11,1,January,2012,4,Wednesday,14,2,0,6,4,0,41.06045556,-92.29166667,18,1,0,0,0,1,0
190015,IOWA,IA,1,1,0,0,1,1,51,0,CENTRAL,12,1,January,2012,5,Thursday,11,17,0,3,3,151,40.71370833,-92.36634722,1,1,0,0,0,1,0
190016,IOWA,IA,2,2,0,0,2,2,155,0,IRWIN,13,1,January,2012,6,Friday,13,0,1,1,1,369,41.49763333,-95.38463611,12,1,0,0,0,1,0
190017,IOWA,IA,2,2,0,0,3,3,127,5320,BURNWELL,13,1,January,2012,6,Friday,17,5,0,16,6,0,42.02112778,-92.92205278,12,5,0,0,0,2,0
190018,IOWA,IA,2,2,0,0,2,2,187,0,DAHLONEGA,14,1,January,2012,7,Saturday,7,4,1,2,2,78,42.26781667,-94.18216389,12,1,0,0,0,1,0
190019,IOWA,IA,1,1,0,0,1,1,141,0,BEE BRANCH,14,1,January,2012,7,Saturday,6,22,0,4,4,0,43.08453056,-95.52677222,1,2,0,0,0,1,0
190020,IOWA,IA,1,1,0,0,1,1,47,0,BROWNS,15,1,January,2012,1,Sunday,16,20,0,4,4,0,42.02853333,-95.51722778,34,1,0,0,0,1,1
190022,IOWA,IA,1,1,0,0,1,1,75,0,BEAVERTON,17,1,January,2012,3,Tuesday,4,0,1,2,2,117,42.46283056,-92.76872222,23,2,11,0,0,1,0
190023,IOWA,IA,1,1,0,0,1,1,165,0,HERNDON,19,1,January,2012,5,Thursday,23,48,0,4,4,0,41.78790278,-95.20878611,35,3,0,0,0,1,0
190024,IOWA,IA,2,2,0,0,4,4,65,0,CYPRESS,20,1,January,2012,6,Friday,10,30,0,4,4,0,42.77330278,-91.95744444,12,1,0,0,0,1,0
190025,IOWA,IA,1,1,0,0,3,3,63,0,BOLIGEE,20,1,January,2012,6,Friday,18,0,0,4,4,0,43.47407222,-94.48221667,35,2,11,0,0,1,1
190026,IOWA,IA,2,2,0,0,2,2,163,0,AVERA,26,1,January,2012,5,Thursday,7,43,0,3,3,225,41.65736944,-90.86038611,12,4,2,0,0,1,0
190027,IOWA,IA,2,2,0,0,3,3,73,0,ARGO,22,1,January,2012,1,Sunday,13,35,0,4,4,0,41.93542500,-94.21282778,12,1,5,0,0,3,2
190028,IOWA,IA,2,2,0,0,2,2,47,0,BROWNS,23,1,January,2012,2,Monday,8,36,1,2,2,151,42.06335556,-95.42491389,12,1,0,0,0,1,0
190029,IOWA,IA,2,2,0,0,2,2,163,0,AVERA,24,1,January,2012,3,Tuesday,15,15,0,4,4,0,41.65737778,-90.86038889,12,1,0,0,0,1,0
190030,IOWA,IA,3,3,0,0,5,5,91,0,DAYTON,27,1,January,2012,6,Friday,18,15,1,2,2,121,42.83078056,-94.22730000,12,3,0,0,0,2,1
190031,IOWA,IA,1,1,0,0,1,1,11,0,BULLOCK,27,1,January,2012,6,Friday,1,0,0,6,5,0,42.13501667,-91.87370278,42,2,0,0,0,1,1
190032,IOWA,IA,2,2,0,0,2,2,47,0,BROWNS,31,1,January,2012,3,Tuesday,7,45,1,2,3,20,42.06191667,-95.62844167,12,1,0,0,0,1,0
190033,IOWA,IA,1,1,0,0,3,3,1,0,AUTAUGA,29,1,January,2012,1,Sunday,10,50,1,1,1,109,42.49601667,-94.48048056,38,1,10,0,0,2,0
190034,IOWA,IA,1,1,1,1,1,1,153,2260,BONAIRE,1,1,January,2012,1,Sunday,10,20,0,16,6,0,41.58630833,-93.66393056,8,1,0,0,0,1,0
190035,IOWA,IA,1,1,0,0,5,5,193,0,IDEAL,30,1,January,2012,2,Monday,3,15,0,6,4,0,42.49717222,-96.27743611,1,2,0,0,0,1,1
190036,IOWA,IA,3,3,0,0,4,4,103,0,DANVILLE,30,1,January,2012,2,Monday,7,57,0,4,4,0,41.82939722,-91.54938889,12,1,0,0,0,2,0
190037,IOWA,IA,1,1,0,0,2,2,193,0,IDEAL,1,2,February,2012,4,Wednesday,0,45,0,4,4,0,42.25651111,-95.98076667,1,2,0,0,0,2,1
190038,IOWA,IA,2,2,0,0,2,2,85,0,BENTON,1,2,February,2012,4,Wednesday,13,55,1,2,2,129,41.57242222,-95.85691944,12,1,0,0,0,1,0
190039,IOWA,IA,1,1,0,0,2,2,137,0,ALCO,3,2,February,2012,6,Friday,12,30,0,4,4,0,41.01873611,-95.37844167,34,1,0,0,0,2,0
190040,IOWA,IA,1,1,0,0,3,3,103,0,DANVILLE,4,2,February,2012,7,Saturday,12,5,0,4,4,0,41.67907500,-91.67624444,32,1,0,0,0,2,0
190041,IOWA,IA,1,1,0,0,1,1,95,0,ALBERTVILLE,15,2,February,2012,4,Wednesday,16,20,0,4,4,0,41.75655833,-92.06535833,34,1,0,0,0,1,0
190042,IOWA,IA,2,2,0,0,3,3,139,0,CALION,18,2,February,2012,7,Saturday,20,30,1,2,2,157,41.56684444,-91.08232778,12,2,0,0,0,1,0
190043,IOWA,IA,2,2,0,0,7,7,187,0,DAHLONEGA,13,2,February,2012,2,Monday,17,47,1,2,2,52,42.43714444,-94.30837222,12,5,0,0,0,2,0
190044,IOWA,IA,1,1,1,1,1,1,53,0,ATMORE,22,2,February,2012,4,Wednesday,18,40,1,2,2,29,40.61323611,-93.93894444,8,3,0,0,0,1,0
190045,IOWA,IA,2,2,0,0,2,2,125,6650,BROOKWOOD,13,2,February,2012,2,Monday,18,46,0,16,6,0,41.40749722,-92.87796667,12,3,4,0,0,1,1
190046,IOWA,IA,2,2,0,0,3,3,45,0,ARITON,23,2,February,2012,5,Thursday,14,30,0,3,3,122,41.95350278,-90.34830556,12,1,0,0,0,1,0
190047,IOWA,IA,2,2,0,0,8,8,153,3490,BONAIRE,23,2,February,2012,5,Thursday,5,27,0,13,3,46,41.70288611,-93.77472222,12,2,0,0,0,1,0
190048,IOWA,IA,1,1,0,0,2,2,87,0,ARMSTRONG,26,2,February,2012,1,Sunday,12,30,1,2,2,109,40.98557778,-91.52160833,1,1,0,0,0,1,0
190049,IOWA,IA,1,1,0,0,1,1,57,0,BANKSTON,25,2,February,2012,7,Saturday,1,21,0,4,4,0,41.02323333,-91.32349444,34,2,11,0,0,1,1
190050,IOWA,IA,1,1,0,0,1,1,171,0,ALDORA,27,2,February,2012,2,Monday,3,56,0,4,4,0,42.09258056,-92.69354722,35,2,0,0,0,1,1
190051,IOWA,IA,1,1,1,1,1,1,57,1120,BANKSTON,28,2,February,2012,3,Tuesday,18,18,0,16,6,0,40.80518333,-91.11266667,8,2,10,0,0,1,0
190052,IOWA,IA,2,2,0,0,5,5,69,0,ASHFORD,29,2,February,2012,4,Wednesday,8,32,0,3,3,80,42.74545556,-93.32783056,12,1,0,0,0,1,0
190053,IOWA,IA,3,3,0,0,3,3,15,0,ANNISTON,29,2,February,2012,4,Wednesday,9,1,0,4,4,0,42.02306111,-93.71325556,12,1,0,0,0,1,0
190054,IOWA,IA,2,2,0,0,2,2,37,0,BRADFORD,29,2,February,2012,4,Wednesday,13,33,1,2,2,292,42.96508056,-92.08195278,12,1,11,0,0,1,0
190055,IOWA,IA,2,2,0,0,4,4,27,1250,ASHLAND,13,2,February,2012,2,Monday,7,56,0,16,6,0,42.06847222,-94.84243333,12,1,4,0,0,1,0
190056,IOWA,IA,2,2,0,0,2,2,33,0,CHEROKEE,1,3,March,2012,5,Thursday,8,1,0,4,4,0,43.24211111,-93.49429167,12,1,0,0,0,1,0
190057,IOWA,IA,1,1,1,1,1,1,153,8980,BONAIRE,3,3,March,2012,7,Saturday,21,32,1,11,1,3,41.59217222,-93.78369444,8,3,0,0,0,1,0
190058,IOWA,IA,3,3,0,0,8,8,153,2260,BONAIRE,4,3,March,2012,1,Sunday,18,6,1,13,6,26,41.60064722,-93.54381944,12,5,0,0,0,1,0
190059,IOWA,IA,2,2,0,0,2,2,147,0,AUGUSTA,5,3,March,2012,2,Monday,7,42,1,2,2,222,43.08299722,-94.51532500,12,1,0,0,0,1,0
190060,IOWA,IA,2,2,0,0,3,3,45,0,ARITON,6,3,March,2012,3,Tuesday,15,35,0,4,4,0,41.97426111,-90.38329444,12,1,0,0,0,1,0
190061,IOWA,IA,1,1,0,0,1,1,153,2260,BONAIRE,10,3,March,2012,7,Saturday,16,50,0,16,6,0,41.58331111,-93.53535833,34,1,0,0,0,1,0
190063,IOWA,IA,2,2,0,0,2,2,149,4660,BELLEVILLE,13,3,March,2012,3,Tuesday,16,34,0,16,6,0,42.77146667,-96.19334444,12,1,0,0,0,1,0
190064,IOWA,IA,1,1,0,0,6,6,193,7850,IDEAL,16,3,March,2012,6,Friday,13,45,1,1,1,245,42.49324444,-96.46376667,1,1,0,0,0,1,0
190065,IOWA,IA,1,1,0,0,1,1,113,0,COTTONTON,16,3,March,2012,6,Friday,16,22,0,4,4,0,42.20201111,-91.48069444,1,1,0,0,0,1,1
190066,IOWA,IA,1,1,0,0,2,2,113,1340,COTTONTON,17,3,March,2012,7,Saturday,23,20,0,16,6,0,41.96518333,-91.66069167,33,3,0,0,0,2,0
190067,IOWA,IA,1,1,0,0,1,1,111,0,GRAHAM,16,3,March,2012,6,Friday,3,4,1,2,2,321,40.72519722,-91.21243056,34,2,0,0,0,1,0
190068,IOWA,IA,1,1,0,0,7,7,71,0,BRIDGEPORT,18,3,March,2012,1,Sunday,7,3,1,1,1,179,40.79368611,-95.80682222,1,2,0,0,0,2,0
190069,IOWA,IA,1,1,0,0,2,2,113,0,COTTONTON,18,3,March,2012,1,Sunday,2,30,0,4,4,0,42.09521667,-91.64848056,1,3,0,0,0,1,0
190070,IOWA,IA,2,2,0,0,3,3,179,0,ALLENHURST,16,3,March,2012,6,Friday,10,24,1,2,2,209,41.09497778,-92.51323889,12,1,0,0,0,1,0
190071,IOWA,IA,2,2,0,0,2,2,187,0,DAHLONEGA,21,3,March,2012,4,Wednesday,7,55,0,3,4,0,42.45790278,-94.12420833,12,1,0,0,0,1,0
190072,IOWA,IA,1,1,0,0,1,1,103,4050,DANVILLE,23,3,March,2012,6,Friday,16,52,1,13,2,159,41.66404167,-91.54363056,33,1,0,0,0,1,0
190073,IOWA,IA,2,2,0,0,4,4,57,0,BANKSTON,23,3,March,2012,6,Friday,18,30,1,2,2,219,41.00573889,-91.17000556,12,1,0,0,0,1,1
190074,IOWA,IA,2,2,0,0,3,3,113,5290,COTTONTON,24,3,March,2012,7,Saturday,16,13,0,13,3,78,42.03763889,-91.55028333,12,1,0,0,0,1,0
190075,IOWA,IA,1,1,0,0,1,1,113,0,COTTONTON,25,3,March,2012,1,Sunday,16,46,0,6,9,0,41.94570000,-91.57168056,44,1,0,0,0,1,0
190076,IOWA,IA,1,1,0,0,1,1,119,0,BELLAMY,24,3,March,2012,7,Saturday,18,25,0,3,3,60,43.38984444,-96.42882222,1,1,0,0,0,1,0
190077,IOWA,IA,1,1,0,0,2,2,47,0,BROWNS,25,3,March,2012,1,Sunday,16,0,0,6,4,0,42.15953611,-95.20727500,1,1,0,0,0,1,0
190078,IOWA,IA,2,2,0,0,2,2,13,8790,BOLLING,25,3,March,2012,1,Sunday,13,16,0,13,3,42,42.49615278,-92.36710833,12,1,0,0,0,1,0
190079,IOWA,IA,1,1,0,0,11,11,49,0,COLLINSVILLE,27,3,March,2012,3,Tuesday,15,50,0,3,3,186,41.83285278,-93.91813889,34,1,0,0,0,1,0
190080,IOWA,IA,1,1,0,0,3,3,1,0,AUTAUGA,29,3,March,2012,5,Thursday,12,40,0,4,4,0,41.16375278,-94.35704444,35,1,0,0,0,1,0
190081,IOWA,IA,1,1,0,0,1,1,57,0,BANKSTON,31,3,March,2012,7,Saturday,6,0,0,5,4,0,40.93190000,-91.08075000,34,2,0,0,0,1,0
190082,IOWA,IA,1,1,0,0,1,1,111,4250,GRAHAM,1,4,April,2012,1,Sunday,1,47,1,13,2,33,40.39106944,-91.37707500,25,3,0,0,0,1,1
190083,IOWA,IA,1,1,0,0,1,1,19,0,CEDAR BLUFF,3,4,April,2012,3,Tuesday,2,39,0,14,4,0,42.46878611,-91.86700000,59,2,0,0,0,1,0
190084,IOWA,IA,1,1,1,1,1,1,33,1590,CHEROKEE,3,4,April,2012,3,Tuesday,9,29,0,16,6,0,43.13651111,-93.38101111,8,1,0,0,0,1,0
190085,IOWA,IA,1,1,0,0,1,1,37,0,BRADFORD,8,3,March,2012,5,Thursday,4,0,0,6,4,0,43.18376389,-92.10828056,34,2,0,0,0,1,0
190086,IOWA,IA,2,2,0,0,2,2,11,0,BULLOCK,6,4,April,2012,6,Friday,13,43,0,4,4,0,41.89423889,-92.27494444,12,1,0,0,0,1,0
190087,IOWA,IA,1,1,0,0,1,1,129,0,BIGBEE,9,4,April,2012,2,Monday,17,55,0,4,4,0,40.97401389,-95.59465556,1,1,0,0,0,1,1
190088,IOWA,IA,1,1,1,1,1,1,13,8790,BOLLING,9,4,April,2012,2,Monday,4,6,1,13,2,158,42.49621667,-92.34798333,8,3,0,0,0,1,0
190089,IOWA,IA,1,1,0,0,3,3,153,2260,BONAIRE,15,4,April,2012,1,Sunday,2,18,0,14,6,0,41.61470556,-93.63367222,58,3,0,0,0,1,0
190090,IOWA,IA,1,1,0,0,2,2,77,0,ANDERSON,14,4,April,2012,7,Saturday,4,45,0,6,4,0,41.53231667,-94.27023889,5,2,0,0,0,1,1
190091,IOWA,IA,2,2,0,0,2,2,57,0,BANKSTON,17,4,April,2012,3,Tuesday,6,20,1,12,2,17,40.73358889,-91.17640278,12,4,0,0,0,1,1
190092,IOWA,IA,2,2,0,0,2,2,29,460,BORDEN SPRINGS,21,4,April,2012,7,Saturday,10,30,0,13,3,87,41.40698333,-95.01439444,12,1,0,0,0,1,0
190093,IOWA,IA,1,1,0,0,1,1,125,6650,BROOKWOOD,22,4,April,2012,1,Sunday,17,55,0,4,4,0,41.40840833,-93.01483056,35,1,0,0,0,1,0
190094,IOWA,IA,1,1,0,0,1,1,179,0,ALLENHURST,27,4,April,2012,6,Friday,6,30,0,6,4,0,40.94590278,-92.62988333,1,2,0,0,0,1,0
190095,IOWA,IA,1,1,1,1,1,1,27,1250,ASHLAND,28,4,April,2012,7,Saturday,14,41,0,16,6,0,42.06781944,-94.87105833,9,1,0,0,0,1,0
190096,IOWA,IA,2,2,0,0,2,2,103,0,DANVILLE,29,4,April,2012,1,Sunday,18,25,1,1,1,101,41.69433889,-91.63887500,12,1,0,0,0,1,0
190097,IOWA,IA,1,1,0,0,1,1,181,0,LINCOLN,25,4,April,2012,4,Wednesday,18,15,1,2,2,53,41.23014167,-93.58235000,58,1,0,0,0,1,0