ST_CASE,State Name,State Abbreviation,# of Vehicle involved,Parked_Vehicles_Involved,Pedestrains,Person_Not_in_Motor_Vehicle,Persons_in_motor_vehicle,Total_Persons_in_accident,COUNTY,CITY,City_County_Name,Calendar_DAY,MONTH,Month_name,YEAR,DAY_WEEK,Day_Week_desc,HOUR,MINUTE,NHS_Desc,trafficway,Route,MILEPT,LATITUDE,LONGITUD,First_Crash_event,Light_cond_desc,Weather_condition,School_bus_involved,Crash_cause,FATALS,DRUNK_DR
200232,KANSAS,KS,2,2,0,0,2,2,45,3010,ARITON,23,8,August,2012,5,Thursday,8,50,0,3,2,0,38.99145000,-95.23326389,12,1,0,0,0,1,0
200233,KANSAS,KS,2,2,0,0,2,2,117,0,BIRMINGHAM,24,8,August,2012,6,Friday,8,0,0,3,3,2151,39.76655833,-96.41711111,12,1,0,0,0,1,0
200234,KANSAS,KS,1,1,0,0,1,1,91,4140,DAYTON,24,8,August,2012,6,Friday,8,15,1,1,1,2127,38.82767500,-94.85585556,43,1,0,0,0,1,0
200235,KANSAS,KS,1,1,0,0,7,7,193,0,IDEAL,24,8,August,2012,6,Friday,23,28,0,6,6,0,39.51012500,-100.98176944,34,2,0,0,0,1,1
200236,KANSAS,KS,2,2,0,0,2,2,103,3020,DANVILLE,24,8,August,2012,6,Friday,5,39,0,3,2,0,39.26958611,-94.89934444,12,2,0,0,0,1,0
200237,KANSAS,KS,1,1,0,0,1,1,61,0,BELLWOOD,24,8,August,2012,6,Friday,99,99,1,1,1,3106,39.06535833,-96.59863333,31,3,8,0,0,1,0
200238,KANSAS,KS,1,1,0,0,1,1,25,240,BARLOW BEND,24,8,August,2012,6,Friday,22,0,0,4,3,0,37.27776389,-99.63300833,32,2,0,0,0,1,0
200239,KANSAS,KS,1,1,0,0,2,2,93,0,BEAR CREEK,25,8,August,2012,7,Saturday,18,30,0,6,4,0,37.98757500,-101.52242222,1,5,0,0,0,1,0
200240,KANSAS,KS,2,2,0,0,2,2,45,0,ARITON,28,8,August,2012,3,Tuesday,17,0,1,2,2,1420,38.76023889,-95.26949444,12,1,0,0,0,1,0
200241,KANSAS,KS,2,1,0,0,1,1,177,5400,LEE,28,8,August,2012,3,Tuesday,21,20,0,16,6,0,39.00389167,-95.70964722,14,2,0,0,0,1,1
200242,KANSAS,KS,1,1,0,0,1,1,169,0,BRADLEY,31,8,August,2012,6,Friday,2,12,1,2,2,1554,38.92298889,-97.64443889,31,2,0,0,0,1,1
200243,KANSAS,KS,2,2,0,0,2,2,159,0,FARRAR,30,8,August,2012,5,Thursday,21,10,1,2,2,2391,38.36443611,-98.15927222,12,3,0,0,0,1,1
200244,KANSAS,KS,1,1,0,0,1,1,145,0,BALD KNOB,1,9,September,2012,7,Saturday,19,30,0,4,6,0,38.08003333,-98.94915000,1,5,0,0,0,1,0
200245,KANSAS,KS,2,2,0,0,3,3,171,0,ALDORA,2,9,September,2012,1,Sunday,17,7,0,3,3,638,38.48272222,-100.87248889,12,1,0,0,0,1,0
200246,KANSAS,KS,2,2,0,0,3,3,209,2820,AILEY,2,9,September,2012,1,Sunday,19,51,0,14,6,0,39.12835556,-94.66637500,12,3,0,0,0,1,1
200247,KANSAS,KS,1,1,0,0,4,4,107,0,CARROLLTON,3,9,September,2012,2,Monday,12,22,0,5,4,0,38.36148056,-94.95463333,1,1,0,0,0,1,0
200248,KANSAS,KS,2,2,0,0,2,2,139,0,CALION,5,9,September,2012,4,Wednesday,15,34,0,3,3,65,38.63485000,-95.56393056,12,1,0,0,0,1,0
200249,KANSAS,KS,2,2,0,0,4,4,155,2660,IRWIN,5,9,September,2012,4,Wednesday,8,25,0,13,6,0,38.05764722,-97.87780278,12,1,0,0,0,1,0
200250,KANSAS,KS,1,1,0,0,3,3,179,0,ALLENHURST,5,9,September,2012,4,Wednesday,21,45,0,3,3,225,39.55284167,-100.44105833,43,2,0,0,0,1,0
200251,KANSAS,KS,2,2,0,0,2,2,5,0,BAKER HILL,6,9,September,2012,5,Thursday,8,52,1,2,2,1980,39.46250556,-95.26063889,12,1,0,0,0,1,0
200253,KANSAS,KS,1,1,0,0,2,2,173,0,LAKELAND,7,9,September,2012,6,Friday,21,5,0,6,6,0,37.54489444,-97.32235000,34,2,0,0,0,1,0
200254,KANSAS,KS,1,1,0,0,2,2,199,0,ALVATON,9,9,September,2012,1,Sunday,0,35,0,3,2,28,38.86322500,-102.00207222,11,2,0,0,0,1,1
200255,KANSAS,KS,1,1,0,0,1,1,113,0,COTTONTON,10,9,September,2012,2,Monday,13,42,0,3,3,1800,38.56553056,-97.76235000,34,1,0,0,0,1,0
200256,KANSAS,KS,2,2,0,0,6,6,87,0,ARMSTRONG,11,9,September,2012,3,Tuesday,10,45,1,2,2,3728,39.08883889,-95.58496111,12,1,0,0,0,1,0
200258,KANSAS,KS,1,1,0,0,2,2,21,0,CHILTON,14,9,September,2012,6,Friday,19,50,0,4,3,0,37.28126667,-94.86748056,32,2,0,0,0,2,1
200259,KANSAS,KS,1,1,0,0,1,1,209,2820,AILEY,14,9,September,2012,6,Friday,11,27,0,16,6,0,39.08756389,-94.75084167,58,1,0,0,0,1,0
200260,KANSAS,KS,2,2,0,0,2,2,173,0,LAKELAND,14,9,September,2012,6,Friday,10,40,0,4,6,0,37.61925556,-97.64282500,12,1,0,0,0,1,0
200261,KANSAS,KS,1,1,0,0,1,1,125,0,BROOKWOOD,14,9,September,2012,6,Friday,8,50,1,2,2,950,37.03320000,-95.80116667,1,1,0,0,0,1,0
200262,KANSAS,KS,1,1,0,0,1,1,57,1370,BANKSTON,15,9,September,2012,7,Saturday,12,15,0,13,6,0,37.75087778,-100.03291667,33,1,0,0,0,1,0
200263,KANSAS,KS,2,2,0,0,2,2,9,0,BLOUNT,16,9,September,2012,1,Sunday,8,28,0,3,2,1190,38.52150556,-98.77805833,12,1,0,0,0,1,0
200264,KANSAS,KS,2,2,0,0,2,2,9,0,BLOUNT,16,9,September,2012,1,Sunday,13,41,0,3,2,920,38.60863056,-98.84871944,12,1,0,0,0,1,0
200265,KANSAS,KS,1,1,0,0,4,4,79,0,COURTLAND,16,9,September,2012,1,Sunday,21,4,0,6,6,0,38.14340000,-97.70194444,1,2,0,0,0,1,0
200266,KANSAS,KS,1,1,0,0,1,1,87,0,ARMSTRONG,16,9,September,2012,1,Sunday,3,0,0,6,6,0,39.23562778,-95.44105000,43,3,0,0,0,1,1
200267,KANSAS,KS,1,1,0,0,1,1,45,0,ARITON,16,9,September,2012,1,Sunday,15,10,0,6,6,0,38.88438333,-95.32617222,1,1,0,0,0,1,0
200268,KANSAS,KS,2,2,0,0,3,3,209,2820,AILEY,17,9,September,2012,2,Monday,18,40,1,1,1,2256,39.10466111,-94.84971944,25,1,0,0,0,1,0
200269,KANSAS,KS,1,1,0,0,1,1,15,0,ANNISTON,19,9,September,2012,4,Wednesday,23,19,0,6,6,0,37.65971111,-97.13522500,35,2,0,0,0,1,1
200270,KANSAS,KS,1,1,0,0,3,3,59,0,FRANKLIN,19,9,September,2012,4,Wednesday,17,35,0,6,6,0,38.70875833,-95.32169444,30,1,0,0,0,1,1
200271,KANSAS,KS,1,1,2,2,1,1,121,4320,BON AIR,21,9,September,2012,6,Friday,16,4,0,16,6,0,38.56641944,-94.87436944,9,1,0,0,0,1,0
200272,KANSAS,KS,1,1,0,0,6,6,69,0,ASHFORD,22,9,September,2012,7,Saturday,14,23,1,2,2,868,37.86685833,-100.59053333,34,1,0,0,0,1,0
200273,KANSAS,KS,2,2,0,0,5,5,103,0,DANVILLE,22,9,September,2012,7,Saturday,19,15,0,4,6,0,39.33185556,-95.05816389,12,5,0,0,0,2,1
200274,KANSAS,KS,1,1,0,0,1,1,155,0,IRWIN,22,9,September,2012,7,Saturday,9,20,0,4,6,0,38.14471389,-97.72572222,19,1,0,0,0,1,0
200275,KANSAS,KS,1,1,0,0,1,1,207,0,BOLINGBROKE,23,9,September,2012,1,Sunday,10,0,1,2,2,3032,37.83637778,-95.93130556,58,1,0,0,0,1,0
200276,KANSAS,KS,1,1,1,1,1,1,113,0,COTTONTON,23,9,September,2012,1,Sunday,12,45,0,4,6,0,38.33610000,-97.59276944,9,1,0,0,0,1,0
200277,KANSAS,KS,2,2,0,0,2,2,57,0,BANKSTON,24,9,September,2012,2,Monday,8,40,1,2,2,1383,37.85875556,-99.73461944,12,1,0,0,0,1,0
200278,KANSAS,KS,2,2,0,0,2,2,11,0,BULLOCK,25,9,September,2012,3,Tuesday,7,26,1,2,2,3799,37.84097222,-94.62154722,12,1,0,0,0,1,0
200279,KANSAS,KS,2,2,0,0,2,2,173,5880,LAKELAND,26,9,September,2012,4,Wednesday,14,50,1,2,2,2244,37.67935556,-97.23384722,12,1,0,0,0,1,0
200280,KANSAS,KS,1,1,0,0,1,1,77,0,ANDERSON,26,9,September,2012,4,Wednesday,12,25,0,3,3,0,37.33173333,-97.96287222,58,1,0,0,0,1,0
200281,KANSAS,KS,1,1,0,0,1,1,3,0,BALDWIN,26,9,September,2012,4,Wednesday,9,22,0,6,6,0,38.28824167,-95.21787500,30,1,0,0,0,1,0
200282,KANSAS,KS,3,3,0,0,4,4,91,3705,DAYTON,26,9,September,2012,4,Wednesday,15,50,1,2,2,0,39.02709722,-94.66770000,12,1,0,0,0,1,0
200283,KANSAS,KS,2,2,0,0,2,2,155,0,IRWIN,27,9,September,2012,5,Thursday,15,1,1,2,3,2337,38.13891111,-98.07123611,12,1,0,0,0,1,0
200284,KANSAS,KS,1,1,0,0,1,1,21,0,CHILTON,27,9,September,2012,5,Thursday,13,43,0,6,6,0,37.16748889,-94.88611667,1,1,0,0,0,1,1
200285,KANSAS,KS,2,2,2,2,1,1,91,3080,DAYTON,29,9,September,2012,7,Saturday,2,20,1,1,1,2217,38.92945278,-94.75535000,12,2,0,0,0,1,0
200286,KANSAS,KS,1,1,0,0,5,5,177,0,LEE,29,9,September,2012,7,Saturday,22,32,0,6,6,0,38.88433611,-95.59115278,38,1,0,0,0,1,0
200287,KANSAS,KS,2,2,0,0,5,5,73,0,ARGO,30,9,September,2012,1,Sunday,16,18,1,2,2,3212,37.62240000,-96.04916667,12,1,0,0,0,1,0
200288,KANSAS,KS,1,1,0,0,1,1,191,0,CRESCENT,1,10,October,2012,2,Monday,18,0,1,1,1,40,37.05633889,-97.33791944,1,1,0,0,0,1,0
200289,KANSAS,KS,2,2,0,0,3,3,155,0,IRWIN,1,10,October,2012,2,Monday,16,50,0,4,6,0,38.16624167,-97.77555556,12,1,0,0,0,1,0
200290,KANSAS,KS,1,1,0,0,2,2,9,0,BLOUNT,3,10,October,2012,4,Wednesday,10,10,0,6,6,0,38.46344444,-98.79298333,30,1,0,0,0,1,0
200291,KANSAS,KS,1,1,0,0,1,1,173,5880,LAKELAND,3,10,October,2012,4,Wednesday,15,29,1,1,1,495,37.67561944,-97.22991944,31,1,0,0,0,1,0
200292,KANSAS,KS,1,1,1,1,2,2,9,0,BLOUNT,6,10,October,2012,7,Saturday,21,48,0,3,2,1118,38.47470000,-98.77413056,8,2,0,0,0,1,1
200293,KANSAS,KS,1,1,0,0,3,3,79,0,COURTLAND,6,10,October,2012,7,Saturday,12,17,0,6,6,0,38.10224722,-97.27268889,10,1,0,0,0,1,0
200294,KANSAS,KS,2,2,0,0,2,2,91,4285,DAYTON,6,10,October,2012,7,Saturday,5,40,0,14,6,0,38.94184722,-94.64867222,12,3,0,0,0,2,0
200295,KANSAS,KS,1,1,0,0,6,6,75,5330,BEAVERTON,7,10,October,2012,1,Sunday,21,30,0,5,6,0,37.97224722,-101.74233333,1,2,0,0,0,1,0
200296,KANSAS,KS,1,1,0,0,1,1,45,0,ARITON,7,10,October,2012,1,Sunday,2,10,0,4,6,0,39.04234167,-95.24231111,32,2,0,0,0,1,1
200297,KANSAS,KS,2,2,0,0,2,2,85,0,BENTON,8,10,October,2012,2,Monday,8,39,1,2,2,1915,39.50600556,-95.74827778,12,1,0,0,0,1,0
200298,KANSAS,KS,1,1,1,1,3,3,209,2820,AILEY,8,10,October,2012,2,Monday,15,28,1,2,2,1561,39.07215278,-94.65045000,8,1,0,0,0,1,0
200299,KANSAS,KS,1,1,0,0,1,1,183,0,FORT STEWART,8,10,October,2012,2,Monday,15,6,0,4,3,59,39.85563889,-98.93460556,34,1,0,0,0,1,0
200300,KANSAS,KS,3,3,0,0,4,4,91,3645,DAYTON,9,10,October,2012,3,Tuesday,13,3,0,15,6,0,39.00747778,-94.70021944,12,1,0,0,0,1,1
200301,KANSAS,KS,1,1,0,0,1,1,207,5410,BOLINGBROKE,10,10,October,2012,4,Wednesday,7,45,0,4,3,60,37.79770833,-95.95605556,32,1,0,0,0,1,1
200302,KANSAS,KS,1,1,0,0,2,2,141,0,BEE BRANCH,12,10,October,2012,6,Friday,23,30,0,4,6,0,39.55412778,-98.85550833,1,2,0,0,0,1,0
200303,KANSAS,KS,2,2,0,0,2,2,147,0,AUGUSTA,14,10,October,2012,1,Sunday,20,50,1,2,2,2073,39.64885556,-99.30940278,12,2,0,0,0,1,0
200304,KANSAS,KS,2,2,0,0,3,3,191,0,CRESCENT,15,10,October,2012,2,Monday,6,24,1,2,3,612,37.46611944,-97.21610556,12,2,0,0,0,2,0
200305,KANSAS,KS,3,3,0,0,4,4,111,0,GRAHAM,16,10,October,2012,3,Tuesday,18,41,0,3,3,963,38.27388889,-96.18041389,12,1,0,0,0,1,0
200306,KANSAS,KS,2,2,0,0,2,2,173,5880,LAKELAND,18,10,October,2012,5,Thursday,17,13,0,13,6,0,37.65009167,-97.27168333,12,3,0,0,0,1,0
200307,KANSAS,KS,2,2,0,0,2,2,173,5880,LAKELAND,19,10,October,2012,6,Friday,14,32,0,13,6,0,37.65148056,-97.35086944,12,1,0,0,0,1,0
200308,KANSAS,KS,2,2,0,0,2,2,57,0,BANKSTON,21,10,October,2012,1,Sunday,16,5,1,2,2,830,37.53199722,-99.72104167,12,1,0,0,0,1,1
200309,KANSAS,KS,2,2,0,0,4,4,169,0,BRADLEY,21,10,October,2012,1,Sunday,14,20,0,5,6,0,38.60913056,-97.72188333,12,1,0,0,0,1,0
200310,KANSAS,KS,1,1,1,1,1,1,181,2110,LINCOLN,23,10,October,2012,3,Tuesday,22,29,0,6,6,0,39.34162500,-101.71128056,8,3,0,0,0,1,0
200311,KANSAS,KS,1,1,1,1,1,1,91,4285,DAYTON,23,10,October,2012,3,Tuesday,22,37,0,15,6,0,39.00036667,-94.66556389,8,3,0,0,0,1,0
200312,KANSAS,KS,1,1,0,0,1,1,159,0,FARRAR,24,10,October,2012,4,Wednesday,18,30,0,6,6,0,38.39138611,-97.97029167,1,5,0,0,0,1,1
200313,KANSAS,KS,1,1,0,0,3,3,15,0,ANNISTON,25,10,October,2012,5,Thursday,23,31,1,2,2,478,37.65737500,-96.98100556,1,2,0,0,0,1,0
200314,KANSAS,KS,1,1,0,0,1,1,15,0,ANNISTON,26,10,October,2012,6,Friday,1,35,1,2,2,130,37.79802500,-97.08948611,1,2,0,0,0,1,1
200315,KANSAS,KS,2,2,0,0,4,4,55,0,ATTALLA,26,10,October,2012,6,Friday,21,19,1,2,2,785,38.08035000,-100.88207222,12,2,0,0,0,3,1
200316,KANSAS,KS,1,1,0,0,2,2,45,3010,ARITON,26,10,October,2012,6,Friday,0,18,0,16,6,0,38.95898056,-95.25518611,30,3,0,0,0,1,0
200317,KANSAS,KS,1,1,0,0,3,3,155,2660,IRWIN,26,10,October,2012,6,Friday,21,30,0,6,6,0,38.05367778,-97.95873889,1,3,0,0,0,1,0
200318,KANSAS,KS,2,2,0,0,3,3,91,4140,DAYTON,27,10,October,2012,7,Saturday,17,28,0,14,6,0,38.85458056,-94.74216944,12,1,0,0,0,1,0
200319,KANSAS,KS,3,3,0,0,4,4,173,5880,LAKELAND,27,10,October,2012,7,Saturday,0,11,1,2,2,2157,37.67748333,-97.34702222,12,3,0,0,0,1,0
200320,KANSAS,KS,1,1,1,1,1,1,149,0,BELLEVILLE,28,10,October,2012,1,Sunday,0,5,1,2,2,0,39.19631111,-96.49947500,8,2,0,0,0,1,0
200321,KANSAS,KS,1,1,0,0,2,2,13,0,BOLLING,29,10,October,2012,2,Monday,9,54,0,6,6,0,39.88481111,-95.57186667,10,1,0,0,0,2,0
200322,KANSAS,KS,1,1,0,0,1,1,91,1970,DAYTON,30,10,October,2012,3,Tuesday,8,2,1,1,2,0,38.81142500,-94.88416111,24,1,0,0,0,1,0
200323,KANSAS,KS,1,1,0,0,2,2,191,0,CRESCENT,3,11,November,2012,7,Saturday,15,10,1,1,1,274,37.40625278,-97.32283611,24,1,0,0,0,2,0
200324,KANSAS,KS,1,1,0,0,1,1,125,0,BROOKWOOD,4,11,November,2012,1,Sunday,13,50,1,2,2,910,37.03326389,-95.85651667,32,1,0,0,0,1,1
200325,KANSAS,KS,1,1,1,1,1,1,209,2820,AILEY,6,11,November,2012,3,Tuesday,14,0,0,14,6,0,39.04893333,-94.68787500,9,1,0,0,0,1,0
200326,KANSAS,KS,1,1,1,1,1,1,149,0,BELLEVILLE,6,11,November,2012,3,Tuesday,17,44,0,3,3,82,39.42815556,-96.60888611,8,2,0,0,0,1,0
200327,KANSAS,KS,2,2,0,0,3,3,35,0,BROOKLYN,7,11,November,2012,4,Wednesday,15,55,0,3,2,0,37.31649722,-96.68001667,12,1,0,0,0,1,0
200328,KANSAS,KS,2,2,0,0,7,7,173,5880,LAKELAND,8,11,November,2012,5,Thursday,8,5,1,2,2,0,37.67933889,-97.19860000,12,1,0,0,0,1,0
200330,KANSAS,KS,2,2,1,1,1,1,81,0,AUBURN,11,11,November,2012,1,Sunday,1,50,0,6,4,0,37.55951944,-100.90740833,12,2,0,0,0,1,1
200331,KANSAS,KS,1,1,1,1,1,1,155,2660,IRWIN,11,11,November,2012,1,Sunday,15,48,0,13,6,0,38.05094167,-97.92807500,8,1,0,0,0,1,0
200332,KANSAS,KS,1,1,0,0,2,2,45,3010,ARITON,16,11,November,2012,6,Friday,17,46,0,3,3,109,38.94280833,-95.24257500,30,3,0,0,0,1,0
200333,KANSAS,KS,1,1,0,0,1,1,145,1980,BALD KNOB,20,11,November,2012,3,Tuesday,99,99,0,6,6,0,38.07339167,-99.25873889,30,2,0,0,0,1,1
200334,KANSAS,KS,1,1,0,0,1,1,91,4285,DAYTON,20,11,November,2012,3,Tuesday,1,50,1,1,1,810,38.93476389,-94.70407500,1,3,0,0,0,1,1
200335,KANSAS,KS,1,1,0,0,1,1,45,0,ARITON,21,11,November,2012,4,Wednesday,99,99,0,4,6,0,38.86942778,-95.09480278,30,2,0,0,0,1,1
200336,KANSAS,KS,1,1,1,1,1,1,173,0,LAKELAND,21,11,November,2012,4,Wednesday,21,17,0,4,6,0,37.59739722,-97.53431111,8,2,0,0,0,1,0
200337,KANSAS,KS,1,1,0,0,2,2,61,0,BELLWOOD,22,11,November,2012,5,Thursday,11,54,1,1,1,3000,39.03847500,-96.76700000,42,1,0,0,0,1,0
200339,KANSAS,KS,2,2,0,0,2,2,117,3560,BIRMINGHAM,25,11,November,2012,1,Sunday,7,55,1,2,2,2925,39.84169722,-96.71113056,12,1,0,0,0,1,0
200340,KANSAS,KS,1,1,0,0,1,1,9,0,BLOUNT,26,11,November,2012,2,Monday,7,12,0,3,3,1249,38.53609167,-98.81395833,32,4,0,0,0,1,0
200341,KANSAS,KS,2,2,0,0,2,2,157,0,ARCADE,28,11,November,2012,4,Wednesday,9,31,1,2,2,0,39.84094722,-97.63323611,12,1,0,0,0,1,0
200342,KANSAS,KS,1,1,0,0,1,1,209,2820,AILEY,30,11,November,2012,6,Friday,3,15,1,1,1,0,39.11243611,-94.61351944,23,2,0,0,0,1,0
200343,KANSAS,KS,1,1,0,0,3,3,5,0,BAKER HILL,30,11,November,2012,6,Friday,10,59,0,3,2,661,39.58530556,-95.31994722,1,1,0,0,0,2,0
200344,KANSAS,KS,2,2,1,1,4,4,173,5880,LAKELAND,2,11,November,2012,6,Friday,19,13,0,14,6,0,37.71540556,-97.31263056,8,3,0,0,0,1,0
200345,KANSAS,KS,1,1,0,0,1,1,13,0,BOLLING,25,11,November,2012,1,Sunday,18,11,0,3,3,80,39.66739722,-95.57898056,34,2,0,0,0,1,0
200346,KANSAS,KS,1,1,0,0,1,1,59,0,FRANKLIN,2,12,December,2012,1,Sunday,99,99,0,4,6,0,38.72586667,-95.09342222,31,2,0,0,0,1,0
200347,KANSAS,KS,1,1,0,0,1,1,9,0,BLOUNT,3,12,December,2012,2,Monday,99,99,0,4,6,0,38.47824722,-98.83024444,30,2,0,0,0,1,1
200348,KANSAS,KS,2,2,0,0,2,2,47,0,BROWNS,4,12,December,2012,3,Tuesday,15,5,1,2,2,1594,37.94573056,-99.38656944,12,1,0,0,0,1,0
200349,KANSAS,KS,2,2,0,0,2,2,209,2820,AILEY,5,12,December,2012,4,Wednesday,19,43,1,1,1,4237,39.10909722,-94.60788611,12,3,0,0,0,2,1
200350,KANSAS,KS,2,2,0,0,2,2,173,5880,LAKELAND,6,12,December,2012,5,Thursday,21,33,1,1,1,497,37.68166389,-97.18786111,12,2,0,0,0,1,0
200351,KANSAS,KS,2,2,0,0,4,4,21,0,CHILTON,7,12,December,2012,6,Friday,17,38,0,2,3,5,37.33846111,-94.67758889,12,2,0,0,0,1,0
200352,KANSAS,KS,1,1,0,0,1,1,171,4970,ALDORA,10,12,December,2012,2,Monday,21,35,0,4,4,0,38.65530278,-101.05587778,1,2,0,0,0,1,0
200353,KANSAS,KS,1,1,0,0,1,1,145,0,BALD KNOB,10,12,December,2012,2,Monday,99,99,0,6,6,0,38.29351389,-99.05079722,1,1,0,0,0,1,1
200354,KANSAS,KS,2,2,0,0,2,2,173,5880,LAKELAND,10,12,December,2012,2,Monday,16,40,0,14,6,0,37.66096667,-97.46204444,12,2,0,0,0,1,0
200355,KANSAS,KS,1,1,0,0,1,1,209,2820,AILEY,13,12,December,2012,5,Thursday,20,57,1,1,1,4183,39.10535278,-94.68170278,24,3,0,0,0,1,1
200356,KANSAS,KS,1,1,0,0,3,3,81,0,AUBURN,22,11,November,2012,5,Thursday,19,55,0,3,3,45,37.56258611,-100.78847500,34,2,0,0,0,1,0
200357,KANSAS,KS,1,1,0,0,1,1,115,0,ASHVILLE,13,12,December,2012,5,Thursday,16,16,0,4,6,0,38.26811944,-97.11371944,34,1,0,0,0,1,0
200358,KANSAS,KS,2,2,0,0,4,4,103,3020,DANVILLE,14,12,December,2012,6,Friday,18,27,1,2,2,220,39.35422778,-95.00568889,12,2,0,0,0,1,0
200359,KANSAS,KS,1,1,0,0,2,2,177,0,LEE,14,12,December,2012,6,Friday,4,20,0,6,6,0,39.05140833,-95.81681944,17,3,0,0,0,1,1
200360,KANSAS,KS,1,1,0,0,1,1,35,0,BROOKLYN,14,12,December,2012,6,Friday,12,30,0,4,6,0,37.11411111,-97.05643056,35,1,0,0,0,1,0
200361,KANSAS,KS,1,1,0,0,3,3,79,0,COURTLAND,16,12,December,2012,1,Sunday,18,55,1,1,1,406,38.14635278,-97.41975556,1,3,0,0,0,1,1
200362,KANSAS,KS,1,1,0,0,2,2,177,5400,LEE,17,12,December,2012,2,Monday,1,35,0,13,6,0,39.02967778,-95.67973056,1,3,0,0,0,1,0
200363,KANSAS,KS,2,2,0,0,2,2,107,0,CARROLLTON,17,12,December,2012,2,Monday,13,48,0,4,3,1068,38.13868056,-94.82008333,12,1,0,0,0,1,0
200364,KANSAS,KS,3,3,0,0,4,4,151,0,FLIPPEN,17,12,December,2012,2,Monday,15,13,1,2,3,92,37.73817500,-98.60885833,12,1,0,0,0,1,0
200365,KANSAS,KS,1,1,0,0,1,1,143,0,CANEHILL,18,12,December,2012,3,Tuesday,18,45,0,4,6,0,39.13208333,-97.62533889,1,2,0,0,0,1,0
200366,KANSAS,KS,2,2,0,0,2,2,121,3320,BON AIR,19,12,December,2012,4,Wednesday,15,40,0,3,3,550,38.62088056,-94.73073611,12,1,0,0,0,1,0
200367,KANSAS,KS,3,3,0,0,4,4,57,0,BANKSTON,19,12,December,2012,4,Wednesday,19,45,1,2,2,1369,37.84694167,-99.76570000,12,2,8,0,0,1,0
200368,KANSAS,KS,2,2,0,0,2,2,79,0,COURTLAND,20,12,December,2012,5,Thursday,12,40,1,1,1,237,37.93418333,-97.32825556,12,1,0,0,0,1,0
200369,KANSAS,KS,2,1,0,0,2,2,61,0,BELLWOOD,20,12,December,2012,5,Thursday,14,25,1,1,1,3003,39.02795556,-96.79243611,14,1,0,0,0,1,0
200370,KANSAS,KS,1,1,0,0,2,2,209,2820,AILEY,21,12,December,2012,6,Friday,22,44,0,14,6,0,39.04464167,-94.69301944,31,3,0,0,0,1,1
200371,KANSAS,KS,1,1,0,0,1,1,125,0,BROOKWOOD,22,12,December,2012,7,Saturday,17,25,0,6,4,0,37.12013056,-95.71041944,35,5,0,0,0,1,0
200372,KANSAS,KS,1,1,0,0,2,2,209,2820,AILEY,23,12,December,2012,1,Sunday,18,49,1,1,1,4152,39.10589167,-94.73708333,21,3,0,0,0,2,0
200373,KANSAS,KS,2,2,0,0,3,3,55,1950,ATTALLA,25,12,December,2012,3,Tuesday,16,40,1,2,2,691,37.95056944,-100.84257222,23,1,0,0,0,1,0
200374,KANSAS,KS,1,1,0,0,2,2,173,5880,LAKELAND,27,12,December,2012,5,Thursday,2,36,0,14,6,0,37.70764722,-97.49332500,53,3,0,0,0,2,1
200375,KANSAS,KS,1,1,0,0,1,1,121,3320,BON AIR,27,12,December,2012,5,Thursday,8,30,0,4,6,0,38.51025000,-94.67649167,43,9,0,0,0,1,0
200376,KANSAS,KS,2,2,0,0,5,5,177,5400,LEE,28,12,December,2012,6,Friday,20,7,0,13,6,0,39.02964722,-95.66982778,12,3,0,0,0,1,0
200377,KANSAS,KS,1,1,0,0,3,3,103,0,DANVILLE,30,12,December,2012,1,Sunday,17,25,1,2,2,206,39.35225833,-94.97726667,38,2,0,0,0,1,0
210001,KENTUCKY,KY,2,2,0,0,2,2,111,2090,GRAHAM,1,1,January,2012,1,Sunday,16,58,0,16,3,7,38.19684722,-85.66328611,12,1,0,0,0,1,0
210002,KENTUCKY,KY,2,2,0,0,5,5,193,341,IDEAL,2,1,January,2012,2,Monday,15,11,1,2,3,159,37.28370833,-83.21598056,12,1,11,0,0,2,0
210003,KENTUCKY,KY,1,1,0,0,1,1,155,0,IRWIN,3,1,January,2012,3,Tuesday,13,18,0,5,3,53,37.50306389,-85.13625278,42,1,0,0,0,1,0
210004,KENTUCKY,KY,1,1,1,1,1,1,1,0,AUTAUGA,3,1,January,2012,3,Tuesday,17,50,0,4,3,128,37.23459722,-85.18659444,15,2,0,0,0,1,0
210005,KENTUCKY,KY,2,2,0,0,2,2,199,0,ALVATON,6,1,January,2012,6,Friday,16,14,0,4,3,12,37.11448611,-84.59697500,12,1,0,0,0,1,0
210006,KENTUCKY,KY,1,1,0,0,1,1,123,0,ALEXANDER CITY,7,1,January,2012,7,Saturday,5,4,0,5,3,80,37.55251667,-85.75875556,34,2,0,0,0,1,0
210007,KENTUCKY,KY,2,2,0,0,2,2,157,0,ARCADE,7,1,January,2012,7,Saturday,14,50,0,5,3,59,36.91680278,-88.26872778,12,1,0,0,0,1,0
210008,KENTUCKY,KY,2,2,0,0,3,3,89,3800,BROWNSBORO,7,1,January,2012,7,Saturday,19,11,1,13,2,65,38.54431111,-82.76557778,12,2,0,0,0,2,0