ST_CASE,State Name,State Abbreviation,# of Vehicle involved,Parked_Vehicles_Involved,Pedestrains,Person_Not_in_Motor_Vehicle,Persons_in_motor_vehicle,Total_Persons_in_accident,COUNTY,CITY,City_County_Name,Calendar_DAY,MONTH,Month_name,YEAR,DAY_WEEK,Day_Week_desc,HOUR,MINUTE,NHS_Desc,trafficway,Route,MILEPT,LATITUDE,LONGITUD,First_Crash_event,Light_cond_desc,Weather_condition,School_bus_involved,Crash_cause,FATALS,DRUNK_DR
210157,KENTUCKY,KY,1,1,0,0,1,1,47,0,BROWNS,9,4,April,2012,2,Monday,6,13,0,4,3,136,36.89941667,-87.51435000,35,4,0,0,0,1,0
210158,KENTUCKY,KY,2,2,0,0,2,2,35,0,BROOKLYN,2,4,April,2012,2,Monday,13,35,0,4,3,46,36.59630278,-88.40615833,12,1,0,0,0,1,0
210159,KENTUCKY,KY,1,1,1,1,1,1,111,2090,GRAHAM,9,4,April,2012,2,Monday,17,30,0,16,5,7,38.18178889,-85.64837500,8,1,0,0,0,1,0
210160,KENTUCKY,KY,2,2,0,0,5,5,105,0,MARION,5,4,April,2012,5,Thursday,16,0,0,2,2,25,36.60048333,-88.94256111,12,1,0,0,0,1,0
210161,KENTUCKY,KY,2,2,1,1,2,2,121,154,BON AIR,12,4,April,2012,5,Thursday,21,15,1,2,2,134,36.89982778,-83.88886944,8,2,0,0,0,1,0
210162,KENTUCKY,KY,1,1,0,0,2,2,111,2090,GRAHAM,11,4,April,2012,4,Wednesday,0,29,0,14,3,11,38.15158611,-85.78310278,30,2,0,0,0,1,1
210163,KENTUCKY,KY,1,1,0,0,1,1,145,0,BALD KNOB,11,4,April,2012,4,Wednesday,23,46,1,1,1,169,36.99430278,-88.48745278,35,2,0,0,0,1,1
210164,KENTUCKY,KY,1,1,0,0,1,1,9,0,BLOUNT,13,4,April,2012,6,Friday,9,41,0,6,4,7,37.04342500,-85.88996944,38,1,0,0,0,1,0
210165,KENTUCKY,KY,1,1,0,0,1,1,137,0,ALCO,13,4,April,2012,6,Friday,10,0,0,3,2,167,37.44669444,-84.48440556,35,1,0,0,0,1,0
210166,KENTUCKY,KY,1,1,0,0,1,1,163,0,AVERA,13,4,April,2012,6,Friday,21,3,0,5,3,37,38.01734167,-86.43238889,35,2,0,0,0,1,0
210167,KENTUCKY,KY,1,1,1,1,2,2,73,1220,ARGO,14,4,April,2012,7,Saturday,17,55,0,16,5,0,38.20929167,-84.81209722,9,1,0,0,0,1,0
210168,KENTUCKY,KY,1,1,0,0,3,3,111,2090,GRAHAM,15,4,April,2012,1,Sunday,4,23,0,16,5,8,38.23485000,-85.80058611,30,3,0,0,0,1,1
210169,KENTUCKY,KY,1,1,0,0,1,1,117,3239,BIRMINGHAM,15,4,April,2012,1,Sunday,11,21,0,6,7,1,39.02110000,-84.50823889,1,1,0,0,0,1,0
210170,KENTUCKY,KY,2,1,3,3,1,1,43,0,BAILEYTON,13,4,April,2012,6,Friday,16,12,1,1,1,1670,38.32857778,-82.99370278,8,1,0,0,0,1,0
210171,KENTUCKY,KY,1,1,0,0,1,1,111,2090,GRAHAM,17,4,April,2012,3,Tuesday,23,29,0,13,3,7,38.12564722,-85.76615278,46,2,0,0,0,1,0
210172,KENTUCKY,KY,1,1,0,0,1,1,67,1980,ABBEVILLE,12,4,April,2012,5,Thursday,3,15,0,12,2,1,38.07410000,-84.49643889,35,3,0,0,0,1,1
210173,KENTUCKY,KY,2,2,0,0,2,2,231,2260,CONCORD,19,4,April,2012,5,Thursday,9,33,0,14,3,15,36.83264722,-84.84590833,12,1,0,0,0,1,1
210174,KENTUCKY,KY,2,2,0,0,5,5,15,0,ANNISTON,19,4,April,2012,5,Thursday,10,43,1,1,1,1748,38.90053333,-84.62726667,12,1,0,0,0,1,0
210175,KENTUCKY,KY,1,1,0,0,1,1,67,1980,ABBEVILLE,20,4,April,2012,6,Friday,2,8,1,12,3,40,38.03330000,-84.56576667,1,3,0,0,0,1,0
210176,KENTUCKY,KY,2,2,0,0,6,6,151,3387,FLIPPEN,20,4,April,2012,6,Friday,7,55,0,3,3,214,37.71945000,-84.10662500,12,1,0,0,0,2,0
210177,KENTUCKY,KY,1,1,0,0,1,1,37,1550,BRADFORD,18,4,April,2012,4,Wednesday,19,12,1,11,1,0,39.05178611,-84.46770000,25,1,0,0,0,1,1
210178,KENTUCKY,KY,1,1,0,0,2,2,145,2520,BALD KNOB,21,4,April,2012,7,Saturday,16,9,0,6,5,2,37.09052222,-88.67228889,35,1,0,0,0,2,0
210179,KENTUCKY,KY,1,1,0,0,1,1,155,0,IRWIN,23,4,April,2012,2,Monday,11,32,0,4,3,245,37.60564444,-85.34231944,1,1,0,0,0,1,0
210180,KENTUCKY,KY,7,2,0,0,2,2,207,2810,BOLINGBROKE,2,4,April,2012,2,Monday,13,8,1,2,2,159,37.01670000,-85.07576389,33,1,0,0,0,1,0
210181,KENTUCKY,KY,1,1,1,1,3,3,115,3167,ASHVILLE,14,4,April,2012,7,Saturday,10,13,0,4,3,80,37.82368333,-82.83268889,8,1,0,0,0,1,0
210182,KENTUCKY,KY,1,1,0,0,1,1,203,0,BENSON,16,4,April,2012,2,Monday,18,32,0,5,3,50,37.21800000,-84.32505000,42,1,0,0,0,1,0
210183,KENTUCKY,KY,1,1,0,0,3,3,93,0,BEAR CREEK,24,4,April,2012,3,Tuesday,14,50,0,6,4,13,37.74582222,-85.92786667,42,1,0,0,0,1,0
210184,KENTUCKY,KY,1,1,0,0,1,1,29,0,BORDEN SPRINGS,25,4,April,2012,4,Wednesday,5,51,1,1,1,2,37.92236111,-85.68686667,52,3,0,0,0,1,0
210185,KENTUCKY,KY,3,3,0,0,3,3,113,2410,COTTONTON,27,4,April,2012,6,Friday,7,25,1,13,2,134,37.93866389,-84.54741944,12,4,0,0,0,1,0
210186,KENTUCKY,KY,2,2,0,0,2,2,111,2090,GRAHAM,29,4,April,2012,1,Sunday,2,18,0,13,3,54,38.16046111,-85.63213056,12,2,0,0,0,1,1
210187,KENTUCKY,KY,1,1,0,0,1,1,107,960,CARROLLTON,30,4,April,2012,2,Monday,11,29,0,16,5,1,37.27198333,-87.51046944,10,1,0,0,0,1,0
210188,KENTUCKY,KY,1,1,0,0,1,1,221,0,ARNOLDSVILLE,30,4,April,2012,2,Monday,14,11,0,6,4,15,36.87083889,-87.95917222,42,1,0,0,0,1,0
210189,KENTUCKY,KY,1,1,0,0,1,1,91,0,DAYTON,21,4,April,2012,7,Saturday,16,20,1,2,2,91,37.90406389,-86.76374722,1,1,0,0,0,1,1
210190,KENTUCKY,KY,1,1,0,0,1,1,81,0,AUBURN,30,4,April,2012,2,Monday,23,7,0,3,3,162,38.58769444,-84.54515000,19,2,10,0,0,1,1
210191,KENTUCKY,KY,1,1,0,0,3,3,115,1135,ASHVILLE,25,4,April,2012,4,Wednesday,4,59,0,4,3,43,37.92039167,-82.89940000,35,2,0,0,0,1,1
210192,KENTUCKY,KY,1,1,0,0,1,1,147,0,AUGUSTA,12,4,April,2012,5,Thursday,19,27,0,4,3,27,36.73629167,-84.64461944,1,5,0,0,0,1,0
210193,KENTUCKY,KY,2,2,0,0,2,2,29,2990,BORDEN SPRINGS,10,4,April,2012,3,Tuesday,11,56,0,14,3,9,37.97958333,-85.69617778,12,1,0,0,0,1,0
210194,KENTUCKY,KY,1,1,0,0,1,1,161,2210,DENTON,24,4,April,2012,3,Tuesday,20,12,0,4,2,1,38.68301667,-83.78828889,30,2,0,0,0,1,1
210195,KENTUCKY,KY,2,2,0,0,4,4,111,2090,GRAHAM,25,4,April,2012,4,Wednesday,15,11,0,13,3,3,38.18427778,-85.62632222,12,1,0,0,0,1,0
210196,KENTUCKY,KY,1,1,0,0,2,2,13,0,BOLLING,25,4,April,2012,4,Wednesday,19,30,0,4,3,165,36.92287778,-83.56519167,42,1,10,0,0,1,0
210197,KENTUCKY,KY,2,2,0,0,2,2,25,3512,BARLOW BEND,13,4,April,2012,6,Friday,13,45,0,4,3,91,37.43445833,-83.37915556,12,1,0,0,0,1,0
210198,KENTUCKY,KY,2,2,0,0,5,5,119,9999,BELLAMY,26,4,April,2012,5,Thursday,8,39,1,2,3,117,37.39867778,-82.95796111,12,1,0,0,0,2,1
210199,KENTUCKY,KY,2,2,0,0,6,6,29,0,BORDEN SPRINGS,5,2,February,2012,1,Sunday,17,8,0,4,3,35,37.97569444,-85.64931389,12,1,0,0,0,1,0
210200,KENTUCKY,KY,2,2,0,0,2,2,61,410,BELLWOOD,7,2,February,2012,3,Tuesday,10,23,0,3,3,116,37.20769167,-86.28445000,12,1,0,0,0,1,0
210201,KENTUCKY,KY,3,3,0,0,3,3,29,2335,BORDEN SPRINGS,22,3,March,2012,5,Thursday,14,7,0,13,3,2129,38.03742222,-85.56604444,12,1,0,0,0,1,0
210202,KENTUCKY,KY,2,2,0,0,2,2,125,0,BROOKWOOD,7,2,February,2012,3,Tuesday,19,1,0,4,3,67,37.07086111,-84.10384722,12,2,0,0,0,1,0
210203,KENTUCKY,KY,2,2,0,0,3,3,9,0,BLOUNT,2,5,May,2012,4,Wednesday,14,47,0,5,3,125,36.93357222,-85.91932778,12,1,0,0,0,1,0
210204,KENTUCKY,KY,1,1,0,0,1,1,195,238,CARLTON,2,5,May,2012,4,Wednesday,18,46,1,2,2,108,37.35003333,-82.39184722,35,1,0,0,0,1,0
210205,KENTUCKY,KY,1,1,0,0,3,3,145,0,BALD KNOB,2,5,May,2012,4,Wednesday,2,27,0,14,3,96,37.10215556,-88.66705278,42,6,0,0,0,1,0
210206,KENTUCKY,KY,1,1,0,0,2,2,9,0,BLOUNT,4,5,May,2012,6,Friday,21,50,0,4,3,96,36.92550000,-85.87280278,39,2,0,0,0,1,1
210207,KENTUCKY,KY,1,1,0,0,1,1,19,120,CEDAR BLUFF,3,5,May,2012,5,Thursday,15,0,0,4,3,79,38.45309167,-82.70721111,18,1,0,0,0,1,0
210208,KENTUCKY,KY,1,1,0,0,1,1,239,0,GEORGETOWN,2,5,May,2012,4,Wednesday,22,5,0,4,3,77,38.12710000,-84.71128611,42,2,0,0,0,1,0
210209,KENTUCKY,KY,2,2,0,0,3,3,207,0,BOLINGBROKE,2,5,May,2012,4,Wednesday,15,25,0,6,3,13,36.95736667,-85.10728889,12,1,0,0,0,1,0
210210,KENTUCKY,KY,1,1,0,0,1,1,67,1980,ABBEVILLE,5,5,May,2012,7,Saturday,2,25,0,16,5,13,38.00235833,-84.48593056,42,3,0,0,0,1,1
210211,KENTUCKY,KY,2,2,0,0,4,4,219,0,BISHOP,5,5,May,2012,7,Saturday,8,20,1,2,2,99998,36.82693889,-87.22061389,12,1,0,0,0,1,0
210212,KENTUCKY,KY,1,1,0,0,1,1,67,1980,ABBEVILLE,5,5,May,2012,7,Saturday,15,27,1,1,1,977,37.88150556,-84.33625278,24,1,0,0,0,1,0
210213,KENTUCKY,KY,2,2,0,0,3,3,217,0,COVINGTON,5,5,May,2012,7,Saturday,19,8,0,2,2,80,37.36350000,-85.31011667,12,1,0,0,0,2,0
210214,KENTUCKY,KY,1,1,0,0,1,1,27,0,ASHLAND,5,5,May,2012,7,Saturday,22,54,0,6,4,5,37.76728889,-86.40113889,35,2,0,0,0,1,1
210215,KENTUCKY,KY,2,2,0,0,2,2,195,3014,CARLTON,6,5,May,2012,1,Sunday,6,25,1,2,2,119,37.59489444,-82.37439167,12,4,0,0,0,1,0
210216,KENTUCKY,KY,3,3,0,0,5,5,35,0,BROOKLYN,6,5,May,2012,1,Sunday,11,10,0,4,3,22,36.51663333,-88.11507778,12,1,0,0,0,1,2
210217,KENTUCKY,KY,2,2,0,0,2,2,3,0,BALDWIN,7,5,May,2012,2,Monday,20,40,1,2,2,52,36.67695833,-86.25206667,12,2,0,0,0,1,0
210218,KENTUCKY,KY,1,1,0,0,1,1,231,0,CONCORD,6,5,May,2012,1,Sunday,7,59,0,5,3,14,36.86858889,-84.95091944,42,1,0,0,0,1,1
210219,KENTUCKY,KY,1,1,0,0,1,1,15,0,ANNISTON,8,5,May,2012,3,Tuesday,13,10,0,4,3,68,38.94555278,-84.73361111,35,1,0,0,0,1,0
210220,KENTUCKY,KY,2,2,0,0,2,2,217,0,COVINGTON,9,5,May,2012,4,Wednesday,5,49,0,2,3,24,37.23367500,-85.34341944,12,2,0,0,0,1,0
210221,KENTUCKY,KY,1,1,0,0,1,1,97,0,AXIS,8,5,May,2012,3,Tuesday,10,58,0,6,4,11,38.46888333,-84.24904167,42,1,0,0,0,1,0
210222,KENTUCKY,KY,2,2,0,0,3,3,141,0,BEE BRANCH,11,5,May,2012,6,Friday,11,59,1,2,2,219,36.86311667,-86.73625000,12,1,0,0,0,1,0
210223,KENTUCKY,KY,1,1,0,0,1,1,23,150,BLADON SPRINGS,12,5,May,2012,7,Saturday,3,20,0,3,3,169,38.77098333,-83.99466389,24,3,0,0,0,1,1
210224,KENTUCKY,KY,1,1,0,0,1,1,203,0,BENSON,13,5,May,2012,1,Sunday,1,37,0,6,4,13,37.46874167,-84.33586944,42,2,0,0,0,1,1
210225,KENTUCKY,KY,2,2,0,0,7,7,99,0,BEATRICE,13,5,May,2012,1,Sunday,4,5,1,1,1,733,37.41649722,-85.88194444,12,2,0,0,0,1,0
210226,KENTUCKY,KY,4,4,0,0,8,8,99,0,BEATRICE,13,5,May,2012,1,Sunday,9,58,1,1,1,544,37.15027500,-85.97091667,57,1,0,0,0,1,0
210227,KENTUCKY,KY,2,2,0,0,4,4,205,0,BACONTON,13,5,May,2012,1,Sunday,19,45,1,1,1,1316,38.17486389,-83.57615000,12,1,0,0,0,1,0
210228,KENTUCKY,KY,1,1,1,1,1,1,67,1980,ABBEVILLE,13,5,May,2012,1,Sunday,21,44,1,13,2,112,38.01800278,-84.46476667,8,3,0,0,0,1,0
210229,KENTUCKY,KY,1,1,0,0,1,1,97,0,AXIS,14,5,May,2012,2,Monday,7,55,0,6,3,43,38.36717222,-84.29423333,35,1,0,0,0,1,0
210230,KENTUCKY,KY,1,1,0,0,1,1,125,0,BROOKWOOD,14,5,May,2012,2,Monday,12,43,0,4,3,73,37.17029444,-83.97881667,42,1,0,0,0,1,0
210231,KENTUCKY,KY,1,1,0,0,1,1,73,1220,ARGO,14,5,May,2012,2,Monday,13,25,0,14,3,22,38.17133889,-84.87651667,24,1,0,0,0,1,0
210232,KENTUCKY,KY,1,1,1,1,2,2,67,1980,ABBEVILLE,14,5,May,2012,2,Monday,21,46,1,13,2,33,38.00774444,-84.51791111,8,3,0,0,0,1,0
210233,KENTUCKY,KY,2,2,0,0,4,4,71,2670,BRIDGEPORT,15,5,May,2012,3,Tuesday,15,28,1,2,3,59,37.64292778,-82.84900833,12,1,0,0,0,1,1
210234,KENTUCKY,KY,2,2,0,0,2,2,227,0,JASPER,15,5,May,2012,3,Tuesday,22,12,1,2,2,24,36.84951944,-86.33367778,58,2,0,0,0,1,0
210235,KENTUCKY,KY,1,1,0,0,2,2,187,0,DAHLONEGA,16,5,May,2012,4,Wednesday,0,30,0,6,4,1,38.39571111,-84.85241667,42,2,0,0,0,1,1
210236,KENTUCKY,KY,5,5,0,0,9,9,235,0,FINLEYSON,16,5,May,2012,4,Wednesday,15,20,1,1,1,41,36.63309167,-84.11705278,12,1,0,0,0,1,0
210237,KENTUCKY,KY,1,1,0,0,1,1,85,0,BENTON,8,5,May,2012,3,Tuesday,6,14,0,4,2,266,37.49831111,-86.20443611,35,4,0,0,0,1,0
210238,KENTUCKY,KY,2,2,0,0,6,6,197,0,BUENA VISTA,6,5,May,2012,1,Sunday,11,3,0,4,3,116,37.88275833,-83.86377500,12,1,0,0,0,1,0
210239,KENTUCKY,KY,2,2,0,0,2,2,179,170,ALLENHURST,7,5,May,2012,2,Monday,10,2,0,13,2,148,37.81730278,-85.46413611,12,1,0,0,0,1,0
210240,KENTUCKY,KY,1,1,0,0,4,4,211,3020,APALACHEE,19,5,May,2012,7,Saturday,0,45,1,1,1,284,38.20239444,-85.31576667,1,2,0,0,0,3,0
210241,KENTUCKY,KY,1,1,0,0,4,4,41,570,BRANTLEY,19,5,May,2012,7,Saturday,9,10,0,6,4,11,38.66720278,-85.15334722,42,1,0,0,0,1,1
210242,KENTUCKY,KY,1,1,0,0,3,3,141,0,BEE BRANCH,19,5,May,2012,7,Saturday,12,32,0,6,4,29,36.81223333,-86.75167500,1,1,0,0,0,1,0
210243,KENTUCKY,KY,1,1,1,1,2,2,111,2090,GRAHAM,19,5,May,2012,7,Saturday,21,44,1,13,2,105,38.13018333,-85.84787778,15,3,0,0,0,1,0
210244,KENTUCKY,KY,1,1,0,0,2,2,145,0,BALD KNOB,20,5,May,2012,1,Sunday,0,16,0,6,3,42,37.06759167,-88.74050000,35,2,0,0,0,2,1
210245,KENTUCKY,KY,1,1,0,0,3,3,127,0,BURNWELL,20,5,May,2012,1,Sunday,17,3,0,4,3,6,38.17115278,-82.72803889,35,1,0,0,0,1,1
210246,KENTUCKY,KY,2,2,0,0,5,5,121,0,BON AIR,21,5,May,2012,2,Monday,17,22,0,5,3,28,36.85888889,-83.75483333,12,1,0,0,0,1,1
210247,KENTUCKY,KY,1,1,0,0,1,1,117,800,BIRMINGHAM,15,5,May,2012,3,Tuesday,8,15,0,16,5,1,39.08462778,-84.51037778,43,1,0,0,0,1,0
210248,KENTUCKY,KY,1,1,0,0,1,1,181,0,LINCOLN,4,5,May,2012,6,Friday,20,28,0,6,4,24,38.23840556,-83.95893611,42,5,0,0,0,1,0
210249,KENTUCKY,KY,1,1,0,0,1,1,231,0,CONCORD,22,5,May,2012,3,Tuesday,8,35,0,4,3,130,36.78316111,-84.80995556,34,1,0,0,0,1,0
210250,KENTUCKY,KY,1,1,0,0,3,3,163,193,AVERA,22,5,May,2012,3,Tuesday,11,25,0,4,3,154,38.05003333,-86.28655278,35,1,0,0,0,1,0
210251,KENTUCKY,KY,1,1,0,0,2,2,109,0,ANSLEY,22,5,May,2012,3,Tuesday,17,11,0,3,2,236,37.48316389,-84.09965556,35,1,0,0,0,1,0
210252,KENTUCKY,KY,4,4,0,0,6,6,145,2520,BALD KNOB,22,5,May,2012,3,Tuesday,14,27,1,11,1,29,37.09734444,-88.68807778,12,1,0,0,0,2,0
210253,KENTUCKY,KY,2,2,0,0,5,5,93,2724,BEAR CREEK,23,5,May,2012,4,Wednesday,15,19,1,4,3,88,37.79747222,-85.90265278,12,1,0,0,0,1,1
210254,KENTUCKY,KY,1,1,0,0,1,1,209,0,AILEY,25,5,May,2012,6,Friday,19,20,0,5,3,18,38.24523889,-84.70855278,42,1,0,0,0,1,0
210255,KENTUCKY,KY,1,1,0,0,1,1,25,0,BARLOW BEND,25,5,May,2012,6,Friday,21,0,0,4,3,13,37.53418333,-83.35047222,30,2,0,0,0,1,1
210256,KENTUCKY,KY,1,1,0,0,3,3,79,0,COURTLAND,24,5,May,2012,5,Thursday,22,10,0,6,4,7,37.58798056,-84.49948611,1,2,0,0,0,1,1
210257,KENTUCKY,KY,2,2,0,0,8,8,93,3370,BEAR CREEK,12,5,May,2012,7,Saturday,21,35,0,5,3,8,37.79725833,-85.99648889,12,2,0,0,0,1,0
210258,KENTUCKY,KY,2,2,0,0,2,2,193,1470,IDEAL,26,5,May,2012,7,Saturday,7,22,1,4,3,13,37.24952222,-83.19831111,12,1,0,0,0,1,0
210259,KENTUCKY,KY,5,5,0,0,6,6,15,0,ANNISTON,26,5,May,2012,7,Saturday,9,10,0,14,2,84,38.92246667,-84.67812222,12,1,0,0,0,1,0
210260,KENTUCKY,KY,1,1,0,0,1,1,135,0,ASH FLAT,26,5,May,2012,7,Saturday,16,38,0,5,3,109,38.46838056,-83.26592222,1,1,0,0,0,1,0
210261,KENTUCKY,KY,1,1,0,0,3,3,97,0,AXIS,26,5,May,2012,7,Saturday,20,25,0,4,2,156,38.45000000,-84.24123056,1,1,0,0,0,2,1
210262,KENTUCKY,KY,1,1,0,0,2,2,231,2260,CONCORD,27,5,May,2012,1,Sunday,1,10,0,4,3,1,36.82152500,-84.87482222,19,3,0,0,0,2,1
210263,KENTUCKY,KY,3,3,0,0,11,11,207,0,BOLINGBROKE,27,5,May,2012,1,Sunday,10,15,0,4,3,65,37.07412500,-85.02727222,12,1,0,0,0,1,0
210264,KENTUCKY,KY,1,1,0,0,3,3,97,0,AXIS,28,5,May,2012,2,Monday,0,55,0,6,4,11,38.47095000,-84.34715278,35,2,0,0,0,1,1
210265,KENTUCKY,KY,1,1,0,0,8,8,183,0,FORT STEWART,28,5,May,2012,2,Monday,6,20,1,2,3,417,37.39366389,-86.81519167,1,1,0,0,0,2,1
210267,KENTUCKY,KY,1,1,0,0,1,1,233,2700,ARAGON,28,5,May,2012,2,Monday,12,10,0,4,3,56,37.40415833,-87.75214444,35,1,0,0,0,1,0
210268,KENTUCKY,KY,1,1,0,0,1,1,141,0,BEE BRANCH,30,5,May,2012,4,Wednesday,5,0,0,2,2,308,37.05068611,-86.98946944,42,4,0,0,0,1,0
210269,KENTUCKY,KY,2,2,0,0,2,2,111,2090,GRAHAM,30,5,May,2012,4,Wednesday,5,59,0,13,3,25,38.15740833,-85.68636667,12,6,0,0,0,1,0
210270,KENTUCKY,KY,3,3,0,0,4,4,227,0,JASPER,30,5,May,2012,4,Wednesday,11,46,1,1,1,194,36.88408889,-86.44337500,12,1,0,0,0,2,0
210271,KENTUCKY,KY,2,2,1,1,3,3,159,1680,FARRAR,30,5,May,2012,4,Wednesday,21,55,0,4,3,119,37.86626111,-82.53935556,8,2,0,0,0,1,0
210272,KENTUCKY,KY,1,1,0,0,1,1,53,0,ATMORE,26,5,May,2012,7,Saturday,6,26,0,5,3,10,36.64908611,-85.18080278,30,2,0,0,0,1,1
210273,KENTUCKY,KY,2,2,0,0,3,3,145,2520,BALD KNOB,29,5,May,2012,3,Tuesday,13,5,0,13,2,129,37.08346944,-88.64241111,12,1,0,0,0,1,0
210274,KENTUCKY,KY,1,1,1,1,1,1,223,220,BRASWELL,31,5,May,2012,5,Thursday,11,5,0,3,2,72,38.60023611,-85.31662500,8,1,0,0,0,1,0
210275,KENTUCKY,KY,2,2,0,0,2,2,67,1980,ABBEVILLE,31,5,May,2012,5,Thursday,17,55,0,16,5,5,38.04439722,-84.48565833,12,1,0,0,0,1,0
210276,KENTUCKY,KY,1,1,0,0,1,1,47,0,BROWNS,28,5,May,2012,2,Monday,18,34,1,2,3,3,36.73806667,-87.50416944,35,1,0,0,0,1,0
210277,KENTUCKY,KY,1,1,0,0,2,2,157,0,ARCADE,20,5,May,2012,1,Sunday,13,30,1,2,3,368,36.83366667,-88.43603056,1,1,0,0,0,1,0
210278,KENTUCKY,KY,1,1,0,0,1,1,121,160,BON AIR,29,5,May,2012,3,Tuesday,18,28,0,4,3,88,36.85209444,-83.88822500,34,1,10,0,0,1,0
210279,KENTUCKY,KY,1,1,0,0,1,1,23,0,BLADON SPRINGS,15,5,May,2012,3,Tuesday,10,57,0,4,3,159,38.66720278,-84.03273333,35,1,0,0,0,1,0
210280,KENTUCKY,KY,1,1,0,0,2,2,3,0,BALDWIN,2,5,May,2012,4,Wednesday,15,52,0,4,3,41,36.86515556,-86.21137222,35,1,0,0,0,1,0
210281,KENTUCKY,KY,2,2,0,0,4,4,197,3190,BUENA VISTA,14,2,February,2012,3,Tuesday,15,12,0,6,3,2,37.84911389,-83.86098056,12,1,0,0,0,1,0
210282,KENTUCKY,KY,1,1,0,0,1,1,15,0,ANNISTON,1,6,June,2012,6,Friday,11,0,0,4,2,7,38.83358333,-84.73841944,42,1,0,0,0,1,0
210283,KENTUCKY,KY,1,1,1,1,2,2,151,0,FLIPPEN,2,6,June,2012,7,Saturday,2,55,0,3,3,169,37.73900000,-84.18599444,8,2,0,0,0,1,0
210284,KENTUCKY,KY,1,1,0,0,1,1,89,3800,BROWNSBORO,2,6,June,2012,7,Saturday,19,8,1,13,2,70,38.54373333,-82.76256111,1,1,0,0,0,1,1
210285,KENTUCKY,KY,1,1,1,1,3,3,15,0,ANNISTON,3,6,June,2012,1,Sunday,2,8,0,5,3,49,39.09808889,-84.69333611,8,2,0,0,0,1,1
210286,KENTUCKY,KY,1,1,0,0,1,1,191,0,CRESCENT,3,6,June,2012,1,Sunday,5,11,0,5,3,46,38.59983333,-84.40128611,42,2,0,0,0,1,1
210287,KENTUCKY,KY,2,2,0,0,2,2,51,0,CENTRAL,3,6,June,2012,1,Sunday,10,26,0,4,2,114,37.08949444,-83.70042778,12,1,0,0,0,1,0
210288,KENTUCKY,KY,1,1,0,0,1,1,197,0,BUENA VISTA,3,6,June,2012,1,Sunday,12,53,0,3,3,21,37.78078889,-83.68182222,24,1,0,0,0,1,0
210289,KENTUCKY,KY,1,1,0,0,1,1,11,0,BULLOCK,3,6,June,2012,1,Sunday,20,30,0,6,3,7,38.07136389,-83.65635278,42,1,0,0,0,1,0
210290,KENTUCKY,KY,1,1,0,0,1,1,35,0,BROOKLYN,1,6,June,2012,6,Friday,7,0,0,6,3,137,36.70500278,-88.36072222,34,1,0,0,0,1,0
210291,KENTUCKY,KY,1,1,0,0,2,2,213,0,CARTERS,6,6,June,2012,4,Wednesday,8,48,0,4,3,143,36.70836389,-86.48067500,42,1,0,0,0,2,0
210292,KENTUCKY,KY,1,1,0,0,2,2,227,0,JASPER,6,6,June,2012,4,Wednesday,21,37,0,6,4,12,37.00305000,-86.26399167,35,2,0,0,0,1,1
210293,KENTUCKY,KY,2,2,0,0,4,4,197,0,BUENA VISTA,5,6,June,2012,3,Tuesday,8,24,1,2,3,342,37.79693056,-83.66894722,12,1,0,0,0,1,0
210294,KENTUCKY,KY,2,2,0,0,2,2,157,0,ARCADE,9,6,June,2012,7,Saturday,13,5,0,2,2,143,36.86522500,-88.26894167,35,1,0,0,0,1,0
210295,KENTUCKY,KY,1,1,0,0,2,2,219,1370,BISHOP,9,6,June,2012,7,Saturday,22,50,0,2,2,11,36.65265000,-87.18509167,1,2,0,0,0,1,0
210296,KENTUCKY,KY,1,1,1,1,3,3,111,2090,GRAHAM,8,6,June,2012,6,Friday,23,58,0,16,6,1,38.17436667,-85.83508889,8,2,0,0,0,1,0
210297,KENTUCKY,KY,2,2,0,0,2,2,155,0,IRWIN,10,6,June,2012,1,Sunday,12,38,0,5,3,22,37.53510278,-85.38125833,12,1,0,0,0,1,0
210298,KENTUCKY,KY,1,1,0,0,1,1,93,0,BEAR CREEK,11,6,June,2012,2,Monday,5,43,1,2,3,1302,37.62616111,-85.94343889,42,2,0,0,0,1,0
210299,KENTUCKY,KY,4,4,0,0,4,4,15,3400,ANNISTON,12,6,June,2012,3,Tuesday,19,0,1,1,1,1712,38.85063611,-84.62198889,12,1,0,0,0,1,0
210300,KENTUCKY,KY,1,1,0,0,16,16,111,2090,GRAHAM,12,6,June,2012,3,Tuesday,17,10,0,13,3,20,38.22265000,-85.78575833,42,1,0,0,0,1,0
210301,KENTUCKY,KY,2,2,0,0,2,2,111,2090,GRAHAM,9,6,June,2012,7,Saturday,22,40,0,16,3,96,38.13743056,-85.62104722,12,2,0,0,0,1,0
210302,KENTUCKY,KY,1,1,0,0,1,1,67,1980,ABBEVILLE,13,6,June,2012,4,Wednesday,15,45,0,4,3,56,37.99053889,-84.36831944,42,1,0,0,0,1,0
210303,KENTUCKY,KY,1,1,0,0,1,1,183,0,FORT STEWART,10,6,June,2012,1,Sunday,22,20,0,4,3,139,37.56683611,-86.61593611,35,2,0,0,0,1,1
210304,KENTUCKY,KY,1,1,0,0,1,1,227,0,JASPER,14,6,June,2012,5,Thursday,7,46,0,4,2,175,36.99588611,-86.53457778,1,1,0,0,0,1,0
210305,KENTUCKY,KY,2,2,0,0,2,2,111,2090,GRAHAM,9,6,June,2012,7,Saturday,14,54,1,11,1,63,38.29965278,-85.61625833,1,1,0,0,0,1,0
210306,KENTUCKY,KY,1,1,0,0,1,1,17,0,CHAMBERS,7,6,June,2012,5,Thursday,13,16,0,3,2,59,38.21831944,-84.29948611,1,1,0,0,0,1,0
210307,KENTUCKY,KY,3,3,0,0,4,4,111,2090,GRAHAM,15,6,June,2012,6,Friday,15,49,1,2,2,38,38.03860556,-85.90729444,12,1,0,0,0,1,0
210308,KENTUCKY,KY,2,2,0,0,3,3,193,1470,IDEAL,15,6,June,2012,6,Friday,17,21,0,5,3,20,37.27525000,-83.18223889,32,1,0,0,0,1,1
210309,KENTUCKY,KY,1,1,0,0,2,2,145,2520,BALD KNOB,16,6,June,2012,7,Saturday,0,21,0,4,3,37,36.98333333,-88.61683889,32,2,0,0,0,1,1