ST_CASE,State Name,State Abbreviation,# of Vehicle involved,Parked_Vehicles_Involved,Pedestrains,Person_Not_in_Motor_Vehicle,Persons_in_motor_vehicle,Total_Persons_in_accident,COUNTY,CITY,City_County_Name,Calendar_DAY,MONTH,Month_name,YEAR,DAY_WEEK,Day_Week_desc,HOUR,MINUTE,NHS_Desc,trafficway,Route,MILEPT,LATITUDE,LONGITUD,First_Crash_event,Light_cond_desc,Weather_condition,School_bus_involved,Crash_cause,FATALS,DRUNK_DR
210460,KENTUCKY,KY,1,1,0,0,4,4,43,1330,BAILEYTON,20,8,August,2012,2,Monday,19,10,0,4,3,104,38.31670000,-82.93194444,32,1,0,0,0,1,1
210461,KENTUCKY,KY,1,1,0,0,1,1,143,970,CANEHILL,22,8,August,2012,4,Wednesday,12,43,1,2,2,32,37.13346944,-88.06866944,1,1,0,0,0,1,0
210462,KENTUCKY,KY,1,1,0,0,1,1,125,0,BROOKWOOD,1,9,September,2012,7,Saturday,2,3,0,3,3,43,37.20246111,-84.07803889,1,2,0,0,0,1,1
210463,KENTUCKY,KY,1,1,0,0,2,2,151,0,FLIPPEN,1,9,September,2012,7,Saturday,19,39,0,6,4,1,37.59112222,-84.23882778,35,1,0,0,0,1,1
210464,KENTUCKY,KY,1,1,0,0,1,1,119,1131,BELLAMY,2,9,September,2012,1,Sunday,7,57,0,5,3,42,37.31123611,-83.08383889,35,2,0,0,0,1,1
210465,KENTUCKY,KY,1,1,0,0,1,1,67,1980,ABBEVILLE,2,9,September,2012,1,Sunday,18,24,1,1,1,1192,38.13441389,-84.52954167,42,1,0,0,0,1,0
210466,KENTUCKY,KY,2,2,0,0,3,3,111,2090,GRAHAM,2,9,September,2012,1,Sunday,19,50,0,14,3,14,38.29311667,-85.60493056,12,2,0,0,0,1,0
210467,KENTUCKY,KY,1,1,0,0,1,1,93,3370,BEAR CREEK,2,9,September,2012,1,Sunday,23,25,0,5,3,32,37.80508611,-85.95343333,35,2,0,0,0,1,0
210468,KENTUCKY,KY,1,1,0,0,1,1,215,0,BIBB CITY,5,9,September,2012,4,Wednesday,12,21,0,3,2,0,37.98766389,-85.48436389,42,1,0,0,0,1,1
210469,KENTUCKY,KY,1,1,0,0,1,1,51,0,CENTRAL,5,9,September,2012,4,Wednesday,22,47,0,4,2,72,37.14549722,-83.76236389,35,2,0,0,0,1,1
210470,KENTUCKY,KY,1,1,0,0,1,1,145,0,BALD KNOB,6,9,September,2012,5,Thursday,12,59,0,6,4,5,37.02623889,-88.63435556,42,1,0,0,0,1,0
210471,KENTUCKY,KY,1,1,0,0,1,1,141,0,BEE BRANCH,6,9,September,2012,5,Thursday,14,23,0,5,3,54,36.85684167,-86.90041944,42,1,0,0,0,1,0
210472,KENTUCKY,KY,1,1,0,0,4,4,1,0,AUTAUGA,6,9,September,2012,5,Thursday,22,8,0,4,3,88,37.21881944,-85.22413333,52,2,0,0,0,1,1
210473,KENTUCKY,KY,1,1,0,0,1,1,93,0,BEAR CREEK,7,9,September,2012,6,Friday,22,30,0,5,3,73,37.77956667,-85.78800000,42,2,0,0,0,1,0
210474,KENTUCKY,KY,2,2,0,0,2,2,227,0,JASPER,8,9,September,2012,7,Saturday,16,59,0,4,3,34,36.85257500,-86.42447778,1,1,0,0,0,1,0
210475,KENTUCKY,KY,1,1,0,0,1,1,47,1620,BROWNS,8,9,September,2012,7,Saturday,20,28,0,16,5,4,36.85518611,-87.45862500,38,1,0,0,0,1,0
210476,KENTUCKY,KY,1,1,0,0,1,1,43,0,BAILEYTON,9,9,September,2012,1,Sunday,15,2,0,4,3,30,38.21784722,-82.90811111,24,1,0,0,0,1,0
210477,KENTUCKY,KY,2,2,1,1,5,5,195,3377,CARLTON,9,9,September,2012,1,Sunday,20,10,1,2,2,104,37.33994444,-82.55534444,8,2,0,0,0,1,0
210478,KENTUCKY,KY,2,2,0,0,4,4,9,1310,BLOUNT,8,9,September,2012,7,Saturday,19,19,0,13,3,101,36.99412222,-85.90758333,12,3,0,0,0,1,0
210479,KENTUCKY,KY,1,1,0,0,1,1,227,0,JASPER,12,9,September,2012,4,Wednesday,9,51,1,1,1,205,36.90549167,-86.41465000,20,1,0,0,0,1,0
210480,KENTUCKY,KY,3,3,0,0,3,3,193,2788,IDEAL,12,9,September,2012,4,Wednesday,14,30,0,4,3,214,37.43401389,-83.21512222,12,1,0,0,0,1,1
210481,KENTUCKY,KY,2,2,0,0,2,2,219,0,BISHOP,13,9,September,2012,5,Thursday,6,15,0,3,3,40,36.70244167,-87.19758056,12,4,0,0,0,1,0
210482,KENTUCKY,KY,1,1,1,1,1,1,101,0,BOYLSTON,13,9,September,2012,5,Thursday,15,21,0,3,2,18,37.67291667,-87.63983611,8,1,0,0,0,1,0
210483,KENTUCKY,KY,2,2,0,0,2,2,5,0,BAKER HILL,7,9,September,2012,6,Friday,16,23,0,4,2,210,38.04338333,-84.87865000,12,1,0,0,0,1,0
210484,KENTUCKY,KY,1,1,0,0,1,1,161,0,DENTON,13,9,September,2012,5,Thursday,17,47,0,5,3,24,38.51171389,-83.86810278,34,1,0,0,0,1,1
210485,KENTUCKY,KY,3,3,0,0,6,6,111,2090,GRAHAM,15,9,September,2012,7,Saturday,22,50,1,16,3,71,38.17805833,-85.86188333,12,2,0,0,0,2,1
210486,KENTUCKY,KY,1,1,0,0,1,1,123,0,ALEXANDER CITY,16,9,September,2012,1,Sunday,3,20,0,2,3,98,37.52490278,-85.66589444,53,2,0,0,0,1,0
210487,KENTUCKY,KY,1,1,0,0,1,1,147,0,AUGUSTA,17,9,September,2012,2,Monday,16,23,1,2,2,212,36.88438333,-84.49455556,42,1,0,0,0,1,0
210488,KENTUCKY,KY,5,5,0,0,5,5,163,0,AVERA,18,9,September,2012,3,Tuesday,6,20,0,2,2,79,37.88231667,-86.10019444,12,2,0,0,0,1,0
210489,KENTUCKY,KY,1,1,1,1,1,1,59,2490,FRANKLIN,18,9,September,2012,3,Tuesday,18,31,0,16,5,20,37.77386111,-87.14817222,9,1,0,0,0,1,0
210490,KENTUCKY,KY,1,1,0,0,1,1,111,2090,GRAHAM,20,9,September,2012,5,Thursday,1,47,1,11,1,80,38.30959722,-85.59183056,1,2,0,0,0,1,1
210491,KENTUCKY,KY,2,2,0,0,2,2,111,2090,GRAHAM,20,9,September,2012,5,Thursday,16,33,0,16,5,8,38.23777500,-85.72923056,12,1,0,0,0,1,0
210492,KENTUCKY,KY,2,2,0,0,2,2,67,1980,ABBEVILLE,20,9,September,2012,5,Thursday,20,6,0,16,5,15,38.05460833,-84.43685556,12,6,0,0,0,1,0
210493,KENTUCKY,KY,1,1,1,1,1,1,145,0,BALD KNOB,15,9,September,2012,7,Saturday,20,0,0,13,2,178,37.04186389,-88.54523611,15,2,0,0,0,1,0
210494,KENTUCKY,KY,1,1,0,0,1,1,81,3590,AUBURN,21,9,September,2012,6,Friday,8,29,0,4,3,0,38.64147778,-84.56154444,33,1,0,0,0,1,0
210495,KENTUCKY,KY,1,1,0,0,2,2,85,0,BENTON,21,9,September,2012,6,Friday,11,43,0,6,3,20,37.36816667,-86.19286111,42,1,0,0,0,1,0
210496,KENTUCKY,KY,2,2,0,0,2,2,111,2090,GRAHAM,15,9,September,2012,7,Saturday,19,42,0,16,5,10,38.23257500,-85.77902500,5,1,0,0,0,1,0
210497,KENTUCKY,KY,1,1,0,0,1,1,193,0,IDEAL,22,9,September,2012,7,Saturday,14,23,0,5,3,6,37.21699167,-83.24925000,1,1,0,0,0,1,1
210498,KENTUCKY,KY,1,1,0,0,2,2,221,0,ARNOLDSVILLE,23,9,September,2012,1,Sunday,22,14,1,1,1,629,36.90061667,-87.76658056,42,2,0,0,0,2,0
210499,KENTUCKY,KY,1,1,0,0,2,2,179,0,ALLENHURST,22,9,September,2012,7,Saturday,18,26,0,5,3,101,37.70771111,-85.47173611,35,1,0,0,0,1,0
210500,KENTUCKY,KY,2,2,0,0,2,2,175,0,CADWELL,25,9,September,2012,3,Tuesday,16,26,1,2,3,629,37.74601389,-83.23119722,12,1,0,0,0,1,0
210501,KENTUCKY,KY,2,2,0,0,4,4,107,0,CARROLLTON,26,9,September,2012,4,Wednesday,13,19,1,2,1,1010,37.20123056,-87.53316111,1,1,0,0,0,2,0
210502,KENTUCKY,KY,2,2,0,0,2,2,211,0,APALACHEE,14,9,September,2012,6,Friday,10,27,0,3,3,136,38.25010000,-85.19995833,12,1,0,0,0,1,0
210503,KENTUCKY,KY,2,2,0,0,2,2,43,2480,BAILEYTON,27,9,September,2012,5,Thursday,6,53,0,4,3,1,38.31591667,-83.19180000,12,2,0,0,0,2,0
210504,KENTUCKY,KY,1,1,0,0,2,2,111,2090,GRAHAM,26,9,September,2012,4,Wednesday,9,31,0,16,5,7,38.14742500,-85.78575556,42,1,0,0,0,1,0
210505,KENTUCKY,KY,2,2,0,0,3,3,43,0,BAILEYTON,28,9,September,2012,6,Friday,14,26,1,1,1,1598,38.32595833,-83.12792500,24,1,0,0,0,1,0
210506,KENTUCKY,KY,1,1,0,0,2,2,9,0,BLOUNT,14,9,September,2012,6,Friday,8,50,0,5,3,20,37.03840278,-85.86394722,23,1,0,0,0,1,0
210507,KENTUCKY,KY,1,1,0,0,3,3,75,0,BEAVERTON,29,9,September,2012,7,Saturday,14,48,0,3,3,80,36.54758056,-89.25147500,42,1,0,0,0,3,1
210508,KENTUCKY,KY,2,2,0,0,2,2,53,40,ATMORE,30,9,September,2012,1,Sunday,20,6,1,4,2,74,36.70292500,-85.13436389,12,2,0,0,0,1,0
210509,KENTUCKY,KY,1,1,0,0,1,1,237,0,EATONTON,12,9,September,2012,4,Wednesday,17,54,0,3,3,9,37.70635000,-83.67799722,35,1,0,0,0,1,0
210510,KENTUCKY,KY,1,1,0,0,2,2,195,0,CARLTON,28,9,September,2012,6,Friday,21,47,0,4,3,101,37.38776667,-82.52818333,24,2,0,0,0,1,0
210511,KENTUCKY,KY,1,1,0,0,1,1,35,0,BROOKLYN,30,9,September,2012,1,Sunday,15,50,0,4,3,12,36.59841389,-88.08843889,59,1,0,0,0,1,0
210512,KENTUCKY,KY,1,1,0,0,1,1,149,0,BELLEVILLE,16,2,February,2012,5,Thursday,10,10,0,4,3,50,37.43319722,-87.24904167,59,1,0,0,0,1,0
210513,KENTUCKY,KY,1,1,0,0,1,1,67,1980,ABBEVILLE,23,9,September,2012,1,Sunday,12,15,0,5,3,35,38.11531944,-84.56014444,38,1,0,0,0,1,0
210514,KENTUCKY,KY,2,2,0,0,2,2,211,0,APALACHEE,30,9,September,2012,1,Sunday,22,28,1,1,1,281,38.20632222,-85.34032778,12,2,0,0,0,1,0
210515,KENTUCKY,KY,1,1,0,0,1,1,183,0,FORT STEWART,8,7,July,2012,1,Sunday,17,30,0,6,4,20,37.57478889,-86.91615833,1,1,0,0,0,1,1
210516,KENTUCKY,KY,1,1,0,0,1,1,183,0,FORT STEWART,13,7,July,2012,6,Friday,11,20,0,6,4,61,37.58336667,-86.80415833,42,1,0,0,0,1,0
210517,KENTUCKY,KY,1,1,0,0,1,1,153,2870,BONAIRE,1,9,September,2012,7,Saturday,17,4,9,6,3,99999,37.73665833,-83.03389167,35,1,0,0,0,1,0
210518,KENTUCKY,KY,2,2,0,0,3,3,153,2870,BONAIRE,30,9,September,2012,1,Sunday,13,14,0,4,3,15,37.71042500,-83.00000000,12,1,0,0,0,1,0
210519,KENTUCKY,KY,1,1,0,0,1,1,207,0,BOLINGBROKE,7,7,July,2012,7,Saturday,16,30,0,4,3,172,37.03222222,-85.11180278,32,1,0,0,0,1,0
210520,KENTUCKY,KY,1,1,0,0,1,1,31,0,COFFEE,8,6,June,2012,6,Friday,5,0,0,4,3,140,37.26714444,-86.67911111,32,4,0,0,0,1,0
210521,KENTUCKY,KY,2,2,0,0,3,3,131,0,ARLINGTON,3,10,October,2012,4,Wednesday,20,0,0,3,2,163,37.10051389,-83.39453333,12,2,0,0,0,1,1
210522,KENTUCKY,KY,1,1,0,0,1,1,195,0,CARLTON,4,10,October,2012,5,Thursday,18,0,0,4,3,176,37.54520000,-82.46076111,17,1,0,0,0,1,1
210523,KENTUCKY,KY,1,1,0,0,1,1,195,1010,CARLTON,4,10,October,2012,5,Thursday,18,13,0,4,3,57,37.31501389,-82.46136944,42,1,0,0,0,1,0
210524,KENTUCKY,KY,1,1,0,0,1,1,171,0,ALDORA,7,10,October,2012,1,Sunday,2,10,0,6,4,19,36.68385000,-85.85068611,42,2,0,0,0,1,0
210525,KENTUCKY,KY,1,1,0,0,2,2,201,0,ANNETTE,4,10,October,2012,5,Thursday,23,7,0,6,3,1,38.48337500,-84.09706667,35,2,0,0,0,1,1
210526,KENTUCKY,KY,1,1,2,2,1,1,111,2090,GRAHAM,4,10,October,2012,5,Thursday,19,32,1,11,1,1,38.27499444,-85.81349722,8,5,0,0,0,1,0
210527,KENTUCKY,KY,1,1,0,0,3,3,187,0,DAHLONEGA,9,10,October,2012,3,Tuesday,1,55,0,2,3,7,38.64245556,-84.84939444,1,2,0,0,0,2,1
210528,KENTUCKY,KY,2,2,0,0,2,2,211,0,APALACHEE,9,10,October,2012,3,Tuesday,9,7,0,3,2,193,38.17888056,-85.06688056,12,1,0,0,0,1,0
210529,KENTUCKY,KY,2,2,0,0,2,2,145,2520,BALD KNOB,9,10,October,2012,3,Tuesday,17,0,0,13,2,118,37.08370000,-88.66174722,12,1,0,0,0,1,0
210530,KENTUCKY,KY,1,1,0,0,1,1,239,0,GEORGETOWN,10,10,October,2012,4,Wednesday,6,18,1,2,3,624,37.98773056,-84.81141667,24,2,0,0,0,1,0
210531,KENTUCKY,KY,2,2,0,0,2,2,173,0,LAKELAND,11,10,October,2012,5,Thursday,22,58,0,6,4,5,38.07549722,-83.90815278,12,2,0,0,0,1,0
210532,KENTUCKY,KY,2,2,0,0,2,2,215,0,BIBB CITY,15,10,October,2012,2,Monday,6,44,0,5,3,41,38.10651667,-85.40896944,12,2,0,0,0,1,0
210533,KENTUCKY,KY,1,1,0,0,3,3,157,0,ARCADE,16,10,October,2012,3,Tuesday,19,2,0,5,3,64,36.81731944,-88.43226111,5,2,0,0,0,1,0
210534,KENTUCKY,KY,2,2,0,0,2,2,47,0,BROWNS,18,10,October,2012,5,Thursday,6,45,0,4,3,131,36.89886667,-87.51430556,12,1,0,0,0,1,0
210535,KENTUCKY,KY,2,2,0,0,4,4,177,0,LEE,1,10,October,2012,2,Monday,11,25,0,4,3,99,37.30170556,-87.21636667,12,1,0,0,0,1,0
210536,KENTUCKY,KY,1,1,0,0,1,1,199,1110,ALVATON,12,10,October,2012,6,Friday,12,40,1,2,3,7,37.00263889,-84.60570833,52,1,0,0,0,1,0
210537,KENTUCKY,KY,2,2,0,0,3,3,37,0,BRADFORD,13,10,October,2012,7,Saturday,13,58,0,15,3,12,38.93115556,-84.40361944,12,1,0,0,0,2,0
210538,KENTUCKY,KY,1,1,0,0,1,1,125,0,BROOKWOOD,19,10,October,2012,6,Friday,9,21,0,5,3,73,37.25085278,-84.09437778,42,1,0,0,0,1,0
210539,KENTUCKY,KY,1,1,0,0,2,2,51,0,CENTRAL,20,10,October,2012,7,Saturday,3,43,0,4,3,102,37.09540000,-83.75618333,53,2,0,0,0,1,1
210540,KENTUCKY,KY,2,2,0,0,2,2,101,0,BOYLSTON,19,10,October,2012,6,Friday,19,27,0,3,2,97,37.77353056,-87.61999444,12,2,0,0,0,1,1
210541,KENTUCKY,KY,2,2,0,0,5,5,183,0,FORT STEWART,21,10,October,2012,1,Sunday,18,1,0,6,3,21,37.38660556,-86.66713889,12,2,0,0,0,1,1
210542,KENTUCKY,KY,1,1,1,1,1,1,21,860,CHILTON,21,10,October,2012,1,Sunday,19,23,0,13,2,56,37.64599167,-84.77645000,8,3,0,0,0,1,0
210543,KENTUCKY,KY,1,1,0,0,1,1,83,0,ARDMORE,22,10,October,2012,2,Monday,6,26,0,5,3,74,36.87641667,-88.67636667,35,2,0,0,0,1,0
210544,KENTUCKY,KY,2,2,0,0,2,2,111,2090,GRAHAM,23,10,October,2012,3,Tuesday,13,24,0,16,5,33,38.24508611,-85.81643611,12,1,0,0,0,1,0
210545,KENTUCKY,KY,2,2,0,0,4,4,151,0,FLIPPEN,24,10,October,2012,4,Wednesday,17,6,0,3,2,73,37.62026944,-84.22941389,12,1,0,0,0,1,0
210546,KENTUCKY,KY,2,2,1,1,4,4,67,1980,ABBEVILLE,24,10,October,2012,4,Wednesday,18,13,1,13,5,82,38.04170833,-84.48719722,9,1,0,0,0,1,0
210547,KENTUCKY,KY,1,1,1,1,1,1,35,0,BROOKLYN,4,10,October,2012,5,Thursday,22,33,0,6,4,9,36.62149167,-88.16276389,8,2,0,0,0,1,1
210548,KENTUCKY,KY,1,1,0,0,1,1,111,2090,GRAHAM,5,10,October,2012,6,Friday,14,38,1,11,1,66,38.18549167,-85.82018611,31,1,0,0,0,1,0
210549,KENTUCKY,KY,1,1,0,0,1,1,111,2090,GRAHAM,5,10,October,2012,6,Friday,23,10,0,16,6,14,38.11544722,-85.73922222,43,2,0,0,0,1,1
210550,KENTUCKY,KY,1,1,0,0,3,3,217,0,COVINGTON,25,10,October,2012,5,Thursday,19,13,0,6,3,1,37.37154444,-85.19123056,1,2,0,0,0,1,1
210551,KENTUCKY,KY,1,1,0,0,1,1,89,0,BROWNSBORO,23,10,October,2012,3,Tuesday,16,22,0,5,3,30,38.56198056,-82.86549167,1,1,0,0,0,1,0
210552,KENTUCKY,KY,1,1,0,0,1,1,11,0,BULLOCK,25,10,October,2012,5,Thursday,13,45,0,4,2,108,38.13262500,-83.70073056,30,1,0,0,0,1,0
210553,KENTUCKY,KY,1,1,0,0,1,1,167,0,ADRIAN,23,10,October,2012,3,Tuesday,20,27,1,2,3,544,37.94318333,-84.93217500,52,2,0,0,0,1,0
210554,KENTUCKY,KY,1,1,0,0,1,1,81,0,AUBURN,27,10,October,2012,7,Saturday,0,15,0,3,3,25,38.61441944,-84.70725278,1,2,0,0,0,1,1
210555,KENTUCKY,KY,3,3,0,0,4,4,119,1590,BELLAMY,27,10,October,2012,7,Saturday,13,42,0,4,3,94,37.33241111,-82.99845556,12,1,0,0,0,1,0
210556,KENTUCKY,KY,1,1,0,0,1,1,223,0,BRASWELL,26,10,October,2012,6,Friday,16,18,0,4,2,117,38.60862222,-85.26454167,42,1,0,0,0,1,0
210557,KENTUCKY,KY,1,1,0,0,2,2,107,0,CARROLLTON,28,10,October,2012,1,Sunday,13,40,0,4,3,27,37.49970556,-87.43666111,32,1,0,0,0,1,0
210558,KENTUCKY,KY,1,1,1,1,1,1,111,2090,GRAHAM,29,10,October,2012,2,Monday,4,53,0,16,6,25,38.15064167,-85.73522222,9,2,0,0,0,1,0
210559,KENTUCKY,KY,1,1,0,0,1,1,141,0,BEE BRANCH,29,10,October,2012,2,Monday,15,40,0,5,3,75,36.90707222,-86.75579722,30,1,0,0,0,1,0
210560,KENTUCKY,KY,1,1,0,0,9,9,41,0,BRANTLEY,29,10,October,2012,2,Monday,16,42,0,6,4,28,38.67276389,-85.07726667,1,1,0,1,0,2,0
210561,KENTUCKY,KY,1,1,0,0,1,1,229,0,BLACKSHEAR,23,10,October,2012,3,Tuesday,17,15,0,5,3,129,37.83167222,-85.22228889,1,1,0,0,0,1,1
210562,KENTUCKY,KY,2,2,0,0,2,2,205,2270,BACONTON,15,10,October,2012,2,Monday,16,31,0,4,3,58,38.18330000,-83.46997222,12,1,0,0,0,1,0
210563,KENTUCKY,KY,1,1,0,0,1,1,235,0,FINLEYSON,30,10,October,2012,3,Tuesday,22,50,1,1,1,209,36.86797222,-84.14753889,42,2,0,0,0,1,1
210564,KENTUCKY,KY,2,2,0,0,2,2,39,0,ANDALUSIA,29,10,October,2012,2,Monday,16,46,0,2,2,97,36.88340278,-89.01778333,12,1,0,0,0,1,0
210565,KENTUCKY,KY,2,2,0,0,2,2,199,3070,ALVATON,27,10,October,2012,7,Saturday,10,47,0,4,3,23,37.12760278,-84.58986944,12,1,0,0,0,1,1
210566,KENTUCKY,KY,1,1,0,0,1,1,129,0,BIGBEE,20,10,October,2012,7,Saturday,16,34,0,5,3,13,37.50245000,-83.76905556,42,1,0,0,0,1,0
210567,KENTUCKY,KY,1,1,0,0,1,1,123,1600,ALEXANDER CITY,14,10,October,2012,1,Sunday,20,54,0,3,2,106,37.57781389,-85.71993056,42,2,0,0,0,1,0
210568,KENTUCKY,KY,2,2,0,0,2,2,23,0,BLADON SPRINGS,1,10,October,2012,2,Monday,16,15,0,4,3,169,38.66427500,-84.01319167,12,1,0,0,0,1,0
210569,KENTUCKY,KY,2,2,0,0,2,2,35,2350,BROOKLYN,21,10,October,2012,1,Sunday,18,1,0,6,5,0,36.61517222,-88.33203611,12,1,0,0,0,1,0
210570,KENTUCKY,KY,1,1,0,0,2,2,121,1328,BON AIR,28,10,October,2012,1,Sunday,16,44,0,6,3,57,36.93384722,-83.99648056,53,1,0,0,0,1,0
210571,KENTUCKY,KY,2,2,0,0,5,5,51,2160,CENTRAL,31,10,October,2012,4,Wednesday,18,22,0,4,3,66,37.12629444,-83.76972778,12,5,0,0,0,1,1
210572,KENTUCKY,KY,1,1,0,0,1,1,123,0,ALEXANDER CITY,26,10,October,2012,6,Friday,0,17,0,4,3,97,37.58285833,-85.65141667,35,2,0,0,0,1,1
210573,KENTUCKY,KY,1,1,0,0,1,1,85,0,BENTON,4,10,October,2012,5,Thursday,8,11,1,2,3,1128,37.49476944,-86.18109167,35,1,0,0,0,1,0
210574,KENTUCKY,KY,1,1,0,0,2,2,1,0,AUTAUGA,7,8,August,2012,3,Tuesday,2,15,0,5,3,18,37.18146389,-85.27545000,59,2,0,0,0,1,1
210575,KENTUCKY,KY,2,2,0,0,2,2,193,1470,IDEAL,26,10,October,2012,6,Friday,14,38,0,4,3,2,37.26527222,-83.19084444,12,1,0,0,0,1,0
210576,KENTUCKY,KY,1,1,0,0,2,2,193,890,IDEAL,10,4,April,2012,3,Tuesday,22,6,0,4,3,41,37.03121111,-83.10983333,34,2,0,0,0,1,1
210577,KENTUCKY,KY,2,2,0,0,2,2,167,0,ADRIAN,25,10,October,2012,5,Thursday,17,34,0,3,2,183,37.84649722,-84.69693611,1,1,0,0,0,1,0
210578,KENTUCKY,KY,2,2,0,0,3,3,193,1739,IDEAL,1,11,November,2012,5,Thursday,14,18,1,2,3,70,37.21843056,-83.14099167,12,1,0,0,0,2,0
210579,KENTUCKY,KY,5,5,0,0,5,5,111,2090,GRAHAM,2,11,November,2012,6,Friday,9,33,0,16,2,0,38.12535833,-85.57511389,12,1,0,0,0,1,0
210580,KENTUCKY,KY,2,2,0,0,3,3,157,0,ARCADE,2,11,November,2012,6,Friday,15,47,0,4,3,107,36.85518056,-88.29941111,12,1,0,0,0,1,0
210581,KENTUCKY,KY,1,1,0,0,2,2,117,0,BIRMINGHAM,3,11,November,2012,7,Saturday,14,24,0,4,3,88,38.89696389,-84.54108611,1,1,0,0,0,1,0
210582,KENTUCKY,KY,4,4,0,0,6,6,111,2090,GRAHAM,4,11,November,2012,1,Sunday,19,27,1,13,2,125,38.15726667,-85.83396944,12,2,0,0,0,1,2
210583,KENTUCKY,KY,1,1,0,0,1,1,41,0,BRANTLEY,5,11,November,2012,2,Monday,19,37,1,1,1,389,38.58613056,-85.17547500,35,2,0,0,0,1,0
210584,KENTUCKY,KY,1,1,0,0,3,3,85,0,BENTON,4,11,November,2012,1,Sunday,13,10,0,5,3,48,37.53932778,-86.23981111,42,1,0,0,0,3,1
210585,KENTUCKY,KY,2,2,0,0,3,3,193,3372,IDEAL,7,11,November,2012,4,Wednesday,11,55,0,4,3,19,37.19025000,-83.14938333,12,1,0,0,0,1,1
210586,KENTUCKY,KY,2,2,0,0,2,2,111,2090,GRAHAM,7,11,November,2012,4,Wednesday,12,14,1,11,1,5,38.11304722,-85.70014722,24,1,0,0,0,1,0
210587,KENTUCKY,KY,2,2,0,0,3,3,79,0,COURTLAND,7,11,November,2012,4,Wednesday,13,35,0,4,3,30,37.56910000,-84.54513611,12,1,0,0,0,2,1
210588,KENTUCKY,KY,2,2,0,0,2,2,179,170,ALLENHURST,8,11,November,2012,5,Thursday,5,20,1,2,3,74,37.86096944,-85.52015000,12,2,0,0,0,1,1
210589,KENTUCKY,KY,1,1,0,0,1,1,115,191,ASHVILLE,7,11,November,2012,4,Wednesday,11,34,1,2,2,43,37.81008333,-82.88599444,35,1,0,0,0,1,1
210590,KENTUCKY,KY,1,1,0,0,1,1,19,3247,CEDAR BLUFF,9,11,November,2012,6,Friday,0,13,1,1,1,1889,38.38365556,-82.63946667,1,2,0,0,0,1,1
210591,KENTUCKY,KY,1,1,0,0,1,1,221,0,ARNOLDSVILLE,9,11,November,2012,6,Friday,10,44,0,5,3,88,36.94538889,-87.77999444,42,1,0,0,0,1,1
210592,KENTUCKY,KY,1,1,0,0,1,1,151,2750,FLIPPEN,10,11,November,2012,7,Saturday,11,17,1,1,1,843,37.69585278,-84.31653333,42,1,0,0,0,1,0
210593,KENTUCKY,KY,1,1,0,0,1,1,157,0,ARCADE,10,11,November,2012,7,Saturday,13,6,1,2,2,203,36.83584167,-88.20397778,38,1,0,0,0,1,0
210594,KENTUCKY,KY,3,3,0,0,5,5,155,0,IRWIN,10,11,November,2012,7,Saturday,17,30,0,2,3,42,37.62554444,-85.25692222,12,1,0,0,0,1,0
210595,KENTUCKY,KY,2,2,0,0,2,2,59,0,FRANKLIN,5,11,November,2012,2,Monday,12,56,0,2,2,8,37.58197778,-87.10230278,12,1,0,0,0,1,1
210596,KENTUCKY,KY,1,1,0,0,1,1,155,0,IRWIN,11,11,November,2012,1,Sunday,1,0,0,4,3,241,37.61488333,-85.35090833,42,2,0,0,0,1,1
210597,KENTUCKY,KY,1,1,0,0,2,2,49,0,COLLINSVILLE,11,11,November,2012,1,Sunday,4,27,0,6,3,16,37.96949722,-84.24560000,35,2,0,0,0,1,1
210598,KENTUCKY,KY,2,2,0,0,2,2,117,3380,BIRMINGHAM,11,11,November,2012,1,Sunday,5,25,0,4,3,93,38.91497222,-84.45210000,12,2,0,0,0,2,0
210599,KENTUCKY,KY,1,1,0,0,1,1,71,0,BRIDGEPORT,11,11,November,2012,1,Sunday,3,30,0,4,3,327,37.35297778,-82.67184444,24,2,0,0,0,1,1
210600,KENTUCKY,KY,2,2,0,0,3,3,227,0,JASPER,12,11,November,2012,2,Monday,11,14,0,5,3,22,36.83855833,-86.42448611,23,1,0,0,0,2,0
210601,KENTUCKY,KY,2,2,0,0,3,3,3,0,BALDWIN,7,11,November,2012,4,Wednesday,20,36,0,3,2,176,36.83435000,-86.09498056,12,2,0,0,0,1,0
210602,KENTUCKY,KY,1,1,1,1,2,2,195,0,CARLTON,8,11,November,2012,5,Thursday,20,45,1,13,2,286,37.52011667,-82.56746944,8,2,0,0,0,1,0
210603,KENTUCKY,KY,2,2,0,0,2,2,111,2090,GRAHAM,14,11,November,2012,4,Wednesday,6,7,1,11,1,75,38.30315278,-85.60489722,57,2,0,0,0,1,0
210604,KENTUCKY,KY,2,2,0,0,2,2,71,2670,BRIDGEPORT,15,11,November,2012,5,Thursday,20,52,1,2,3,35,37.74189444,-82.73975833,12,2,0,0,0,1,0
210605,KENTUCKY,KY,3,3,0,0,5,5,93,2724,BEAR CREEK,15,11,November,2012,5,Thursday,7,5,0,13,3,108,37.80046667,-85.93371667,12,1,0,0,0,1,0