ST_CASE,State Name,State Abbreviation,# of Vehicle involved,Parked_Vehicles_Involved,Pedestrains,Person_Not_in_Motor_Vehicle,Persons_in_motor_vehicle,Total_Persons_in_accident,COUNTY,CITY,City_County_Name,Calendar_DAY,MONTH,Month_name,YEAR,DAY_WEEK,Day_Week_desc,HOUR,MINUTE,NHS_Desc,trafficway,Route,MILEPT,LATITUDE,LONGITUD,First_Crash_event,Light_cond_desc,Weather_condition,School_bus_involved,Crash_cause,FATALS,DRUNK_DR
220206,LOUISIANA,LA,2,2,0,0,2,2,19,0,CEDAR BLUFF,12,5,May,2012,7,Saturday,17,15,0,14,3,80,30.12851389,-93.21348889,12,1,0,0,0,1,2
220207,LOUISIANA,LA,1,1,0,0,1,1,91,0,DAYTON,13,5,May,2012,1,Sunday,2,5,0,6,3,11,30.83083889,-90.68658889,42,2,0,0,0,1,1
220208,LOUISIANA,LA,1,1,1,1,1,1,97,0,AXIS,13,5,May,2012,1,Sunday,20,26,0,3,2,222,30.79113056,-92.04786944,8,2,0,0,0,1,0
220209,LOUISIANA,LA,2,2,0,0,4,4,55,1230,ATTALLA,16,5,May,2012,4,Wednesday,10,40,1,11,1,9,30.27360000,-92.01816111,12,1,0,0,0,1,0
220210,LOUISIANA,LA,1,1,0,0,3,3,27,0,ASHLAND,16,5,May,2012,4,Wednesday,16,10,0,3,2,803,32.92051944,-93.09771111,42,1,0,0,0,2,0
220211,LOUISIANA,LA,1,1,0,0,1,1,3,0,BALDWIN,17,5,May,2012,5,Thursday,7,41,0,4,3,326,30.88388889,-92.78953889,32,1,0,0,0,1,0
220212,LOUISIANA,LA,1,1,0,0,1,1,127,0,BURNWELL,17,5,May,2012,5,Thursday,13,45,0,6,3,39,31.79001944,-92.92333889,34,1,0,0,0,1,1
220213,LOUISIANA,LA,2,2,0,0,2,2,103,0,DANVILLE,20,5,May,2012,1,Sunday,1,4,1,11,1,32,30.34550000,-89.73896111,12,2,0,0,0,1,2
220214,LOUISIANA,LA,3,3,0,0,6,6,33,150,CHEROKEE,29,3,March,2012,5,Thursday,11,16,0,14,5,0,30.47041111,-91.14611944,12,1,0,0,0,1,0
220215,LOUISIANA,LA,1,1,1,1,1,1,105,0,MARION,11,5,May,2012,6,Friday,0,10,0,6,3,24,30.90496944,-90.54606944,8,2,0,0,0,1,0
220216,LOUISIANA,LA,1,1,0,0,1,1,55,0,ATTALLA,20,5,May,2012,1,Sunday,3,34,0,15,4,0,30.14503056,-92.01475000,42,3,0,0,0,1,1
220217,LOUISIANA,LA,2,2,0,0,4,4,79,0,COURTLAND,20,5,May,2012,1,Sunday,12,45,0,6,4,0,31.44656111,-92.24295000,12,1,0,0,0,2,0
220218,LOUISIANA,LA,1,1,0,0,1,1,99,0,BEATRICE,21,5,May,2012,2,Monday,14,3,0,6,4,0,30.31421111,-91.84158889,32,1,0,0,0,1,0
220219,LOUISIANA,LA,1,1,0,0,1,1,55,0,ATTALLA,22,5,May,2012,3,Tuesday,7,6,0,5,3,20,30.18831944,-92.20948056,42,1,0,0,0,1,0
220220,LOUISIANA,LA,2,2,0,0,3,3,3,0,BALDWIN,22,5,May,2012,3,Tuesday,11,10,0,3,3,444,30.80718889,-92.62211944,12,1,0,0,0,2,0
220221,LOUISIANA,LA,2,2,0,0,3,3,65,0,CYPRESS,22,5,May,2012,3,Tuesday,14,20,0,15,3,0,32.39596111,-91.19823889,12,1,0,0,0,1,0
220222,LOUISIANA,LA,1,1,0,0,1,1,111,0,GRAHAM,22,5,May,2012,3,Tuesday,20,20,0,6,4,0,32.87741944,-92.35700556,42,5,0,0,0,1,0
220223,LOUISIANA,LA,1,1,1,1,1,1,15,230,ANNISTON,22,5,May,2012,3,Tuesday,20,37,1,13,2,1888,32.48200000,-93.67883889,9,2,0,0,0,1,0
220224,LOUISIANA,LA,2,2,0,0,3,3,61,2070,BELLWOOD,23,5,May,2012,4,Wednesday,9,56,0,14,3,7,32.54135000,-92.61556944,12,1,0,0,0,1,0
220225,LOUISIANA,LA,1,1,0,0,1,1,101,0,BOYLSTON,24,5,May,2012,5,Thursday,16,50,0,6,4,0,29.87850000,-91.59810000,10,1,0,0,0,1,1
220226,LOUISIANA,LA,1,1,1,1,1,1,103,0,DANVILLE,24,5,May,2012,5,Thursday,21,5,1,11,1,2644,30.25053889,-89.76216111,8,2,0,0,0,1,0
220227,LOUISIANA,LA,1,1,1,1,1,1,45,0,ARITON,25,5,May,2012,6,Friday,20,35,0,15,3,22,30.00011111,-91.85053889,8,2,0,0,0,1,0
220228,LOUISIANA,LA,2,2,0,0,8,8,37,0,BRADFORD,30,5,May,2012,4,Wednesday,21,10,0,4,3,217,30.74400000,-91.06165000,12,2,0,0,0,7,1
220229,LOUISIANA,LA,1,1,0,0,2,2,105,0,MARION,31,5,May,2012,5,Thursday,18,47,1,11,1,339,30.54471111,-90.50423056,35,1,0,0,0,2,0
220230,LOUISIANA,LA,1,1,0,0,1,1,103,0,DANVILLE,26,5,May,2012,7,Saturday,2,35,0,4,2,2340,30.50445000,-90.23758333,34,2,0,0,0,1,1
220231,LOUISIANA,LA,1,1,0,0,1,1,69,0,ASHFORD,26,5,May,2012,7,Saturday,10,16,0,3,3,386,31.67585556,-93.20777500,42,1,0,0,0,1,0
220232,LOUISIANA,LA,1,1,1,1,1,1,97,720,AXIS,26,5,May,2012,7,Saturday,21,49,1,13,2,978,30.49495833,-92.42937222,8,3,0,0,0,1,0
220233,LOUISIANA,LA,1,1,0,0,1,1,105,0,MARION,27,5,May,2012,1,Sunday,99,99,1,11,1,246,30.42198056,-90.44903056,35,2,0,0,0,1,1
220234,LOUISIANA,LA,1,1,0,0,1,1,29,0,BORDEN SPRINGS,27,5,May,2012,1,Sunday,5,43,0,4,3,22,31.65141111,-91.53135000,53,2,0,0,0,1,1
220235,LOUISIANA,LA,1,1,1,1,1,1,33,150,CHEROKEE,27,5,May,2012,1,Sunday,23,20,0,16,6,0,30.49631111,-91.10916944,8,2,0,0,0,1,0
220236,LOUISIANA,LA,1,1,1,1,1,1,5,870,BAKER HILL,28,5,May,2012,2,Monday,5,8,1,13,3,244,30.21068889,-90.94353889,8,2,0,0,0,1,0
220237,LOUISIANA,LA,2,2,0,0,7,7,105,0,MARION,28,5,May,2012,2,Monday,20,10,0,9,4,0,30.53146667,-90.51663889,12,2,0,0,0,1,0
220238,LOUISIANA,LA,1,1,1,1,2,2,113,10,COTTONTON,29,5,May,2012,3,Tuesday,21,29,1,13,3,812,29.97187778,-92.10589444,8,2,0,0,0,1,0
220239,LOUISIANA,LA,2,2,0,0,2,2,17,2130,CHAMBERS,30,5,May,2012,4,Wednesday,8,37,1,13,2,1978,32.55268056,-93.78056944,12,1,0,0,0,1,0
220240,LOUISIANA,LA,1,1,1,1,1,1,17,2130,CHAMBERS,27,5,May,2012,1,Sunday,2,47,1,13,3,3897,32.50372500,-93.73629167,8,3,0,0,0,1,0
220241,LOUISIANA,LA,2,2,0,0,6,6,105,980,MARION,11,4,April,2012,4,Wednesday,14,18,1,13,2,349,30.51788611,-90.48295556,12,1,0,0,0,1,0
220242,LOUISIANA,LA,1,1,0,0,1,1,19,1250,CEDAR BLUFF,1,5,May,2012,3,Tuesday,5,50,1,13,3,32,30.18808333,-93.18012222,33,1,0,0,0,1,0
220243,LOUISIANA,LA,2,1,0,1,2,3,51,1545,CENTRAL,1,5,May,2012,3,Tuesday,12,0,0,16,6,0,29.97703056,-90.12568889,33,1,0,0,0,1,0
220244,LOUISIANA,LA,3,3,0,0,4,4,89,1209,BROWNSBORO,10,4,April,2012,3,Tuesday,18,12,0,3,3,309,30.00701389,-90.52263611,12,1,0,0,0,1,0
220245,LOUISIANA,LA,1,1,0,0,1,1,105,980,MARION,4,6,June,2012,2,Monday,10,54,1,11,1,309,30.50111944,-90.50333889,43,1,0,0,0,1,0
220246,LOUISIANA,LA,2,2,0,0,3,3,19,1250,CEDAR BLUFF,6,6,June,2012,4,Wednesday,7,0,1,11,1,293,30.23726944,-93.24438056,12,1,0,0,0,1,0
220247,LOUISIANA,LA,2,2,0,0,3,3,55,1230,ATTALLA,10,6,June,2012,1,Sunday,23,24,0,14,3,166,30.15393056,-91.99101111,12,2,0,0,0,1,1
220248,LOUISIANA,LA,1,1,0,0,1,1,33,0,CHEROKEE,11,6,June,2012,2,Monday,0,49,0,14,4,0,30.51183056,-91.10440000,34,2,0,0,0,1,1
220249,LOUISIANA,LA,1,1,1,1,1,1,33,150,CHEROKEE,11,6,June,2012,2,Monday,21,24,0,14,4,0,30.50198056,-91.12341111,9,2,0,0,0,1,0
220250,LOUISIANA,LA,2,2,0,0,3,3,63,570,BOLIGEE,1,6,June,2012,6,Friday,20,20,0,4,3,249,30.50113056,-90.95621111,12,3,0,0,0,1,0
220251,LOUISIANA,LA,1,1,0,0,1,1,45,0,ARITON,8,6,June,2012,6,Friday,23,9,0,6,4,0,29.99473056,-91.91585000,34,2,0,0,0,1,0
220252,LOUISIANA,LA,1,1,1,1,1,1,109,1070,ANSLEY,16,6,June,2012,7,Saturday,11,28,0,6,5,0,29.58083056,-90.68428889,8,1,0,0,0,1,0
220253,LOUISIANA,LA,1,1,1,1,1,1,55,1230,ATTALLA,17,6,June,2012,1,Sunday,2,58,0,6,5,0,30.25771111,-92.02111944,8,9,0,0,0,1,0
220254,LOUISIANA,LA,2,2,1,1,4,4,71,1690,BRIDGEPORT,11,6,June,2012,2,Monday,21,37,1,11,1,2453,30.04108056,-89.96968889,12,3,0,0,0,1,0
220255,LOUISIANA,LA,1,1,0,0,5,5,63,0,BOLIGEE,2,5,May,2012,4,Wednesday,0,8,0,4,3,61,30.43997222,-90.85997778,32,2,0,0,0,1,1
220256,LOUISIANA,LA,1,1,1,1,3,3,117,210,BIRMINGHAM,6,5,May,2012,1,Sunday,22,46,1,13,3,364,30.79390000,-89.84790000,8,3,0,0,0,1,0
220257,LOUISIANA,LA,1,1,1,1,1,1,3,1740,BALDWIN,23,4,April,2012,2,Monday,21,18,1,13,2,452,30.81897500,-92.66249722,8,2,0,0,0,1,0
220258,LOUISIANA,LA,2,2,0,0,2,2,103,1400,DANVILLE,23,6,June,2012,7,Saturday,16,25,1,13,2,2496,30.39718056,-90.08767500,12,1,0,0,0,1,0
220259,LOUISIANA,LA,1,1,0,0,1,1,87,350,ARMSTRONG,17,6,June,2012,1,Sunday,15,16,0,16,6,0,29.95598056,-89.96560000,1,1,0,0,0,1,0
220260,LOUISIANA,LA,1,1,0,0,2,2,117,0,BIRMINGHAM,22,6,June,2012,6,Friday,2,24,0,6,4,0,30.90783889,-90.07125556,32,2,0,0,0,1,1
220261,LOUISIANA,LA,1,1,0,0,5,5,51,0,CENTRAL,2,6,June,2012,7,Saturday,14,50,0,15,3,148,29.79996111,-90.12223889,42,1,0,0,0,1,1
220262,LOUISIANA,LA,2,2,0,0,3,3,89,0,BROWNSBORO,3,6,June,2012,1,Sunday,2,43,0,3,2,204,30.01860000,-90.41105000,12,2,0,0,0,1,2
220263,LOUISIANA,LA,3,3,0,0,9,9,9,0,BLOUNT,3,6,June,2012,1,Sunday,23,4,0,3,3,2442,31.10930556,-92.21080000,12,2,0,0,0,1,2
220264,LOUISIANA,LA,2,2,0,0,2,2,57,0,BANKSTON,4,6,June,2012,2,Monday,6,51,0,14,3,94,29.67101389,-90.66157500,1,1,0,0,0,1,0
220265,LOUISIANA,LA,1,1,0,0,3,3,105,0,MARION,4,6,June,2012,2,Monday,18,5,0,4,3,133,30.57778056,-90.54674167,1,1,0,0,0,1,0
220266,LOUISIANA,LA,1,1,0,0,2,2,5,0,BAKER HILL,9,6,June,2012,7,Saturday,10,53,0,15,3,36,30.30013056,-91.00093611,32,1,0,0,0,2,0
220267,LOUISIANA,LA,2,2,0,0,3,3,1,0,AUTAUGA,9,6,June,2012,7,Saturday,14,37,0,5,3,190,30.28603611,-92.33245278,12,1,0,0,0,2,1
220268,LOUISIANA,LA,1,1,0,0,1,1,43,0,BAILEYTON,9,6,June,2012,7,Saturday,15,36,0,5,3,69,31.76808056,-92.47011111,34,1,0,0,0,1,0
220269,LOUISIANA,LA,1,1,0,0,1,1,49,0,COLLINSVILLE,9,6,June,2012,7,Saturday,19,52,0,5,3,1,32.25983056,-92.69780000,42,5,0,0,0,1,0
220270,LOUISIANA,LA,1,1,0,0,1,1,79,0,COURTLAND,10,6,June,2012,1,Sunday,4,15,0,5,3,613,31.40403889,-92.73591944,1,2,0,0,0,1,1
220271,LOUISIANA,LA,1,1,0,0,1,1,17,2130,CHAMBERS,2,6,June,2012,7,Saturday,0,49,0,14,6,0,32.45660556,-93.75869167,33,3,0,0,0,1,1
220272,LOUISIANA,LA,3,3,0,0,4,4,17,2130,CHAMBERS,11,6,June,2012,2,Monday,15,10,0,14,6,0,32.41164444,-93.89056944,12,1,0,0,0,1,0
220273,LOUISIANA,LA,1,1,0,0,3,3,61,2070,BELLWOOD,9,6,June,2012,7,Saturday,15,41,1,11,1,850,32.54028889,-92.65021944,1,1,0,0,0,1,0
220274,LOUISIANA,LA,1,1,0,0,2,2,33,150,CHEROKEE,9,6,June,2012,7,Saturday,22,10,0,15,6,0,30.47440000,-91.13021944,19,3,0,0,0,1,1
220275,LOUISIANA,LA,1,1,0,0,1,1,5,648,BAKER HILL,12,6,June,2012,3,Tuesday,22,18,0,14,3,56,30.27169167,-90.98345556,1,2,0,0,0,1,1
220276,LOUISIANA,LA,2,2,0,0,4,4,109,0,ANSLEY,10,6,June,2012,1,Sunday,2,1,0,14,3,134,29.62863889,-90.70586111,12,3,0,0,0,1,1
220277,LOUISIANA,LA,2,2,0,0,3,3,109,1070,ANSLEY,14,6,June,2012,5,Thursday,14,4,1,13,3,105,29.60466111,-90.74261944,12,1,0,0,0,1,0
220278,LOUISIANA,LA,3,3,0,0,4,4,103,0,DANVILLE,15,6,June,2012,6,Friday,18,1,1,11,1,804,30.31436944,-89.82938889,12,1,0,0,0,1,1
220279,LOUISIANA,LA,1,1,2,2,2,2,103,0,DANVILLE,15,6,June,2012,6,Friday,3,30,1,11,1,784,30.32511389,-89.85991389,8,2,0,0,0,2,0
220280,LOUISIANA,LA,1,1,0,0,1,1,115,0,ASHVILLE,19,6,June,2012,3,Tuesday,23,5,0,6,4,0,30.91036944,-93.43376944,42,2,0,0,0,1,1
220281,LOUISIANA,LA,3,3,0,0,4,4,115,2161,ASHVILLE,19,6,June,2012,3,Tuesday,17,6,0,5,3,395,31.25311944,-93.04593889,12,1,0,0,0,2,0
220282,LOUISIANA,LA,2,2,0,0,2,2,97,0,AXIS,23,6,June,2012,7,Saturday,5,55,0,3,2,498,30.59205833,-92.09751111,12,4,0,0,0,2,1
220283,LOUISIANA,LA,1,1,0,0,1,1,91,0,DAYTON,23,6,June,2012,7,Saturday,2,45,0,4,3,288,30.74084444,-90.83451667,42,2,0,0,0,1,1
220284,LOUISIANA,LA,1,1,0,0,1,1,47,0,BROWNS,23,6,June,2012,7,Saturday,10,48,0,4,3,155,30.36363056,-91.37620000,19,1,0,0,0,1,0
220285,LOUISIANA,LA,1,1,0,0,1,1,105,0,MARION,24,6,June,2012,1,Sunday,99,99,1,11,1,354,30.48026944,-90.54001389,42,2,0,0,0,1,0
220286,LOUISIANA,LA,1,1,0,0,1,1,59,0,FRANKLIN,25,6,June,2012,2,Monday,1,30,1,2,3,725,31.43483889,-92.15168889,52,2,0,0,0,1,0
220287,LOUISIANA,LA,2,2,0,0,2,2,73,0,ARGO,26,6,June,2012,3,Tuesday,8,25,0,4,3,125,32.38186944,-92.20518889,12,1,0,0,0,1,0
220288,LOUISIANA,LA,2,2,0,0,2,2,31,0,COFFEE,27,6,June,2012,4,Wednesday,13,0,0,3,2,25,31.97198056,-93.96508056,12,1,0,0,0,1,0
220289,LOUISIANA,LA,3,3,0,0,5,5,79,40,COURTLAND,27,6,June,2012,4,Wednesday,15,23,1,13,2,680,31.29318333,-92.47791667,12,1,0,0,0,1,0
220290,LOUISIANA,LA,1,1,1,1,1,1,51,1545,CENTRAL,23,4,April,2012,2,Monday,7,40,1,13,2,44,29.97496944,-90.16190278,9,1,0,0,0,1,0
220291,LOUISIANA,LA,1,1,0,0,1,1,89,1720,BROWNSBORO,6,6,June,2012,4,Wednesday,23,42,0,14,2,187,30.00231944,-90.38908889,24,3,0,0,0,1,1
220292,LOUISIANA,LA,1,1,0,0,2,2,89,0,BROWNSBORO,9,6,June,2012,7,Saturday,13,55,1,2,2,2290,29.84281111,-90.44872500,35,1,0,0,0,1,1
220293,LOUISIANA,LA,1,1,1,1,1,1,95,0,ALBERTVILLE,10,6,June,2012,1,Sunday,23,40,0,14,2,322,30.07656944,-90.58751944,9,3,0,0,0,1,0
220294,LOUISIANA,LA,2,2,0,0,2,2,33,150,CHEROKEE,4,5,May,2012,6,Friday,12,3,0,16,6,0,30.46748611,-91.16610556,12,1,0,0,0,1,0
220295,LOUISIANA,LA,1,1,1,1,2,2,33,150,CHEROKEE,6,5,May,2012,1,Sunday,2,36,0,14,6,0,30.48630000,-91.14680000,8,3,0,0,0,1,0
220296,LOUISIANA,LA,1,1,1,1,1,1,71,1690,BRIDGEPORT,10,5,May,2012,5,Thursday,0,46,1,11,1,2407,30.00561111,-90.02251111,8,2,0,0,0,1,0
220297,LOUISIANA,LA,1,1,0,0,1,1,33,150,CHEROKEE,28,5,May,2012,2,Monday,18,8,0,16,6,0,30.55150000,-91.16840000,53,1,0,0,0,1,1
220298,LOUISIANA,LA,2,2,0,0,2,2,75,163,BEAVERTON,19,6,June,2012,3,Tuesday,0,40,1,13,3,677,29.86913056,-90.00516944,12,3,0,0,0,1,2
220299,LOUISIANA,LA,3,3,0,0,3,3,17,0,CHAMBERS,19,6,June,2012,3,Tuesday,10,3,0,3,2,27,32.39640000,-94.00560000,12,1,0,0,0,1,0
220300,LOUISIANA,LA,2,2,0,0,1,1,69,0,ASHFORD,24,6,June,2012,1,Sunday,5,26,1,1,1,1412,31.76232778,-93.18011389,12,2,0,0,0,1,0
220301,LOUISIANA,LA,1,1,0,0,1,1,17,0,CHAMBERS,2,7,July,2012,2,Monday,8,22,1,2,2,2247,32.91950000,-93.88750000,42,1,0,0,0,1,0
220302,LOUISIANA,LA,1,1,0,0,1,1,17,0,CHAMBERS,4,7,July,2012,4,Wednesday,19,29,0,6,4,0,32.84700000,-94.01170000,53,1,0,0,0,1,1
220303,LOUISIANA,LA,1,1,0,0,1,1,71,1690,BRIDGEPORT,5,7,July,2012,5,Thursday,23,42,1,11,1,2319,29.98998889,-90.11593889,25,3,0,0,0,1,0
220304,LOUISIANA,LA,2,1,1,1,1,1,101,1600,BOYLSTON,9,7,July,2012,2,Monday,5,40,0,14,3,24,29.72600000,-91.18188056,14,4,0,0,0,1,0
220305,LOUISIANA,LA,1,1,0,0,1,1,105,980,MARION,7,7,July,2012,7,Saturday,12,45,1,11,1,309,30.50108056,-90.50345000,24,1,0,0,0,1,0
220306,LOUISIANA,LA,2,2,0,0,3,3,53,747,ATMORE,9,7,July,2012,2,Monday,4,36,1,2,2,102,30.36103056,-92.92065000,12,2,0,0,0,1,0
220307,LOUISIANA,LA,1,1,1,1,1,1,19,0,CEDAR BLUFF,14,7,July,2012,7,Saturday,5,5,0,14,6,0,30.11733056,-93.24891944,9,2,0,0,0,1,0
220308,LOUISIANA,LA,1,1,0,0,5,5,71,1690,BRIDGEPORT,21,7,July,2012,7,Saturday,22,45,1,11,1,2424,30.02731944,-90.01526111,33,3,0,0,0,1,1
220309,LOUISIANA,LA,1,1,0,0,1,1,55,1230,ATTALLA,22,7,July,2012,1,Sunday,2,32,0,16,6,0,30.16373889,-92.03853056,53,3,0,0,0,1,1
220310,LOUISIANA,LA,1,1,0,0,2,2,103,1225,DANVILLE,15,7,July,2012,1,Sunday,2,20,0,16,6,0,30.30923056,-89.92948889,3,3,0,0,0,1,1
220311,LOUISIANA,LA,2,2,0,0,2,2,71,1690,BRIDGEPORT,31,7,July,2012,3,Tuesday,16,45,1,13,6,0,29.97758889,-90.10490556,12,1,0,0,0,1,1
220312,LOUISIANA,LA,1,1,0,0,1,1,79,40,COURTLAND,27,7,July,2012,6,Friday,20,39,1,11,1,842,31.28925000,-92.44246111,25,3,0,0,0,1,1
220313,LOUISIANA,LA,1,1,1,1,1,1,79,40,COURTLAND,7,7,July,2012,7,Saturday,1,32,0,16,6,0,31.28563889,-92.44708056,8,2,0,0,0,1,0
220314,LOUISIANA,LA,1,1,1,1,1,1,79,40,COURTLAND,2,7,July,2012,2,Monday,5,13,0,16,6,0,31.27094167,-92.43813333,8,2,0,0,0,1,0
220315,LOUISIANA,LA,1,1,0,0,2,2,113,0,COTTONTON,1,7,July,2012,1,Sunday,3,15,0,4,3,37,29.88938889,-92.27508056,1,2,0,0,0,1,1
220316,LOUISIANA,LA,1,1,0,0,1,1,39,0,ANDALUSIA,1,7,July,2012,1,Sunday,6,15,0,3,2,592,30.67165000,-92.22165000,34,2,0,0,0,1,1
220317,LOUISIANA,LA,1,1,0,0,1,1,95,0,ALBERTVILLE,4,7,July,2012,4,Wednesday,18,0,0,5,3,47,29.92876389,-90.63707222,43,1,0,0,0,1,1
220318,LOUISIANA,LA,1,1,0,0,1,1,55,0,ATTALLA,5,7,July,2012,5,Thursday,2,33,0,14,2,1003,30.23495556,-92.14761111,39,2,0,0,0,1,1
220319,LOUISIANA,LA,1,1,0,0,5,5,85,0,BENTON,6,7,July,2012,6,Friday,13,30,1,2,2,1079,31.61671111,-93.58963889,35,1,0,0,0,2,0
220320,LOUISIANA,LA,3,3,0,0,6,6,15,0,ANNISTON,6,7,July,2012,6,Friday,14,52,1,11,1,287,32.54211111,-93.59086111,12,1,0,0,0,2,0
220321,LOUISIANA,LA,1,1,0,0,1,1,39,0,ANDALUSIA,7,7,July,2012,7,Saturday,12,16,0,5,3,22,30.50978056,-92.58861111,35,1,0,0,0,1,0
220322,LOUISIANA,LA,1,1,0,0,4,4,39,0,ANDALUSIA,10,7,July,2012,3,Tuesday,12,50,0,5,3,300,30.60400278,-92.25051111,42,1,0,0,0,1,0
220323,LOUISIANA,LA,2,2,0,0,2,2,33,150,CHEROKEE,11,7,July,2012,4,Wednesday,10,6,0,5,3,52,30.67514722,-90.97069722,12,1,0,0,0,1,0
220324,LOUISIANA,LA,1,1,1,1,1,1,33,150,CHEROKEE,7,7,July,2012,7,Saturday,20,35,1,13,3,73,30.46583889,-90.99696944,9,2,0,0,0,1,0
220325,LOUISIANA,LA,2,2,0,0,2,2,19,2400,CEDAR BLUFF,6,7,July,2012,6,Friday,21,8,0,14,3,26,30.27524444,-93.25805000,12,2,0,0,0,1,0
220326,LOUISIANA,LA,1,1,1,1,1,1,57,2250,BANKSTON,8,7,July,2012,1,Sunday,0,7,0,14,3,325,29.79743056,-90.82922222,9,2,0,0,0,1,1
220327,LOUISIANA,LA,2,2,0,0,3,3,105,0,MARION,12,7,July,2012,5,Thursday,2,26,1,1,1,479,30.48095833,-90.33070278,12,2,0,0,0,1,0
220328,LOUISIANA,LA,2,2,0,0,2,2,25,0,BARLOW BEND,16,7,July,2012,2,Monday,19,45,0,4,3,1375,31.70203056,-91.96826944,12,5,0,0,0,2,1
220329,LOUISIANA,LA,1,1,0,0,1,1,85,0,BENTON,16,7,July,2012,2,Monday,21,30,0,4,3,246,31.45253889,-93.60488889,34,2,0,0,0,1,0
220330,LOUISIANA,LA,1,1,0,0,1,1,27,0,ASHLAND,17,7,July,2012,3,Tuesday,15,29,0,6,4,0,32.71363889,-93.09878889,38,1,0,0,0,1,1
220331,LOUISIANA,LA,2,2,0,0,4,4,111,0,GRAHAM,18,7,July,2012,4,Wednesday,16,0,1,2,2,269,32.91506111,-92.65602222,12,1,0,0,0,1,1
220332,LOUISIANA,LA,1,1,0,0,1,1,21,0,CHILTON,18,7,July,2012,4,Wednesday,19,30,0,6,3,20,31.99156111,-92.12118056,1,1,0,0,0,1,1
220333,LOUISIANA,LA,1,1,0,0,1,1,51,9997,CENTRAL,18,7,July,2012,4,Wednesday,21,4,0,14,3,58,29.83581944,-90.10130556,30,3,0,0,0,1,0
220334,LOUISIANA,LA,3,3,0,0,4,4,13,0,BOLLING,19,7,July,2012,5,Thursday,14,49,1,1,1,553,32.56220000,-93.15581944,12,1,0,0,0,1,0
220335,LOUISIANA,LA,1,1,1,1,1,1,95,1270,ALBERTVILLE,21,7,July,2012,7,Saturday,2,10,0,14,2,277,30.07577778,-90.51268889,8,3,0,0,0,1,1
220336,LOUISIANA,LA,1,1,0,0,1,1,63,0,BOLIGEE,21,7,July,2012,7,Saturday,18,28,0,14,3,53,30.53640556,-90.87458611,43,1,0,0,0,1,1
220337,LOUISIANA,LA,1,1,1,1,2,2,19,0,CEDAR BLUFF,22,7,July,2012,1,Sunday,21,6,1,13,2,57,30.31520556,-93.19772222,8,2,0,0,0,1,0
220338,LOUISIANA,LA,1,1,0,0,1,1,43,0,BAILEYTON,9,7,July,2012,2,Monday,14,0,0,6,4,0,31.49313889,-92.52233056,42,1,0,0,0,1,1
220339,LOUISIANA,LA,1,1,0,0,3,3,63,0,BOLIGEE,24,7,July,2012,3,Tuesday,13,20,0,4,3,227,30.26128056,-90.71534722,1,1,0,0,0,1,1
220340,LOUISIANA,LA,1,1,1,1,1,1,51,1545,CENTRAL,23,7,July,2012,2,Monday,22,22,1,13,2,60,29.97630833,-90.18857500,8,3,0,0,0,1,1
220341,LOUISIANA,LA,2,2,0,0,3,3,103,0,DANVILLE,25,7,July,2012,4,Wednesday,5,40,1,11,1,744,30.34983889,-89.92215000,12,4,0,0,0,1,0
220342,LOUISIANA,LA,2,2,0,0,3,3,31,0,COFFEE,26,7,July,2012,5,Thursday,7,31,1,1,1,1732,32.06326944,-93.56336944,12,1,0,0,0,2,0
220343,LOUISIANA,LA,1,1,0,0,1,1,61,0,BELLWOOD,26,7,July,2012,5,Thursday,11,45,0,6,3,29,32.50428889,-92.72586111,1,1,0,0,0,1,0
220344,LOUISIANA,LA,2,2,0,0,6,6,57,0,BANKSTON,28,7,July,2012,7,Saturday,20,43,0,14,3,81,29.46837500,-90.32418889,12,3,0,0,0,1,0
220345,LOUISIANA,LA,1,1,1,1,1,1,97,0,AXIS,8,6,June,2012,6,Friday,5,9,0,6,4,0,30.37147222,-92.00720556,8,2,0,0,0,1,0
220346,LOUISIANA,LA,2,2,1,1,3,3,51,1545,CENTRAL,17,6,June,2012,1,Sunday,21,0,1,11,1,2263,30.00223056,-90.20401111,8,3,0,0,0,1,0
220347,LOUISIANA,LA,1,1,0,0,7,7,39,0,ANDALUSIA,13,7,July,2012,6,Friday,0,99,0,6,4,0,30.88941111,-92.42436944,5,2,0,0,0,1,0
220348,LOUISIANA,LA,1,1,0,0,5,5,17,1071,CHAMBERS,14,7,July,2012,7,Saturday,15,59,1,2,2,2299,32.99320000,-93.89550000,42,1,0,0,0,1,0
220349,LOUISIANA,LA,2,2,0,0,3,3,103,2180,DANVILLE,15,7,July,2012,1,Sunday,4,25,1,11,1,827,30.31032778,-89.79107222,12,2,0,0,0,1,1
220350,LOUISIANA,LA,1,1,1,1,1,1,33,150,CHEROKEE,16,7,July,2012,2,Monday,20,37,1,13,2,1843,30.46060000,-91.04736944,8,3,0,0,0,1,0
220351,LOUISIANA,LA,1,1,0,0,1,1,33,150,CHEROKEE,22,7,July,2012,1,Sunday,11,35,0,14,6,0,30.47251111,-91.03470000,33,1,0,0,0,1,0
220352,LOUISIANA,LA,1,1,1,1,1,1,119,1550,BELLAMY,4,8,August,2012,7,Saturday,1,1,0,14,2,473,32.60668056,-93.30920000,8,3,0,0,0,1,0
220353,LOUISIANA,LA,1,1,0,0,1,1,33,0,CHEROKEE,4,8,August,2012,7,Saturday,19,45,0,15,4,0,30.35315278,-90.96419167,53,2,0,0,0,1,1
220354,LOUISIANA,LA,1,1,0,0,2,2,19,1250,CEDAR BLUFF,11,8,August,2012,7,Saturday,13,27,1,11,1,44,30.19631944,-93.25086944,59,1,0,0,0,1,0
220355,LOUISIANA,LA,2,2,0,0,4,4,19,1250,CEDAR BLUFF,10,8,August,2012,6,Friday,8,45,0,15,5,0,30.24960000,-93.18658056,12,1,0,0,0,1,0
220356,LOUISIANA,LA,2,2,0,0,5,5,33,100,CHEROKEE,8,8,August,2012,4,Wednesday,14,45,1,13,3,41,30.58263889,-91.16918889,12,1,0,0,0,1,0