ST_CASE,State Name,State Abbreviation,# of Vehicle involved,Parked_Vehicles_Involved,Pedestrains,Person_Not_in_Motor_Vehicle,Persons_in_motor_vehicle,Total_Persons_in_accident,COUNTY,CITY,City_County_Name,Calendar_DAY,MONTH,Month_name,YEAR,DAY_WEEK,Day_Week_desc,HOUR,MINUTE,NHS_Desc,trafficway,Route,MILEPT,LATITUDE,LONGITUD,First_Crash_event,Light_cond_desc,Weather_condition,School_bus_involved,Crash_cause,FATALS,DRUNK_DR
220357,LOUISIANA,LA,2,2,0,0,3,3,47,1870,BROWNS,17,8,August,2012,6,Friday,19,25,0,15,3,11,30.28620000,-91.25460000,12,1,0,0,0,1,0
220358,LOUISIANA,LA,1,1,0,0,2,2,63,0,BOLIGEE,5,8,August,2012,1,Sunday,1,45,0,6,4,0,30.51337500,-90.59190278,34,2,0,0,0,1,1
220359,LOUISIANA,LA,2,2,0,0,3,3,53,1140,ATMORE,17,8,August,2012,6,Friday,19,11,0,15,3,0,30.24126111,-92.65503056,12,1,0,0,0,1,0
220360,LOUISIANA,LA,1,1,1,1,3,3,113,10,COTTONTON,18,8,August,2012,7,Saturday,2,99,0,14,3,1309,29.95940000,-92.14000000,8,2,0,0,0,1,1
220361,LOUISIANA,LA,1,1,1,1,1,1,15,230,ANNISTON,19,8,August,2012,1,Sunday,19,11,0,16,6,0,32.52226944,-93.72225833,8,1,0,0,0,1,0
220362,LOUISIANA,LA,1,1,1,1,2,2,55,0,ATTALLA,27,8,August,2012,2,Monday,23,33,0,9,4,0,30.24008056,-92.17555278,8,2,0,0,0,1,0
220363,LOUISIANA,LA,1,1,1,1,1,1,71,1690,BRIDGEPORT,4,7,July,2012,4,Wednesday,17,49,0,15,6,0,30.04140000,-89.91338889,8,1,0,0,0,1,1
220364,LOUISIANA,LA,1,1,0,0,3,3,25,0,BARLOW BEND,28,7,July,2012,7,Saturday,23,12,0,5,3,65,31.68541944,-91.87283056,32,2,0,0,0,2,1
220365,LOUISIANA,LA,1,1,0,0,1,1,17,2130,CHAMBERS,9,8,August,2012,5,Thursday,16,35,0,14,2,182,32.49275000,-93.76383056,33,1,0,0,0,1,0
220366,LOUISIANA,LA,1,1,0,0,2,2,103,0,DANVILLE,1,8,August,2012,4,Wednesday,20,50,0,14,2,2661,30.30548889,-89.86453889,42,2,0,0,0,1,0
220367,LOUISIANA,LA,1,1,0,0,1,1,29,0,BORDEN SPRINGS,2,8,August,2012,5,Thursday,2,12,0,5,3,152,31.42310000,-91.79003056,42,2,0,0,0,1,0
220368,LOUISIANA,LA,1,1,0,0,1,1,123,0,ALEXANDER CITY,3,8,August,2012,6,Friday,15,30,0,5,3,64,32.78365000,-91.40373889,32,1,0,0,0,1,0
220369,LOUISIANA,LA,1,1,1,1,1,1,33,0,CHEROKEE,3,8,August,2012,6,Friday,21,4,1,13,2,711,30.40876944,-91.06420000,8,2,0,0,0,1,0
220370,LOUISIANA,LA,1,1,0,0,1,1,107,0,CARROLLTON,4,8,August,2012,7,Saturday,1,30,0,5,3,117,32.18241944,-91.24641111,34,2,0,0,0,1,1
220371,LOUISIANA,LA,3,3,0,0,4,4,57,0,BANKSTON,4,8,August,2012,7,Saturday,10,28,0,5,3,625,29.59086111,-90.44605000,12,1,0,0,0,1,0
220372,LOUISIANA,LA,3,3,0,0,6,6,55,1230,ATTALLA,5,8,August,2012,1,Sunday,2,12,1,13,2,1123,30.18218056,-91.98936111,12,2,0,0,0,1,2
220373,LOUISIANA,LA,2,2,0,0,2,2,15,0,ANNISTON,7,8,August,2012,3,Tuesday,15,30,0,15,4,0,32.46856389,-93.52743611,12,1,0,0,0,1,0
220374,LOUISIANA,LA,1,1,1,1,1,1,5,0,BAKER HILL,8,8,August,2012,4,Wednesday,22,26,1,13,3,224,30.21032222,-90.97751111,8,2,0,0,0,1,0
220375,LOUISIANA,LA,1,1,0,0,1,1,105,0,MARION,9,8,August,2012,5,Thursday,7,20,1,1,1,654,30.99370000,-90.50695000,24,1,0,0,0,1,0
220376,LOUISIANA,LA,1,1,0,0,1,1,1,0,AUTAUGA,9,8,August,2012,5,Thursday,15,30,0,4,3,155,30.42295833,-92.24580833,35,1,0,0,0,1,1
220377,LOUISIANA,LA,1,1,0,0,2,2,97,0,AXIS,10,8,August,2012,6,Friday,1,10,0,4,3,11,30.68510000,-92.14770000,35,2,0,0,0,1,1
220378,LOUISIANA,LA,1,1,0,0,4,4,33,150,CHEROKEE,12,8,August,2012,1,Sunday,2,45,1,11,1,1634,30.38841111,-91.07521944,32,3,0,0,0,1,1
220379,LOUISIANA,LA,1,1,0,0,1,1,3,0,BALDWIN,12,8,August,2012,1,Sunday,19,0,0,4,3,324,30.87868056,-92.80121111,35,1,0,0,0,1,0
220380,LOUISIANA,LA,3,2,1,1,2,2,97,0,AXIS,12,8,August,2012,1,Sunday,19,8,1,2,2,1335,30.54891944,-91.84305000,12,1,0,0,0,1,0
220381,LOUISIANA,LA,1,1,1,1,1,1,51,97,CENTRAL,13,8,August,2012,2,Monday,20,20,1,13,2,2457,29.91038056,-90.21140000,8,3,0,0,0,1,0
220382,LOUISIANA,LA,1,1,0,0,2,2,101,9997,BOYLSTON,13,8,August,2012,2,Monday,23,40,0,4,3,178,29.77693889,-91.77365000,34,2,0,0,0,1,0
220383,LOUISIANA,LA,2,2,0,0,3,3,73,0,ARGO,15,8,August,2012,4,Wednesday,0,25,1,1,1,1071,32.50976111,-92.27592500,12,2,0,0,0,1,0
220384,LOUISIANA,LA,1,1,0,0,1,1,25,0,BARLOW BEND,15,8,August,2012,4,Wednesday,2,10,0,6,5,0,31.74892778,-91.66722778,1,2,0,0,0,1,1
220385,LOUISIANA,LA,2,2,0,0,2,2,115,2060,ASHVILLE,16,8,August,2012,5,Thursday,7,41,1,13,2,500,30.91210833,-93.28334167,12,1,0,0,0,1,0
220386,LOUISIANA,LA,1,1,0,0,1,1,25,0,BARLOW BEND,17,8,August,2012,6,Friday,4,30,0,4,3,933,31.68300833,-91.90831944,42,2,0,0,0,1,1
220387,LOUISIANA,LA,1,1,0,0,1,1,105,980,MARION,17,8,August,2012,6,Friday,15,16,1,11,1,283,30.46840000,-90.48153889,59,1,0,0,0,1,0
220388,LOUISIANA,LA,1,1,0,0,3,3,99,0,BEATRICE,18,8,August,2012,7,Saturday,2,50,0,4,3,143,30.23272778,-91.83321667,30,2,0,0,0,1,0
220389,LOUISIANA,LA,1,1,1,1,1,1,63,0,BOLIGEE,20,8,August,2012,2,Monday,21,0,0,4,3,94,30.57341111,-90.61116944,8,2,0,0,0,1,0
220390,LOUISIANA,LA,1,1,2,2,1,1,113,0,COTTONTON,25,8,August,2012,7,Saturday,1,55,0,3,3,559,30.02533056,-92.49741944,8,2,0,0,0,1,0
220391,LOUISIANA,LA,2,2,0,0,2,2,119,0,BELLAMY,25,8,August,2012,7,Saturday,21,30,1,1,1,538,32.56619444,-93.17981944,1,2,0,0,0,1,0
220392,LOUISIANA,LA,1,1,1,1,1,1,103,1225,DANVILLE,26,8,August,2012,1,Sunday,20,30,0,15,3,95,30.30632222,-89.94032222,9,2,0,0,0,1,0
220393,LOUISIANA,LA,3,3,0,0,5,5,5,870,BAKER HILL,27,8,August,2012,2,Monday,16,57,0,14,3,238,30.21066111,-90.95363889,12,1,0,0,0,1,0
220394,LOUISIANA,LA,1,1,0,0,1,1,1,0,AUTAUGA,28,8,August,2012,3,Tuesday,9,33,1,1,1,746,30.23123056,-92.49536111,23,1,0,0,0,1,0
220396,LOUISIANA,LA,1,1,0,0,1,1,101,0,BOYLSTON,29,8,August,2012,4,Wednesday,18,20,0,15,3,138,29.90096111,-91.62716944,35,2,6,0,0,1,1
220397,LOUISIANA,LA,2,2,0,0,4,4,61,2070,BELLWOOD,2,9,September,2012,1,Sunday,21,8,1,13,2,89,32.50740000,-92.67790000,12,3,0,0,0,1,0
220398,LOUISIANA,LA,2,2,0,0,3,3,17,946,CHAMBERS,2,9,September,2012,1,Sunday,11,50,0,4,3,188,32.41410000,-93.96840000,12,1,0,0,0,1,0
220399,LOUISIANA,LA,1,1,0,0,1,1,51,1545,CENTRAL,2,9,September,2012,1,Sunday,23,49,0,14,6,0,30.01588889,-90.18011944,46,3,0,0,0,1,1
220400,LOUISIANA,LA,1,1,1,1,5,5,33,150,CHEROKEE,3,9,September,2012,2,Monday,22,29,1,13,3,27,30.41360000,-91.13661944,9,3,0,0,0,1,0
220401,LOUISIANA,LA,2,2,0,0,3,3,1,1980,AUTAUGA,6,9,September,2012,5,Thursday,9,30,0,6,4,0,30.24263889,-92.21988056,12,1,0,0,0,2,0
220402,LOUISIANA,LA,1,1,0,0,1,1,51,1231,CENTRAL,9,9,September,2012,1,Sunday,19,45,0,16,6,0,29.66608889,-90.10925000,32,3,0,0,0,1,0
220403,LOUISIANA,LA,1,1,1,1,1,1,51,1545,CENTRAL,18,9,September,2012,3,Tuesday,20,7,0,14,6,0,30.00588889,-90.20071111,8,3,0,0,0,1,0
220404,LOUISIANA,LA,2,2,0,0,5,5,19,1250,CEDAR BLUFF,24,9,September,2012,2,Monday,4,19,1,11,1,294,30.23713056,-93.24213889,12,4,0,0,0,1,0
220405,LOUISIANA,LA,1,1,1,1,1,1,29,2310,BORDEN SPRINGS,27,9,September,2012,5,Thursday,5,20,1,13,2,1796,31.57356944,-91.45443889,9,3,0,0,0,1,0
220406,LOUISIANA,LA,1,1,0,0,1,1,71,1690,BRIDGEPORT,28,9,September,2012,6,Friday,4,17,1,11,1,2355,29.95493333,-90.08215556,23,3,0,0,0,1,1
220407,LOUISIANA,LA,1,1,0,0,1,1,19,9997,CEDAR BLUFF,30,9,September,2012,1,Sunday,5,20,0,15,4,0,30.34473056,-93.21228056,59,3,0,0,0,1,1
220408,LOUISIANA,LA,2,2,0,0,2,2,79,1850,COURTLAND,3,10,October,2012,4,Wednesday,9,29,1,13,3,575,31.33630000,-92.37598889,12,1,0,0,0,2,0
220409,LOUISIANA,LA,2,2,0,0,3,3,71,1690,BRIDGEPORT,7,10,October,2012,1,Sunday,3,54,1,1,1,2501,30.08893056,-89.91161944,12,2,0,0,0,1,0
220410,LOUISIANA,LA,1,1,0,0,2,2,19,0,CEDAR BLUFF,7,10,October,2012,1,Sunday,4,15,0,6,4,0,30.21900000,-93.67063056,42,2,0,0,0,1,1
220411,LOUISIANA,LA,2,2,0,0,2,2,55,1230,ATTALLA,14,10,October,2012,1,Sunday,23,58,1,13,6,0,30.21918056,-92.07585000,12,3,0,0,0,1,1
220412,LOUISIANA,LA,1,1,1,1,1,1,51,0,CENTRAL,6,6,June,2012,4,Wednesday,21,10,1,13,3,704,29.89523611,-90.03981111,8,3,0,0,0,1,0
220413,LOUISIANA,LA,3,3,0,0,4,4,7,0,BIBB,6,7,July,2012,6,Friday,16,40,0,4,3,24,30.04865000,-91.13565000,12,1,0,0,0,1,0
220414,LOUISIANA,LA,1,1,0,0,1,1,105,0,MARION,30,7,July,2012,2,Monday,23,35,1,11,1,299,30.48855000,-90.49573056,42,2,0,0,0,1,1
220415,LOUISIANA,LA,2,2,0,0,2,2,27,0,ASHLAND,3,9,September,2012,2,Monday,17,50,0,3,2,675,32.75658056,-93.07666944,12,1,0,0,0,1,0
220416,LOUISIANA,LA,2,2,0,0,2,2,123,0,ALEXANDER CITY,3,9,September,2012,2,Monday,18,28,0,6,3,73,32.74348889,-91.49360000,12,1,0,0,0,1,0
220417,LOUISIANA,LA,1,1,0,0,2,2,109,0,ANSLEY,4,9,September,2012,3,Tuesday,2,11,0,14,3,250,29.59545000,-90.82676111,35,3,0,0,0,1,1
220418,LOUISIANA,LA,2,2,0,0,4,4,117,0,BIRMINGHAM,5,9,September,2012,4,Wednesday,9,5,0,3,3,2320,30.83915833,-90.17320000,12,1,0,0,0,1,0
220419,LOUISIANA,LA,2,2,0,0,3,3,57,0,BANKSTON,5,9,September,2012,4,Wednesday,10,52,0,14,3,148,29.55563889,-90.36916111,12,1,0,0,0,1,0
220420,LOUISIANA,LA,2,2,1,1,2,2,39,0,ANDALUSIA,6,9,September,2012,5,Thursday,7,34,0,3,3,623,30.69276944,-92.39811944,12,4,0,0,0,1,0
220421,LOUISIANA,LA,1,1,1,1,1,1,95,9999,ALBERTVILLE,6,9,September,2012,5,Thursday,20,10,0,4,3,376,30.04658056,-90.57653889,9,3,0,0,0,1,1
220422,LOUISIANA,LA,2,2,0,0,5,5,89,0,BROWNSBORO,7,9,September,2012,6,Friday,14,14,0,3,2,172,29.98953889,-90.36983889,33,1,0,0,0,1,0
220423,LOUISIANA,LA,3,3,0,0,4,4,33,0,CHEROKEE,9,9,September,2012,1,Sunday,11,99,1,13,2,938,30.66931944,-91.25983056,1,1,0,0,0,2,0
220424,LOUISIANA,LA,3,3,1,1,6,6,57,795,BANKSTON,11,9,September,2012,3,Tuesday,3,8,0,14,3,61,29.44121111,-90.31091111,8,2,0,0,0,1,0
220425,LOUISIANA,LA,3,3,0,0,4,4,97,0,AXIS,11,9,September,2012,3,Tuesday,7,0,0,14,3,4,30.47936111,-92.08751944,12,1,0,0,0,1,0
220426,LOUISIANA,LA,2,2,0,0,3,3,69,0,ASHFORD,11,9,September,2012,3,Tuesday,15,20,1,1,1,1439,31.79488056,-93.20290000,12,1,0,0,0,1,0
220427,LOUISIANA,LA,2,2,0,0,2,2,89,0,BROWNSBORO,14,9,September,2012,6,Friday,4,14,1,1,1,2179,30.03038056,-90.33416944,12,2,0,0,0,2,0
220428,LOUISIANA,LA,2,2,0,0,8,8,15,0,ANNISTON,16,9,September,2012,1,Sunday,14,30,0,4,3,31,32.53518056,-93.45941111,12,1,0,0,0,1,0
220429,LOUISIANA,LA,1,1,1,1,2,2,87,350,ARMSTRONG,17,9,September,2012,2,Monday,6,24,1,13,3,3,29.94141111,-89.96423056,8,3,0,0,0,1,0
220430,LOUISIANA,LA,2,1,0,4,1,5,105,0,MARION,17,9,September,2012,2,Monday,13,0,1,1,1,458,30.47878056,-90.36545000,14,1,0,0,0,1,0
220431,LOUISIANA,LA,2,2,0,0,4,4,7,0,BIBB,18,9,September,2012,3,Tuesday,15,33,0,14,3,1,29.99013056,-91.02928056,12,1,0,0,0,1,0
220432,LOUISIANA,LA,1,1,2,2,1,1,51,1125,CENTRAL,18,9,September,2012,3,Tuesday,20,19,1,13,2,2514,29.95843889,-90.17371111,8,3,0,0,0,1,0
220433,LOUISIANA,LA,2,2,0,0,2,2,45,0,ARITON,20,9,September,2012,5,Thursday,3,0,1,2,2,1389,29.91331111,-91.71768889,12,2,0,0,0,1,0
220434,LOUISIANA,LA,1,1,0,0,1,1,69,0,ASHFORD,25,9,September,2012,3,Tuesday,13,3,0,3,2,1211,31.77638056,-92.99650833,35,1,0,0,0,1,0
220435,LOUISIANA,LA,1,1,0,0,1,1,97,0,AXIS,27,9,September,2012,5,Thursday,7,25,0,4,3,1,30.67185000,-92.14678889,35,1,0,0,0,1,0
220436,LOUISIANA,LA,1,1,0,0,1,1,25,0,BARLOW BEND,27,9,September,2012,5,Thursday,22,25,0,5,3,755,31.53225000,-91.85676111,1,2,0,0,0,1,0
220437,LOUISIANA,LA,3,3,0,0,3,3,5,0,BAKER HILL,28,9,September,2012,6,Friday,6,34,0,14,3,86,30.31322500,-90.97288056,12,1,0,0,0,1,1
220438,LOUISIANA,LA,2,2,0,0,3,3,123,0,ALEXANDER CITY,28,9,September,2012,6,Friday,15,27,0,3,3,1722,32.80118056,-91.49259444,12,1,0,0,0,1,0
220439,LOUISIANA,LA,1,1,0,0,3,3,5,0,BAKER HILL,28,9,September,2012,6,Friday,18,10,0,5,3,22,30.10101111,-90.96405556,34,5,0,0,0,2,1
220440,LOUISIANA,LA,1,1,1,1,1,1,45,0,ARITON,29,9,September,2012,7,Saturday,20,35,1,2,2,1344,29.94571389,-91.78227778,8,2,0,0,0,1,0
220441,LOUISIANA,LA,1,1,0,0,1,1,81,0,AUBURN,3,10,October,2012,4,Wednesday,10,5,0,4,3,3565,32.11460000,-93.47878056,43,1,0,0,0,1,0
220442,LOUISIANA,LA,1,1,0,0,1,1,111,0,GRAHAM,13,10,October,2012,7,Saturday,20,0,0,6,4,0,32.87678889,-92.09608056,42,2,0,0,0,1,1
220443,LOUISIANA,LA,1,1,1,1,1,1,105,0,MARION,14,10,October,2012,1,Sunday,22,15,0,15,3,75,30.54847778,-90.45763056,9,2,0,0,0,1,0
220444,LOUISIANA,LA,1,1,0,0,1,1,19,0,CEDAR BLUFF,20,10,October,2012,7,Saturday,1,0,0,14,3,45,30.29598056,-93.24991944,52,2,0,0,0,1,1
220445,LOUISIANA,LA,3,3,0,0,3,3,51,1545,CENTRAL,1,10,October,2012,2,Monday,1,11,1,13,2,30,29.97306944,-90.13851111,12,3,0,0,0,1,0
220446,LOUISIANA,LA,1,1,1,1,1,1,19,0,CEDAR BLUFF,3,10,October,2012,4,Wednesday,8,16,1,1,1,122,30.19393056,-93.52181944,8,1,0,0,0,1,0
220447,LOUISIANA,LA,1,1,0,0,1,1,121,0,BON AIR,6,10,October,2012,7,Saturday,99,99,0,16,3,17,30.47738056,-91.23868056,35,2,0,0,0,1,1
220448,LOUISIANA,LA,3,1,1,8,2,9,89,1358,BROWNSBORO,6,10,October,2012,7,Saturday,6,55,1,11,1,85,29.93436111,-90.37875556,14,4,0,0,0,2,0
220449,LOUISIANA,LA,2,2,0,0,2,2,101,1600,BOYLSTON,10,10,October,2012,4,Wednesday,16,14,0,15,6,0,29.69301944,-91.19328056,12,1,0,0,0,1,0
220450,LOUISIANA,LA,2,2,0,0,4,4,21,0,CHILTON,6,10,October,2012,7,Saturday,1,19,0,6,3,69,32.02416944,-92.03965000,12,2,0,0,0,1,2
220451,LOUISIANA,LA,1,1,0,0,1,1,1,0,AUTAUGA,16,10,October,2012,3,Tuesday,3,21,0,3,3,141,30.18196944,-92.36273889,1,2,0,0,0,1,1
220452,LOUISIANA,LA,1,1,1,1,1,1,115,0,ASHVILLE,30,10,October,2012,3,Tuesday,5,30,0,5,3,119,31.14345000,-92.86286111,8,2,0,0,0,1,0
220453,LOUISIANA,LA,1,1,0,0,1,1,37,0,BRADFORD,1,10,October,2012,2,Monday,0,19,0,3,3,1830,30.88893611,-90.86938611,42,2,0,0,0,1,0
220454,LOUISIANA,LA,1,1,0,0,1,1,33,150,CHEROKEE,2,10,October,2012,3,Tuesday,20,55,0,14,3,125,30.36166944,-90.99915000,32,2,0,0,0,1,0
220455,LOUISIANA,LA,2,2,0,0,3,3,77,0,ANDERSON,3,10,October,2012,4,Wednesday,11,40,0,3,3,1939,30.76446111,-91.61173889,12,1,0,0,0,1,0
220456,LOUISIANA,LA,1,1,0,0,1,1,13,0,BOLLING,13,10,October,2012,7,Saturday,14,51,0,4,3,124,32.30832222,-93.37699444,1,1,0,0,0,1,1
220457,LOUISIANA,LA,1,1,0,0,3,3,5,0,BAKER HILL,6,10,October,2012,7,Saturday,2,15,1,13,2,593,30.26458889,-90.93701111,35,2,0,0,0,2,0
220458,LOUISIANA,LA,1,1,1,1,1,1,115,0,ASHVILLE,8,10,October,2012,2,Monday,5,5,1,2,2,741,31.23116389,-93.33622500,8,2,0,0,0,1,0
220459,LOUISIANA,LA,2,2,0,0,3,3,113,1500,COTTONTON,11,10,October,2012,5,Thursday,12,20,1,13,2,96,30.10944444,-92.12460000,12,1,0,0,0,1,0
220460,LOUISIANA,LA,1,1,0,0,1,1,63,0,BOLIGEE,11,10,October,2012,5,Thursday,15,30,1,1,1,333,30.47836111,-90.57528889,1,1,0,0,0,1,0
220461,LOUISIANA,LA,1,1,0,0,1,1,63,791,BOLIGEE,13,10,October,2012,7,Saturday,0,11,0,4,3,288,30.33986389,-90.79536667,35,2,0,0,0,1,1
220462,LOUISIANA,LA,2,2,0,0,4,4,97,0,AXIS,14,10,October,2012,1,Sunday,0,10,0,3,2,1006,30.49521944,-92.38141111,12,2,0,0,0,2,1
220463,LOUISIANA,LA,3,3,0,0,4,4,109,0,ANSLEY,15,10,October,2012,2,Monday,15,23,1,13,3,3,29.73912778,-90.80606389,12,1,0,0,0,1,0
220464,LOUISIANA,LA,1,1,0,0,1,1,57,0,BANKSTON,15,10,October,2012,2,Monday,20,5,0,5,3,94,29.87103611,-90.60544722,43,3,0,0,0,1,1
220465,LOUISIANA,LA,1,1,0,0,1,1,85,0,BENTON,18,10,October,2012,5,Thursday,0,19,0,4,3,74,31.67086944,-93.50661944,30,2,0,0,0,1,1
220466,LOUISIANA,LA,2,2,0,0,3,3,11,0,BULLOCK,19,10,October,2012,6,Friday,8,55,0,3,2,538,30.51655000,-93.15401111,12,1,0,0,0,1,0
220467,LOUISIANA,LA,1,1,0,0,1,1,97,0,AXIS,20,10,October,2012,7,Saturday,99,99,0,5,3,376,30.54041111,-92.16882222,35,2,0,0,0,1,1
220468,LOUISIANA,LA,1,1,0,0,3,3,109,0,ANSLEY,21,10,October,2012,1,Sunday,0,30,0,5,3,71,29.46011111,-90.56208056,43,3,0,0,0,2,1
220469,LOUISIANA,LA,1,1,1,1,1,1,99,0,BEATRICE,21,10,October,2012,1,Sunday,20,40,0,6,3,130,29.90988889,-91.22333889,8,2,0,0,0,1,1
220470,LOUISIANA,LA,1,1,0,0,1,1,15,0,ANNISTON,21,10,October,2012,1,Sunday,20,57,0,4,3,302,32.94213889,-93.69770000,43,2,0,0,0,1,0
220471,LOUISIANA,LA,2,2,0,0,2,2,5,0,BAKER HILL,27,10,October,2012,7,Saturday,4,27,0,14,3,174,30.24114722,-91.04748889,12,2,0,0,0,1,1
220472,LOUISIANA,LA,1,1,1,1,2,2,45,0,ARITON,27,10,October,2012,7,Saturday,21,8,0,15,3,953,29.93528333,-91.69006111,9,2,0,0,0,1,0
220473,LOUISIANA,LA,1,1,0,0,1,1,17,9999,CHAMBERS,9,1,January,2012,2,Monday,0,30,0,14,4,0,32.38020000,-93.98890000,23,2,0,0,0,1,0
220474,LOUISIANA,LA,1,1,1,1,2,2,39,2320,ANDALUSIA,3,4,April,2012,3,Tuesday,20,18,1,13,2,623,30.68620000,-92.26895000,8,2,0,0,0,1,0
220475,LOUISIANA,LA,1,1,0,0,1,1,57,9999,BANKSTON,1,8,August,2012,4,Wednesday,19,47,0,5,3,138,29.81788889,-90.59309167,42,1,0,0,0,1,0
220476,LOUISIANA,LA,3,3,0,0,4,4,19,9999,CEDAR BLUFF,30,8,August,2012,5,Thursday,8,0,0,14,3,781,30.15441111,-93.36856944,12,1,0,0,0,1,0
220477,LOUISIANA,LA,1,1,0,0,1,1,103,9999,DANVILLE,30,8,August,2012,5,Thursday,19,40,1,11,1,2616,30.21771111,-89.78741944,3,2,0,0,0,1,1
220478,LOUISIANA,LA,1,1,1,1,1,1,103,9999,DANVILLE,3,9,September,2012,2,Monday,20,48,0,15,3,35,30.32616111,-89.74498056,8,2,0,0,0,1,0
220479,LOUISIANA,LA,1,1,0,0,1,1,91,9999,DAYTON,23,9,September,2012,1,Sunday,18,30,0,4,3,321,30.84025278,-90.66780556,32,1,0,0,0,1,1
220480,LOUISIANA,LA,1,1,1,1,2,2,33,150,CHEROKEE,25,9,September,2012,3,Tuesday,20,18,1,13,3,25,30.38438611,-91.06483333,8,3,0,0,0,1,0
220481,LOUISIANA,LA,2,2,1,1,4,4,33,150,CHEROKEE,30,9,September,2012,1,Sunday,23,0,0,15,3,9,30.35110000,-91.13231944,9,2,0,0,0,1,1
220482,LOUISIANA,LA,1,1,1,1,1,1,51,990,CENTRAL,30,9,September,2012,1,Sunday,19,30,0,15,6,0,29.96950000,-90.20766944,15,5,0,0,0,1,1
220483,LOUISIANA,LA,2,1,1,1,1,1,51,1005,CENTRAL,20,8,August,2012,2,Monday,6,58,0,14,6,0,29.89303056,-90.05923056,8,1,0,0,0,1,0
220484,LOUISIANA,LA,1,1,1,1,1,1,71,1690,BRIDGEPORT,10,8,August,2012,6,Friday,22,25,1,12,2,100,29.93031944,-90.03606944,8,3,0,0,0,1,0
220485,LOUISIANA,LA,1,1,0,0,1,1,15,9999,ANNISTON,29,9,September,2012,7,Saturday,9,42,0,15,3,11,32.39306111,-93.57958889,34,1,0,0,0,1,0
220486,LOUISIANA,LA,2,2,0,0,2,2,71,1690,BRIDGEPORT,2,5,May,2012,4,Wednesday,8,23,0,14,3,75,29.93536944,-90.01098889,12,1,0,0,0,1,0
220487,LOUISIANA,LA,1,1,1,1,1,1,71,1690,BRIDGEPORT,16,6,June,2012,7,Saturday,21,19,1,13,2,2613,29.98513056,-90.07001111,8,3,0,0,0,1,0
220488,LOUISIANA,LA,1,1,0,0,1,1,71,1690,BRIDGEPORT,20,5,May,2012,1,Sunday,19,30,0,15,6,0,29.98856111,-90.07546944,31,3,0,0,0,1,1
220489,LOUISIANA,LA,1,1,1,1,1,1,17,2130,CHAMBERS,13,6,June,2012,4,Wednesday,4,1,0,14,6,0,32.50056944,-93.71551944,8,3,0,0,0,1,0
220490,LOUISIANA,LA,2,2,0,0,2,2,33,2490,CHEROKEE,14,6,June,2012,5,Thursday,0,18,1,13,3,7,30.64688056,-91.24670000,12,2,0,0,0,1,1
220491,LOUISIANA,LA,1,1,1,1,1,1,71,1690,BRIDGEPORT,26,7,July,2012,5,Thursday,2,38,0,14,6,0,29.92868889,-90.09031944,8,3,0,0,0,1,1
220492,LOUISIANA,LA,1,1,1,1,1,1,79,840,COURTLAND,15,9,September,2012,7,Saturday,7,99,0,6,4,0,99.99990000,999.99990000,49,1,0,0,0,1,0
220493,LOUISIANA,LA,1,1,0,0,1,1,33,150,CHEROKEE,2,8,August,2012,5,Thursday,5,46,1,11,1,8,30.44835000,-91.18050000,21,3,0,0,0,1,0
220494,LOUISIANA,LA,1,1,0,0,1,1,33,150,CHEROKEE,8,9,September,2012,7,Saturday,3,56,0,15,4,0,30.35413056,-90.97143889,1,2,0,0,0,1,1
220495,LOUISIANA,LA,1,1,1,1,2,2,97,1800,AXIS,7,10,October,2012,1,Sunday,2,51,1,11,1,187,30.51563889,-92.06898889,8,3,0,0,0,1,0
220496,LOUISIANA,LA,2,2,0,0,3,3,93,9999,BEAR CREEK,4,10,October,2012,5,Thursday,12,5,0,4,3,290,30.02776944,-90.69306111,12,1,0,0,0,1,0
220497,LOUISIANA,LA,1,1,1,1,1,1,51,1545,CENTRAL,16,10,October,2012,3,Tuesday,22,0,1,13,6,0,30.00168889,-90.12926111,8,3,0,0,0,1,0
220498,LOUISIANA,LA,3,3,0,0,6,6,79,9999,COURTLAND,18,10,October,2012,5,Thursday,14,55,1,2,3,620,31.36495000,-92.30521944,12,1,0,0,0,1,0
220499,LOUISIANA,LA,2,2,0,0,2,2,99,1026,BEATRICE,18,10,October,2012,5,Thursday,20,6,1,1,1,1173,30.32186944,-91.80063056,12,2,0,0,0,1,0
220500,LOUISIANA,LA,1,1,0,0,1,1,19,2330,CEDAR BLUFF,19,10,October,2012,6,Friday,21,50,0,6,4,0,30.16160000,-93.54893056,1,2,0,0,0,1,1
220501,LOUISIANA,LA,1,1,0,0,4,4,5,870,BAKER HILL,20,10,October,2012,7,Saturday,18,29,1,13,3,259,30.21078889,-90.91823056,34,1,0,0,0,1,0
220502,LOUISIANA,LA,1,1,0,0,1,1,79,0,COURTLAND,25,10,October,2012,5,Thursday,8,50,0,6,3,4,31.35058889,-92.32736111,42,1,0,0,0,1,0
220503,LOUISIANA,LA,2,2,0,0,3,3,7,9898,BIBB,25,10,October,2012,5,Thursday,13,43,0,3,3,168,29.92071944,-91.21798056,12,1,0,0,0,1,0