ST_CASE,State Name,State Abbreviation,# of Vehicle involved,Parked_Vehicles_Involved,Pedestrains,Person_Not_in_Motor_Vehicle,Persons_in_motor_vehicle,Total_Persons_in_accident,COUNTY,CITY,City_County_Name,Calendar_DAY,MONTH,Month_name,YEAR,DAY_WEEK,Day_Week_desc,HOUR,MINUTE,NHS_Desc,trafficway,Route,MILEPT,LATITUDE,LONGITUD,First_Crash_event,Light_cond_desc,Weather_condition,School_bus_involved,Crash_cause,FATALS,DRUNK_DR
220504,LOUISIANA,LA,1,1,0,0,1,1,19,1250,CEDAR BLUFF,26,10,October,2012,6,Friday,0,51,0,15,6,0,30.21801111,-93.22958056,33,2,0,0,0,1,1
220505,LOUISIANA,LA,1,1,0,0,1,1,101,9898,BOYLSTON,27,10,October,2012,7,Saturday,12,44,1,13,2,1566,29.76535000,-91.48896944,42,1,0,0,0,1,0
220506,LOUISIANA,LA,1,1,0,0,1,1,51,1545,CENTRAL,28,10,October,2012,1,Sunday,17,11,1,11,7,2285,29.99761111,-90.16713056,59,1,0,0,0,1,1
220507,LOUISIANA,LA,3,3,0,0,3,3,127,2440,BURNWELL,29,10,October,2012,2,Monday,14,38,1,13,2,1603,31.93348056,-92.65331111,12,1,0,0,0,1,0
220508,LOUISIANA,LA,1,1,0,0,1,1,5,870,BAKER HILL,29,10,October,2012,2,Monday,20,28,0,14,3,31,30.23775000,-90.99013889,42,3,0,0,0,1,1
220509,LOUISIANA,LA,1,1,0,0,1,1,121,9898,BON AIR,31,10,October,2012,4,Wednesday,23,55,0,14,3,53,30.49673889,-91.27563889,31,3,0,0,0,1,1
220510,LOUISIANA,LA,3,3,0,0,9,9,105,9898,MARION,18,10,October,2012,5,Thursday,19,35,0,6,4,0,30.51898056,-90.52896111,12,2,0,0,0,1,1
220511,LOUISIANA,LA,1,1,1,1,1,1,33,150,CHEROKEE,2,2,February,2012,5,Thursday,11,53,0,14,6,0,30.44530000,-91.18033056,8,1,0,0,0,1,0
220512,LOUISIANA,LA,1,1,1,1,1,1,99,2100,BEATRICE,28,9,September,2012,6,Friday,14,56,0,14,3,82,30.11730000,-91.83170000,8,1,0,0,0,1,0
220513,LOUISIANA,LA,1,1,1,1,1,1,33,150,CHEROKEE,30,9,September,2012,1,Sunday,21,40,1,13,3,26,30.48891944,-91.07593889,8,2,0,0,0,1,0
220514,LOUISIANA,LA,1,1,0,0,1,1,43,1900,BAILEYTON,8,9,September,2012,7,Saturday,8,20,0,5,4,0,31.55763056,-92.45863056,42,1,0,0,0,1,0
220515,LOUISIANA,LA,1,1,1,1,1,1,17,2130,CHAMBERS,27,8,August,2012,2,Monday,22,27,0,14,2,151,32.47121111,-93.80951111,8,3,0,0,0,1,0
220516,LOUISIANA,LA,1,1,0,0,1,1,17,2130,CHAMBERS,26,2,February,2012,1,Sunday,8,20,0,4,3,353,32.64150000,-93.98080000,30,1,0,0,0,1,0
220517,LOUISIANA,LA,2,2,0,0,5,5,17,2130,CHAMBERS,15,3,March,2012,5,Thursday,16,25,1,13,3,151,32.44611944,-93.70120556,12,1,0,0,0,1,0
220518,LOUISIANA,LA,1,1,0,0,1,1,55,1230,ATTALLA,6,11,November,2012,3,Tuesday,6,5,1,13,2,1133,30.17118056,-91.97963889,34,4,0,0,0,1,0
220519,LOUISIANA,LA,1,1,0,0,2,2,17,2130,CHAMBERS,26,7,July,2012,5,Thursday,4,25,0,15,6,0,32.50168889,-93.87733889,18,2,0,0,0,2,1
220520,LOUISIANA,LA,4,4,0,0,5,5,33,150,CHEROKEE,2,11,November,2012,6,Friday,2,18,1,11,1,1555,30.43893056,-91.18755000,12,3,0,0,0,2,1
220521,LOUISIANA,LA,1,1,0,0,1,1,63,9898,BOLIGEE,2,11,November,2012,6,Friday,10,25,1,1,1,242,30.47445000,-90.72768056,1,1,0,0,0,1,0
220522,LOUISIANA,LA,2,2,0,0,2,2,119,9898,BELLAMY,2,11,November,2012,6,Friday,12,10,0,3,2,366,32.42603056,-93.28221111,12,1,0,0,0,1,0
220523,LOUISIANA,LA,1,1,1,1,2,2,109,0,ANSLEY,2,11,November,2012,6,Friday,18,15,0,15,4,0,29.66285000,-90.74400000,9,5,0,0,0,1,1
220524,LOUISIANA,LA,1,1,0,0,2,2,101,9898,BOYLSTON,3,11,November,2012,7,Saturday,1,20,0,15,3,906,29.89741944,-91.62868889,59,2,0,0,0,1,1
220525,LOUISIANA,LA,2,2,0,0,2,2,55,1230,ATTALLA,3,11,November,2012,7,Saturday,2,42,1,11,1,1035,30.25830000,-92.01846111,12,2,0,0,0,1,2
220526,LOUISIANA,LA,2,2,0,0,6,6,97,1800,AXIS,5,11,November,2012,2,Monday,2,16,1,11,1,160,30.47631111,-92.07688056,12,3,0,0,0,1,2
220527,LOUISIANA,LA,2,2,0,0,5,5,15,9898,ANNISTON,5,11,November,2012,2,Monday,7,27,1,13,3,60,32.60113056,-93.73388056,12,1,0,0,0,1,0
220528,LOUISIANA,LA,1,1,1,1,1,1,79,770,COURTLAND,7,11,November,2012,4,Wednesday,14,5,1,2,2,610,31.02366944,-92.54618889,9,1,0,0,0,1,0
220529,LOUISIANA,LA,2,2,0,0,2,2,33,9898,CHEROKEE,9,11,November,2012,6,Friday,15,55,1,13,2,683,30.37640556,-91.03453611,1,1,0,0,0,1,0
220530,LOUISIANA,LA,1,1,0,0,1,1,31,9898,COFFEE,9,11,November,2012,6,Friday,22,19,1,1,1,1642,31.97360000,-93.46351944,1,2,0,0,0,1,1
220531,LOUISIANA,LA,1,1,1,1,1,1,105,9898,MARION,10,11,November,2012,7,Saturday,22,30,0,4,3,78,30.54628056,-90.34533889,9,2,0,0,0,1,0
220532,LOUISIANA,LA,2,2,0,0,2,2,57,9898,BANKSTON,10,11,November,2012,7,Saturday,7,51,0,14,3,1,29.80165278,-90.84944167,12,1,0,0,0,1,0
220533,LOUISIANA,LA,2,2,0,0,2,2,105,9898,MARION,10,11,November,2012,7,Saturday,10,20,0,4,3,172,30.92730000,-90.55856111,12,1,0,0,0,1,1
220534,LOUISIANA,LA,2,2,0,0,3,3,33,150,CHEROKEE,13,11,November,2012,3,Tuesday,7,45,1,13,3,184,30.41083056,-91.07710000,12,1,0,0,0,1,0
220535,LOUISIANA,LA,1,1,1,1,1,1,19,1250,CEDAR BLUFF,17,11,November,2012,7,Saturday,21,34,1,13,3,10,30.17618889,-93.19643889,8,3,0,0,0,1,0
220536,LOUISIANA,LA,2,2,0,0,5,5,55,1230,ATTALLA,21,11,November,2012,4,Wednesday,23,42,0,14,6,0,30.17293056,-92.02981111,12,3,0,0,0,1,1
220537,LOUISIANA,LA,2,2,0,0,3,3,71,1690,BRIDGEPORT,23,11,November,2012,6,Friday,20,16,0,14,6,0,29.97841111,-90.06346111,12,3,0,0,0,1,0
220538,LOUISIANA,LA,1,1,0,0,5,5,61,2070,BELLWOOD,4,11,November,2012,1,Sunday,2,24,1,11,1,894,32.54030000,-92.57460000,42,3,0,0,0,1,0
220539,LOUISIANA,LA,1,1,1,1,1,1,67,140,ABBEVILLE,6,11,November,2012,3,Tuesday,7,24,1,13,2,2007,32.77583889,-91.92361944,8,1,0,0,0,1,0
220540,LOUISIANA,LA,1,1,1,1,1,1,99,250,BEATRICE,12,11,November,2012,2,Monday,17,55,0,4,3,34,30.30761111,-91.90591944,8,2,0,0,0,1,0
220541,LOUISIANA,LA,1,1,0,0,1,1,71,1690,BRIDGEPORT,10,11,November,2012,7,Saturday,7,0,1,11,1,2363,29.96493056,-90.07386111,33,1,0,0,0,1,1
220542,LOUISIANA,LA,1,1,1,1,1,1,97,325,AXIS,16,11,November,2012,6,Friday,18,44,0,4,3,131,30.33441111,-92.11426111,8,2,0,0,0,1,1
220543,LOUISIANA,LA,1,1,0,0,1,1,89,9898,BROWNSBORO,17,11,November,2012,7,Saturday,19,18,0,14,3,536,29.94726111,-90.39483056,34,3,0,0,0,1,0
220544,LOUISIANA,LA,1,1,1,1,1,1,47,1870,BROWNS,22,11,November,2012,5,Thursday,20,12,0,14,6,0,30.27378889,-91.23231944,8,3,0,0,0,1,0
220545,LOUISIANA,LA,2,2,0,0,3,3,37,0,BRADFORD,17,11,November,2012,7,Saturday,0,17,0,4,3,261,30.79146111,-91.01307500,12,2,0,0,0,1,2
220546,LOUISIANA,LA,1,1,0,0,3,3,93,9898,BEAR CREEK,17,11,November,2012,7,Saturday,2,32,0,4,3,79,30.04238889,-90.77023056,58,2,0,0,0,1,1
220547,LOUISIANA,LA,2,2,1,1,1,1,89,2108,BROWNSBORO,17,11,November,2012,7,Saturday,4,51,1,11,1,3,30.00563056,-90.29293056,8,2,0,0,0,1,0
220548,LOUISIANA,LA,2,2,0,0,4,4,101,9898,BOYLSTON,17,11,November,2012,7,Saturday,12,27,1,2,2,1428,29.88431111,-91.66945833,12,1,0,0,0,1,0
220549,LOUISIANA,LA,2,2,0,0,2,2,73,9898,ARGO,17,11,November,2012,7,Saturday,13,32,0,14,3,41,32.53561111,-92.17888056,12,1,0,0,0,1,0
220550,LOUISIANA,LA,1,1,0,0,1,1,95,800,ALBERTVILLE,17,11,November,2012,7,Saturday,20,1,0,14,3,410,30.04450000,-90.61140000,32,2,0,0,0,1,0
220551,LOUISIANA,LA,2,2,0,0,2,2,55,9898,ATTALLA,18,11,November,2012,1,Sunday,11,30,0,14,3,85,30.26719444,-92.11240000,12,1,0,0,0,1,1
220552,LOUISIANA,LA,1,1,0,0,1,1,17,9898,CHAMBERS,29,11,November,2012,5,Thursday,16,15,0,16,3,33,32.57530000,-93.76990000,1,1,0,0,0,1,0
220553,LOUISIANA,LA,1,1,1,1,1,1,33,150,CHEROKEE,16,12,December,2012,1,Sunday,20,35,0,14,6,0,30.39095000,-91.15591944,8,3,0,0,0,1,0
220554,LOUISIANA,LA,1,1,0,0,1,1,113,10,COTTONTON,10,11,November,2012,7,Saturday,22,0,0,14,2,14,29.99490556,-92.13193056,35,2,0,0,0,1,1
220555,LOUISIANA,LA,1,1,1,1,1,1,79,1850,COURTLAND,24,11,November,2012,7,Saturday,17,35,1,13,3,560,31.33268889,-92.39678056,8,2,0,0,0,1,0
220556,LOUISIANA,LA,2,2,0,0,5,5,73,2410,ARGO,24,11,November,2012,7,Saturday,20,31,1,11,1,1120,32.51083056,-92.19193056,12,2,0,0,0,2,0
220557,LOUISIANA,LA,1,1,1,1,1,1,69,1650,ASHFORD,27,11,November,2012,3,Tuesday,21,9,0,15,3,140,31.45176944,-93.42188889,8,3,0,0,0,1,0
220558,LOUISIANA,LA,2,2,0,0,3,3,55,1230,ATTALLA,30,11,November,2012,6,Friday,9,50,0,14,6,0,30.20586111,-92.05855000,12,1,0,0,0,1,0
220559,LOUISIANA,LA,2,2,0,0,2,2,33,150,CHEROKEE,15,11,November,2012,5,Thursday,12,49,1,13,2,671,30.36395278,-91.02187222,12,1,0,0,0,1,0
220560,LOUISIANA,LA,2,2,0,0,2,2,99,80,BEATRICE,19,11,November,2012,2,Monday,17,45,0,4,3,275,30.40617778,-91.96257500,12,2,0,0,0,1,0
220561,LOUISIANA,LA,1,1,0,0,1,1,59,1130,FRANKLIN,17,11,November,2012,7,Saturday,23,20,0,4,3,142,31.64870000,-92.14133889,42,2,0,0,0,1,1
220562,LOUISIANA,LA,1,1,0,0,1,1,25,1412,BARLOW BEND,19,11,November,2012,2,Monday,7,50,0,4,3,1327,31.64361944,-92.00499722,1,1,0,0,0,1,0
220563,LOUISIANA,LA,2,2,0,0,2,2,105,0,MARION,19,11,November,2012,2,Monday,7,17,0,14,3,5,30.51421111,-90.44038889,12,1,0,0,0,1,0
220564,LOUISIANA,LA,1,1,0,0,1,1,121,1920,BON AIR,21,11,November,2012,4,Wednesday,0,48,1,1,1,1461,30.44559444,-91.34080556,42,2,0,0,0,1,0
220565,LOUISIANA,LA,1,1,0,0,1,1,99,2100,BEATRICE,20,11,November,2012,3,Tuesday,20,30,0,15,3,72,30.13870278,-91.81440556,1,2,0,0,0,1,0
220566,LOUISIANA,LA,1,1,0,0,1,1,55,330,ATTALLA,21,11,November,2012,4,Wednesday,23,15,0,4,3,108,30.29828056,-92.11686944,33,2,0,0,0,1,0
220567,LOUISIANA,LA,1,1,0,0,3,3,19,9898,CEDAR BLUFF,22,11,November,2012,5,Thursday,1,12,0,4,3,64,30.25386111,-93.63931111,42,2,0,0,0,2,1
220568,LOUISIANA,LA,1,1,0,0,1,1,63,9898,BOLIGEE,22,11,November,2012,5,Thursday,14,45,0,4,3,156,30.40056944,-90.89936111,43,1,0,0,0,1,0
220569,LOUISIANA,LA,1,1,0,0,4,4,83,1990,ARDMORE,22,11,November,2012,5,Thursday,22,0,0,5,3,383,32.51668889,-91.81468889,1,2,0,0,0,1,1
220570,LOUISIANA,LA,2,2,1,1,4,4,67,0,ABBEVILLE,24,11,November,2012,7,Saturday,22,13,1,13,2,1979,32.76056944,-91.95885000,8,2,0,0,0,1,0
220571,LOUISIANA,LA,2,1,0,1,1,2,19,2210,CEDAR BLUFF,26,11,November,2012,2,Monday,9,53,1,1,1,170,30.20888889,-93.44373889,14,1,0,0,0,2,0
220572,LOUISIANA,LA,2,2,0,0,2,2,93,0,BEAR CREEK,26,11,November,2012,2,Monday,13,38,0,3,3,48,30.02191389,-90.91204722,12,1,0,0,0,1,0
220573,LOUISIANA,LA,1,1,0,0,2,2,57,9898,BANKSTON,26,11,November,2012,2,Monday,17,30,0,14,3,99,29.66604444,-90.66825000,1,2,0,0,0,1,0
220574,LOUISIANA,LA,1,1,0,0,1,1,41,9898,BRANTLEY,27,11,November,2012,3,Tuesday,4,55,0,4,3,42,32.24691944,-91.66943889,32,2,0,0,0,1,0
220575,LOUISIANA,LA,1,1,1,1,1,1,51,0,CENTRAL,27,11,November,2012,3,Tuesday,12,7,1,11,1,2284,29.99783889,-90.16896944,8,1,0,0,0,1,0
220576,LOUISIANA,LA,1,1,0,0,1,1,9,0,BLOUNT,27,11,November,2012,3,Tuesday,18,47,0,3,3,2396,31.15036111,-92.15071944,59,2,0,0,0,1,0
220577,LOUISIANA,LA,2,2,0,0,2,2,77,0,ANDERSON,29,11,November,2012,5,Thursday,17,20,1,2,2,1555,30.55283056,-91.47617778,12,2,0,0,0,1,1
220578,LOUISIANA,LA,1,1,0,0,1,1,25,0,BARLOW BEND,30,11,November,2012,6,Friday,4,50,0,5,3,35,31.37616944,-91.90906111,18,2,0,0,0,1,0
220579,LOUISIANA,LA,2,2,0,0,7,7,57,9898,BANKSTON,30,11,November,2012,6,Friday,11,29,0,14,3,0,29.56233056,-90.37823889,12,1,0,0,0,1,0
220580,LOUISIANA,LA,1,1,0,0,1,1,105,0,MARION,8,11,November,2012,5,Thursday,8,30,0,4,3,195,30.58975000,-90.44746111,30,1,0,0,0,1,0
220581,LOUISIANA,LA,1,1,0,0,1,1,103,0,DANVILLE,24,11,November,2012,7,Saturday,5,10,0,15,3,99,30.27663889,-89.80966111,43,2,0,0,0,1,0
220582,LOUISIANA,LA,2,2,0,0,3,3,57,1320,BANKSTON,10,11,November,2012,7,Saturday,13,23,0,15,3,557,29.64403056,-90.52215000,30,1,0,0,0,1,0
220583,LOUISIANA,LA,2,2,0,0,3,3,83,1410,ARDMORE,30,11,November,2012,6,Friday,19,55,1,2,2,643,32.32456944,-91.77708889,12,2,0,0,0,2,0
220584,LOUISIANA,LA,1,1,0,0,1,1,37,9898,BRADFORD,28,11,November,2012,4,Wednesday,10,25,0,3,3,221,30.83330000,-91.12323056,32,1,0,0,0,1,0
220585,LOUISIANA,LA,1,1,0,0,2,2,99,0,BEATRICE,21,11,November,2012,4,Wednesday,11,15,0,5,3,30,30.12948056,-91.72723056,5,1,0,0,0,1,0
220586,LOUISIANA,LA,1,1,1,1,1,1,121,0,BON AIR,1,12,December,2012,7,Saturday,1,25,0,14,3,240,30.45108056,-91.23463056,8,2,0,0,0,1,0
220587,LOUISIANA,LA,1,1,1,1,2,2,109,1070,ANSLEY,1,12,December,2012,7,Saturday,17,35,0,5,3,173,29.53904444,-90.71872500,8,3,0,0,0,1,0
220588,LOUISIANA,LA,1,1,0,0,1,1,123,0,ALEXANDER CITY,3,12,December,2012,2,Monday,23,45,0,3,3,1783,32.85678056,-91.41583889,35,2,0,0,0,1,1
220589,LOUISIANA,LA,3,3,0,0,4,4,109,1070,ANSLEY,4,12,December,2012,3,Tuesday,23,16,0,14,3,15,29.59378889,-90.67915000,12,3,0,0,0,1,1
220590,LOUISIANA,LA,1,1,1,1,2,2,33,150,CHEROKEE,15,9,September,2012,7,Saturday,22,50,1,13,2,772,30.48418056,-91.11810000,8,2,0,0,0,1,0
220591,LOUISIANA,LA,2,2,0,0,2,2,93,455,BEAR CREEK,6,12,December,2012,5,Thursday,12,10,0,4,3,157,30.10238056,-90.90851944,12,1,0,0,0,1,0
220592,LOUISIANA,LA,1,1,0,0,1,1,63,9898,BOLIGEE,6,12,December,2012,5,Thursday,18,48,0,4,3,352,30.40439444,-90.73690556,42,1,0,0,0,1,0
220593,LOUISIANA,LA,1,1,0,0,1,1,71,1690,BRIDGEPORT,6,12,December,2012,5,Thursday,21,6,1,13,6,0,29.95483889,-90.09568889,39,3,0,0,0,1,1
220594,LOUISIANA,LA,1,1,1,1,1,1,105,1910,MARION,6,12,December,2012,5,Thursday,23,35,0,15,4,0,30.44063889,-90.41416111,8,2,0,0,0,1,0
220595,LOUISIANA,LA,1,1,0,0,3,3,33,150,CHEROKEE,7,12,December,2012,6,Friday,1,5,0,6,4,0,30.57316944,-91.08015000,53,2,0,0,0,2,1
220596,LOUISIANA,LA,2,2,0,0,3,3,5,1953,BAKER HILL,7,12,December,2012,6,Friday,15,10,1,11,1,1696,30.32291111,-91.00678056,54,1,0,0,0,1,0
220597,LOUISIANA,LA,1,1,1,1,1,1,63,2350,BOLIGEE,7,12,December,2012,6,Friday,17,43,0,14,2,1959,30.48838056,-90.86096111,8,2,0,0,0,1,1
220598,LOUISIANA,LA,1,1,0,0,1,1,93,455,BEAR CREEK,8,12,December,2012,7,Saturday,2,20,0,4,3,207,30.06543056,-90.85266944,30,2,0,0,0,1,1
220599,LOUISIANA,LA,1,1,0,0,1,1,69,1650,ASHFORD,8,12,December,2012,7,Saturday,14,27,0,4,3,3071,31.60150278,-93.02546111,42,1,0,0,0,1,0
220600,LOUISIANA,LA,2,2,0,0,2,2,111,9898,GRAHAM,8,12,December,2012,7,Saturday,14,40,0,4,3,1145,32.64163056,-92.19108889,12,1,0,0,0,1,0
220601,LOUISIANA,LA,1,1,0,0,1,1,63,570,BOLIGEE,10,12,December,2012,2,Monday,7,10,0,15,3,86,30.44128889,-90.97034444,42,1,0,0,0,1,0
220602,LOUISIANA,LA,1,1,0,0,1,1,63,2350,BOLIGEE,12,12,December,2012,4,Wednesday,16,47,0,4,6,0,30.49981111,-90.82888889,10,1,0,0,0,1,0
220603,LOUISIANA,LA,2,2,0,0,5,5,61,2070,BELLWOOD,13,12,December,2012,5,Thursday,23,30,1,1,1,735,32.55113056,-92.84681944,12,2,0,0,0,2,0
220604,LOUISIANA,LA,4,3,1,1,4,4,93,2295,BEAR CREEK,14,12,December,2012,6,Friday,8,50,0,4,3,297,29.92158889,-90.72506944,12,1,0,0,0,1,0
220605,LOUISIANA,LA,5,5,0,0,6,6,19,2210,CEDAR BLUFF,14,12,December,2012,6,Friday,15,50,0,14,3,879,30.27730000,-93.35963889,12,1,0,0,0,1,0
220606,LOUISIANA,LA,1,1,1,1,1,1,97,1930,AXIS,15,12,December,2012,7,Saturday,18,30,0,6,3,47,30.54245000,-91.97401111,9,3,0,0,0,1,0
220607,LOUISIANA,LA,1,1,0,0,4,4,59,1130,FRANKLIN,16,12,December,2012,1,Sunday,6,32,1,2,2,1350,31.66701944,-92.09385000,42,2,0,0,0,1,1
220608,LOUISIANA,LA,1,1,0,0,1,1,77,766,ANDERSON,16,12,December,2012,1,Sunday,11,36,0,4,3,420,30.59755000,-91.63381111,30,1,0,0,0,1,0
220609,LOUISIANA,LA,2,2,0,0,4,4,47,2082,BROWNS,18,12,December,2012,3,Tuesday,11,7,0,14,3,148,30.25201944,-91.09019444,12,1,0,0,0,2,0
220610,LOUISIANA,LA,1,1,1,1,1,1,51,1190,CENTRAL,17,12,December,2012,2,Monday,21,15,1,13,2,78,29.97827778,-90.21724167,8,3,0,0,0,1,0
220611,LOUISIANA,LA,1,1,0,0,1,1,55,1230,ATTALLA,18,12,December,2012,3,Tuesday,16,8,1,11,1,1024,30.25093056,-92.03643889,24,1,0,0,0,1,0
220612,LOUISIANA,LA,2,2,0,0,2,2,73,2410,ARGO,18,12,December,2012,3,Tuesday,16,25,0,14,3,829,32.47407222,-92.15535278,12,1,0,0,0,1,0
220613,LOUISIANA,LA,1,1,0,0,1,1,13,200,BOLLING,18,12,December,2012,3,Tuesday,18,38,0,4,3,205,32.31181944,-92.78250278,42,2,0,0,0,1,1
220614,LOUISIANA,LA,1,1,0,0,3,3,103,9898,DANVILLE,19,12,December,2012,4,Wednesday,10,44,1,11,1,716,30.37310000,-89.96036111,42,1,0,0,0,2,0
220615,LOUISIANA,LA,2,2,0,0,4,4,105,50,MARION,19,12,December,2012,4,Wednesday,19,30,0,3,3,596,30.72265000,-90.55123056,12,2,0,0,0,1,0
220616,LOUISIANA,LA,3,2,0,1,4,5,31,9898,COFFEE,21,12,December,2012,6,Friday,5,40,1,1,1,1832,32.17723889,-93.66830000,14,2,0,0,0,1,1
220617,LOUISIANA,LA,1,1,1,1,1,1,111,9898,GRAHAM,21,12,December,2012,6,Friday,23,30,0,4,3,254,32.73788889,-92.12920000,8,2,0,0,0,1,0
220618,LOUISIANA,LA,2,2,0,0,3,3,55,2120,ATTALLA,22,12,December,2012,7,Saturday,1,1,0,14,3,80,30.26101111,-92.10816944,12,2,0,0,0,1,1
220619,LOUISIANA,LA,1,1,0,0,2,2,43,430,BAILEYTON,22,12,December,2012,7,Saturday,11,48,0,5,3,5,31.48605000,-92.67371111,42,1,0,0,0,1,0
220620,LOUISIANA,LA,2,2,0,0,2,2,41,9898,BRANTLEY,22,12,December,2012,7,Saturday,19,10,0,3,3,223,32.40163056,-91.49241944,12,2,0,0,0,1,0
220621,LOUISIANA,LA,1,1,0,0,1,1,63,2350,BOLIGEE,22,12,December,2012,7,Saturday,23,20,0,14,3,84,30.47088056,-90.86300000,30,3,0,0,0,1,1
220622,LOUISIANA,LA,1,1,0,0,1,1,85,9898,BENTON,29,12,December,2012,7,Saturday,3,28,0,6,3,35,31.73736111,-93.65086111,35,2,0,0,0,1,1
220623,LOUISIANA,LA,1,1,0,0,1,1,29,9898,BORDEN SPRINGS,29,12,December,2012,7,Saturday,20,20,1,2,2,1660,31.60753889,-91.65006111,42,2,0,0,0,1,0
220624,LOUISIANA,LA,1,1,0,0,1,1,37,712,BRADFORD,31,12,December,2012,2,Monday,17,19,0,5,3,7,30.74581111,-91.08585556,30,2,0,0,0,1,1
220625,LOUISIANA,LA,1,1,0,0,2,2,17,2130,CHAMBERS,3,12,December,2012,2,Monday,21,2,0,16,4,0,32.55210000,-93.87630000,42,2,0,0,0,1,0
220626,LOUISIANA,LA,2,2,0,0,5,5,71,1690,BRIDGEPORT,4,12,December,2012,3,Tuesday,23,54,1,13,2,2586,29.95716944,-90.08051111,12,3,0,0,99,1,1
220627,LOUISIANA,LA,2,2,1,1,2,2,71,1690,BRIDGEPORT,6,12,December,2012,5,Thursday,5,99,1,13,3,36,29.92801111,-90.02915000,9,4,0,0,0,1,0
220628,LOUISIANA,LA,3,3,0,0,4,4,33,150,CHEROKEE,11,12,December,2012,3,Tuesday,12,57,1,13,3,13,30.41298056,-91.09953056,12,1,0,0,0,1,0
220629,LOUISIANA,LA,2,2,0,0,3,3,119,1550,BELLAMY,13,12,December,2012,5,Thursday,16,37,0,14,2,491,32.61350000,-93.28380000,12,5,0,0,0,1,0
220630,LOUISIANA,LA,2,2,0,0,4,4,29,2310,BORDEN SPRINGS,15,12,December,2012,7,Saturday,8,43,1,13,2,1817,31.56215000,-91.42273056,12,1,0,0,0,1,0
220631,LOUISIANA,LA,2,2,0,0,3,3,71,1690,BRIDGEPORT,15,12,December,2012,7,Saturday,19,3,0,16,6,0,29.97921944,-90.04828889,12,3,0,0,0,1,0
220632,LOUISIANA,LA,2,2,0,0,2,2,113,690,COTTONTON,16,12,December,2012,1,Sunday,11,45,0,4,3,14,29.97791111,-92.02321944,12,1,0,0,0,1,0
220633,LOUISIANA,LA,1,1,0,0,2,2,105,980,MARION,18,12,December,2012,3,Tuesday,12,0,1,11,1,411,30.47886944,-90.46111944,42,1,0,0,0,1,0
220634,LOUISIANA,LA,3,1,0,0,1,1,93,890,BEAR CREEK,20,12,December,2012,5,Thursday,23,9,0,15,3,7,30.05210000,-90.69290000,53,3,0,0,0,1,0
220635,LOUISIANA,LA,1,1,0,0,1,1,17,2130,CHAMBERS,27,12,December,2012,5,Thursday,6,0,0,14,4,0,32.48213889,-93.91808889,11,2,0,0,0,1,0
220636,LOUISIANA,LA,2,2,0,0,3,3,71,1690,BRIDGEPORT,30,12,December,2012,1,Sunday,20,27,1,13,6,0,30.02858889,-90.02533889,12,2,0,0,0,1,1
220637,LOUISIANA,LA,2,2,0,0,3,3,17,2130,CHAMBERS,1,12,December,2012,7,Saturday,12,10,1,13,3,56,32.40206944,-93.84541944,1,1,0,0,0,1,0
220638,LOUISIANA,LA,1,1,1,1,1,1,121,1920,BON AIR,15,12,December,2012,7,Saturday,0,42,1,13,2,1708,30.50151111,-91.23695000,8,2,0,0,99,1,0
220639,LOUISIANA,LA,2,2,0,0,2,2,103,2180,DANVILLE,28,12,December,2012,6,Friday,1,45,1,13,2,158,30.27751944,-89.78270000,12,3,0,0,0,1,1
220640,LOUISIANA,LA,1,1,1,1,1,1,121,1920,BON AIR,21,12,December,2012,6,Friday,1,40,1,2,2,1666,30.49730000,-91.30171111,8,2,0,0,0,1,0
220641,LOUISIANA,LA,1,1,0,0,2,2,91,940,DAYTON,30,12,December,2012,1,Sunday,1,20,0,5,3,178,30.72853056,-90.74883889,32,2,0,0,0,2,1
220642,LOUISIANA,LA,1,1,1,1,1,1,63,570,BOLIGEE,19,12,December,2012,4,Wednesday,19,15,0,14,3,197,30.44157222,-90.94435833,8,2,0,0,0,1,0
220643,LOUISIANA,LA,1,1,0,0,1,1,3,1210,BALDWIN,5,12,December,2012,4,Wednesday,9,5,1,2,2,223,30.51920278,-92.82838889,42,1,0,0,0,1,0
220644,LOUISIANA,LA,1,1,0,0,1,1,33,150,CHEROKEE,8,8,August,2012,4,Wednesday,11,35,0,14,6,0,30.43809167,-91.12912778,16,1,0,0,0,1,0
220645,LOUISIANA,LA,2,2,0,0,3,3,33,150,CHEROKEE,15,8,August,2012,4,Wednesday,22,5,1,13,3,33,30.49156944,-91.15611111,12,3,0,0,0,1,1
220647,LOUISIANA,LA,3,3,0,0,3,3,101,1830,BOYLSTON,12,9,September,2012,4,Wednesday,6,25,1,13,2,1688,29.68825000,-91.30753056,12,4,0,0,0,2,0