ST_CASE,State Name,State Abbreviation,# of Vehicle involved,Parked_Vehicles_Involved,Pedestrains,Person_Not_in_Motor_Vehicle,Persons_in_motor_vehicle,Total_Persons_in_accident,COUNTY,CITY,City_County_Name,Calendar_DAY,MONTH,Month_name,YEAR,DAY_WEEK,Day_Week_desc,HOUR,MINUTE,NHS_Desc,trafficway,Route,MILEPT,LATITUDE,LONGITUD,First_Crash_event,Light_cond_desc,Weather_condition,School_bus_involved,Crash_cause,FATALS,DRUNK_DR
240443,MARYLAND,MD,2,2,0,0,3,3,33,0,CHEROKEE,14,12,December,2012,6,Friday,1,38,0,13,2,80,39.03552222,-76.90666944,12,3,0,0,0,2,1
240444,MARYLAND,MD,3,3,0,0,12,12,31,0,COFFEE,24,12,December,2012,2,Monday,19,40,1,11,1,82,39.00649167,-77.07644167,12,2,0,0,0,3,1
240445,MARYLAND,MD,3,3,0,0,3,3,33,175,CHEROKEE,20,12,December,2012,5,Thursday,17,18,0,4,3,22,38.63424444,-76.72121944,12,5,0,0,0,1,0
240446,MARYLAND,MD,2,2,0,0,3,3,33,1620,CHEROKEE,4,12,December,2012,3,Tuesday,3,38,0,15,4,7,38.81096944,-76.84935278,12,3,0,0,0,1,0
240447,MARYLAND,MD,2,2,0,0,2,2,15,0,ANNISTON,19,9,September,2012,4,Wednesday,15,13,0,6,4,18,39.64271111,-76.02612500,12,1,0,0,0,1,0
240448,MARYLAND,MD,3,1,0,0,5,5,33,22,CHEROKEE,12,12,December,2012,4,Wednesday,20,12,0,14,3,41,39.00925833,-76.96577500,42,3,0,0,0,1,0
240449,MARYLAND,MD,1,1,0,0,1,1,510,50,BALTIMORE,24,12,December,2012,2,Monday,23,30,1,12,3,0,39.25922500,-76.63579722,33,3,0,0,0,1,0
240450,MARYLAND,MD,1,1,1,1,1,1,47,1230,BROWNS,28,12,December,2012,6,Friday,19,12,1,2,2,37,38.03112500,-75.54151389,8,3,0,0,0,1,1
240451,MARYLAND,MD,2,2,0,0,3,3,31,0,COFFEE,16,12,December,2012,1,Sunday,0,9,0,15,4,10,39.16988333,-77.17652500,12,3,0,0,0,1,1
240452,MARYLAND,MD,2,2,0,0,3,3,31,0,COFFEE,29,10,October,2012,2,Monday,11,38,0,13,3,203,39.21392222,-77.24928056,12,1,6,0,0,1,0
240453,MARYLAND,MD,2,2,0,0,2,2,25,0,BARLOW BEND,31,12,December,2012,2,Monday,23,35,0,5,4,8,39.51561944,-76.19010278,12,2,0,0,0,1,1
240454,MARYLAND,MD,2,2,0,0,2,2,43,0,BAILEYTON,16,11,November,2012,6,Friday,18,27,0,4,3,25,39.63634444,-77.53560278,12,3,0,0,0,1,1
240455,MARYLAND,MD,1,1,1,1,1,1,510,50,BALTIMORE,14,10,October,2012,1,Sunday,1,4,9,14,6,0,39.23465833,-76.59683889,8,3,0,0,0,1,0
240456,MARYLAND,MD,1,1,0,0,2,2,510,50,BALTIMORE,12,10,October,2012,6,Friday,22,20,0,15,6,0,39.30950833,-76.61833611,42,3,0,0,0,1,0
240457,MARYLAND,MD,2,2,0,0,3,3,510,50,BALTIMORE,30,12,December,2012,1,Sunday,2,38,0,13,6,0,39.35659444,-76.67585000,12,3,0,0,0,1,1
240458,MARYLAND,MD,1,1,0,0,1,1,31,225,COFFEE,1,7,July,2012,1,Sunday,10,25,0,14,8,0,38.97114722,-77.14952222,1,1,0,0,0,1,0
240459,MARYLAND,MD,1,1,0,0,1,1,33,0,CHEROKEE,10,7,July,2012,3,Tuesday,9,0,1,12,3,59,38.98904167,-76.88936667,42,1,0,0,0,1,1
240460,MARYLAND,MD,2,1,2,2,2,2,33,0,CHEROKEE,4,7,July,2012,4,Wednesday,4,19,1,12,3,63,38.99484722,-76.88075278,8,3,0,0,0,1,0
240461,MARYLAND,MD,1,1,0,0,1,1,33,1520,CHEROKEE,19,12,December,2012,4,Wednesday,21,13,1,12,8,3,38.85196667,-76.95772778,43,2,0,0,0,1,1
240462,MARYLAND,MD,1,1,0,0,1,1,33,0,CHEROKEE,24,12,December,2012,2,Monday,10,53,1,12,3,0,38.95946667,-76.90540833,42,1,0,0,0,1,0
250001,MASSACHUSETTS,MA,1,1,0,0,1,1,27,745,ASHLAND,10,1,January,2012,3,Tuesday,20,40,0,6,8,99998,42.10263333,-71.59025833,35,3,0,0,0,1,1
250002,MASSACHUSETTS,MA,1,1,0,0,1,1,17,1158,CHAMBERS,24,1,January,2012,3,Tuesday,8,17,0,6,8,99998,42.54152778,-71.67135000,34,1,0,0,0,1,0
250003,MASSACHUSETTS,MA,1,1,0,0,1,1,23,696,BLADON SPRINGS,10,1,January,2012,3,Tuesday,1,41,0,6,8,99998,41.63483333,-70.83278056,42,2,0,0,0,1,1
250004,MASSACHUSETTS,MA,1,1,0,0,1,1,1,469,AUTAUGA,21,1,January,2012,7,Saturday,12,36,0,12,3,99998,41.72385833,-70.08643056,30,1,0,0,0,1,0
250005,MASSACHUSETTS,MA,1,1,0,0,2,2,5,1280,BAKER HILL,1,1,January,2012,1,Sunday,20,25,0,14,3,0,41.86102222,-71.11382222,59,3,0,0,0,1,1
250006,MASSACHUSETTS,MA,1,1,0,0,1,1,21,825,CHILTON,3,4,April,2012,3,Tuesday,13,10,0,16,8,0,42.26045278,-71.06865000,33,1,0,0,0,1,0
250007,MASSACHUSETTS,MA,3,3,0,0,3,3,11,99,BULLOCK,2,4,April,2012,2,Monday,17,17,0,3,3,99998,42.67150833,-72.51270833,12,1,0,0,0,1,0
250008,MASSACHUSETTS,MA,1,1,0,0,1,1,17,195,CHAMBERS,29,1,January,2012,1,Sunday,0,27,0,16,6,99998,42.63687222,-71.38043611,30,3,0,0,0,1,1
250009,MASSACHUSETTS,MA,2,2,0,0,3,3,23,564,BLADON SPRINGS,5,4,April,2012,5,Thursday,13,57,1,12,2,99998,41.90246667,-70.98432500,12,1,0,0,0,1,0
250010,MASSACHUSETTS,MA,2,2,0,0,3,3,17,1431,CHAMBERS,25,3,March,2012,1,Sunday,11,30,0,12,3,99998,42.60434722,-71.49479167,12,1,0,0,0,1,0
250012,MASSACHUSETTS,MA,1,1,0,0,1,1,27,1210,ASHLAND,6,3,March,2012,3,Tuesday,21,1,0,12,3,99998,42.07264167,-72.02520000,38,3,0,0,0,1,1
250013,MASSACHUSETTS,MA,1,1,1,1,1,1,27,480,ASHLAND,13,1,January,2012,6,Friday,15,24,1,11,1,56,42.35126389,-71.81026944,8,1,0,0,0,1,0
250014,MASSACHUSETTS,MA,1,1,1,1,1,1,21,1060,CHILTON,31,1,January,2012,3,Tuesday,5,33,0,16,8,99998,42.24608056,-71.00393889,8,3,0,0,0,1,0
250015,MASSACHUSETTS,MA,3,3,0,0,3,3,15,461,ANNISTON,14,4,April,2012,7,Saturday,2,20,0,12,3,99998,77.77770000,777.77770000,12,2,0,0,0,1,1
250016,MASSACHUSETTS,MA,1,1,0,0,2,2,9,255,BLOUNT,5,2,February,2012,1,Sunday,19,29,1,12,3,99998,42.55706111,-70.93004444,24,3,0,0,0,1,1
250017,MASSACHUSETTS,MA,2,2,1,1,5,5,17,60,CHAMBERS,4,1,January,2012,4,Wednesday,19,11,0,16,8,99998,42.56126111,-71.59323611,8,3,0,0,0,1,0
250018,MASSACHUSETTS,MA,1,1,0,0,1,1,1,330,AUTAUGA,14,1,January,2012,7,Saturday,2,20,0,16,8,99998,41.60543056,-70.56895000,42,3,0,0,0,1,1
250019,MASSACHUSETTS,MA,1,1,1,1,1,1,5,320,BAKER HILL,5,1,January,2012,5,Thursday,5,18,0,14,3,99998,41.69023611,-71.15992222,8,3,0,0,0,1,0
250020,MASSACHUSETTS,MA,1,1,1,1,1,1,5,315,BAKER HILL,6,1,January,2012,6,Friday,23,45,0,16,8,0,41.64400833,-70.90208611,8,3,0,0,0,1,0
250021,MASSACHUSETTS,MA,2,2,2,2,2,2,5,1268,BAKER HILL,10,3,March,2012,7,Saturday,0,12,1,11,1,99998,77.77770000,777.77770000,8,2,0,0,0,1,0
250022,MASSACHUSETTS,MA,1,1,1,1,1,1,23,2,BLADON SPRINGS,11,4,April,2012,4,Wednesday,21,9,0,12,3,99998,42.09416944,-70.96931667,8,2,0,0,0,1,0
250023,MASSACHUSETTS,MA,1,1,1,1,2,2,1,1537,AUTAUGA,9,1,January,2012,2,Monday,18,18,0,16,8,0,41.66534444,-70.23023611,8,2,0,0,0,1,0
250024,MASSACHUSETTS,MA,1,1,0,0,3,3,5,385,BAKER HILL,8,1,January,2012,1,Sunday,16,15,1,2,3,99998,77.77770000,777.77770000,24,5,0,0,0,1,1
250025,MASSACHUSETTS,MA,1,1,0,0,1,1,21,1465,CHILTON,7,1,January,2012,7,Saturday,16,11,0,16,8,0,42.21220000,-70.96308056,33,1,0,0,0,1,0
250026,MASSACHUSETTS,MA,1,1,0,0,3,3,5,850,BAKER HILL,26,1,January,2012,5,Thursday,7,28,1,12,3,36,41.69386944,-70.94794722,1,1,0,0,0,1,0
250027,MASSACHUSETTS,MA,2,2,0,0,2,2,27,390,ASHLAND,16,1,January,2012,2,Monday,22,15,1,12,3,99998,42.56460556,-71.99683611,12,2,6,0,0,1,0
250028,MASSACHUSETTS,MA,1,1,1,1,1,1,13,1334,BOLLING,3,1,January,2012,3,Tuesday,4,48,0,4,3,99998,42.03723611,-72.23823056,8,2,0,0,0,1,0
250029,MASSACHUSETTS,MA,1,1,0,0,2,2,15,1004,ANNISTON,1,1,January,2012,1,Sunday,0,0,0,3,2,99998,42.34206944,-72.40345000,35,2,0,0,0,1,0
250030,MASSACHUSETTS,MA,1,1,0,0,1,1,23,685,BLADON SPRINGS,4,2,February,2012,7,Saturday,4,35,0,16,8,99998,42.14529167,-70.76164444,42,2,0,0,0,1,1
250031,MASSACHUSETTS,MA,1,1,0,0,1,1,21,1276,CHILTON,9,1,January,2012,2,Monday,17,53,1,12,3,99998,42.15414167,-71.06883056,24,2,0,0,0,1,0
250032,MASSACHUSETTS,MA,1,1,0,0,1,1,5,850,BAKER HILL,2,3,March,2012,6,Friday,2,21,1,12,2,99998,41.58711389,-70.94522222,23,3,0,0,0,1,1
250033,MASSACHUSETTS,MA,1,1,0,0,1,1,1,1120,AUTAUGA,6,1,January,2012,6,Friday,5,20,1,12,2,574,41.73986111,-70.47548056,42,4,3,0,0,1,0
250034,MASSACHUSETTS,MA,2,2,0,0,2,2,21,230,CHILTON,9,2,February,2012,5,Thursday,17,39,0,16,8,0,42.21721111,-70.81083333,12,3,0,0,0,1,0
250035,MASSACHUSETTS,MA,1,1,0,0,1,1,9,470,BLOUNT,15,2,February,2012,4,Wednesday,1,21,0,16,8,0,42.78976111,-71.02693889,31,3,0,0,0,1,1
250036,MASSACHUSETTS,MA,1,1,0,0,3,3,9,20,BLOUNT,7,2,February,2012,3,Tuesday,17,12,0,16,8,99998,42.83717778,-70.92881944,33,5,0,0,0,1,0
250037,MASSACHUSETTS,MA,1,1,0,0,1,1,5,1185,BAKER HILL,12,2,February,2012,1,Sunday,19,15,1,11,1,96,41.71747500,-71.18157778,33,2,0,0,0,1,0
250038,MASSACHUSETTS,MA,2,2,0,0,5,5,25,120,BARLOW BEND,5,2,February,2012,1,Sunday,2,40,0,16,8,99998,42.23995278,-71.13247222,12,3,0,0,0,1,1
250039,MASSACHUSETTS,MA,1,1,1,1,1,1,5,50,BAKER HILL,21,2,February,2012,3,Tuesday,16,14,0,12,3,99998,41.95157222,-71.28448611,9,1,0,0,0,1,0
250040,MASSACHUSETTS,MA,2,2,0,0,2,2,21,370,CHILTON,7,2,February,2012,3,Tuesday,9,57,1,13,2,99998,42.10206111,-71.25893611,12,1,0,0,0,1,0
250041,MASSACHUSETTS,MA,2,2,0,0,2,2,23,475,BLADON SPRINGS,26,1,January,2012,5,Thursday,22,17,0,16,6,99998,42.24285000,-70.88804167,12,3,0,0,0,1,0
250042,MASSACHUSETTS,MA,1,1,0,0,1,1,17,170,CHAMBERS,22,3,March,2012,5,Thursday,2,0,1,13,2,99998,42.37416111,-71.12812778,30,3,0,0,0,1,0
250043,MASSACHUSETTS,MA,2,1,0,1,2,3,17,1275,CHAMBERS,1,4,April,2012,1,Sunday,3,26,1,11,1,99998,42.47625000,-71.11821111,14,3,0,0,0,1,1
250044,MASSACHUSETTS,MA,1,1,1,1,2,2,27,1520,ASHLAND,12,2,February,2012,1,Sunday,18,40,1,13,2,99998,42.21229722,-71.79757500,8,2,0,0,0,1,0
250045,MASSACHUSETTS,MA,1,1,0,0,1,1,9,892,BLOUNT,16,2,February,2012,5,Thursday,20,15,0,16,8,0,42.62219167,-71.08791389,42,6,0,0,0,1,1
250046,MASSACHUSETTS,MA,1,1,0,0,2,2,3,880,BALDWIN,19,2,February,2012,1,Sunday,2,43,0,6,8,0,42.70092500,-73.10636389,38,3,0,0,0,2,1
250047,MASSACHUSETTS,MA,1,1,1,1,1,1,13,1446,BOLLING,23,2,February,2012,5,Thursday,20,35,0,13,3,0,42.09298889,-72.61920278,8,3,0,0,0,1,0
250048,MASSACHUSETTS,MA,1,1,1,1,1,1,5,850,BAKER HILL,6,3,March,2012,3,Tuesday,14,18,0,16,8,0,41.63607778,-70.92805000,8,1,0,0,0,1,0
250049,MASSACHUSETTS,MA,1,1,0,0,1,1,1,469,AUTAUGA,16,3,March,2012,6,Friday,16,23,1,2,2,99998,41.70247500,-70.08315556,21,1,0,0,0,1,0
250050,MASSACHUSETTS,MA,1,1,0,0,2,2,1,962,AUTAUGA,16,3,March,2012,6,Friday,17,2,0,19,8,0,41.77721944,-69.99670000,5,5,0,0,0,1,1
250051,MASSACHUSETTS,MA,1,1,0,0,2,2,27,32,ASHLAND,18,3,March,2012,1,Sunday,19,41,0,3,3,99998,77.77770000,777.77770000,11,2,0,0,0,1,0
250052,MASSACHUSETTS,MA,4,2,0,3,2,5,27,1500,ASHLAND,2,4,April,2012,2,Monday,14,44,1,2,3,99998,42.64389167,-72.00253056,12,1,0,0,0,1,0
250053,MASSACHUSETTS,MA,1,1,0,0,1,1,3,458,BALDWIN,14,3,March,2012,4,Wednesday,20,20,1,2,2,99998,42.44755833,-73.37425278,42,2,0,0,0,1,0
250054,MASSACHUSETTS,MA,1,1,0,0,1,1,23,770,BLADON SPRINGS,17,3,March,2012,7,Saturday,7,43,0,16,8,0,41.82536111,-70.80351389,18,9,0,0,0,1,0
250055,MASSACHUSETTS,MA,1,1,0,0,1,1,5,50,BAKER HILL,31,3,March,2012,7,Saturday,10,14,1,1,1,99998,77.77770000,777.77770000,42,1,2,0,0,1,0
250056,MASSACHUSETTS,MA,1,1,1,1,1,1,17,1340,CHAMBERS,16,3,March,2012,6,Friday,15,20,0,16,8,0,42.38548611,-71.22024167,8,1,0,0,0,1,0
250057,MASSACHUSETTS,MA,1,1,0,0,2,2,21,370,CHILTON,7,4,April,2012,7,Saturday,3,18,0,19,3,99998,42.04818333,-71.24531111,33,2,0,0,0,1,1
250058,MASSACHUSETTS,MA,1,1,1,1,1,1,9,1110,BLOUNT,9,4,April,2012,2,Monday,7,23,0,16,8,0,42.52305556,-70.89588889,9,1,0,0,0,1,0
250059,MASSACHUSETTS,MA,1,1,0,0,1,1,23,140,BLADON SPRINGS,9,4,April,2012,2,Monday,21,27,1,13,3,99998,42.07566389,-71.03916389,30,3,0,0,0,1,1
250060,MASSACHUSETTS,MA,1,1,0,0,1,1,5,299,BAKER HILL,10,4,April,2012,3,Tuesday,22,47,1,13,3,99998,42.00518889,-71.14583056,53,3,0,0,0,1,0
250061,MASSACHUSETTS,MA,3,3,0,0,3,3,21,1140,CHILTON,10,4,April,2012,3,Tuesday,7,30,1,11,1,99998,42.13444167,-71.21862778,12,1,0,0,0,1,0
250062,MASSACHUSETTS,MA,2,2,0,0,3,3,13,1477,BOLLING,12,4,April,2012,5,Thursday,19,23,0,16,8,0,42.14307222,-72.42679722,12,5,0,0,0,1,1
250063,MASSACHUSETTS,MA,2,2,0,0,2,2,17,240,CHAMBERS,14,4,April,2012,7,Saturday,12,33,0,16,8,0,42.41635556,-71.37420278,12,1,0,0,0,1,0
250064,MASSACHUSETTS,MA,1,1,0,0,1,1,27,123,ASHLAND,5,4,April,2012,5,Thursday,1,55,1,11,1,99998,42.32987500,-71.69124722,20,2,0,0,0,1,1
250065,MASSACHUSETTS,MA,1,1,1,1,1,1,9,35,BLOUNT,15,2,February,2012,4,Wednesday,17,45,0,16,8,0,42.63053611,-71.17322500,8,1,8,0,0,1,0
250066,MASSACHUSETTS,MA,1,1,1,1,1,1,5,1441,BAKER HILL,23,4,April,2012,2,Monday,17,20,0,16,8,0,41.68006389,-71.11165000,8,1,0,0,0,1,1
250068,MASSACHUSETTS,MA,1,1,0,0,4,4,13,1430,BOLLING,17,2,February,2012,6,Friday,0,49,0,16,8,99998,42.14763056,-72.81326667,43,3,10,0,0,1,1
250069,MASSACHUSETTS,MA,1,1,0,0,4,4,17,618,CHAMBERS,25,3,March,2012,1,Sunday,3,23,1,11,1,99998,77.77770000,777.77770000,24,2,0,0,0,1,0
250070,MASSACHUSETTS,MA,1,1,1,1,1,1,5,850,BAKER HILL,10,4,April,2012,3,Tuesday,13,44,0,16,8,0,41.64695556,-70.95324167,8,1,0,0,0,1,0
250071,MASSACHUSETTS,MA,1,1,1,1,1,1,17,630,CHAMBERS,22,4,April,2012,1,Sunday,21,26,0,13,3,99998,42.64195000,-71.30006389,8,3,0,0,0,1,0
250072,MASSACHUSETTS,MA,1,1,0,0,1,1,1,121,AUTAUGA,26,4,April,2012,5,Thursday,0,5,1,2,2,99998,41.77051111,-70.54387500,1,2,0,0,0,1,1
250073,MASSACHUSETTS,MA,1,1,0,0,3,3,25,120,BARLOW BEND,17,4,April,2012,3,Tuesday,4,35,1,13,8,0,42.29354444,-71.04749722,24,3,0,0,0,3,1
250074,MASSACHUSETTS,MA,2,1,0,0,1,1,23,465,BLADON SPRINGS,25,4,April,2012,4,Wednesday,17,17,0,19,8,0,42.06801389,-70.89302778,1,1,0,0,0,1,0
250075,MASSACHUSETTS,MA,2,2,1,1,3,3,1,75,AUTAUGA,14,6,June,2012,5,Thursday,2,0,1,12,3,0,41.66192778,-70.31030278,9,2,0,0,0,1,0
250076,MASSACHUSETTS,MA,1,1,0,0,1,1,17,680,CHAMBERS,7,6,June,2012,5,Thursday,11,55,0,16,8,0,42.35273611,-71.58887222,53,1,10,0,0,1,0
250077,MASSACHUSETTS,MA,1,1,0,0,2,2,5,320,BAKER HILL,27,4,April,2012,6,Friday,21,0,0,14,3,0,41.67247500,-71.16131667,24,3,0,0,0,1,0
250078,MASSACHUSETTS,MA,1,1,1,1,1,1,17,310,CHAMBERS,23,5,May,2012,4,Wednesday,8,5,0,16,8,0,42.41079444,-71.04608611,8,1,0,1,0,1,0
250079,MASSACHUSETTS,MA,1,1,1,1,1,1,15,890,ANNISTON,19,5,May,2012,7,Saturday,19,11,0,14,2,99998,42.31994722,-72.63021389,9,1,0,0,0,1,0
250080,MASSACHUSETTS,MA,1,1,0,0,3,3,3,580,BALDWIN,26,5,May,2012,7,Saturday,12,52,1,12,2,99998,42.31075556,-73.28687222,42,1,0,0,0,1,0
250081,MASSACHUSETTS,MA,1,1,0,0,3,3,27,185,ASHLAND,2,7,July,2012,2,Monday,10,55,1,11,1,805,42.17232500,-71.92967778,24,1,0,0,0,1,0
250082,MASSACHUSETTS,MA,1,1,1,1,1,1,21,1060,CHILTON,15,1,January,2012,1,Sunday,17,11,0,16,8,0,42.26142778,-70.97986111,8,3,0,0,0,1,0
250083,MASSACHUSETTS,MA,1,1,2,2,1,1,21,180,CHILTON,12,4,April,2012,5,Thursday,20,44,0,16,8,0,42.14781667,-71.12080833,8,3,0,0,0,2,0
250084,MASSACHUSETTS,MA,1,1,0,0,1,1,21,58,CHILTON,5,5,May,2012,7,Saturday,5,51,0,16,8,99998,42.12028611,-71.03962500,38,4,0,0,0,1,0
250085,MASSACHUSETTS,MA,1,1,0,0,1,1,17,195,CHAMBERS,3,5,May,2012,5,Thursday,23,26,0,16,8,99998,42.61344444,-71.37117778,18,3,0,0,0,1,1
250086,MASSACHUSETTS,MA,1,1,1,1,1,1,1,259,AUTAUGA,28,4,April,2012,7,Saturday,6,37,0,14,3,0,41.73408056,-70.19466667,8,1,0,0,0,1,0
250087,MASSACHUSETTS,MA,1,1,0,0,2,2,17,1448,CHAMBERS,12,3,March,2012,2,Monday,12,23,0,16,8,99998,42.35522222,-71.29628889,42,1,0,0,0,1,0
250088,MASSACHUSETTS,MA,1,1,0,0,1,1,5,1280,BAKER HILL,30,3,March,2012,6,Friday,21,38,0,16,8,99998,41.89024722,-71.13573333,30,3,0,0,0,1,1
250089,MASSACHUSETTS,MA,1,1,1,1,1,1,17,375,CHAMBERS,27,4,April,2012,6,Friday,15,58,0,16,8,99998,42.33803889,-71.45988056,8,1,0,0,0,1,0
250090,MASSACHUSETTS,MA,2,1,0,1,1,2,13,500,BOLLING,17,1,January,2012,3,Tuesday,16,18,1,11,1,158,42.22749444,-72.63706111,14,5,2,0,0,1,1
250091,MASSACHUSETTS,MA,3,3,0,0,3,3,13,210,BOLLING,20,1,January,2012,6,Friday,15,54,0,16,8,0,42.17733889,-72.58877500,12,1,0,0,0,1,0
250092,MASSACHUSETTS,MA,1,1,0,0,1,1,5,1067,BAKER HILL,27,4,April,2012,6,Friday,16,49,0,16,8,0,41.78131111,-71.25652500,42,1,0,0,0,1,0
250093,MASSACHUSETTS,MA,3,3,0,0,3,3,3,1145,BALDWIN,28,2,February,2012,3,Tuesday,18,55,1,2,2,99998,42.14446944,-73.36297778,12,2,0,0,0,1,1
250094,MASSACHUSETTS,MA,2,2,0,0,2,2,9,1114,BLOUNT,3,3,March,2012,7,Saturday,16,5,0,16,8,0,42.86205556,-70.88967778,12,1,0,0,0,1,1
250095,MASSACHUSETTS,MA,1,1,2,2,1,1,9,650,BLOUNT,14,4,April,2012,7,Saturday,11,5,0,13,3,0,42.44810000,-70.96410556,8,1,0,0,0,1,0
250096,MASSACHUSETTS,MA,2,2,0,0,2,2,13,1477,BOLLING,21,4,April,2012,7,Saturday,12,55,0,13,2,99998,42.15124444,-72.42946389,12,1,0,0,0,1,0
250097,MASSACHUSETTS,MA,1,1,0,0,1,1,15,93,ANNISTON,14,5,May,2012,2,Monday,22,22,0,3,2,99998,42.30449167,-72.40603889,30,2,0,0,0,1,0
250098,MASSACHUSETTS,MA,1,1,0,0,2,2,21,155,CHILTON,2,6,June,2012,7,Saturday,3,47,0,13,8,0,42.33667778,-71.12129444,33,3,0,0,0,1,0
250099,MASSACHUSETTS,MA,1,1,0,0,1,1,27,1100,ASHLAND,6,6,June,2012,4,Wednesday,8,38,0,3,3,99998,42.36062222,-71.99283333,59,1,0,0,0,1,0
250100,MASSACHUSETTS,MA,1,1,0,0,1,1,27,1269,ASHLAND,16,6,June,2012,7,Saturday,8,9,0,9,8,0,42.11556667,-71.70299444,42,1,0,0,0,1,0
250101,MASSACHUSETTS,MA,1,1,0,0,1,1,17,1510,CHAMBERS,25,6,June,2012,2,Monday,19,55,1,11,1,549,42.50265278,-71.12808056,1,1,0,0,0,1,1
250102,MASSACHUSETTS,MA,1,1,0,0,1,1,23,465,BLADON SPRINGS,1,7,July,2012,1,Sunday,1,5,0,19,8,0,42.05714444,-70.88751389,42,3,0,0,0,1,1
250103,MASSACHUSETTS,MA,1,1,0,0,2,2,21,730,CHILTON,1,4,April,2012,1,Sunday,0,42,0,16,8,0,42.16950278,-71.41058611,42,3,0,0,0,1,1
250104,MASSACHUSETTS,MA,1,1,0,0,1,1,9,765,BLOUNT,10,7,July,2012,3,Tuesday,4,33,0,19,8,0,42.69887500,-71.19035833,30,4,0,0,0,1,0
250105,MASSACHUSETTS,MA,1,1,0,0,3,3,21,1276,CHILTON,12,7,July,2012,5,Thursday,16,43,1,12,3,99998,77.77770000,777.77770000,1,1,0,0,0,1,0
250106,MASSACHUSETTS,MA,2,2,0,0,2,2,27,785,ASHLAND,6,6,June,2012,4,Wednesday,14,54,0,14,3,99998,77.77770000,777.77770000,12,1,0,0,0,1,0
250107,MASSACHUSETTS,MA,1,1,0,0,2,2,23,1040,BLADON SPRINGS,14,7,July,2012,7,Saturday,8,8,1,2,3,60,77.77770000,777.77770000,1,1,0,0,0,1,0
250108,MASSACHUSETTS,MA,1,1,0,0,1,1,9,35,BLOUNT,15,7,July,2012,1,Sunday,5,0,1,11,1,99998,77.77770000,777.77770000,24,4,0,0,0,1,0
250109,MASSACHUSETTS,MA,1,1,1,1,1,1,23,140,BLADON SPRINGS,2,5,May,2012,4,Wednesday,9,27,1,12,3,99998,42.06941389,-71.01519444,8,1,0,0,0,1,0
250110,MASSACHUSETTS,MA,1,1,0,0,1,1,9,765,BLOUNT,15,7,July,2012,1,Sunday,17,46,0,16,8,0,42.73567778,-71.14399167,53,1,0,0,0,1,0
250111,MASSACHUSETTS,MA,1,1,0,0,4,4,13,1270,BOLLING,5,5,May,2012,7,Saturday,0,47,0,19,8,0,42.13211389,-72.54796389,19,3,0,0,0,1,0
250112,MASSACHUSETTS,MA,1,1,0,0,1,1,27,1278,ASHLAND,9,5,May,2012,4,Wednesday,12,39,0,9,8,0,42.09208333,-72.12743056,42,1,0,0,0,1,0
250113,MASSACHUSETTS,MA,3,3,0,0,8,8,5,1268,BAKER HILL,5,5,May,2012,7,Saturday,12,1,1,11,1,99998,77.77770000,777.77770000,12,1,0,0,0,1,0
250114,MASSACHUSETTS,MA,3,3,0,0,4,4,27,480,ASHLAND,18,5,May,2012,6,Friday,16,8,0,9,3,0,42.33303611,-71.88175833,12,1,0,0,0,1,0
250115,MASSACHUSETTS,MA,1,1,0,0,1,1,17,1275,CHAMBERS,16,7,July,2012,2,Monday,1,30,1,11,1,99998,77.77770000,777.77770000,39,3,0,0,0,1,1
250116,MASSACHUSETTS,MA,1,1,0,0,1,1,27,510,ASHLAND,6,5,May,2012,1,Sunday,15,17,0,12,3,99998,42.12178611,-71.51346944,43,1,0,0,0,1,0
250117,MASSACHUSETTS,MA,2,2,0,0,2,2,17,375,CHAMBERS,3,1,January,2012,3,Tuesday,10,35,1,12,3,0,77.77770000,777.77770000,12,1,0,0,0,1,0
250118,MASSACHUSETTS,MA,2,2,0,0,8,8,9,470,BLOUNT,19,5,May,2012,7,Saturday,18,10,1,11,1,99998,77.77770000,777.77770000,12,1,0,0,0,1,0
250119,MASSACHUSETTS,MA,2,2,0,0,3,3,5,911,BAKER HILL,25,5,May,2012,6,Friday,16,2,0,19,8,0,41.65802222,-70.98913889,12,1,10,0,0,1,0
250120,MASSACHUSETTS,MA,1,1,0,0,2,2,1,259,AUTAUGA,26,5,May,2012,7,Saturday,14,10,1,2,2,782,41.70028056,-70.13464444,24,1,0,0,0,1,0
250121,MASSACHUSETTS,MA,1,1,0,0,2,2,5,320,BAKER HILL,26,7,July,2012,5,Thursday,2,5,1,12,2,99998,41.71519444,-71.14116111,30,3,0,0,0,2,1
250122,MASSACHUSETTS,MA,1,1,1,1,1,1,17,870,CHAMBERS,27,5,May,2012,1,Sunday,3,18,0,19,8,0,42.35832222,-71.17463056,8,3,0,0,0,1,0
250123,MASSACHUSETTS,MA,1,1,0,0,1,1,3,974,BALDWIN,27,5,May,2012,1,Sunday,8,39,0,9,8,0,42.17125833,-73.05444722,31,1,0,0,0,1,0
250124,MASSACHUSETTS,MA,1,1,0,0,1,1,5,1280,BAKER HILL,23,7,July,2012,2,Monday,18,27,0,16,8,99998,41.89009444,-70.98821389,30,1,0,0,0,1,1
250125,MASSACHUSETTS,MA,2,2,0,0,2,2,9,430,BLOUNT,31,5,May,2012,5,Thursday,15,46,0,19,3,396,42.61493889,-70.69971944,12,1,0,0,0,1,0