ST_CASE,State Name,State Abbreviation,# of Vehicle involved,Parked_Vehicles_Involved,Pedestrains,Person_Not_in_Motor_Vehicle,Persons_in_motor_vehicle,Total_Persons_in_accident,COUNTY,CITY,City_County_Name,Calendar_DAY,MONTH,Month_name,YEAR,DAY_WEEK,Day_Week_desc,HOUR,MINUTE,NHS_Desc,trafficway,Route,MILEPT,LATITUDE,LONGITUD,First_Crash_event,Light_cond_desc,Weather_condition,School_bus_involved,Crash_cause,FATALS,DRUNK_DR
250126,MASSACHUSETTS,MA,1,1,0,0,2,2,21,94,CHILTON,22,7,July,2012,1,Sunday,1,30,0,16,8,0,42.02292778,-71.48721111,35,3,0,0,0,1,1
250127,MASSACHUSETTS,MA,2,1,0,0,2,2,9,430,BLOUNT,11,6,June,2012,2,Monday,9,58,0,13,3,99998,42.61114722,-70.66599722,14,1,0,0,0,1,0
250128,MASSACHUSETTS,MA,2,1,0,0,2,2,9,1110,BLOUNT,16,6,June,2012,7,Saturday,3,42,0,19,8,0,42.52250000,-70.91778056,14,3,0,0,0,1,1
250129,MASSACHUSETTS,MA,2,2,0,0,2,2,23,1360,BLADON SPRINGS,16,6,June,2012,7,Saturday,22,20,1,11,1,99998,77.77770000,777.77770000,12,2,0,0,0,1,1
250130,MASSACHUSETTS,MA,3,3,0,0,3,3,25,120,BARLOW BEND,18,6,June,2012,2,Monday,14,25,1,13,3,99998,42.35170278,-71.08988333,12,1,0,0,0,1,0
250131,MASSACHUSETTS,MA,2,1,0,1,1,2,5,320,BAKER HILL,19,6,June,2012,3,Tuesday,14,11,0,19,8,0,41.67159167,-71.16778056,45,1,10,0,0,1,0
250132,MASSACHUSETTS,MA,2,2,0,0,2,2,25,120,BARLOW BEND,20,6,June,2012,4,Wednesday,19,15,1,13,8,99998,42.26275278,-71.16870833,12,1,0,0,0,1,1
250133,MASSACHUSETTS,MA,2,2,0,0,3,3,21,370,CHILTON,24,6,June,2012,1,Sunday,16,16,0,19,8,0,42.05883333,-71.24454167,12,1,0,0,0,1,0
250134,MASSACHUSETTS,MA,2,2,0,0,2,2,21,180,CHILTON,24,6,June,2012,1,Sunday,5,34,0,13,3,99998,42.17841667,-71.11310556,12,1,0,0,0,1,0
250135,MASSACHUSETTS,MA,4,1,0,0,1,1,15,1230,ANNISTON,27,6,June,2012,4,Wednesday,18,35,0,16,8,0,42.22742500,-72.60457778,53,1,0,0,0,1,0
250136,MASSACHUSETTS,MA,2,2,0,0,5,5,13,990,BOLLING,4,7,July,2012,4,Wednesday,20,36,0,3,3,99998,42.17919167,-72.31913333,12,1,0,0,0,1,1
250137,MASSACHUSETTS,MA,2,2,0,0,5,5,7,300,BIBB,4,7,July,2012,4,Wednesday,14,0,0,9,8,0,41.39498333,-70.60190278,12,1,0,0,0,2,0
250138,MASSACHUSETTS,MA,2,2,0,0,4,4,23,770,BLADON SPRINGS,4,7,July,2012,4,Wednesday,18,31,0,13,3,0,41.88373333,-70.91961389,30,1,0,0,0,2,1
250139,MASSACHUSETTS,MA,2,2,0,0,4,4,5,385,BAKER HILL,11,7,July,2012,4,Wednesday,11,40,1,12,3,99998,77.77770000,777.77770000,24,1,0,0,0,1,0
250140,MASSACHUSETTS,MA,2,2,0,0,7,7,13,1270,BOLLING,12,7,July,2012,5,Thursday,16,1,1,13,3,99998,42.09341667,-72.52191111,12,1,0,1,0,1,1
250141,MASSACHUSETTS,MA,1,1,0,0,1,1,1,259,AUTAUGA,15,7,July,2012,1,Sunday,1,5,1,12,3,99998,41.66443056,-70.16790000,30,3,0,0,0,1,1
250142,MASSACHUSETTS,MA,2,2,0,0,4,4,1,243,AUTAUGA,12,8,August,2012,1,Sunday,22,54,1,13,3,99998,41.64188333,-70.44109444,12,2,0,0,0,1,1
250143,MASSACHUSETTS,MA,1,1,0,0,3,3,23,1085,BLADON SPRINGS,11,8,August,2012,7,Saturday,12,40,0,16,8,0,42.15879167,-70.90837222,42,1,0,0,0,1,0
250144,MASSACHUSETTS,MA,2,2,0,0,2,2,9,35,BLOUNT,11,8,August,2012,7,Saturday,13,45,1,11,1,99998,42.66466111,-71.19472778,1,1,0,0,14,1,0
250145,MASSACHUSETTS,MA,2,2,0,0,2,2,1,469,AUTAUGA,17,7,July,2012,3,Tuesday,9,50,0,16,8,0,41.69839167,-70.09738056,12,1,0,0,0,1,0
250146,MASSACHUSETTS,MA,1,1,1,1,1,1,27,585,ASHLAND,10,8,August,2012,6,Friday,0,7,0,6,8,0,42.18388889,-71.92005833,8,2,0,0,0,1,0
250147,MASSACHUSETTS,MA,1,1,0,0,5,5,21,125,CHILTON,6,8,August,2012,2,Monday,18,50,1,12,3,99998,42.20981667,-70.99621944,26,1,0,0,0,1,1
250148,MASSACHUSETTS,MA,2,2,0,0,2,2,23,770,BLADON SPRINGS,2,8,August,2012,5,Thursday,23,10,1,11,1,40,41.81644444,-70.79871667,12,2,0,0,0,1,1
250149,MASSACHUSETTS,MA,2,2,0,0,3,3,27,350,ASHLAND,22,7,July,2012,1,Sunday,13,45,0,13,3,99998,42.58251111,-71.80089722,12,1,0,0,0,1,0
250150,MASSACHUSETTS,MA,2,2,0,0,2,2,27,1273,ASHLAND,27,7,July,2012,6,Friday,15,53,0,13,3,99998,42.45272778,-71.74865278,12,1,0,0,0,1,0
250151,MASSACHUSETTS,MA,3,3,0,0,3,3,11,187,BULLOCK,21,7,July,2012,7,Saturday,16,24,1,2,3,99998,42.62160000,-72.75857222,12,1,0,0,0,1,0
250152,MASSACHUSETTS,MA,1,1,0,0,2,2,27,252,ASHLAND,11,8,August,2012,7,Saturday,17,10,0,19,3,99998,42.05458889,-71.75685556,30,1,0,0,0,1,0
250154,MASSACHUSETTS,MA,3,3,0,0,4,4,5,1064,BAKER HILL,4,4,April,2012,4,Wednesday,17,0,0,19,3,99998,41.96457778,-71.06755833,12,1,0,0,0,1,0
250155,MASSACHUSETTS,MA,1,1,1,1,1,1,9,255,BLOUNT,22,2,February,2012,4,Wednesday,20,20,1,13,3,99998,42.55765278,-70.96985833,8,3,0,0,0,1,0
250156,MASSACHUSETTS,MA,1,1,0,0,1,1,27,32,ASHLAND,31,3,March,2012,7,Saturday,16,43,0,16,8,99998,42.66403056,-71.95049722,24,1,0,0,0,1,0
250157,MASSACHUSETTS,MA,1,1,0,0,1,1,1,259,AUTAUGA,15,8,August,2012,4,Wednesday,16,33,1,12,3,99998,41.66508889,-70.17196944,33,1,0,0,0,1,0
250158,MASSACHUSETTS,MA,1,1,0,0,1,1,27,1439,ASHLAND,14,4,April,2012,7,Saturday,15,44,1,12,3,923,42.54248056,-71.88671667,24,1,0,0,0,1,1
250159,MASSACHUSETTS,MA,1,1,0,0,1,1,21,256,CHILTON,20,3,March,2012,3,Tuesday,23,41,0,16,8,0,42.26467500,-71.17759444,19,3,0,0,0,1,0
250160,MASSACHUSETTS,MA,1,1,0,0,1,1,3,88,BALDWIN,3,1,January,2012,3,Tuesday,23,12,0,3,3,99998,42.29626667,-73.05824444,42,2,0,0,0,1,0
250161,MASSACHUSETTS,MA,2,2,0,0,3,3,9,35,BLOUNT,17,8,August,2012,6,Friday,16,45,1,13,3,99998,42.62659444,-71.11503889,12,1,0,0,0,2,0
250162,MASSACHUSETTS,MA,1,1,1,1,1,1,5,320,BAKER HILL,25,8,August,2012,7,Saturday,13,16,0,14,3,99998,41.69805833,-71.16757222,8,1,0,0,0,1,0
250163,MASSACHUSETTS,MA,2,2,0,0,3,3,17,1431,CHAMBERS,29,8,August,2012,4,Wednesday,16,45,0,2,6,0,42.61817778,-71.41388611,12,1,0,0,0,1,0
250164,MASSACHUSETTS,MA,2,2,0,0,3,3,17,1448,CHAMBERS,13,9,September,2012,5,Thursday,14,28,0,3,3,99998,42.33204167,-71.32603333,12,1,0,0,0,1,0
250165,MASSACHUSETTS,MA,1,1,2,2,1,1,9,650,BLOUNT,18,9,September,2012,3,Tuesday,23,1,0,2,8,0,42.46219444,-70.98219722,8,3,10,0,0,1,0
250166,MASSACHUSETTS,MA,1,1,0,0,1,1,9,1000,BLOUNT,21,8,August,2012,3,Tuesday,19,30,1,11,1,99998,42.54224444,-70.98481111,35,1,0,0,0,1,1
250167,MASSACHUSETTS,MA,2,2,0,0,3,3,21,1060,CHILTON,22,9,September,2012,7,Saturday,16,49,0,16,8,0,42.24146667,-71.03906667,12,1,0,0,0,2,1
250169,MASSACHUSETTS,MA,1,1,0,0,2,2,17,1448,CHAMBERS,27,9,September,2012,5,Thursday,14,49,0,16,8,0,42.35600556,-71.31110833,30,1,0,0,0,1,0
250170,MASSACHUSETTS,MA,1,1,0,0,1,1,23,462,BLADON SPRINGS,6,10,October,2012,7,Saturday,0,16,0,6,8,0,41.96952778,-70.86680000,30,2,0,0,0,1,1
250171,MASSACHUSETTS,MA,1,1,0,0,1,1,3,1030,BALDWIN,27,7,July,2012,6,Friday,21,31,0,16,8,0,42.45033056,-73.26189722,33,3,0,0,0,1,1
250172,MASSACHUSETTS,MA,1,1,0,0,1,1,21,125,CHILTON,9,11,November,2012,6,Friday,18,47,1,12,3,99998,77.77770000,777.77770000,42,5,0,0,0,1,0
250173,MASSACHUSETTS,MA,1,1,0,0,2,2,5,850,BAKER HILL,4,11,November,2012,1,Sunday,0,28,1,12,3,99998,77.77770000,777.77770000,1,2,0,0,0,1,1
250174,MASSACHUSETTS,MA,1,1,0,0,3,3,23,140,BLADON SPRINGS,1,11,November,2012,5,Thursday,20,55,0,16,8,0,42.05725556,-71.00708333,33,3,0,0,0,1,1
250175,MASSACHUSETTS,MA,1,1,0,0,1,1,5,1280,BAKER HILL,3,11,November,2012,7,Saturday,1,35,0,16,3,99998,41.89665833,-71.08188056,23,3,0,0,0,1,1
250176,MASSACHUSETTS,MA,1,1,0,0,4,4,9,1000,BLOUNT,29,10,October,2012,2,Monday,15,57,1,12,3,99998,42.53476111,-70.94981111,24,1,6,0,0,1,0
250177,MASSACHUSETTS,MA,1,1,2,2,1,1,27,350,ASHLAND,7,12,December,2012,6,Friday,17,47,1,13,3,99998,42.57419167,-71.83761111,8,3,10,0,0,1,0
250178,MASSACHUSETTS,MA,1,1,1,1,1,1,9,650,BLOUNT,11,12,December,2012,3,Tuesday,5,53,0,16,8,0,42.46134722,-70.94612778,8,3,0,0,0,1,0
250179,MASSACHUSETTS,MA,1,1,0,0,1,1,9,1000,BLOUNT,12,12,December,2012,4,Wednesday,20,52,1,12,3,99998,42.53979444,-70.93814444,24,3,0,0,0,1,0
250180,MASSACHUSETTS,MA,1,1,1,1,1,1,5,315,BAKER HILL,15,12,December,2012,7,Saturday,17,32,0,16,8,0,41.64785833,-70.90273889,8,3,0,0,0,1,0
250181,MASSACHUSETTS,MA,1,1,0,0,2,2,27,980,ASHLAND,10,11,November,2012,7,Saturday,2,18,0,16,3,99998,42.09690278,-71.86934167,30,3,0,0,0,2,1
250182,MASSACHUSETTS,MA,1,1,0,0,1,1,27,272,ASHLAND,1,8,August,2012,4,Wednesday,19,23,0,6,8,99998,42.19623611,-72.04703056,42,5,0,0,0,1,1
250183,MASSACHUSETTS,MA,1,1,0,0,1,1,1,330,AUTAUGA,11,11,November,2012,1,Sunday,1,30,1,13,8,0,41.52788056,-70.65982778,42,3,0,0,0,1,0
250184,MASSACHUSETTS,MA,1,1,0,0,3,3,27,640,ASHLAND,22,7,July,2012,1,Sunday,0,48,0,16,8,0,42.58759167,-71.80006944,30,2,0,0,0,1,1
250185,MASSACHUSETTS,MA,1,1,1,1,1,1,21,1060,CHILTON,16,11,November,2012,6,Friday,16,47,0,13,8,0,42.24153333,-70.99224444,8,5,0,0,0,1,0
250186,MASSACHUSETTS,MA,1,1,2,2,1,1,21,1060,CHILTON,19,11,November,2012,2,Monday,7,41,0,16,8,0,42.26855278,-70.95395833,30,1,0,0,0,1,0
250187,MASSACHUSETTS,MA,1,1,1,1,2,2,17,1510,CHAMBERS,9,10,October,2012,3,Tuesday,19,57,0,16,8,0,42.47731667,-71.12215278,8,5,0,0,0,1,0
250188,MASSACHUSETTS,MA,1,1,1,1,1,1,15,437,ANNISTON,21,10,October,2012,1,Sunday,15,36,0,5,8,0,42.27530833,-72.47109444,8,1,0,0,0,1,0
250189,MASSACHUSETTS,MA,1,1,1,1,1,1,5,1268,BAKER HILL,27,10,October,2012,7,Saturday,19,29,0,2,3,0,41.73135556,-71.20330278,8,3,0,0,0,1,0
250190,MASSACHUSETTS,MA,1,1,1,1,2,2,27,1520,ASHLAND,23,7,July,2012,2,Monday,13,34,0,16,8,0,42.24978889,-71.83249444,9,1,0,0,0,1,0
250191,MASSACHUSETTS,MA,2,2,0,0,2,2,1,1050,AUTAUGA,1,11,November,2012,5,Thursday,11,58,1,2,2,99998,77.77770000,777.77770000,12,1,0,0,0,1,1
250192,MASSACHUSETTS,MA,1,1,0,0,1,1,21,1382,CHILTON,11,5,May,2012,6,Friday,20,34,1,12,3,99998,42.31518611,-71.27422222,33,3,0,0,0,1,0
250193,MASSACHUSETTS,MA,1,1,1,1,1,1,21,825,CHILTON,1,11,November,2012,5,Thursday,18,22,1,13,3,0,42.23424167,-71.07000556,8,3,0,0,0,1,0
250194,MASSACHUSETTS,MA,2,2,0,0,3,3,1,75,AUTAUGA,30,11,November,2012,6,Friday,22,29,1,13,3,99998,41.68726944,-70.33502778,12,2,0,0,0,1,0
250195,MASSACHUSETTS,MA,3,3,0,0,5,5,1,259,AUTAUGA,20,10,October,2012,7,Saturday,12,57,1,13,3,99998,41.66486389,-70.16720556,59,1,0,0,0,1,0
250196,MASSACHUSETTS,MA,1,1,0,0,4,4,23,560,BLADON SPRINGS,20,8,August,2012,2,Monday,21,4,0,14,3,99998,41.96784722,-70.75781944,30,3,0,0,0,1,0
250197,MASSACHUSETTS,MA,1,1,1,1,1,1,9,650,BLOUNT,23,7,July,2012,2,Monday,11,50,0,16,8,0,42.47070000,-70.93797222,8,1,0,0,0,1,0
250198,MASSACHUSETTS,MA,2,2,0,0,2,2,13,636,BOLLING,9,10,October,2012,3,Tuesday,15,26,0,16,8,0,42.17517778,-72.41417222,12,1,0,0,0,1,1
250199,MASSACHUSETTS,MA,2,2,0,0,3,3,17,375,CHAMBERS,29,9,September,2012,7,Saturday,23,36,0,16,8,0,42.27266389,-71.44585833,12,3,0,0,0,1,1
250200,MASSACHUSETTS,MA,1,1,0,0,1,1,1,1535,AUTAUGA,22,5,May,2012,3,Tuesday,12,40,0,16,8,0,41.68497222,-70.20615278,33,1,0,0,0,1,0
250201,MASSACHUSETTS,MA,1,1,0,0,1,1,1,1535,AUTAUGA,17,2,February,2012,6,Friday,19,33,0,16,8,0,41.66494167,-70.26355833,35,2,0,0,0,1,0
250202,MASSACHUSETTS,MA,1,1,1,1,1,1,5,320,BAKER HILL,25,6,June,2012,2,Monday,23,7,0,16,8,0,41.68298333,-71.14654444,8,2,0,0,0,1,0
250203,MASSACHUSETTS,MA,1,1,1,1,1,1,9,650,BLOUNT,11,1,January,2012,4,Wednesday,17,2,0,12,3,99998,42.50312222,-70.97950556,8,5,0,0,0,1,0
250204,MASSACHUSETTS,MA,1,1,0,0,3,3,9,570,BLOUNT,11,11,November,2012,1,Sunday,2,30,0,16,8,99998,42.71910833,-71.16756667,7,3,0,0,0,1,1
250205,MASSACHUSETTS,MA,1,1,0,0,1,1,13,1430,BOLLING,13,10,October,2012,7,Saturday,2,38,0,16,8,0,42.09293889,-72.74069722,42,2,0,0,0,1,1
250206,MASSACHUSETTS,MA,1,1,0,0,1,1,17,630,CHAMBERS,12,11,November,2012,2,Monday,5,58,0,16,8,0,42.63113611,-71.29955556,26,1,0,0,0,1,1
250207,MASSACHUSETTS,MA,1,1,0,0,1,1,11,450,BULLOCK,6,5,May,2012,1,Sunday,17,35,0,16,8,0,42.62986944,-72.64530556,35,1,0,0,0,1,0
250208,MASSACHUSETTS,MA,3,2,0,0,2,2,25,120,BARLOW BEND,21,11,November,2012,4,Wednesday,1,19,1,13,8,0,42.34665000,-71.08740833,12,3,0,0,0,1,1
250209,MASSACHUSETTS,MA,4,4,0,0,4,4,9,765,BLOUNT,21,9,September,2012,6,Friday,15,30,1,11,1,99998,42.74140278,-71.14161944,12,1,0,0,0,1,0
250210,MASSACHUSETTS,MA,1,1,0,0,1,1,27,117,ASHLAND,3,5,May,2012,5,Thursday,3,0,0,12,3,99998,42.44231111,-71.56084722,30,2,0,0,0,1,1
250211,MASSACHUSETTS,MA,1,1,1,1,2,2,9,470,BLOUNT,31,5,May,2012,5,Thursday,16,44,0,12,3,99998,42.77053056,-71.06324444,8,1,0,1,0,1,0
250212,MASSACHUSETTS,MA,1,1,0,0,1,1,23,1081,BLADON SPRINGS,26,10,October,2012,6,Friday,21,47,0,6,8,99998,41.69248889,-70.87117500,42,2,0,0,0,1,1
250213,MASSACHUSETTS,MA,1,1,0,0,1,1,1,330,AUTAUGA,5,12,December,2012,4,Wednesday,23,18,0,16,8,99998,41.59169167,-70.58094722,53,3,0,0,0,1,0
250214,MASSACHUSETTS,MA,1,1,0,0,1,1,9,570,BLOUNT,17,12,December,2012,2,Monday,13,26,1,11,1,99998,42.72932500,-71.13991111,24,1,0,0,0,1,0
250215,MASSACHUSETTS,MA,1,1,0,0,1,1,27,610,ASHLAND,5,8,August,2012,1,Sunday,18,30,0,16,8,0,42.49957222,-71.76578611,42,1,10,0,0,1,1
250216,MASSACHUSETTS,MA,1,1,0,0,2,2,27,1100,ASHLAND,10,5,May,2012,5,Thursday,0,55,0,4,3,99998,42.40703333,-71.96775278,42,2,5,0,0,1,1
250217,MASSACHUSETTS,MA,1,1,0,0,1,1,9,765,BLOUNT,2,5,May,2012,4,Wednesday,7,3,0,16,8,0,42.72365278,-71.24284167,34,1,0,0,0,1,0
250218,MASSACHUSETTS,MA,1,1,0,0,2,2,21,1465,CHILTON,9,1,January,2012,2,Monday,19,3,1,13,3,99998,77.77770000,777.77770000,35,2,0,0,0,2,0
250219,MASSACHUSETTS,MA,1,1,0,0,1,1,13,335,BOLLING,11,8,August,2012,7,Saturday,18,43,1,12,3,99998,42.06575278,-72.70241667,53,1,0,0,0,1,0
250220,MASSACHUSETTS,MA,1,1,1,1,1,1,9,1110,BLOUNT,28,10,October,2012,1,Sunday,18,2,0,16,8,0,42.51228056,-70.89277222,8,3,0,0,0,1,0
250221,MASSACHUSETTS,MA,1,1,0,0,1,1,9,892,BLOUNT,30,9,September,2012,1,Sunday,3,49,0,16,8,99998,42.64114444,-71.05279722,42,3,0,0,0,1,1
250222,MASSACHUSETTS,MA,1,1,1,1,1,1,27,1520,ASHLAND,28,9,September,2012,6,Friday,20,53,0,16,8,99998,42.28342778,-71.80715556,8,3,0,0,0,1,0
250223,MASSACHUSETTS,MA,1,1,1,1,1,1,13,1446,BOLLING,6,9,September,2012,5,Thursday,18,46,0,13,3,99998,42.09749444,-72.60636389,8,1,0,0,0,1,0
250224,MASSACHUSETTS,MA,2,2,0,0,2,2,17,615,CHAMBERS,2,8,August,2012,5,Thursday,18,59,0,16,8,99998,42.44467222,-71.18488056,12,5,0,0,0,1,0
250225,MASSACHUSETTS,MA,2,2,0,0,3,3,5,254,BAKER HILL,26,7,July,2012,5,Thursday,7,33,0,19,3,99998,41.84613056,-71.11675556,12,1,0,0,0,1,0
250226,MASSACHUSETTS,MA,2,2,0,0,5,5,3,9997,BALDWIN,2,8,August,2012,5,Thursday,11,40,0,9,8,0,42.71685000,-73.10795000,12,1,0,0,0,1,0
250227,MASSACHUSETTS,MA,2,2,0,0,3,3,5,1064,BAKER HILL,8,8,August,2012,4,Wednesday,20,55,0,9,3,99998,41.95408056,-71.07035000,12,3,0,0,0,1,0
250228,MASSACHUSETTS,MA,2,2,0,0,3,3,3,1030,BALDWIN,25,8,August,2012,7,Saturday,11,40,0,9,8,0,42.47588889,-73.26476111,12,1,0,0,0,1,0
250229,MASSACHUSETTS,MA,4,4,0,0,5,5,13,636,BOLLING,7,9,September,2012,6,Friday,20,32,1,11,1,541,42.16742778,-72.47776389,12,2,0,0,0,2,0
250230,MASSACHUSETTS,MA,8,7,0,0,11,11,23,140,BLADON SPRINGS,12,10,October,2012,6,Friday,16,38,1,13,3,99998,42.08669444,-70.98769722,12,1,0,0,0,1,0
250231,MASSACHUSETTS,MA,2,2,0,0,2,2,5,50,BAKER HILL,20,9,September,2012,5,Thursday,22,27,0,14,3,99998,41.96428889,-71.28928611,12,3,0,0,0,1,1
250232,MASSACHUSETTS,MA,2,2,1,1,2,2,23,564,BLADON SPRINGS,2,11,November,2012,6,Friday,18,31,0,19,3,99998,41.85855833,-70.97650556,8,3,0,0,0,1,0
250233,MASSACHUSETTS,MA,2,2,0,0,2,2,15,890,ANNISTON,7,12,December,2012,6,Friday,17,43,0,13,2,0,42.28775278,-72.61747500,12,3,0,0,0,1,0
250234,MASSACHUSETTS,MA,2,2,0,0,4,4,9,430,BLOUNT,15,12,December,2012,7,Saturday,20,53,0,9,3,99998,42.61535833,-70.69538056,12,3,0,0,0,1,0
250235,MASSACHUSETTS,MA,2,2,0,0,3,3,17,1279,CHAMBERS,22,12,December,2012,7,Saturday,11,40,0,9,8,0,42.35219444,-71.40199167,30,1,0,0,0,1,0
250236,MASSACHUSETTS,MA,2,2,0,0,4,4,9,1114,BLOUNT,31,12,December,2012,2,Monday,23,21,0,13,2,99998,42.81604444,-70.87269722,12,3,0,0,0,1,1
250237,MASSACHUSETTS,MA,2,2,0,0,2,2,27,1172,ASHLAND,8,12,December,2012,7,Saturday,20,32,1,14,2,99998,42.25031389,-71.70997500,12,3,0,0,0,1,0
250238,MASSACHUSETTS,MA,1,1,0,0,5,5,13,1446,BOLLING,30,11,November,2012,6,Friday,23,30,0,16,8,0,42.11023889,-72.65017778,30,3,0,0,0,1,1
250240,MASSACHUSETTS,MA,1,1,0,0,1,1,15,890,ANNISTON,21,12,December,2012,6,Friday,14,58,0,14,2,99998,42.34267222,-72.64123889,18,1,0,0,0,1,0
250241,MASSACHUSETTS,MA,2,2,0,0,3,3,17,157,CHAMBERS,20,12,December,2012,5,Thursday,14,6,0,16,8,99998,42.49047222,-71.20042778,12,1,0,0,0,2,0
250242,MASSACHUSETTS,MA,1,1,0,0,1,1,17,105,CHAMBERS,25,7,July,2012,4,Wednesday,2,48,0,16,8,99998,42.56518333,-71.29731389,33,3,0,0,0,1,0
250243,MASSACHUSETTS,MA,1,1,0,0,1,1,13,1430,BOLLING,18,8,August,2012,7,Saturday,4,33,1,11,1,375,42.13989722,-72.69592778,42,2,0,0,0,1,0
250244,MASSACHUSETTS,MA,1,1,1,1,1,1,21,1382,CHILTON,24,8,August,2012,6,Friday,13,58,0,16,8,0,42.29671944,-71.29978056,9,1,0,0,0,1,0
250245,MASSACHUSETTS,MA,1,1,0,0,1,1,5,670,BAKER HILL,26,8,August,2012,1,Sunday,23,25,1,11,1,99998,77.77770000,777.77770000,1,2,0,0,0,1,1
250246,MASSACHUSETTS,MA,3,3,0,0,3,3,25,120,BARLOW BEND,9,9,September,2012,1,Sunday,5,33,1,11,1,167,42.36699444,-71.06134444,12,3,0,0,0,1,1
250247,MASSACHUSETTS,MA,2,2,0,0,3,3,21,380,CHILTON,15,9,September,2012,7,Saturday,11,17,0,16,8,0,42.06618611,-71.41305278,12,1,0,0,0,1,0
250248,MASSACHUSETTS,MA,2,2,0,0,2,2,27,55,ASHLAND,11,11,November,2012,1,Sunday,4,30,1,11,1,99998,77.77770000,777.77770000,12,3,0,0,0,1,1
250249,MASSACHUSETTS,MA,2,2,0,0,6,6,13,1270,BOLLING,5,8,August,2012,1,Sunday,15,28,1,11,1,10,42.11340556,-72.59218056,12,1,0,0,0,1,0
250250,MASSACHUSETTS,MA,2,1,0,0,2,2,9,1125,BLOUNT,8,7,July,2012,1,Sunday,14,3,0,16,8,0,42.44824167,-71.00989444,14,1,0,0,0,1,0
250251,MASSACHUSETTS,MA,2,2,0,0,3,3,1,75,AUTAUGA,6,10,October,2012,7,Saturday,13,34,1,12,3,99998,41.68127222,-70.32319722,12,1,0,0,0,1,0
250252,MASSACHUSETTS,MA,1,1,1,1,2,2,5,50,BAKER HILL,28,1,January,2012,7,Saturday,17,55,0,14,2,99998,41.89771389,-71.36937778,8,3,0,0,0,1,0
250253,MASSACHUSETTS,MA,1,1,1,1,2,2,25,120,BARLOW BEND,16,2,February,2012,5,Thursday,18,0,0,16,8,0,42.34965000,-71.15376389,8,8,0,0,0,1,0
250254,MASSACHUSETTS,MA,2,2,0,0,4,4,5,251,BAKER HILL,4,4,April,2012,4,Wednesday,16,42,0,16,8,0,41.61738611,-70.95194722,12,1,0,0,0,2,0
250255,MASSACHUSETTS,MA,2,2,0,0,3,3,3,458,BALDWIN,27,4,April,2012,6,Friday,20,9,0,6,8,0,42.56235278,-73.28822222,12,2,0,0,0,1,0
250256,MASSACHUSETTS,MA,1,1,0,0,1,1,9,100,BLOUNT,19,5,May,2012,7,Saturday,1,24,0,14,3,99998,42.55653611,-70.83111389,30,8,0,0,0,1,1
250257,MASSACHUSETTS,MA,1,1,1,1,2,2,5,1280,BAKER HILL,1,8,August,2012,4,Wednesday,6,17,0,14,3,0,41.91209722,-71.09187778,8,1,0,0,0,1,0
250258,MASSACHUSETTS,MA,1,1,1,1,1,1,3,1030,BALDWIN,26,6,June,2012,3,Tuesday,12,22,0,16,8,0,42.44352778,-73.25853889,15,1,0,0,0,1,0
250259,MASSACHUSETTS,MA,1,1,1,1,1,1,5,251,BAKER HILL,21,3,March,2012,4,Wednesday,18,4,0,16,8,0,41.72051944,-70.96923056,9,1,0,0,0,1,0
250260,MASSACHUSETTS,MA,1,1,0,0,2,2,9,765,BLOUNT,31,8,August,2012,6,Friday,1,45,1,12,3,99998,77.77770000,777.77770000,7,3,0,0,0,1,0
250261,MASSACHUSETTS,MA,1,1,1,1,1,1,21,1060,CHILTON,30,8,August,2012,5,Thursday,16,22,0,12,3,99998,42.24088056,-70.98682500,8,1,0,0,0,1,0
250262,MASSACHUSETTS,MA,1,1,1,1,1,1,25,120,BARLOW BEND,20,5,May,2012,1,Sunday,11,46,0,16,8,0,42.29393889,-71.06045000,8,1,0,0,0,1,0
250263,MASSACHUSETTS,MA,1,1,0,0,1,1,21,825,CHILTON,20,9,September,2012,5,Thursday,23,35,0,16,8,0,42.25888333,-71.11230833,42,3,0,0,0,1,1
250264,MASSACHUSETTS,MA,1,1,0,0,1,1,11,422,BULLOCK,12,9,September,2012,4,Wednesday,2,3,1,12,3,541,42.59937500,-72.49804167,30,2,0,0,0,1,0
250265,MASSACHUSETTS,MA,1,1,2,2,1,1,23,1475,BLADON SPRINGS,9,9,September,2012,1,Sunday,14,3,1,12,3,99998,42.08098889,-70.94728333,8,1,0,0,0,1,0
250266,MASSACHUSETTS,MA,1,1,1,1,1,1,25,120,BARLOW BEND,14,9,September,2012,6,Friday,0,25,0,16,8,0,42.30757500,-71.04598889,9,3,0,0,0,1,0
250267,MASSACHUSETTS,MA,1,1,1,1,2,2,21,1276,CHILTON,14,9,September,2012,6,Friday,14,45,1,12,3,99998,42.13250278,-71.13276944,8,1,10,0,0,1,0
250268,MASSACHUSETTS,MA,1,1,0,0,1,1,13,292,BOLLING,10,10,October,2012,4,Wednesday,20,5,0,15,3,99998,42.03802500,-72.49591389,42,2,0,0,0,1,0