ST_CASE,State Name,State Abbreviation,# of Vehicle involved,Parked_Vehicles_Involved,Pedestrains,Person_Not_in_Motor_Vehicle,Persons_in_motor_vehicle,Total_Persons_in_accident,COUNTY,CITY,City_County_Name,Calendar_DAY,MONTH,Month_name,YEAR,DAY_WEEK,Day_Week_desc,HOUR,MINUTE,NHS_Desc,trafficway,Route,MILEPT,LATITUDE,LONGITUD,First_Crash_event,Light_cond_desc,Weather_condition,School_bus_involved,Crash_cause,FATALS,DRUNK_DR
260349,MICHIGAN,MI,1,1,0,0,2,2,67,0,ABBEVILLE,7,6,June,2012,5,Thursday,12,45,0,6,4,4,42.98708889,-85.00577778,35,1,0,0,0,2,0
260350,MICHIGAN,MI,1,1,0,0,2,2,99,1009,BEATRICE,20,6,June,2012,4,Wednesday,20,41,0,13,4,0,42.61138611,-82.93203333,33,1,0,0,0,1,0
260351,MICHIGAN,MI,1,1,1,1,2,2,163,1260,AVERA,5,6,June,2012,3,Tuesday,23,15,1,13,3,26,42.38357222,-83.08221944,8,2,0,0,0,1,0
260352,MICHIGAN,MI,2,2,0,0,3,3,81,0,AUBURN,21,6,June,2012,5,Thursday,14,14,0,3,4,91,43.14701667,-85.76991667,12,1,0,0,0,1,0
260353,MICHIGAN,MI,2,2,1,1,1,1,59,0,FRANKLIN,22,6,June,2012,6,Friday,7,5,0,14,4,42,41.96679167,-84.65131111,8,1,0,0,0,1,0
260354,MICHIGAN,MI,2,2,0,0,3,3,161,4426,DENTON,22,6,June,2012,6,Friday,18,32,0,3,4,262,42.36997778,-83.58536944,12,1,0,0,0,1,0
260355,MICHIGAN,MI,1,1,0,0,1,1,129,0,BIGBEE,9,6,June,2012,7,Saturday,15,30,0,2,3,214,44.46674444,-84.12732778,42,1,0,0,0,1,0
260356,MICHIGAN,MI,1,1,0,0,1,1,79,0,COURTLAND,23,6,June,2012,7,Saturday,1,39,0,4,4,34,44.77113333,-85.01535833,30,2,0,0,0,1,1
260357,MICHIGAN,MI,1,1,0,0,2,2,59,0,FRANKLIN,9,6,June,2012,7,Saturday,18,50,0,99,4,3,41.88121944,-84.57703333,43,1,0,0,0,1,1
260358,MICHIGAN,MI,1,1,0,0,2,2,69,228,ASHFORD,24,6,June,2012,1,Sunday,8,0,1,2,2,198,44.35900556,-83.33643611,42,1,0,0,0,2,0
260359,MICHIGAN,MI,1,1,0,0,2,2,125,3641,BROOKWOOD,24,6,June,2012,1,Sunday,1,55,1,11,1,0,42.47996667,-83.20689167,33,3,0,0,0,1,0
260360,MICHIGAN,MI,1,1,0,0,1,1,59,0,FRANKLIN,15,6,June,2012,6,Friday,2,15,0,5,4,24,41.81085000,-84.78652778,1,2,0,0,0,1,1
260361,MICHIGAN,MI,1,1,0,0,2,2,99,2181,BEATRICE,22,6,June,2012,6,Friday,3,14,1,11,1,0,42.57233333,-82.85596944,1,2,0,0,0,1,0
260362,MICHIGAN,MI,2,2,0,0,8,8,161,0,DENTON,22,6,June,2012,6,Friday,14,51,1,12,2,84,42.20433333,-83.68506944,12,1,0,0,0,2,0
260363,MICHIGAN,MI,2,2,0,0,3,3,65,0,CYPRESS,23,6,June,2012,7,Saturday,18,16,0,14,3,34,42.67502500,-84.21436944,12,1,0,0,0,1,0
260364,MICHIGAN,MI,1,1,0,0,1,1,163,4815,AVERA,23,6,June,2012,7,Saturday,23,50,1,11,1,100,42.20762222,-83.22967222,59,2,0,0,0,1,0
260365,MICHIGAN,MI,1,1,0,0,1,1,163,1260,AVERA,7,6,June,2012,5,Thursday,2,40,1,11,1,4,42.33268889,-83.03606944,26,3,0,0,0,1,1
260366,MICHIGAN,MI,2,2,0,0,6,6,99,4521,BEATRICE,25,6,June,2012,2,Monday,20,46,0,13,4,62,42.66884167,-83.06351111,12,1,0,0,0,2,1
260367,MICHIGAN,MI,4,4,0,0,5,5,77,4030,ANDERSON,25,6,June,2012,2,Monday,17,9,1,11,1,3,42.24372500,-85.56086389,12,1,0,0,0,1,0
260368,MICHIGAN,MI,1,1,0,0,1,1,131,438,ARLINGTON,25,6,June,2012,2,Monday,20,51,1,2,3,66,46.58207222,-89.61124444,11,1,0,0,0,1,0
260369,MICHIGAN,MI,2,2,0,0,3,3,49,686,COLLINSVILLE,8,6,June,2012,6,Friday,3,50,0,13,6,51,43.00418056,-83.63451944,12,3,0,0,0,1,1
260370,MICHIGAN,MI,1,1,1,1,1,1,161,0,DENTON,26,6,June,2012,3,Tuesday,18,4,0,14,4,88,42.38748056,-83.91715278,9,1,0,0,0,1,0
260371,MICHIGAN,MI,1,1,1,1,2,2,65,2700,CYPRESS,22,6,June,2012,6,Friday,4,33,1,11,1,36,42.72651111,-84.53292500,8,3,0,0,0,1,0
260372,MICHIGAN,MI,2,2,0,0,3,3,115,2413,ASHVILLE,23,6,June,2012,7,Saturday,21,43,0,5,4,2,41.82464444,-83.62828889,1,2,0,0,0,1,1
260373,MICHIGAN,MI,2,2,0,0,3,3,81,6,AUBURN,19,6,June,2012,3,Tuesday,19,12,0,13,3,103,42.96311944,-85.53526944,12,1,0,0,0,1,1
260374,MICHIGAN,MI,3,3,0,0,4,4,19,430,CEDAR BLUFF,27,6,June,2012,4,Wednesday,7,38,0,3,3,63,44.62155278,-86.10366111,12,1,0,0,0,1,0
260375,MICHIGAN,MI,2,2,0,0,4,4,77,0,ANDERSON,20,6,June,2012,4,Wednesday,17,34,0,14,3,51,42.34024722,-85.49340556,12,1,0,0,0,1,0
260376,MICHIGAN,MI,2,2,0,0,2,2,91,2390,DAYTON,27,6,June,2012,4,Wednesday,5,30,0,3,3,6,41.85501111,-84.34957778,12,3,0,0,0,1,0
260377,MICHIGAN,MI,2,2,0,0,2,2,145,565,BALD KNOB,27,6,June,2012,4,Wednesday,22,29,0,4,4,10,43.32208889,-83.91448611,1,3,0,0,0,1,0
260378,MICHIGAN,MI,3,3,0,0,4,4,163,1260,AVERA,25,6,June,2012,2,Monday,22,45,0,14,6,16,42.43006111,-83.03877778,12,3,0,0,0,2,1
260379,MICHIGAN,MI,1,1,0,0,2,2,45,0,ARITON,27,6,June,2012,4,Wednesday,22,33,0,3,3,74,42.52628056,-84.70156389,32,2,0,0,0,2,1
260380,MICHIGAN,MI,2,2,0,0,2,2,125,4340,BROOKWOOD,15,6,June,2012,6,Friday,14,10,0,15,6,12,42.52513611,-83.18104722,12,1,0,0,0,1,0
260381,MICHIGAN,MI,1,1,1,1,1,1,115,0,ASHVILLE,30,6,June,2012,7,Saturday,2,51,0,6,4,13,41.97376111,-83.39560556,8,2,0,0,0,1,1
260382,MICHIGAN,MI,1,1,0,0,1,1,103,0,DANVILLE,27,6,June,2012,4,Wednesday,12,20,0,6,4,27,46.73462778,-87.69778333,1,1,0,0,0,1,0
260383,MICHIGAN,MI,1,1,1,1,1,1,99,2934,BEATRICE,25,6,June,2012,2,Monday,23,17,0,14,4,63,42.68603889,-82.97149722,8,2,0,0,0,1,0
260384,MICHIGAN,MI,2,2,0,0,5,5,163,1260,AVERA,26,6,June,2012,3,Tuesday,12,48,1,11,1,133,42.37892500,-83.19321111,12,1,0,1,0,1,0
260385,MICHIGAN,MI,2,2,0,0,3,3,163,1260,AVERA,14,6,June,2012,5,Thursday,10,45,0,13,6,68,42.39543889,-82.95880556,12,1,0,0,0,1,0
260386,MICHIGAN,MI,1,1,0,0,1,1,73,0,ARGO,24,6,June,2012,1,Sunday,13,17,0,4,4,224,43.80833611,-85.00742222,1,1,0,0,0,1,0
260387,MICHIGAN,MI,1,1,1,1,1,1,93,0,BEAR CREEK,24,6,June,2012,1,Sunday,21,52,0,13,4,137,42.59974167,-83.90950000,8,2,0,0,0,1,0
260388,MICHIGAN,MI,1,1,0,0,2,2,115,0,ASHVILLE,29,6,June,2012,6,Friday,16,57,0,5,4,15,41.98071111,-83.32036944,43,1,0,0,0,1,0
260389,MICHIGAN,MI,1,1,0,0,1,1,163,5140,AVERA,18,6,June,2012,2,Monday,21,45,1,13,6,56,42.19671944,-83.29741389,33,3,0,0,0,1,0
260390,MICHIGAN,MI,1,1,0,0,1,1,35,0,BROOKLYN,2,6,June,2012,7,Saturday,15,55,0,4,4,39,43.88343056,-84.86599444,43,1,0,0,0,1,1
260391,MICHIGAN,MI,3,3,0,0,3,3,49,0,COLLINSVILLE,29,6,June,2012,6,Friday,12,20,0,14,4,72,43.01210000,-83.54193333,12,1,0,0,0,1,0
260392,MICHIGAN,MI,1,1,2,2,1,1,81,0,AUBURN,2,4,April,2012,2,Monday,19,45,0,3,4,87,43.16075833,-85.61901667,9,1,0,0,0,1,0
260393,MICHIGAN,MI,1,1,0,0,1,1,115,0,ASHVILLE,30,6,June,2012,7,Saturday,2,39,0,14,4,5,41.96406389,-83.36424722,59,2,0,0,0,1,1
260394,MICHIGAN,MI,1,1,1,1,2,2,117,0,BIRMINGHAM,25,6,June,2012,2,Monday,18,44,0,4,4,4,43.25000556,-85.30396389,8,1,0,0,0,1,0
260395,MICHIGAN,MI,2,2,0,0,3,3,165,700,HERNDON,22,6,June,2012,6,Friday,10,55,0,13,3,14,44.23731944,-85.39640833,12,1,0,0,0,1,0
260396,MICHIGAN,MI,1,1,0,0,1,1,163,1260,AVERA,10,6,June,2012,1,Sunday,0,22,0,14,6,45,42.37430833,-83.06125833,21,2,0,0,0,1,0
260397,MICHIGAN,MI,1,1,0,0,1,1,31,0,COFFEE,1,7,July,2012,1,Sunday,2,43,0,4,4,66,45.47341667,-84.54755278,34,2,0,0,0,1,1
260398,MICHIGAN,MI,1,1,1,1,1,1,163,1260,AVERA,15,6,June,2012,6,Friday,0,45,0,14,6,19,42.40928889,-83.05725278,8,3,0,0,0,1,0
260399,MICHIGAN,MI,2,2,0,0,7,7,73,0,ARGO,1,7,July,2012,1,Sunday,18,44,0,3,4,80,43.58274167,-84.68780000,12,1,0,0,0,1,0
260400,MICHIGAN,MI,1,1,0,0,2,2,97,0,AXIS,3,7,July,2012,3,Tuesday,18,52,0,6,4,157,46.18746667,-85.69725278,1,1,0,0,0,1,0
260401,MICHIGAN,MI,2,2,0,0,4,4,27,0,ASHLAND,8,7,July,2012,1,Sunday,13,34,0,3,3,46,41.84186667,-86.15410000,12,1,0,0,0,1,0
260402,MICHIGAN,MI,1,1,0,0,4,4,115,0,ASHVILLE,3,7,July,2012,3,Tuesday,23,0,1,1,1,217,42.00858056,-83.31079444,24,2,0,0,0,1,0
260403,MICHIGAN,MI,1,1,1,1,3,3,163,2850,AVERA,1,7,July,2012,1,Sunday,20,25,0,16,4,3,42.39464167,-83.32884444,15,1,0,0,0,1,0
260404,MICHIGAN,MI,2,2,0,0,2,2,5,0,BAKER HILL,7,7,July,2012,7,Saturday,0,53,0,6,4,25,42.49559722,-85.90591667,12,2,0,0,0,1,1
260405,MICHIGAN,MI,1,1,1,1,1,1,17,320,CHAMBERS,8,7,July,2012,1,Sunday,2,35,0,13,6,128,43.60202778,-83.91251389,8,3,0,0,0,1,0
260406,MICHIGAN,MI,1,1,0,0,1,1,159,4570,FARRAR,8,7,July,2012,1,Sunday,0,0,0,14,4,103,42.37287778,-86.28101389,42,2,0,0,0,1,0
260407,MICHIGAN,MI,1,1,1,1,1,1,121,3450,BON AIR,2,7,July,2012,2,Monday,12,54,0,16,6,7,43.22480556,-86.25050833,15,1,0,0,0,1,0
260408,MICHIGAN,MI,1,1,1,1,1,1,155,0,IRWIN,9,7,July,2012,2,Monday,13,36,0,4,4,183,42.80891667,-83.96921944,9,1,0,0,0,1,0
260409,MICHIGAN,MI,1,1,1,1,2,2,163,1260,AVERA,5,7,July,2012,5,Thursday,17,25,0,15,6,3,42.38427500,-83.17076389,9,1,0,0,0,1,0
260410,MICHIGAN,MI,2,2,0,0,4,4,85,0,BENTON,4,7,July,2012,4,Wednesday,14,23,0,6,4,0,43.93026667,-85.91966111,12,1,0,0,0,1,0
260411,MICHIGAN,MI,1,1,1,1,1,1,25,310,BARLOW BEND,5,7,July,2012,5,Thursday,16,39,0,14,3,37,42.34518611,-85.23293056,8,1,0,0,0,1,0
260412,MICHIGAN,MI,2,2,0,0,4,4,163,1260,AVERA,6,7,July,2012,6,Friday,3,5,0,13,6,209,42.43396667,-83.02424444,12,3,0,0,0,1,0
260413,MICHIGAN,MI,2,2,0,0,4,4,55,0,ATTALLA,10,7,July,2012,3,Tuesday,21,24,0,4,3,54,44.83778611,-85.53642500,12,5,0,0,0,1,1
260414,MICHIGAN,MI,1,1,1,1,1,1,117,0,BIRMINGHAM,6,7,July,2012,6,Friday,5,29,1,2,3,2,43.42633056,-85.47298333,8,2,0,0,0,1,0
260415,MICHIGAN,MI,2,2,0,0,2,2,111,0,GRAHAM,12,7,July,2012,5,Thursday,9,47,0,16,4,7,43.59031111,-84.27762500,12,1,0,0,0,1,0
260416,MICHIGAN,MI,1,1,1,1,2,2,33,4345,CHEROKEE,7,7,July,2012,7,Saturday,18,0,0,4,4,23,46.25281944,-84.55655278,9,1,0,0,0,1,0
260417,MICHIGAN,MI,1,1,0,0,2,2,15,0,ANNISTON,12,7,July,2012,5,Thursday,19,15,0,3,3,22,42.63510278,-85.50504167,34,1,0,0,0,1,1
260418,MICHIGAN,MI,1,1,0,0,4,4,77,1084,ANDERSON,8,7,July,2012,1,Sunday,9,50,1,13,4,90,42.30157778,-85.52881389,42,1,0,0,0,2,0
260419,MICHIGAN,MI,1,1,0,0,1,1,49,686,COLLINSVILLE,14,7,July,2012,7,Saturday,1,55,1,11,1,35,42.96875278,-83.68236944,35,2,0,0,0,1,1
260420,MICHIGAN,MI,1,1,1,1,1,1,115,0,ASHVILLE,7,7,July,2012,7,Saturday,21,45,0,6,4,55,41.94031389,-83.50966667,8,5,0,0,0,1,1
260421,MICHIGAN,MI,1,1,0,0,1,1,93,0,BEAR CREEK,14,7,July,2012,7,Saturday,4,11,0,14,4,25,42.44210000,-83.74741389,35,2,0,0,0,1,1
260422,MICHIGAN,MI,2,2,0,0,2,2,157,4915,ARCADE,13,7,July,2012,6,Friday,13,17,0,6,4,17,43.36543889,-83.66458889,12,1,0,0,0,1,0
260423,MICHIGAN,MI,2,2,0,0,3,3,67,2440,ABBEVILLE,7,7,July,2012,7,Saturday,23,25,0,14,3,142,42.97577778,-85.06999167,12,3,0,0,0,1,0
260424,MICHIGAN,MI,2,2,1,1,5,5,111,0,GRAHAM,15,7,July,2012,1,Sunday,1,27,1,2,3,16,43.61031944,-84.57634444,8,2,0,0,0,1,0
260425,MICHIGAN,MI,1,1,0,0,1,1,139,0,CALION,14,7,July,2012,7,Saturday,2,30,0,6,4,18,43.09637778,-86.02707778,35,2,0,0,0,1,1
260426,MICHIGAN,MI,1,1,0,0,1,1,91,0,DAYTON,17,7,July,2012,3,Tuesday,16,1,0,4,4,1,41.88240833,-83.77301389,1,1,0,0,0,1,1
260427,MICHIGAN,MI,1,1,0,0,2,2,81,2010,AUBURN,9,7,July,2012,2,Monday,14,34,0,16,6,5,42.96461944,-85.73691111,40,1,0,0,0,1,0
260428,MICHIGAN,MI,1,1,0,0,3,3,65,2700,CYPRESS,22,7,July,2012,1,Sunday,2,43,0,13,3,105,42.72434722,-84.54517500,30,3,0,0,0,1,1
260429,MICHIGAN,MI,1,1,2,2,2,2,103,3050,DANVILLE,4,7,July,2012,4,Wednesday,22,28,1,13,2,232,46.53393889,-87.39645000,8,3,0,0,0,1,1
260430,MICHIGAN,MI,1,1,2,2,1,1,77,1084,ANDERSON,12,7,July,2012,5,Thursday,7,29,0,5,4,65,42.24925833,-85.48233611,8,1,0,0,0,1,0
260431,MICHIGAN,MI,1,1,1,1,1,1,45,0,ARITON,14,7,July,2012,7,Saturday,8,15,0,14,3,143,42.75315833,-84.76889444,9,1,0,0,0,1,0
260432,MICHIGAN,MI,1,1,0,0,4,4,23,0,BLADON SPRINGS,20,7,July,2012,6,Friday,17,58,0,6,4,8,41.77090833,-84.83014167,1,1,0,0,0,1,0
260433,MICHIGAN,MI,2,2,0,0,3,3,163,4815,AVERA,17,7,July,2012,3,Tuesday,17,0,0,13,6,133,42.25484722,-83.28930000,12,1,0,0,0,1,0
260434,MICHIGAN,MI,1,1,1,1,2,2,157,0,ARCADE,15,7,July,2012,1,Sunday,4,55,0,3,3,129,43.47598889,-83.38653611,8,2,0,0,0,1,0
260435,MICHIGAN,MI,1,1,0,0,2,2,23,0,BLADON SPRINGS,20,7,July,2012,6,Friday,2,9,0,3,3,8,42.05666944,-85.27933611,35,2,0,0,0,1,1
260436,MICHIGAN,MI,2,2,0,0,4,4,25,310,BARLOW BEND,20,7,July,2012,6,Friday,15,42,0,15,6,7,42.34058889,-85.21005556,12,1,0,0,0,1,0
260437,MICHIGAN,MI,1,1,0,0,2,2,163,1260,AVERA,15,7,July,2012,1,Sunday,6,35,1,11,1,184,42.27628333,-83.20399444,21,4,0,0,0,1,1
260438,MICHIGAN,MI,2,2,0,0,3,3,49,0,COLLINSVILLE,19,7,July,2012,5,Thursday,13,47,0,14,4,24,42.94269167,-83.81074722,12,1,0,0,0,1,0
260439,MICHIGAN,MI,2,2,0,0,2,2,163,1260,AVERA,19,7,July,2012,5,Thursday,22,0,0,4,6,20,42.38606667,-83.24658611,12,3,0,0,0,1,1
260440,MICHIGAN,MI,1,1,0,0,1,1,21,0,CHILTON,23,7,July,2012,2,Monday,13,20,0,6,4,55,42.15841667,-86.28111389,1,1,0,0,0,1,0
260441,MICHIGAN,MI,1,1,0,0,2,2,29,4395,BORDEN SPRINGS,22,7,July,2012,1,Sunday,22,37,0,6,4,7,45.74706389,-85.49805278,1,2,0,0,0,1,0
260442,MICHIGAN,MI,1,1,1,1,1,1,117,2350,BIRMINGHAM,20,7,July,2012,6,Friday,2,28,0,6,6,6,43.39728889,-85.47449444,8,2,0,0,0,1,1
260443,MICHIGAN,MI,2,2,1,1,1,1,163,1260,AVERA,8,7,July,2012,1,Sunday,15,0,1,11,1,35,42.37450278,-83.06031111,12,1,0,0,0,1,0
260444,MICHIGAN,MI,2,2,0,0,4,4,163,738,AVERA,24,7,July,2012,3,Tuesday,2,7,1,13,2,34,42.27170833,-83.48732222,12,2,0,0,0,2,1
260445,MICHIGAN,MI,1,1,0,0,1,1,125,0,BROOKWOOD,24,7,July,2012,3,Tuesday,20,0,0,3,4,30,42.84916944,-83.62960000,1,1,0,0,0,1,1
260446,MICHIGAN,MI,1,1,0,0,4,4,25,0,BARLOW BEND,20,7,July,2012,6,Friday,16,27,0,14,4,3,42.23553056,-85.19826944,42,1,0,0,0,1,0
260447,MICHIGAN,MI,2,2,0,0,3,3,163,5176,AVERA,24,7,July,2012,3,Tuesday,21,22,0,13,6,71,42.35101667,-83.37218333,12,3,0,0,0,1,1
260448,MICHIGAN,MI,1,1,1,1,1,1,89,0,BROWNSBORO,22,7,July,2012,1,Sunday,8,39,0,4,4,80,44.93327778,-85.72836944,8,1,0,0,0,1,0
260449,MICHIGAN,MI,1,1,0,0,2,2,45,0,ARITON,14,7,July,2012,7,Saturday,6,53,0,6,4,99,42.72657222,-84.86168889,1,4,0,0,0,1,0
260450,MICHIGAN,MI,2,2,0,0,2,2,121,3450,BON AIR,21,7,July,2012,7,Saturday,21,22,0,16,6,7,43.23128056,-86.23234167,12,5,0,0,0,1,0
260451,MICHIGAN,MI,1,1,1,1,2,2,81,2010,AUBURN,7,7,July,2012,7,Saturday,13,13,0,14,6,44,42.94582778,-85.65903889,9,1,0,0,0,1,0
260452,MICHIGAN,MI,1,1,0,0,1,1,65,0,CYPRESS,14,7,July,2012,7,Saturday,9,55,0,15,4,37,42.71535556,-84.28740556,42,1,0,0,0,1,0
260453,MICHIGAN,MI,2,2,0,0,2,2,125,0,BROOKWOOD,24,7,July,2012,3,Tuesday,12,2,0,14,4,49,42.74935833,-83.38023056,12,1,0,0,0,1,0
260454,MICHIGAN,MI,2,2,0,0,4,4,141,0,BEE BRANCH,7,7,July,2012,7,Saturday,18,53,0,4,4,14,45.33373611,-83.54693333,12,1,0,0,0,1,0
260455,MICHIGAN,MI,2,2,0,0,3,3,117,0,BIRMINGHAM,25,7,July,2012,4,Wednesday,17,37,0,3,3,8,43.13114444,-85.26323611,12,1,0,0,0,1,1
260456,MICHIGAN,MI,2,2,0,0,7,7,27,2601,ASHLAND,13,7,July,2012,6,Friday,17,43,0,3,4,47,41.91200556,-86.08760556,12,1,0,0,0,1,0
260457,MICHIGAN,MI,2,2,0,0,3,3,27,0,ASHLAND,22,7,July,2012,1,Sunday,10,22,0,3,2,38,41.78253056,-86.17191389,1,1,0,0,0,1,0
260458,MICHIGAN,MI,1,1,0,0,1,1,43,0,BAILEYTON,24,7,July,2012,3,Tuesday,20,45,0,4,4,31,45.80095556,-87.85221389,34,2,0,0,0,1,1
260459,MICHIGAN,MI,2,2,0,0,2,2,67,3420,ABBEVILLE,20,7,July,2012,6,Friday,14,39,0,3,3,132,43.00202500,-84.93628611,12,1,0,0,0,1,0
260460,MICHIGAN,MI,1,1,0,0,4,4,81,0,AUBURN,28,7,July,2012,7,Saturday,2,13,1,11,1,95,42.97341389,-85.68593056,25,3,0,0,0,1,1
260461,MICHIGAN,MI,3,1,0,0,1,1,145,565,BALD KNOB,22,7,July,2012,1,Sunday,23,15,0,14,4,5,43.37943333,-83.90713889,53,3,0,0,0,1,1
260462,MICHIGAN,MI,1,1,0,0,1,1,49,1931,COLLINSVILLE,26,7,July,2012,5,Thursday,3,17,0,16,4,3,43.10603333,-83.61245000,42,3,0,0,0,1,0
260463,MICHIGAN,MI,2,2,0,0,3,3,125,1081,BROOKWOOD,28,7,July,2012,7,Saturday,18,25,0,14,4,12,42.58701111,-83.47194444,1,1,0,0,0,1,1
260464,MICHIGAN,MI,1,1,0,0,1,1,125,4251,BROOKWOOD,6,7,July,2012,6,Friday,21,25,0,14,3,52,42.63457222,-83.18919444,42,2,0,0,0,1,0
260465,MICHIGAN,MI,1,1,0,0,1,1,121,0,BON AIR,28,7,July,2012,7,Saturday,0,9,0,4,4,49,43.29655556,-86.28527222,35,2,0,0,0,1,1
260466,MICHIGAN,MI,1,1,1,1,2,2,113,0,COTTONTON,27,7,July,2012,6,Friday,22,53,0,3,3,123,44.34216667,-85.21585000,8,2,0,0,0,1,0
260467,MICHIGAN,MI,2,2,0,0,3,3,163,2850,AVERA,20,7,July,2012,6,Friday,23,30,1,13,3,2,42.44186667,-83.31779722,12,2,0,0,0,1,1
260468,MICHIGAN,MI,2,2,0,0,3,3,99,4330,BEATRICE,30,7,July,2012,2,Monday,21,49,1,13,3,47,42.51120000,-82.92729167,12,3,0,0,0,1,0
260469,MICHIGAN,MI,1,1,0,0,1,1,81,0,AUBURN,31,7,July,2012,3,Tuesday,3,57,0,16,4,8,43.10125278,-85.56555000,42,2,0,0,0,1,1
260470,MICHIGAN,MI,1,1,0,0,1,1,19,0,CEDAR BLUFF,22,7,July,2012,1,Sunday,17,54,0,3,3,67,44.59816111,-86.20985278,34,1,0,0,0,1,1
260471,MICHIGAN,MI,1,1,0,0,2,2,163,1260,AVERA,16,7,July,2012,2,Monday,20,17,1,11,1,1,42.38113889,-83.14651667,31,1,0,0,0,1,1
260472,MICHIGAN,MI,1,1,0,0,1,1,127,4523,BURNWELL,30,7,July,2012,2,Monday,13,0,0,4,4,18,43.64437500,-86.32287778,38,1,0,0,0,1,0
260473,MICHIGAN,MI,1,1,1,1,2,2,103,2480,DANVILLE,18,7,July,2012,4,Wednesday,12,4,0,14,6,10,46.50341389,-87.66487500,8,1,0,0,0,1,1
260474,MICHIGAN,MI,1,1,0,0,2,2,163,1260,AVERA,27,7,July,2012,6,Friday,22,59,0,15,6,62,42.35247222,-83.21683889,33,3,0,0,0,1,0
260475,MICHIGAN,MI,1,1,1,1,1,1,125,4905,BROOKWOOD,19,7,July,2012,5,Thursday,7,53,0,16,6,37,42.59392778,-83.18752500,8,1,0,0,0,1,0
260476,MICHIGAN,MI,2,2,0,0,2,2,77,0,ANDERSON,30,7,July,2012,2,Monday,17,42,0,4,4,181,42.11491944,-85.41180278,12,1,0,0,0,2,0
260477,MICHIGAN,MI,2,2,0,0,2,2,77,3727,ANDERSON,30,7,July,2012,2,Monday,13,16,1,12,2,162,42.29959722,-85.66361389,12,1,0,0,0,1,0
260478,MICHIGAN,MI,1,1,1,1,1,1,99,5110,BEATRICE,24,7,July,2012,3,Tuesday,22,18,0,13,6,42,42.50531944,-83.08188889,8,3,0,0,0,1,0
260479,MICHIGAN,MI,1,1,1,1,1,1,163,1260,AVERA,25,7,July,2012,4,Wednesday,21,20,0,13,6,217,42.43433889,-83.00831944,8,2,0,0,0,1,0
260480,MICHIGAN,MI,3,3,0,0,5,5,145,0,BALD KNOB,13,7,July,2012,6,Friday,8,58,0,13,4,35,43.42966111,-84.01469444,12,1,0,0,0,1,0
260481,MICHIGAN,MI,1,1,1,1,2,2,49,1731,COLLINSVILLE,16,7,July,2012,2,Monday,22,15,1,13,3,95,43.00222778,-83.74192222,8,2,0,0,0,1,0
260482,MICHIGAN,MI,1,1,0,0,1,1,77,3727,ANDERSON,23,7,July,2012,2,Monday,13,5,1,12,2,160,42.29729722,-85.66363056,34,1,0,0,0,1,0
260483,MICHIGAN,MI,1,1,1,1,1,1,149,0,BELLEVILLE,28,6,June,2012,5,Thursday,21,51,1,2,2,205,41.80099444,-85.36857500,8,2,0,0,0,1,0
260484,MICHIGAN,MI,1,1,1,1,6,6,65,2700,CYPRESS,21,7,July,2012,7,Saturday,14,30,1,11,1,6,42.66567500,-84.59762778,8,1,0,0,0,1,0
260486,MICHIGAN,MI,1,1,0,0,2,2,157,4915,ARCADE,2,8,August,2012,5,Thursday,3,50,0,4,4,30,43.34338889,-83.64876667,34,2,0,0,0,1,1
260487,MICHIGAN,MI,1,1,0,0,2,2,91,0,DAYTON,29,7,July,2012,1,Sunday,14,15,1,2,2,67,42.05773056,-84.23784444,1,1,0,0,0,1,0
260488,MICHIGAN,MI,2,2,0,0,2,2,103,0,DANVILLE,3,8,August,2012,6,Friday,9,5,1,13,2,2,46.53236667,-87.53936667,12,1,0,0,0,1,0
260489,MICHIGAN,MI,2,2,0,0,2,2,49,0,COLLINSVILLE,30,7,July,2012,2,Monday,16,58,0,3,3,176,43.12182778,-83.51910278,12,1,0,0,0,1,0
260490,MICHIGAN,MI,2,2,0,0,3,3,99,1810,BEATRICE,2,8,August,2012,5,Thursday,23,38,0,14,6,36,42.55299444,-82.97018611,12,3,0,0,0,1,1
260491,MICHIGAN,MI,3,3,0,0,6,6,107,0,CARROLLTON,4,8,August,2012,7,Saturday,14,46,0,3,3,221,43.78625000,-85.14853056,12,1,0,0,0,1,0
260492,MICHIGAN,MI,2,2,0,0,3,3,17,0,CHAMBERS,6,8,August,2012,2,Monday,20,14,0,3,3,21,43.98420833,-84.12478889,12,1,0,0,0,2,0
260493,MICHIGAN,MI,1,1,0,0,1,1,125,4020,BROOKWOOD,4,8,August,2012,7,Saturday,0,37,1,13,3,8,42.62891944,-83.28805556,33,3,0,0,0,1,0
260494,MICHIGAN,MI,2,2,0,0,3,3,123,0,ALEXANDER CITY,4,8,August,2012,7,Saturday,20,18,0,3,3,20,43.55400278,-85.75170000,12,1,0,0,0,1,1
260495,MICHIGAN,MI,2,2,0,0,3,3,93,0,BEAR CREEK,5,8,August,2012,1,Sunday,13,12,0,15,4,12,42.48106111,-83.76734444,12,1,0,0,0,1,0
260496,MICHIGAN,MI,3,3,0,0,5,5,147,0,AUGUSTA,5,8,August,2012,1,Sunday,19,21,0,14,3,142,42.64185000,-82.51511944,12,1,0,0,0,1,2
260497,MICHIGAN,MI,1,1,0,0,4,4,147,0,AUGUSTA,6,8,August,2012,2,Monday,0,38,0,6,4,10,42.88629167,-82.65925000,32,2,0,0,0,1,1
260498,MICHIGAN,MI,2,2,0,0,4,4,163,1260,AVERA,20,7,July,2012,6,Friday,23,45,0,15,6,8,42.38558056,-83.06686111,12,3,0,0,0,1,0
260499,MICHIGAN,MI,2,1,0,0,1,1,99,4731,BEATRICE,4,8,August,2012,7,Saturday,5,16,0,19,6,5,42.62083611,-82.98975556,33,3,0,0,0,1,1
260500,MICHIGAN,MI,2,2,0,0,2,2,157,0,ARCADE,6,8,August,2012,2,Monday,7,54,0,3,3,243,43.57711944,-83.29222500,12,1,0,0,0,1,0
260501,MICHIGAN,MI,2,2,0,0,2,2,163,1260,AVERA,6,8,August,2012,2,Monday,19,0,0,13,6,134,42.43123611,-83.17017500,1,1,0,0,0,1,0