ST_CASE,State Name,State Abbreviation,# of Vehicle involved,Parked_Vehicles_Involved,Pedestrains,Person_Not_in_Motor_Vehicle,Persons_in_motor_vehicle,Total_Persons_in_accident,COUNTY,CITY,City_County_Name,Calendar_DAY,MONTH,Month_name,YEAR,DAY_WEEK,Day_Week_desc,HOUR,MINUTE,NHS_Desc,trafficway,Route,MILEPT,LATITUDE,LONGITUD,First_Crash_event,Light_cond_desc,Weather_condition,School_bus_involved,Crash_cause,FATALS,DRUNK_DR
260502,MICHIGAN,MI,2,2,0,0,4,4,69,3725,ASHFORD,7,8,August,2012,3,Tuesday,15,48,0,4,4,55,44.49070556,-83.39968889,12,1,0,0,0,1,0
260503,MICHIGAN,MI,2,2,0,0,2,2,161,4426,DENTON,3,8,August,2012,6,Friday,18,38,0,3,4,94,42.39076389,-83.64508889,12,1,0,0,0,1,0
260504,MICHIGAN,MI,1,1,0,0,2,2,161,0,DENTON,8,8,August,2012,4,Wednesday,20,33,0,5,4,17,42.35005833,-83.96422778,34,5,0,0,0,1,1
260505,MICHIGAN,MI,1,1,1,1,2,2,121,0,BON AIR,11,8,August,2012,7,Saturday,0,15,1,12,2,76,43.22708889,-86.25941389,8,2,0,0,0,1,0
260506,MICHIGAN,MI,2,2,0,0,3,3,143,0,CANEHILL,11,8,August,2012,7,Saturday,9,56,0,14,4,29,44.27666944,-84.75256389,12,1,0,0,0,1,1
260507,MICHIGAN,MI,2,2,0,0,2,2,55,0,ATTALLA,7,8,August,2012,3,Tuesday,21,39,1,13,2,11,44.75448889,-85.57174722,12,5,0,0,0,1,0
260508,MICHIGAN,MI,2,2,0,0,3,3,147,1758,AUGUSTA,9,8,August,2012,5,Thursday,10,33,0,14,4,6,43.03946944,-82.45669444,12,1,0,0,0,1,0
260509,MICHIGAN,MI,2,2,0,0,3,3,143,0,CANEHILL,11,8,August,2012,7,Saturday,14,0,0,4,4,55,44.42124722,-84.70388611,12,1,0,0,0,1,0
260510,MICHIGAN,MI,1,1,0,0,1,1,145,0,BALD KNOB,10,8,August,2012,6,Friday,23,49,0,6,6,25,43.17342500,-84.11841667,42,2,0,0,0,1,1
260511,MICHIGAN,MI,2,2,0,0,2,2,163,1260,AVERA,11,8,August,2012,7,Saturday,1,30,1,13,2,36,42.33113611,-83.12422778,12,3,0,0,0,1,1
260512,MICHIGAN,MI,2,2,0,0,2,2,147,0,AUGUSTA,12,8,August,2012,1,Sunday,16,32,0,14,3,17,42.68871667,-82.67691111,12,1,0,0,0,1,1
260513,MICHIGAN,MI,2,2,0,0,5,5,157,0,ARCADE,12,8,August,2012,1,Sunday,12,19,0,4,4,61,43.34958611,-83.46203889,12,1,0,0,0,1,0
260514,MICHIGAN,MI,1,1,0,0,1,1,5,0,BAKER HILL,12,8,August,2012,1,Sunday,19,55,0,4,4,117,42.54874444,-86.00866111,38,1,0,0,0,1,1
260516,MICHIGAN,MI,2,2,0,0,2,2,157,0,ARCADE,14,8,August,2012,3,Tuesday,16,10,0,3,3,123,43.46725278,-83.38616111,12,1,0,0,0,1,0
260517,MICHIGAN,MI,2,2,0,0,2,2,91,0,DAYTON,12,8,August,2012,1,Sunday,19,10,0,6,4,45,41.94871944,-83.94653056,1,5,0,0,0,1,0
260518,MICHIGAN,MI,2,2,0,0,4,4,37,0,BRADFORD,14,8,August,2012,3,Tuesday,18,42,0,4,4,8,42.89301389,-84.42382500,12,1,0,0,0,1,0
260519,MICHIGAN,MI,1,1,0,0,1,1,133,0,ARLEY,12,8,August,2012,1,Sunday,14,40,1,2,3,54,44.11564722,-85.26897500,42,1,0,0,0,1,0
260520,MICHIGAN,MI,2,2,0,0,4,4,93,0,BEAR CREEK,12,8,August,2012,1,Sunday,17,21,1,11,1,86,42.61765833,-83.99427778,12,1,0,0,0,3,0
260521,MICHIGAN,MI,2,2,0,0,2,2,81,0,AUBURN,16,8,August,2012,5,Thursday,11,53,0,3,4,72,42.78271389,-85.64023889,12,1,0,0,0,1,0
260522,MICHIGAN,MI,1,1,0,0,1,1,11,0,BULLOCK,10,8,August,2012,6,Friday,9,43,0,4,4,150,44.15521667,-84.14199444,42,1,0,0,0,1,1
260523,MICHIGAN,MI,1,1,0,0,1,1,125,208,BROOKWOOD,5,8,August,2012,1,Sunday,19,14,1,11,1,240,42.69560833,-83.27065833,59,1,0,0,0,1,0
260524,MICHIGAN,MI,2,2,0,0,2,2,123,0,ALEXANDER CITY,17,8,August,2012,6,Friday,17,44,0,4,4,90,43.42481111,-85.64270000,12,1,0,0,0,1,0
260525,MICHIGAN,MI,2,2,0,0,3,3,99,0,BEATRICE,21,8,August,2012,3,Tuesday,12,5,0,6,4,21,42.86844444,-83.02172222,12,1,0,0,0,1,0
260526,MICHIGAN,MI,2,2,0,0,2,2,163,1260,AVERA,21,2,February,2012,3,Tuesday,11,30,1,11,1,28,42.34690278,-83.10872222,12,1,0,0,0,1,0
260527,MICHIGAN,MI,1,1,0,0,2,2,9,0,BLOUNT,15,8,August,2012,4,Wednesday,2,55,0,5,4,13,45.07504167,-85.06555556,1,2,0,0,0,2,1
260528,MICHIGAN,MI,1,1,0,0,1,1,75,0,BEAVERTON,16,8,August,2012,5,Thursday,14,15,0,6,4,16,42.42464722,-84.27410556,42,1,0,0,0,1,0
260529,MICHIGAN,MI,2,2,0,0,3,3,67,2440,ABBEVILLE,16,8,August,2012,5,Thursday,16,10,0,14,3,57,42.98735833,-85.07702778,12,1,0,0,0,1,0
260530,MICHIGAN,MI,2,2,0,0,2,2,121,3450,BON AIR,20,3,March,2012,3,Tuesday,15,57,1,13,2,24,43.25399167,-86.22377778,12,1,0,0,0,1,0
260531,MICHIGAN,MI,1,1,0,0,1,1,15,0,ANNISTON,27,3,March,2012,3,Tuesday,13,30,0,3,3,7,42.43022778,-85.07279722,32,1,0,0,0,1,0
260532,MICHIGAN,MI,3,3,0,0,4,4,49,1731,COLLINSVILLE,30,3,March,2012,6,Friday,15,33,0,13,3,74,43.00190833,-83.78241111,12,1,0,0,0,1,0
260533,MICHIGAN,MI,1,1,0,0,1,1,43,0,BAILEYTON,21,8,August,2012,3,Tuesday,22,5,0,4,4,186,46.10864167,-87.73210000,32,2,0,0,0,1,1
260534,MICHIGAN,MI,1,1,0,0,1,1,15,0,ANNISTON,11,4,April,2012,4,Wednesday,4,55,0,6,4,13,42.58161111,-85.14763611,1,2,0,0,0,1,0
260535,MICHIGAN,MI,1,1,0,0,1,1,15,0,ANNISTON,27,4,April,2012,6,Friday,22,15,0,4,4,49,42.62079722,-85.21165556,59,2,0,0,0,1,1
260537,MICHIGAN,MI,1,1,0,0,1,1,123,0,ALEXANDER CITY,5,4,April,2012,5,Thursday,14,45,0,6,4,29,43.68393333,-85.60173056,42,1,0,0,0,1,0
260538,MICHIGAN,MI,3,3,0,0,3,3,99,4521,BEATRICE,20,8,August,2012,2,Monday,17,1,0,14,4,14,42.64092778,-83.01055556,12,1,0,0,0,1,0
260539,MICHIGAN,MI,2,2,0,0,2,2,45,0,ARITON,23,4,April,2012,2,Monday,12,30,0,13,3,11,42.66944444,-84.66288056,12,1,0,0,0,2,0
260540,MICHIGAN,MI,5,5,0,0,9,9,99,1009,BEATRICE,17,8,August,2012,6,Friday,22,57,1,13,3,93,42.57172778,-82.89026111,12,3,0,0,0,2,3
260541,MICHIGAN,MI,1,1,0,0,2,2,125,472,BROOKWOOD,9,4,April,2012,2,Monday,11,32,0,14,6,54,42.52150833,-83.24283889,42,1,0,0,0,1,0
260542,MICHIGAN,MI,3,3,0,0,3,3,125,4020,BROOKWOOD,22,8,August,2012,4,Wednesday,12,30,1,13,2,40,42.62149444,-83.32403889,12,1,0,0,0,1,0
260543,MICHIGAN,MI,1,1,0,0,2,2,163,1260,AVERA,23,6,June,2012,7,Saturday,1,15,0,15,6,17,42.39802500,-82.99915278,33,3,0,0,0,1,0
260544,MICHIGAN,MI,1,1,1,1,2,2,163,2120,AVERA,26,6,June,2012,3,Tuesday,19,36,0,14,6,12,42.40107222,-83.05639722,8,1,0,0,0,1,0
260545,MICHIGAN,MI,1,1,1,1,1,1,163,1260,AVERA,10,8,August,2012,6,Friday,16,55,0,14,6,20,42.43307778,-82.96543056,9,1,0,0,0,1,0
260546,MICHIGAN,MI,1,1,1,1,1,1,163,1260,AVERA,18,8,August,2012,7,Saturday,0,20,0,13,3,82,42.43933056,-82.97488611,8,2,0,0,0,1,0
260547,MICHIGAN,MI,1,1,0,0,3,3,59,0,FRANKLIN,22,8,August,2012,4,Wednesday,0,10,0,4,4,58,41.91277222,-84.52033333,42,2,0,0,0,2,1
260548,MICHIGAN,MI,1,1,0,0,1,1,101,0,BOYLSTON,18,8,August,2012,7,Saturday,14,42,0,6,4,10,44.23127500,-86.02348333,42,1,0,0,0,1,0
260549,MICHIGAN,MI,1,1,0,0,1,1,147,0,AUGUSTA,23,8,August,2012,5,Thursday,5,28,0,4,4,29,42.93015556,-82.67731667,32,2,0,0,0,1,1
260550,MICHIGAN,MI,2,2,0,0,2,2,17,0,CHAMBERS,17,8,August,2012,6,Friday,11,13,0,4,4,30,43.80350278,-83.98700556,12,1,0,0,0,2,0
260551,MICHIGAN,MI,3,3,0,0,3,3,125,4020,BROOKWOOD,15,8,August,2012,4,Wednesday,14,48,1,13,6,1,42.67703889,-83.29934722,12,1,0,0,0,1,0
260552,MICHIGAN,MI,1,1,0,0,1,1,157,0,ARCADE,26,8,August,2012,1,Sunday,7,16,0,6,4,29,43.33718889,-83.52637222,53,1,0,0,0,1,0
260553,MICHIGAN,MI,1,1,0,0,1,1,155,0,IRWIN,18,8,August,2012,7,Saturday,1,47,0,5,4,37,42.95139167,-84.30016944,11,2,0,0,0,1,0
260554,MICHIGAN,MI,2,2,0,0,2,2,145,0,BALD KNOB,16,8,August,2012,5,Thursday,6,40,1,2,3,118,43.40718333,-83.73803056,12,4,0,0,0,1,0
260555,MICHIGAN,MI,1,1,1,1,1,1,147,0,AUGUSTA,20,8,August,2012,2,Monday,12,35,0,6,4,55,43.00562500,-82.62241111,9,1,0,0,0,1,0
260556,MICHIGAN,MI,1,1,0,0,3,3,81,0,AUBURN,23,8,August,2012,5,Thursday,8,20,0,6,4,46,43.24290556,-85.57126944,42,1,0,0,0,1,0
260557,MICHIGAN,MI,2,2,0,0,4,4,65,2700,CYPRESS,23,8,August,2012,5,Thursday,17,40,0,13,6,125,42.76282778,-84.60285556,12,1,0,0,0,1,1
260558,MICHIGAN,MI,2,2,0,0,2,2,75,3466,BEAVERTON,17,8,August,2012,6,Friday,9,55,0,4,4,32,42.16047778,-84.22067778,12,1,0,0,0,1,0
260559,MICHIGAN,MI,1,1,1,1,1,1,163,1260,AVERA,6,8,August,2012,2,Monday,21,35,1,11,1,73,42.42130833,-83.09033889,8,3,0,0,0,1,0
260560,MICHIGAN,MI,1,1,1,1,3,3,161,0,DENTON,25,8,August,2012,7,Saturday,22,52,0,14,4,6,42.22987778,-83.58247222,8,3,0,0,0,1,1
260561,MICHIGAN,MI,2,2,0,0,4,4,111,0,GRAHAM,25,8,August,2012,7,Saturday,13,5,0,4,4,85,43.57171944,-84.58821667,12,1,0,0,0,1,0
260562,MICHIGAN,MI,1,1,0,0,1,1,163,1260,AVERA,6,8,August,2012,2,Monday,22,40,0,15,6,19,42.43790556,-83.19165000,19,3,0,0,0,1,1
260563,MICHIGAN,MI,2,2,0,0,3,3,121,0,BON AIR,19,8,August,2012,1,Sunday,16,45,0,4,4,32,43.44978056,-86.30627778,12,1,0,0,0,1,1
260564,MICHIGAN,MI,2,2,0,0,2,2,81,2010,AUBURN,27,8,August,2012,2,Monday,16,1,1,11,1,74,42.95569167,-85.70516944,1,1,0,0,0,1,0
260565,MICHIGAN,MI,2,2,0,0,2,2,115,3320,ASHVILLE,30,8,August,2012,5,Thursday,20,9,0,15,2,12,41.91564167,-83.41821111,1,1,0,0,0,1,1
260566,MICHIGAN,MI,1,1,0,0,3,3,125,0,BROOKWOOD,3,8,August,2012,6,Friday,17,30,1,11,1,1,42.73875000,-83.45253611,1,1,0,0,0,1,0
260567,MICHIGAN,MI,1,1,0,0,1,1,49,0,COLLINSVILLE,31,8,August,2012,6,Friday,22,50,0,6,4,15,42.88366111,-83.89901111,34,2,0,0,0,1,0
260568,MICHIGAN,MI,3,3,0,0,4,4,27,0,ASHLAND,31,8,August,2012,6,Friday,23,5,0,3,2,126,41.78902222,-86.00883889,12,2,0,0,0,1,1
260569,MICHIGAN,MI,2,2,0,0,5,5,115,0,ASHVILLE,1,8,August,2012,4,Wednesday,12,26,0,14,4,9,41.74266111,-83.56737222,12,1,0,0,0,1,1
260570,MICHIGAN,MI,1,1,0,0,1,1,115,0,ASHVILLE,28,8,August,2012,3,Tuesday,17,40,0,6,4,25,41.82174722,-83.71568056,1,1,0,0,0,1,1
260571,MICHIGAN,MI,2,2,0,0,2,2,115,0,ASHVILLE,29,8,August,2012,4,Wednesday,11,43,1,2,2,9,41.79600000,-83.74983333,12,1,0,0,0,1,0
260572,MICHIGAN,MI,1,1,0,0,1,1,125,3260,BROOKWOOD,21,8,August,2012,3,Tuesday,13,23,0,6,4,0,42.55623056,-83.65707500,1,1,0,0,0,1,0
260573,MICHIGAN,MI,2,2,0,0,2,2,99,3540,BEATRICE,4,8,August,2012,7,Saturday,19,37,0,14,3,102,42.73331111,-82.78560833,12,1,0,0,0,1,0
260574,MICHIGAN,MI,3,3,0,0,3,3,99,0,BEATRICE,30,8,August,2012,5,Thursday,18,58,1,2,3,213,42.83959167,-83.02057222,12,1,0,0,0,1,0
260575,MICHIGAN,MI,2,2,0,0,4,4,75,2500,BEAVERTON,24,8,August,2012,6,Friday,14,30,0,14,6,5,42.22734167,-84.40854722,12,1,0,0,0,1,0
260576,MICHIGAN,MI,2,2,0,0,3,3,77,3727,ANDERSON,9,7,July,2012,2,Monday,22,58,0,15,4,18,42.24948333,-85.72612778,12,3,0,0,0,1,0
260577,MICHIGAN,MI,2,2,0,0,2,2,81,2010,AUBURN,20,7,July,2012,6,Friday,16,45,0,13,6,31,42.88366111,-85.60839444,12,1,0,0,0,1,0
260578,MICHIGAN,MI,1,1,0,0,1,1,163,1480,AVERA,27,8,August,2012,2,Monday,19,0,0,16,6,3,42.24748333,-83.15244722,1,1,0,0,0,1,0
260579,MICHIGAN,MI,1,1,0,0,3,3,49,0,COLLINSVILLE,30,6,June,2012,7,Saturday,11,27,1,11,1,219,43.15885556,-83.76649444,34,1,0,0,0,1,1
260580,MICHIGAN,MI,2,2,0,0,3,3,125,0,BROOKWOOD,27,6,June,2012,4,Wednesday,17,33,0,14,4,57,42.54732500,-83.38055833,12,1,0,0,0,1,0
260581,MICHIGAN,MI,2,2,0,0,2,2,107,0,CARROLLTON,1,9,September,2012,7,Saturday,13,52,0,3,3,17,43.58391944,-85.52801944,12,1,0,0,0,1,0
260582,MICHIGAN,MI,2,2,0,0,5,5,99,4731,BEATRICE,29,7,July,2012,1,Sunday,13,30,1,13,6,104,42.56659722,-83.01019722,12,1,0,0,0,1,0
260583,MICHIGAN,MI,1,1,1,1,1,1,99,5110,BEATRICE,3,9,September,2012,2,Monday,20,34,0,14,6,58,42.53167778,-83.06838056,9,3,0,0,0,1,1
260584,MICHIGAN,MI,1,1,1,1,1,1,17,0,CHAMBERS,1,9,September,2012,7,Saturday,21,9,0,16,4,2,43.60002500,-83.91523889,9,3,0,0,0,1,0
260585,MICHIGAN,MI,2,2,0,0,2,2,5,0,BAKER HILL,4,9,September,2012,3,Tuesday,16,46,1,2,2,71,42.52268333,-85.65737222,12,1,0,0,0,1,0
260586,MICHIGAN,MI,5,5,0,0,6,6,45,0,ARITON,6,8,August,2012,2,Monday,17,17,1,11,1,231,42.65907778,-84.68361667,12,1,0,0,0,1,0
260587,MICHIGAN,MI,2,2,0,0,4,4,163,1260,AVERA,5,9,September,2012,4,Wednesday,15,45,1,11,1,47,42.38922500,-83.06958333,12,1,0,0,0,1,0
260588,MICHIGAN,MI,1,1,1,1,1,1,49,1730,COLLINSVILLE,1,9,September,2012,7,Saturday,22,10,0,14,6,31,42.98916389,-83.65156389,8,3,0,0,0,1,0
260589,MICHIGAN,MI,2,2,0,0,3,3,145,0,BALD KNOB,5,9,September,2012,4,Wednesday,16,7,0,14,4,15,43.41595278,-84.07148611,12,1,0,0,0,1,0
260590,MICHIGAN,MI,1,1,0,0,1,1,17,0,CHAMBERS,7,9,September,2012,6,Friday,20,27,0,3,4,0,43.56815278,-84.08967778,59,2,0,0,0,1,1
260591,MICHIGAN,MI,1,1,1,1,1,1,107,0,CARROLLTON,9,9,September,2012,1,Sunday,12,33,0,13,3,37,43.68818056,-85.50574722,9,1,0,0,0,1,0
260592,MICHIGAN,MI,2,2,0,0,2,2,99,4210,BEATRICE,7,9,September,2012,6,Friday,7,23,0,14,6,5,42.80971389,-82.72912500,12,1,0,0,0,1,0
260593,MICHIGAN,MI,2,2,0,0,6,6,67,0,ABBEVILLE,9,9,September,2012,1,Sunday,7,26,0,4,4,66,42.87161667,-85.13417222,12,1,0,0,0,1,0
260594,MICHIGAN,MI,1,1,0,0,1,1,27,0,ASHLAND,9,9,September,2012,1,Sunday,8,29,0,14,3,12,41.82642500,-86.20175556,42,1,0,0,0,1,0
260595,MICHIGAN,MI,2,2,0,0,2,2,151,0,FLIPPEN,8,9,September,2012,7,Saturday,17,9,0,4,4,91,43.52864167,-82.67532778,12,1,0,0,0,1,0
260596,MICHIGAN,MI,2,2,0,0,2,2,145,0,BALD KNOB,6,9,September,2012,5,Thursday,21,43,0,3,3,109,43.18709722,-84.15359444,12,3,0,0,0,1,0
260597,MICHIGAN,MI,2,2,0,0,5,5,27,0,ASHLAND,11,9,September,2012,3,Tuesday,15,50,0,14,3,40,41.84062500,-86.16608611,12,1,0,0,0,2,0
260598,MICHIGAN,MI,4,4,0,0,12,12,117,0,BIRMINGHAM,9,9,September,2012,1,Sunday,16,55,0,2,3,85,43.45315833,-85.30137222,12,1,0,0,0,2,1
260599,MICHIGAN,MI,2,2,0,0,3,3,163,1260,AVERA,9,9,September,2012,1,Sunday,5,30,0,13,6,3,42.28924444,-83.14832222,12,2,0,0,0,1,1
260600,MICHIGAN,MI,1,1,1,1,1,1,159,0,FARRAR,11,9,September,2012,3,Tuesday,10,24,0,4,4,30,42.37533889,-85.91856944,9,1,0,0,0,1,0
260601,MICHIGAN,MI,1,1,0,0,1,1,21,0,CHILTON,12,9,September,2012,4,Wednesday,15,15,0,13,4,32,42.08088889,-86.41735278,1,1,0,0,0,1,0
260602,MICHIGAN,MI,3,2,0,0,6,6,81,2010,AUBURN,3,9,September,2012,2,Monday,4,26,1,13,3,127,42.91280833,-85.64708611,12,3,0,0,0,1,0
260603,MICHIGAN,MI,1,1,0,0,1,1,17,0,CHAMBERS,15,9,September,2012,7,Saturday,15,40,1,11,1,8,43.53288333,-83.94425000,59,1,0,0,0,1,0
260604,MICHIGAN,MI,2,2,0,0,2,2,81,0,AUBURN,14,9,September,2012,6,Friday,11,20,0,15,4,48,43.07271389,-85.68247222,12,1,0,0,0,1,0
260605,MICHIGAN,MI,1,1,0,0,1,1,93,2211,BEAR CREEK,12,9,September,2012,4,Wednesday,22,5,1,2,2,175,42.67273611,-83.75984722,1,2,0,0,0,1,1
260606,MICHIGAN,MI,2,2,0,0,2,2,99,924,BEATRICE,13,9,September,2012,5,Thursday,17,28,0,14,4,37,42.65988611,-82.77118056,12,1,0,0,0,1,0
260607,MICHIGAN,MI,1,1,0,0,1,1,89,0,BROWNSBORO,14,9,September,2012,6,Friday,2,14,0,3,3,25,45.09113056,-85.60356667,42,2,0,0,0,1,1
260608,MICHIGAN,MI,2,2,0,0,5,5,91,0,DAYTON,15,9,September,2012,7,Saturday,2,8,1,2,2,76,42.05918611,-84.22058056,12,3,0,0,0,2,0
260609,MICHIGAN,MI,3,3,0,0,3,3,139,2290,CALION,22,9,September,2012,7,Saturday,12,20,0,14,6,0,42.76872500,-86.07739167,12,1,0,0,0,1,0
260610,MICHIGAN,MI,2,2,0,0,2,2,49,1731,COLLINSVILLE,16,9,September,2012,1,Sunday,12,55,1,11,1,16,42.98600556,-83.72756944,12,1,0,0,0,1,1
260611,MICHIGAN,MI,1,1,0,0,1,1,73,0,ARGO,17,9,September,2012,2,Monday,0,39,1,13,3,176,43.61165000,-84.69600833,42,3,0,0,0,1,0
260612,MICHIGAN,MI,2,2,0,0,3,3,37,0,BRADFORD,18,9,September,2012,3,Tuesday,15,14,1,2,2,48,42.83841667,-84.51903333,12,1,0,0,0,3,0
260613,MICHIGAN,MI,4,4,0,0,7,7,115,0,ASHVILLE,30,9,September,2012,1,Sunday,13,30,1,1,1,238,42.03420000,-83.29003611,12,1,0,0,0,1,0
260614,MICHIGAN,MI,1,1,0,0,2,2,73,0,ARGO,18,9,September,2012,3,Tuesday,7,11,0,16,4,56,43.56802222,-84.79486944,42,2,0,0,0,1,1
260615,MICHIGAN,MI,2,2,0,0,3,3,65,2700,CYPRESS,16,9,September,2012,1,Sunday,13,39,0,15,6,22,42.71908611,-84.56807778,12,1,0,0,0,1,0
260616,MICHIGAN,MI,1,1,0,0,1,1,49,0,COLLINSVILLE,15,9,September,2012,7,Saturday,22,33,0,14,4,28,42.97974444,-83.55458611,34,2,0,0,0,1,1
260617,MICHIGAN,MI,1,1,0,0,1,1,77,47,ANDERSON,3,9,September,2012,2,Monday,12,40,1,2,2,218,42.37942500,-85.65611389,1,1,0,0,0,1,0
260618,MICHIGAN,MI,1,1,1,1,1,1,163,1260,AVERA,15,9,September,2012,7,Saturday,23,45,0,13,6,15,42.34317778,-83.23238611,8,2,0,0,0,1,0
260619,MICHIGAN,MI,2,2,0,0,3,3,81,2860,AUBURN,18,9,September,2012,3,Tuesday,18,43,0,16,6,2,42.92871389,-85.33143611,12,1,0,0,0,1,0
260620,MICHIGAN,MI,2,2,0,0,2,2,163,1260,AVERA,16,9,September,2012,1,Sunday,10,5,1,13,3,11,42.43210556,-83.11536944,12,1,0,0,0,1,0
260621,MICHIGAN,MI,2,2,0,0,3,3,161,0,DENTON,22,9,September,2012,7,Saturday,14,32,0,14,4,73,42.18784722,-83.60777778,12,1,0,0,0,1,0
260622,MICHIGAN,MI,1,1,0,0,1,1,75,0,BEAVERTON,19,9,September,2012,4,Wednesday,0,10,0,6,4,7,42.36075833,-84.26521389,1,2,0,0,0,1,1
260623,MICHIGAN,MI,1,1,0,0,1,1,125,0,BROOKWOOD,24,9,September,2012,2,Monday,2,53,1,11,1,167,42.61373333,-83.23308333,52,2,0,0,0,1,1
260624,MICHIGAN,MI,1,1,1,1,1,1,163,2850,AVERA,21,9,September,2012,6,Friday,20,40,1,13,6,147,42.42839722,-83.35543056,8,3,0,0,0,1,0
260625,MICHIGAN,MI,1,1,1,1,1,1,41,0,BRANTLEY,27,9,September,2012,5,Thursday,8,5,0,6,4,2,45.69360000,-86.96444722,8,1,0,0,0,1,0
260626,MICHIGAN,MI,2,2,0,0,3,3,21,0,CHILTON,23,9,September,2012,1,Sunday,11,3,1,1,1,3,41.76294722,-86.74673333,1,1,0,0,0,1,0
260627,MICHIGAN,MI,2,2,0,0,3,3,159,2544,FARRAR,25,9,September,2012,3,Tuesday,7,5,0,4,4,14,42.09855833,-86.16638056,12,4,0,0,0,2,0
260628,MICHIGAN,MI,2,2,0,0,2,2,163,2850,AVERA,23,9,September,2012,1,Sunday,16,42,0,13,6,193,42.39644167,-83.33440278,1,1,0,0,0,1,0
260629,MICHIGAN,MI,2,2,0,0,2,2,65,0,CYPRESS,20,9,September,2012,5,Thursday,11,40,0,4,4,70,42.64460833,-84.22658056,12,1,0,0,0,2,0
260630,MICHIGAN,MI,3,3,0,0,7,7,81,0,AUBURN,30,9,September,2012,1,Sunday,11,40,0,14,4,155,42.81221111,-85.47763333,12,1,0,0,0,1,0
260631,MICHIGAN,MI,1,1,0,0,1,1,59,0,FRANKLIN,24,9,September,2012,2,Monday,14,57,0,4,4,96,41.91300278,-84.44575278,18,1,0,0,0,1,1
260632,MICHIGAN,MI,2,2,0,0,3,3,55,0,ATTALLA,23,9,September,2012,1,Sunday,21,34,1,2,3,17,44.77268889,-85.46547222,12,2,0,0,0,1,1
260633,MICHIGAN,MI,1,1,1,1,1,1,81,2010,AUBURN,29,9,September,2012,7,Saturday,19,8,0,14,6,24,42.95553611,-85.64163611,8,1,0,0,0,2,1
260634,MICHIGAN,MI,1,1,0,0,1,1,121,3450,BON AIR,19,9,September,2012,4,Wednesday,17,42,1,12,2,71,43.21945556,-86.20488889,58,1,0,0,0,1,0
260635,MICHIGAN,MI,2,2,0,0,3,3,145,0,BALD KNOB,14,9,September,2012,6,Friday,8,52,0,14,4,5,43.46615833,-84.07181944,12,1,0,0,0,1,0
260636,MICHIGAN,MI,2,2,0,0,3,3,139,0,CALION,26,9,September,2012,4,Wednesday,11,47,0,6,4,46,42.86644444,-85.90098611,12,1,0,0,0,1,0
260637,MICHIGAN,MI,2,2,0,0,2,2,147,3080,AUGUSTA,28,9,September,2012,6,Friday,16,22,1,13,3,143,42.90981667,-82.49980556,12,1,0,0,0,1,0
260638,MICHIGAN,MI,2,2,0,0,3,3,157,5010,ARCADE,12,9,September,2012,4,Wednesday,12,36,0,3,3,104,43.36358333,-83.58013611,12,1,0,0,0,1,0
260639,MICHIGAN,MI,2,2,0,0,2,2,121,0,BON AIR,28,9,September,2012,6,Friday,22,9,0,14,3,33,43.23423611,-86.18415278,12,3,0,0,0,1,1
260640,MICHIGAN,MI,1,1,1,1,1,1,21,0,CHILTON,17,9,September,2012,2,Monday,15,26,0,99,4,1,41.76798056,-86.23142778,15,1,0,0,0,1,0
260641,MICHIGAN,MI,2,2,0,0,8,8,147,0,AUGUSTA,28,9,September,2012,6,Friday,22,37,0,4,4,109,42.88421944,-82.55829167,12,2,0,0,0,1,0
260642,MICHIGAN,MI,2,2,0,0,2,2,37,0,BRADFORD,27,9,September,2012,5,Thursday,20,7,0,13,3,43,42.83134444,-84.54294722,12,5,0,0,0,1,0
260643,MICHIGAN,MI,1,1,0,0,2,2,163,1260,AVERA,30,9,September,2012,1,Sunday,3,17,1,11,1,18,42.36294722,-83.12675278,42,3,0,0,0,1,1
260644,MICHIGAN,MI,2,2,0,0,2,2,99,2181,BEATRICE,9,9,September,2012,1,Sunday,14,55,1,13,4,115,42.57004167,-82.86373333,12,1,0,0,0,1,0
260646,MICHIGAN,MI,1,1,4,4,1,1,147,0,AUGUSTA,9,9,September,2012,1,Sunday,20,30,0,15,4,7,42.69560278,-82.70863889,8,2,0,0,0,1,0
260647,MICHIGAN,MI,2,2,0,0,2,2,77,0,ANDERSON,28,9,September,2012,6,Friday,17,8,0,14,4,11,42.33112222,-85.58984167,12,1,0,0,0,1,0
260648,MICHIGAN,MI,2,2,0,0,3,3,163,4900,AVERA,17,6,June,2012,1,Sunday,2,45,1,13,6,82,42.15192500,-83.17555833,12,3,0,0,0,1,1
260649,MICHIGAN,MI,1,1,0,0,1,1,5,0,BAKER HILL,6,8,August,2012,2,Monday,23,17,0,14,4,40,42.46445833,-85.66940556,34,2,0,0,0,1,1
260650,MICHIGAN,MI,1,1,1,1,1,1,49,1730,COLLINSVILLE,30,9,September,2012,1,Sunday,23,45,0,13,6,10,43.05224722,-83.73268611,8,3,0,0,0,1,0
260651,MICHIGAN,MI,2,2,0,0,4,4,145,0,BALD KNOB,18,9,September,2012,3,Tuesday,12,35,1,2,3,41,43.41200833,-84.28918611,12,1,0,0,0,1,0