ST_CASE,State Name,State Abbreviation,# of Vehicle involved,Parked_Vehicles_Involved,Pedestrains,Person_Not_in_Motor_Vehicle,Persons_in_motor_vehicle,Total_Persons_in_accident,COUNTY,CITY,City_County_Name,Calendar_DAY,MONTH,Month_name,YEAR,DAY_WEEK,Day_Week_desc,HOUR,MINUTE,NHS_Desc,trafficway,Route,MILEPT,LATITUDE,LONGITUD,First_Crash_event,Light_cond_desc,Weather_condition,School_bus_involved,Crash_cause,FATALS,DRUNK_DR
260652,MICHIGAN,MI,1,1,0,0,1,1,127,0,BURNWELL,18,9,September,2012,3,Tuesday,99,99,0,6,4,28,43.61202500,-86.04936111,42,2,0,0,0,1,1
260653,MICHIGAN,MI,2,2,0,0,2,2,5,80,BAKER HILL,26,9,September,2012,4,Wednesday,11,25,0,14,3,70,42.51785278,-85.85900556,12,1,0,0,0,1,0
260654,MICHIGAN,MI,2,2,0,0,1,1,163,4975,AVERA,11,9,September,2012,3,Tuesday,13,43,0,14,4,84,42.20680278,-83.54335000,12,1,0,0,0,1,0
260655,MICHIGAN,MI,1,1,0,0,1,1,161,150,DENTON,8,9,September,2012,7,Saturday,3,12,0,13,6,10,42.29944722,-83.72459167,40,3,0,0,0,1,0
260656,MICHIGAN,MI,2,2,0,0,2,2,159,0,FARRAR,24,8,August,2012,6,Friday,17,55,1,1,1,129,42.19580833,-85.97766389,12,1,0,0,0,1,0
260657,MICHIGAN,MI,1,1,1,1,2,2,27,0,ASHLAND,28,8,August,2012,3,Tuesday,1,35,0,4,3,1,42.07028333,-86.18563333,8,2,0,0,0,1,0
260658,MICHIGAN,MI,1,1,0,0,2,2,125,3641,BROOKWOOD,29,9,September,2012,7,Saturday,14,24,0,14,6,2,42.44782778,-83.18119722,42,1,0,0,0,1,0
260659,MICHIGAN,MI,1,1,0,0,1,1,163,4900,AVERA,28,9,September,2012,6,Friday,19,18,1,13,3,56,42.22480833,-83.18106667,33,5,0,0,0,1,1
260660,MICHIGAN,MI,2,2,0,0,3,3,5,0,BAKER HILL,8,3,March,2012,5,Thursday,1,50,0,2,3,145,42.68777500,-86.01638056,12,2,0,0,0,1,0
260661,MICHIGAN,MI,1,1,0,0,1,1,65,0,CYPRESS,2,10,October,2012,3,Tuesday,18,57,1,2,2,135,42.61089167,-84.47361667,24,1,0,0,0,1,0
260662,MICHIGAN,MI,2,2,0,0,2,2,91,0,DAYTON,4,10,October,2012,5,Thursday,9,15,1,2,2,4,42.03507500,-84.34478056,12,1,0,0,0,1,0
260663,MICHIGAN,MI,1,1,0,0,1,1,55,0,ATTALLA,1,10,October,2012,2,Monday,2,0,0,3,4,23,44.69605278,-85.47500556,1,2,0,0,0,1,0
260664,MICHIGAN,MI,2,2,0,0,3,3,111,3240,GRAHAM,3,10,October,2012,4,Wednesday,18,27,0,14,6,215,43.63038889,-84.23107778,12,5,0,0,0,1,0
260665,MICHIGAN,MI,1,1,0,0,1,1,81,0,AUBURN,3,10,October,2012,4,Wednesday,15,30,0,3,3,171,43.17672778,-85.31627222,1,1,0,0,0,1,0
260666,MICHIGAN,MI,1,1,0,0,1,1,115,2723,ASHVILLE,6,10,October,2012,7,Saturday,2,21,0,14,3,95,41.85824444,-83.46062778,30,2,0,0,0,1,1
260667,MICHIGAN,MI,1,1,0,0,1,1,147,0,AUGUSTA,7,10,October,2012,1,Sunday,21,24,1,1,1,101,42.97851667,-82.79346389,1,2,0,0,0,1,0
260668,MICHIGAN,MI,1,1,0,0,1,1,51,0,CENTRAL,8,10,October,2012,2,Monday,20,35,0,3,3,24,43.84711667,-84.48565000,34,2,0,0,0,1,0
260669,MICHIGAN,MI,1,1,0,0,1,1,59,0,FRANKLIN,20,9,September,2012,5,Thursday,22,23,1,2,2,231,42.05144722,-84.41526667,30,3,0,0,0,1,1
260670,MICHIGAN,MI,1,1,0,0,2,2,145,0,BALD KNOB,5,10,October,2012,6,Friday,3,57,1,13,3,25,43.43771667,-83.99568889,33,3,0,0,0,1,1
260671,MICHIGAN,MI,2,2,0,0,6,6,23,0,BLADON SPRINGS,5,10,October,2012,6,Friday,9,48,0,3,3,32,42.06123611,-85.23517500,12,1,0,0,0,2,1
260672,MICHIGAN,MI,2,2,0,0,4,4,125,0,BROOKWOOD,28,9,September,2012,6,Friday,21,38,1,11,1,264,42.71997778,-83.30735556,12,3,0,0,0,1,1
260673,MICHIGAN,MI,2,2,0,0,3,3,123,0,ALEXANDER CITY,12,10,October,2012,6,Friday,17,46,0,3,3,75,43.55534444,-85.64181111,12,1,0,0,0,2,0
260674,MICHIGAN,MI,1,1,1,1,2,2,115,0,ASHVILLE,12,10,October,2012,6,Friday,6,51,0,16,4,1,41.88522500,-83.42814444,53,2,0,0,0,1,0
260675,MICHIGAN,MI,1,1,1,1,1,1,99,4970,BEATRICE,14,10,October,2012,1,Sunday,6,18,1,13,3,30,42.62570556,-83.03234444,8,3,0,0,0,1,0
260676,MICHIGAN,MI,1,1,1,1,1,1,99,5110,BEATRICE,28,9,September,2012,6,Friday,8,5,0,14,6,57,42.52968056,-83.06828889,18,1,0,0,0,1,0
260677,MICHIGAN,MI,1,1,0,0,4,4,125,4905,BROOKWOOD,1,10,October,2012,2,Monday,2,46,1,11,1,99,42.55915278,-83.15410278,25,3,0,0,0,1,1
260678,MICHIGAN,MI,2,2,0,0,3,3,55,0,ATTALLA,15,10,October,2012,2,Monday,18,29,1,2,3,50,44.62706667,-85.65606944,12,1,0,0,0,2,0
260679,MICHIGAN,MI,1,1,1,1,1,1,163,1260,AVERA,13,10,October,2012,7,Saturday,5,0,1,13,2,162,42.42365000,-83.27777500,8,3,0,0,0,1,0
260680,MICHIGAN,MI,1,1,1,1,1,1,45,1245,ARITON,14,10,October,2012,1,Sunday,23,36,1,13,3,203,42.74104722,-84.65742222,8,3,0,0,0,1,1
260681,MICHIGAN,MI,1,1,0,0,1,1,23,0,BLADON SPRINGS,17,10,October,2012,4,Wednesday,15,50,0,6,4,37,41.84015000,-85.14606944,42,1,0,0,0,1,0
260682,MICHIGAN,MI,2,2,0,0,3,3,21,0,CHILTON,17,10,October,2012,4,Wednesday,16,7,1,2,3,38,41.97563611,-86.38729722,12,1,0,0,0,1,0
260683,MICHIGAN,MI,1,1,1,1,1,1,49,686,COLLINSVILLE,2,10,October,2012,3,Tuesday,7,8,0,14,6,33,43.01045000,-83.61936667,8,1,0,0,0,1,0
260684,MICHIGAN,MI,2,2,0,0,2,2,59,0,FRANKLIN,1,10,October,2012,2,Monday,9,3,0,6,4,27,41.97323056,-84.68984722,12,1,0,0,0,1,0
260685,MICHIGAN,MI,2,2,0,0,3,3,99,4521,BEATRICE,4,10,October,2012,5,Thursday,11,4,0,13,4,32,42.66958333,-83.03383611,12,1,0,0,0,1,0
260686,MICHIGAN,MI,1,1,0,0,2,2,49,0,COLLINSVILLE,3,10,October,2012,4,Wednesday,12,45,0,4,4,72,43.17743056,-83.65995278,32,1,0,0,0,1,0
260687,MICHIGAN,MI,1,1,1,1,1,1,147,0,AUGUSTA,5,10,October,2012,6,Friday,1,45,0,4,4,51,42.90985278,-82.88822500,8,2,0,0,0,1,0
260688,MICHIGAN,MI,1,1,0,0,2,2,65,0,CYPRESS,5,10,October,2012,6,Friday,7,47,0,6,4,56,42.50290000,-84.26789444,42,9,0,0,0,1,0
260689,MICHIGAN,MI,3,2,1,1,2,2,99,5110,BEATRICE,17,10,October,2012,4,Wednesday,23,0,1,11,1,24,42.48818333,-83.04350278,12,3,0,0,23,1,1
260690,MICHIGAN,MI,1,1,0,0,1,1,145,0,BALD KNOB,4,10,October,2012,5,Thursday,3,45,0,4,4,12,43.32373889,-84.18945833,32,2,0,0,0,1,0
260691,MICHIGAN,MI,2,2,0,0,2,2,49,686,COLLINSVILLE,12,10,October,2012,6,Friday,9,17,0,13,6,31,42.97500556,-83.63328611,12,1,0,0,0,1,0
260692,MICHIGAN,MI,2,2,0,0,3,3,81,5089,AUBURN,20,10,October,2012,7,Saturday,0,38,1,11,1,65,43.02111667,-85.66703611,12,3,0,0,0,1,0
260693,MICHIGAN,MI,1,1,0,0,1,1,159,0,FARRAR,8,10,October,2012,2,Monday,12,56,0,6,4,18,42.39703056,-85.79317222,11,1,0,0,0,1,0
260694,MICHIGAN,MI,1,1,0,0,1,1,3,0,BALDWIN,13,10,October,2012,7,Saturday,19,0,0,4,4,90,46.31414444,-86.97029722,30,5,0,0,0,1,1
260695,MICHIGAN,MI,2,1,0,0,2,2,161,0,DENTON,7,10,October,2012,1,Sunday,5,34,0,16,4,3,42.22767778,-83.57651944,14,2,0,0,0,1,1
260696,MICHIGAN,MI,2,2,0,0,2,2,37,0,BRADFORD,21,10,October,2012,1,Sunday,12,10,1,13,3,91,42.78431667,-84.66663056,12,1,0,0,0,1,0
260697,MICHIGAN,MI,2,2,0,0,2,2,91,0,DAYTON,18,10,October,2012,5,Thursday,4,10,0,14,4,1,41.94133056,-83.98612500,12,2,0,0,0,1,1
260698,MICHIGAN,MI,1,1,1,1,1,1,91,3360,DAYTON,22,10,October,2012,2,Monday,6,53,0,4,3,16,41.72962222,-84.21882778,8,3,0,0,0,1,0
260699,MICHIGAN,MI,1,1,0,0,2,2,163,1260,AVERA,20,10,October,2012,7,Saturday,1,55,1,12,3,85,42.34331389,-83.21600000,21,3,0,0,0,2,1
260700,MICHIGAN,MI,1,1,1,1,1,1,103,3050,DANVILLE,20,10,October,2012,7,Saturday,7,5,0,14,6,5,46.54584444,-87.41703889,8,3,0,0,0,1,0
260701,MICHIGAN,MI,1,1,0,0,1,1,105,0,MARION,23,10,October,2012,3,Tuesday,1,30,0,16,4,25,43.97086111,-86.38044722,42,2,0,0,0,1,1
260702,MICHIGAN,MI,2,2,0,0,2,2,163,4975,AVERA,15,10,October,2012,2,Monday,6,54,1,11,1,23,42.21974722,-83.50452500,12,2,0,0,0,1,0
260703,MICHIGAN,MI,2,2,0,0,2,2,99,4521,BEATRICE,17,10,October,2012,4,Wednesday,11,52,0,13,4,32,42.66958611,-83.03383611,12,1,0,0,0,1,0
260704,MICHIGAN,MI,1,1,0,0,3,3,81,0,AUBURN,19,10,October,2012,6,Friday,3,47,0,6,4,7,43.26331389,-85.77473889,1,2,0,0,0,1,1
260705,MICHIGAN,MI,1,1,1,1,1,1,163,1210,AVERA,20,10,October,2012,7,Saturday,17,35,0,13,6,2,42.34372222,-83.19221944,8,1,0,0,0,1,1
260706,MICHIGAN,MI,1,1,1,1,1,1,163,1260,AVERA,22,10,October,2012,2,Monday,19,30,0,13,6,138,42.43131667,-83.16331389,8,3,0,0,0,1,0
260707,MICHIGAN,MI,1,1,1,1,1,1,99,4330,BEATRICE,17,10,October,2012,4,Wednesday,22,14,0,15,6,63,42.49350278,-82.96741944,8,3,0,0,0,1,0
260708,MICHIGAN,MI,5,5,0,0,7,7,163,1212,AVERA,20,10,October,2012,7,Saturday,13,37,0,13,6,141,42.31190000,-83.31086111,12,1,0,0,0,1,0
260709,MICHIGAN,MI,2,2,0,0,3,3,81,6,AUBURN,22,10,October,2012,2,Monday,17,52,0,14,4,21,42.97518611,-85.50053889,12,5,0,0,0,1,0
260710,MICHIGAN,MI,1,1,0,0,3,3,27,0,ASHLAND,23,10,October,2012,3,Tuesday,21,14,0,6,4,48,41.80928889,-85.84246111,42,2,0,0,0,2,0
260711,MICHIGAN,MI,1,1,0,0,1,1,163,1260,AVERA,24,10,October,2012,4,Wednesday,3,31,1,11,1,305,42.38395278,-83.02920833,1,2,0,0,0,1,0
260712,MICHIGAN,MI,2,2,0,0,5,5,163,1260,AVERA,25,10,October,2012,5,Thursday,20,30,1,13,3,7,42.34165833,-83.04006944,12,3,0,0,0,1,0
260713,MICHIGAN,MI,2,2,0,0,2,2,35,0,BROOKLYN,26,10,October,2012,6,Friday,9,39,0,3,3,164,43.82260556,-84.78509722,12,1,0,0,0,1,0
260714,MICHIGAN,MI,1,1,0,0,1,1,77,4030,ANDERSON,30,10,October,2012,3,Tuesday,2,34,1,12,2,0,42.24028056,-85.63996389,1,2,0,0,0,1,1
260715,MICHIGAN,MI,1,1,1,1,1,1,139,0,CALION,29,10,October,2012,2,Monday,22,53,0,6,4,1,42.85754722,-86.05970556,9,2,0,0,0,1,0
260716,MICHIGAN,MI,2,2,0,0,2,2,87,0,ARMSTRONG,26,10,October,2012,6,Friday,10,55,1,2,3,121,43.05886667,-83.07065278,12,1,0,0,0,1,0
260717,MICHIGAN,MI,1,1,1,1,1,1,163,738,AVERA,12,10,October,2012,6,Friday,10,37,0,99,4,0,42.30796389,-83.48326111,8,1,0,0,0,1,0
260718,MICHIGAN,MI,2,2,0,0,2,2,163,0,AVERA,31,10,October,2012,4,Wednesday,15,51,0,14,4,1,42.43526944,-83.54914444,12,1,0,0,0,2,0
260719,MICHIGAN,MI,1,1,1,1,1,1,163,1260,AVERA,26,10,October,2012,6,Friday,3,25,0,14,6,10,42.36780278,-83.12384722,8,2,0,0,0,1,0
260720,MICHIGAN,MI,1,1,0,0,1,1,163,1260,AVERA,3,10,October,2012,4,Wednesday,4,53,1,11,1,3,42.34939722,-83.10010833,25,3,0,0,0,1,0
260721,MICHIGAN,MI,3,3,0,0,3,3,99,919,BEATRICE,30,10,October,2012,3,Tuesday,12,24,0,14,4,17,42.65065000,-82.80606111,12,1,0,0,0,1,0
260722,MICHIGAN,MI,3,3,0,0,4,4,163,1260,AVERA,15,8,August,2012,4,Wednesday,20,45,0,14,6,13,42.43971111,-83.09556389,12,1,0,0,0,1,1
260723,MICHIGAN,MI,3,3,0,0,5,5,5,0,BAKER HILL,1,10,October,2012,2,Monday,15,59,1,2,2,5,42.42809167,-85.66055278,12,1,0,0,0,1,0
260724,MICHIGAN,MI,2,2,0,0,2,2,5,0,BAKER HILL,18,10,October,2012,5,Thursday,7,8,0,4,4,203,42.72480278,-85.59952500,12,3,0,0,0,1,0
260725,MICHIGAN,MI,2,2,0,0,2,2,125,5113,BROOKWOOD,2,8,August,2012,5,Thursday,3,5,1,13,3,178,42.63944722,-83.35220000,12,3,0,0,0,1,0
260726,MICHIGAN,MI,1,1,0,0,3,3,17,0,CHAMBERS,16,10,October,2012,3,Tuesday,3,30,0,6,4,0,43.56532222,-83.78930000,34,3,0,0,0,1,1
260727,MICHIGAN,MI,2,1,0,0,1,1,145,0,BALD KNOB,13,10,October,2012,7,Saturday,2,25,0,6,4,21,43.16264167,-83.96899167,42,2,0,0,0,1,0
260728,MICHIGAN,MI,2,2,0,0,7,7,51,0,CENTRAL,27,8,August,2012,2,Monday,20,37,0,4,4,29,43.92781389,-84.30693056,12,5,0,0,0,1,0
260729,MICHIGAN,MI,1,1,0,0,3,3,123,0,ALEXANDER CITY,29,10,October,2012,2,Monday,20,37,0,4,4,96,43.43154167,-85.64917500,42,1,0,0,0,2,1
260730,MICHIGAN,MI,1,1,0,0,1,1,115,0,ASHVILLE,26,10,October,2012,6,Friday,14,53,0,6,4,4,42.00495556,-83.27255000,42,1,0,0,0,1,0
260731,MICHIGAN,MI,1,1,0,0,1,1,87,0,ARMSTRONG,20,10,October,2012,7,Saturday,0,45,1,11,1,51,43.03146667,-83.36151944,21,2,0,0,0,1,0
260732,MICHIGAN,MI,1,1,0,0,1,1,159,0,FARRAR,22,10,October,2012,2,Monday,21,6,0,4,4,9,42.40365833,-86.23209722,40,2,0,0,0,1,0
260733,MICHIGAN,MI,2,2,0,0,3,3,145,0,BALD KNOB,30,10,October,2012,3,Tuesday,14,10,0,4,4,140,43.21821944,-84.09035556,12,1,0,0,0,1,0
260734,MICHIGAN,MI,1,1,1,1,2,2,163,1210,AVERA,12,10,October,2012,6,Friday,5,45,0,14,6,3,42.32160278,-83.22547778,8,3,0,0,0,1,0
260735,MICHIGAN,MI,1,1,1,1,1,1,145,0,BALD KNOB,24,10,October,2012,4,Wednesday,19,12,0,6,4,68,43.30707500,-83.77950556,9,2,0,0,0,1,0
260736,MICHIGAN,MI,2,1,1,3,1,3,115,0,ASHVILLE,7,10,October,2012,1,Sunday,22,10,0,14,3,112,41.87500556,-83.43853611,14,3,0,0,0,1,0
260737,MICHIGAN,MI,2,2,0,0,2,2,17,0,CHAMBERS,16,10,October,2012,3,Tuesday,17,59,0,14,4,30,43.56737778,-83.99363611,12,1,0,0,0,1,0
260738,MICHIGAN,MI,2,2,1,1,2,2,163,90,AVERA,16,10,October,2012,3,Tuesday,22,30,1,11,1,1,42.26641389,-83.23560556,8,2,0,0,0,1,0
260739,MICHIGAN,MI,2,2,0,0,2,2,99,5110,BEATRICE,5,10,October,2012,6,Friday,8,56,1,13,6,78,42.52067222,-83.04750556,12,1,0,0,0,1,0
260740,MICHIGAN,MI,2,2,3,3,2,2,99,919,BEATRICE,14,10,October,2012,1,Sunday,1,48,1,11,1,176,42.67225556,-82.82349722,12,2,0,0,0,2,0
260741,MICHIGAN,MI,2,2,1,1,2,2,81,5319,AUBURN,20,10,October,2012,7,Saturday,21,54,0,13,6,88,42.88758333,-85.66489167,8,3,0,0,0,1,0
260742,MICHIGAN,MI,2,2,0,0,5,5,163,1480,AVERA,26,10,October,2012,6,Friday,19,19,1,13,6,159,42.25696111,-83.13891667,12,5,0,0,0,1,0
260743,MICHIGAN,MI,2,2,0,0,3,3,147,1758,AUGUSTA,4,9,September,2012,3,Tuesday,10,13,0,13,3,53,43.06979722,-82.46598889,12,1,0,0,0,1,0
260744,MICHIGAN,MI,1,1,0,0,2,2,23,0,BLADON SPRINGS,1,11,November,2012,5,Thursday,13,29,0,3,3,19,41.94145278,-85.25791389,42,1,0,0,0,2,0
260745,MICHIGAN,MI,3,3,0,0,4,4,161,0,DENTON,3,11,November,2012,7,Saturday,7,55,1,11,1,226,42.23688056,-83.74037500,12,1,0,0,0,1,0
260746,MICHIGAN,MI,1,1,0,0,1,1,71,0,BRIDGEPORT,3,11,November,2012,7,Saturday,19,57,0,9,4,20,46.34074444,-88.28242778,1,2,0,0,0,1,1
260747,MICHIGAN,MI,3,3,0,0,3,3,115,0,ASHVILLE,3,11,November,2012,7,Saturday,12,45,1,11,1,100,41.86070833,-83.40811667,12,1,0,0,0,1,0
260748,MICHIGAN,MI,1,1,1,1,1,1,109,2179,ANSLEY,5,11,November,2012,2,Monday,22,43,0,4,4,28,45.68191944,-87.34660278,8,2,0,0,0,1,0
260749,MICHIGAN,MI,1,1,1,1,1,1,161,0,DENTON,8,11,November,2012,5,Thursday,17,49,0,14,4,14,42.25065556,-83.66103611,8,3,0,0,0,1,0
260750,MICHIGAN,MI,1,1,1,1,2,2,161,150,DENTON,9,11,November,2012,6,Friday,18,7,0,13,6,30,42.25065556,-83.75700278,8,2,0,0,0,1,0
260751,MICHIGAN,MI,2,2,0,0,3,3,81,0,AUBURN,12,11,November,2012,2,Monday,9,15,1,12,2,234,43.08811667,-85.63305833,12,1,0,0,0,1,0
260752,MICHIGAN,MI,1,1,0,0,1,1,163,1260,AVERA,7,11,November,2012,4,Wednesday,10,5,0,14,6,7,42.35173611,-83.04408889,30,1,0,0,0,1,0
260753,MICHIGAN,MI,2,2,0,0,4,4,17,0,CHAMBERS,11,11,November,2012,1,Sunday,19,55,0,4,4,30,43.90971944,-83.93507222,12,2,0,0,0,1,1
260754,MICHIGAN,MI,1,1,1,1,1,1,125,2935,BROOKWOOD,14,11,November,2012,4,Wednesday,6,3,0,13,6,35,42.49753889,-83.08531944,8,3,0,0,0,1,0
260755,MICHIGAN,MI,1,1,0,0,1,1,19,0,CEDAR BLUFF,14,11,November,2012,4,Wednesday,15,55,0,3,3,23,44.63595833,-86.17765833,1,1,0,0,0,1,1
260756,MICHIGAN,MI,3,3,0,0,8,8,159,0,FARRAR,13,11,November,2012,3,Tuesday,19,11,0,4,4,54,42.40428333,-86.14386667,12,2,0,0,0,3,1
260757,MICHIGAN,MI,1,1,0,0,1,1,67,0,ABBEVILLE,18,11,November,2012,1,Sunday,5,30,0,5,4,0,43.11230833,-85.04347778,42,2,0,0,0,1,1
260758,MICHIGAN,MI,1,1,0,0,1,1,99,4521,BEATRICE,18,11,November,2012,1,Sunday,19,48,0,14,4,37,42.71207222,-83.05553333,33,3,0,0,0,1,1
260759,MICHIGAN,MI,1,1,0,0,1,1,127,0,BURNWELL,18,11,November,2012,1,Sunday,15,30,1,2,2,71,43.55851944,-86.39180833,21,1,0,0,0,1,0
260760,MICHIGAN,MI,2,2,0,0,3,3,145,0,BALD KNOB,20,11,November,2012,3,Tuesday,17,28,0,4,4,32,43.26147500,-83.77784722,11,2,0,0,0,1,0
260761,MICHIGAN,MI,2,2,0,0,2,2,155,3780,IRWIN,22,11,November,2012,5,Thursday,12,17,0,14,3,173,43.01220833,-84.17671667,12,1,0,0,0,1,0
260762,MICHIGAN,MI,1,1,1,1,1,1,149,0,BELLEVILLE,25,11,November,2012,1,Sunday,3,0,0,4,4,15,41.78810278,-85.64318333,8,2,0,0,0,1,1
260763,MICHIGAN,MI,2,2,2,2,2,2,125,4567,BROOKWOOD,17,11,November,2012,7,Saturday,13,51,1,13,2,8,42.45448611,-83.27816111,12,1,0,0,0,1,0
260764,MICHIGAN,MI,1,1,0,0,2,2,151,0,FLIPPEN,24,11,November,2012,7,Saturday,3,50,0,6,4,5,43.67633611,-82.85784444,32,2,0,0,0,1,1
260765,MICHIGAN,MI,1,1,3,3,2,2,77,0,ANDERSON,18,11,November,2012,1,Sunday,3,24,1,13,2,16,42.31389722,-85.58824444,8,2,0,0,0,1,0
260766,MICHIGAN,MI,2,1,0,0,1,1,75,0,BEAVERTON,1,11,November,2012,5,Thursday,12,46,0,14,6,62,42.22227222,-84.31315278,19,1,0,0,0,1,0
260767,MICHIGAN,MI,2,2,0,0,9,9,57,4765,BANKSTON,1,11,November,2012,5,Thursday,17,5,0,4,4,40,43.35037778,-84.83586667,12,1,0,0,0,1,0
260768,MICHIGAN,MI,2,2,0,0,2,2,45,890,ARITON,3,11,November,2012,7,Saturday,11,15,0,13,6,12,42.57545556,-84.81936111,12,1,0,0,0,1,0
260769,MICHIGAN,MI,2,2,0,0,3,3,125,4905,BROOKWOOD,3,11,November,2012,7,Saturday,18,59,0,13,6,129,42.59236944,-83.11640278,12,3,0,0,0,1,1
260770,MICHIGAN,MI,1,1,2,2,1,1,115,0,ASHVILLE,13,11,November,2012,3,Tuesday,19,46,0,14,3,4,41.93281111,-83.46199444,8,2,0,0,0,1,0
260771,MICHIGAN,MI,2,2,0,0,3,3,49,1730,COLLINSVILLE,27,11,November,2012,3,Tuesday,20,27,0,14,6,12,42.98870278,-83.73282500,12,2,0,0,0,1,1
260772,MICHIGAN,MI,1,1,0,0,1,1,1,0,AUTAUGA,29,11,November,2012,5,Thursday,20,25,0,3,4,232,44.84576389,-83.40732500,30,3,0,0,0,1,1
260773,MICHIGAN,MI,1,1,0,0,3,3,25,310,BARLOW BEND,29,11,November,2012,5,Thursday,2,0,0,15,6,24,42.31556111,-85.19430833,42,3,0,0,0,2,1
260774,MICHIGAN,MI,2,2,0,0,2,2,99,2761,BEATRICE,16,11,November,2012,6,Friday,18,30,0,3,3,135,42.77419167,-82.75274167,12,2,0,0,0,1,1
260775,MICHIGAN,MI,1,1,0,0,5,5,163,1260,AVERA,2,11,November,2012,6,Friday,6,25,0,16,6,10,42.38402222,-83.00529167,42,3,0,0,0,2,0
260776,MICHIGAN,MI,1,1,0,0,1,1,137,0,ALCO,5,11,November,2012,2,Monday,15,50,1,11,1,87,45.13495556,-84.67137778,1,1,0,0,0,1,0
260777,MICHIGAN,MI,2,2,3,3,1,1,163,1260,AVERA,25,11,November,2012,1,Sunday,4,40,1,12,3,63,42.39856389,-83.10996667,23,3,11,0,0,1,0
260778,MICHIGAN,MI,1,1,0,0,1,1,125,0,BROOKWOOD,4,11,November,2012,1,Sunday,21,40,0,14,4,62,42.50480556,-83.63026944,30,2,0,0,0,1,1
260779,MICHIGAN,MI,2,2,0,0,3,3,25,0,BARLOW BEND,7,11,November,2012,4,Wednesday,8,5,0,6,4,19,42.32530556,-85.02444722,12,1,0,0,0,1,1
260780,MICHIGAN,MI,1,1,0,0,1,1,81,5319,AUBURN,9,11,November,2012,6,Friday,6,55,1,11,1,59,42.94021667,-85.71568889,1,2,0,0,0,1,0
260781,MICHIGAN,MI,1,1,1,1,1,1,139,0,CALION,10,11,November,2012,7,Saturday,23,30,1,13,2,37,42.81935278,-86.09135000,8,3,0,0,0,1,0
260782,MICHIGAN,MI,1,1,0,0,1,1,107,0,CARROLLTON,11,11,November,2012,1,Sunday,7,30,0,4,4,31,43.74897500,-85.26443333,52,2,0,0,0,1,0
260783,MICHIGAN,MI,2,2,0,0,2,2,161,0,DENTON,8,11,November,2012,5,Thursday,9,30,0,14,4,9,42.24115000,-83.64786944,12,1,0,0,0,1,0
260784,MICHIGAN,MI,2,2,0,0,2,2,161,0,DENTON,26,11,November,2012,2,Monday,21,59,1,12,2,48,42.15243889,-83.68372500,12,2,0,0,0,1,0
260785,MICHIGAN,MI,2,2,1,1,2,2,125,512,BROOKWOOD,10,11,November,2012,7,Saturday,18,24,1,13,2,9,42.61542778,-83.31278611,12,2,0,0,0,1,0
260786,MICHIGAN,MI,1,1,0,0,2,2,75,0,BEAVERTON,1,12,December,2012,7,Saturday,22,23,0,5,4,14,42.36437778,-84.28496389,30,2,0,0,0,2,1
260787,MICHIGAN,MI,1,1,0,0,1,1,147,0,AUGUSTA,2,12,December,2012,1,Sunday,20,46,0,15,4,2,42.63853889,-82.55904444,30,2,0,0,0,1,0
260788,MICHIGAN,MI,1,1,0,0,1,1,99,0,BEATRICE,2,12,December,2012,1,Sunday,7,42,0,6,4,7,42.86425556,-82.74688056,52,1,0,0,0,1,1
260789,MICHIGAN,MI,1,1,0,0,1,1,145,0,BALD KNOB,4,12,December,2012,3,Tuesday,23,58,0,6,4,3,43.22361667,-83.99620000,1,2,0,0,0,1,1
260790,MICHIGAN,MI,1,1,0,0,1,1,25,310,BARLOW BEND,14,11,November,2012,4,Wednesday,13,45,0,14,3,30,42.34911667,-85.24547778,33,1,0,0,0,1,0
260791,MICHIGAN,MI,1,1,0,0,1,1,163,1260,AVERA,3,11,November,2012,7,Saturday,11,0,0,16,6,2,42.32807500,-83.13293333,18,1,0,0,0,1,0
260792,MICHIGAN,MI,1,1,0,0,1,1,9,0,BLOUNT,4,12,December,2012,3,Tuesday,6,50,0,4,4,43,45.06039444,-85.07970278,42,2,0,0,0,1,1
260793,MICHIGAN,MI,1,1,0,0,1,1,139,0,CALION,15,11,November,2012,5,Thursday,23,27,0,6,4,23,42.87075556,-85.91590556,42,2,0,0,0,1,0
260794,MICHIGAN,MI,1,1,0,0,3,3,85,0,BENTON,15,11,November,2012,5,Thursday,2,30,0,6,4,16,43.96787778,-85.85574722,42,2,0,0,0,1,1
260795,MICHIGAN,MI,2,2,0,0,2,2,125,3260,BROOKWOOD,17,11,November,2012,7,Saturday,5,41,0,14,6,81,42.57753333,-83.61165278,12,2,0,0,0,1,1
260796,MICHIGAN,MI,1,1,0,0,1,1,61,0,BELLWOOD,6,11,November,2012,3,Tuesday,15,15,0,15,4,103,47.08638333,-88.55232222,34,1,0,0,0,1,0
260797,MICHIGAN,MI,2,2,0,0,2,2,99,4521,BEATRICE,20,11,November,2012,3,Tuesday,10,57,1,13,6,6,42.62513889,-83.05230556,12,1,0,0,0,1,0
260798,MICHIGAN,MI,1,1,0,0,1,1,27,1500,ASHLAND,22,11,November,2012,5,Thursday,2,0,0,4,4,10,41.77491389,-86.10838333,42,2,0,0,0,1,1