ST_CASE,State Name,State Abbreviation,# of Vehicle involved,Parked_Vehicles_Involved,Pedestrains,Person_Not_in_Motor_Vehicle,Persons_in_motor_vehicle,Total_Persons_in_accident,COUNTY,CITY,City_County_Name,Calendar_DAY,MONTH,Month_name,YEAR,DAY_WEEK,Day_Week_desc,HOUR,MINUTE,NHS_Desc,trafficway,Route,MILEPT,LATITUDE,LONGITUD,First_Crash_event,Light_cond_desc,Weather_condition,School_bus_involved,Crash_cause,FATALS,DRUNK_DR
260799,MICHIGAN,MI,1,1,1,1,1,1,81,5089,AUBURN,7,12,December,2012,6,Friday,19,10,0,13,6,7,43.01601111,-85.77290833,8,3,0,0,0,1,0
260800,MICHIGAN,MI,1,1,1,1,1,1,101,0,BOYLSTON,23,11,November,2012,6,Friday,5,36,0,4,4,29,44.51444167,-86.04603333,18,2,0,0,0,1,0
260801,MICHIGAN,MI,2,2,0,0,2,2,47,3930,BROWNS,25,11,November,2012,1,Sunday,20,27,1,2,2,18,45.35881667,-85.05852500,12,2,0,0,0,1,0
260802,MICHIGAN,MI,2,2,0,0,4,4,145,0,BALD KNOB,21,11,November,2012,4,Wednesday,6,50,0,3,3,33,43.31492222,-83.95346389,12,4,0,0,0,1,0
260803,MICHIGAN,MI,2,2,0,0,2,2,95,2932,ALBERTVILLE,26,11,November,2012,2,Monday,8,5,0,4,4,13,46.34674722,-85.49317778,12,4,0,0,0,1,0
260804,MICHIGAN,MI,3,3,0,0,7,7,79,0,COURTLAND,23,11,November,2012,6,Friday,16,20,1,2,3,153,44.69959722,-84.88152222,12,1,0,0,0,1,0
260805,MICHIGAN,MI,1,1,1,1,2,2,55,0,ATTALLA,8,12,December,2012,7,Saturday,19,31,0,4,3,20,44.65089722,-85.76804167,8,2,0,0,0,1,0
260806,MICHIGAN,MI,2,2,0,0,3,3,145,0,BALD KNOB,30,11,November,2012,6,Friday,14,17,0,3,3,129,43.40718056,-83.73804167,12,1,0,0,0,1,0
260807,MICHIGAN,MI,2,2,1,1,2,2,125,2935,BROOKWOOD,30,11,November,2012,6,Friday,18,12,0,13,6,34,42.49568889,-83.08526944,8,3,0,0,0,1,0
260808,MICHIGAN,MI,1,1,0,0,1,1,99,2761,BEATRICE,19,11,November,2012,2,Monday,0,9,0,3,4,133,42.71868889,-82.83144722,59,2,0,0,0,1,1
260809,MICHIGAN,MI,1,1,1,1,1,1,163,1260,AVERA,20,10,October,2012,7,Saturday,1,0,0,13,6,188,42.41654444,-83.18343611,8,2,0,0,0,1,0
260810,MICHIGAN,MI,2,2,0,0,3,3,163,633,AVERA,19,10,October,2012,6,Friday,19,22,0,13,4,38,42.15516389,-83.22663611,12,3,0,0,0,1,0
260811,MICHIGAN,MI,2,2,0,0,4,4,163,1260,AVERA,6,11,November,2012,3,Tuesday,8,45,0,13,6,24,42.34338056,-83.21569722,12,1,0,0,0,1,0
260812,MICHIGAN,MI,1,1,0,0,4,4,99,0,BEATRICE,22,11,November,2012,5,Thursday,0,38,0,4,4,45,42.86079722,-82.76686667,42,3,0,0,0,1,1
260813,MICHIGAN,MI,2,2,0,0,2,2,163,1260,AVERA,11,11,November,2012,1,Sunday,13,0,0,14,6,29,42.42098611,-83.17594167,12,1,0,0,0,1,0
260814,MICHIGAN,MI,2,2,0,0,5,5,21,0,CHILTON,17,10,October,2012,4,Wednesday,20,50,1,2,2,99,41.89888333,-86.30471111,12,2,0,0,0,1,0
260815,MICHIGAN,MI,1,1,1,1,1,1,77,4490,ANDERSON,7,12,December,2012,6,Friday,17,36,1,13,2,31,42.11493611,-85.63708056,8,3,0,0,0,1,0
260816,MICHIGAN,MI,1,1,0,0,1,1,91,0,DAYTON,2,12,December,2012,1,Sunday,1,32,0,6,4,28,42.02598611,-84.02546389,42,2,0,0,0,1,1
260817,MICHIGAN,MI,2,2,0,0,3,3,17,0,CHAMBERS,8,12,December,2012,7,Saturday,22,40,0,4,4,168,43.76790556,-84.02741944,12,2,0,0,0,1,1
260818,MICHIGAN,MI,1,1,0,0,1,1,19,0,CEDAR BLUFF,4,12,December,2012,3,Tuesday,14,33,0,4,4,52,44.70479444,-85.83289167,35,1,0,0,0,1,1
260819,MICHIGAN,MI,1,1,0,0,1,1,81,2553,AUBURN,15,12,December,2012,7,Saturday,3,0,0,15,6,10,42.93402778,-85.55570278,33,3,0,0,0,1,1
260820,MICHIGAN,MI,1,1,0,0,1,1,117,0,BIRMINGHAM,4,12,December,2012,3,Tuesday,2,23,0,5,4,0,43.42480833,-85.50266111,35,3,0,0,0,1,0
260821,MICHIGAN,MI,2,2,0,0,2,2,3,0,BALDWIN,12,12,December,2012,4,Wednesday,7,32,1,2,3,240,46.44070556,-86.66075000,12,1,0,0,0,1,0
260822,MICHIGAN,MI,2,2,0,0,3,3,11,0,BULLOCK,4,12,December,2012,3,Tuesday,17,33,0,3,3,10,43.92505000,-83.96644722,12,5,0,0,0,1,0
260823,MICHIGAN,MI,2,2,0,0,2,2,163,1260,AVERA,6,12,December,2012,5,Thursday,0,29,1,11,1,113,42.37800278,-83.22676667,12,3,0,0,0,1,1
260824,MICHIGAN,MI,1,1,0,0,1,1,139,0,CALION,16,12,December,2012,1,Sunday,21,45,0,16,4,35,42.99079722,-86.20426944,53,2,0,0,0,1,1
260825,MICHIGAN,MI,1,1,0,0,1,1,163,1260,AVERA,10,12,December,2012,2,Monday,20,8,0,16,6,1,42.43811944,-82.97451389,42,3,0,0,0,1,0
260826,MICHIGAN,MI,1,1,1,1,1,1,149,1100,BELLEVILLE,16,12,December,2012,1,Sunday,18,13,1,2,2,53,41.83169722,-85.66282778,8,3,0,0,0,1,0
260827,MICHIGAN,MI,3,3,0,0,4,4,147,0,AUGUSTA,7,12,December,2012,6,Friday,11,51,0,4,3,126,42.99298333,-82.56066389,12,1,0,0,0,1,0
260828,MICHIGAN,MI,2,2,0,0,4,4,91,0,DAYTON,15,12,December,2012,7,Saturday,21,51,0,14,4,25,41.94095278,-83.98766944,12,2,0,0,0,2,0
260829,MICHIGAN,MI,1,1,0,0,1,1,9,0,BLOUNT,21,12,December,2012,6,Friday,8,1,0,4,4,88,45.20472500,-85.26322778,1,1,11,0,0,1,0
260830,MICHIGAN,MI,3,3,0,0,4,4,163,4571,AVERA,12,12,December,2012,4,Wednesday,18,4,1,11,1,115,42.22466944,-83.21408056,12,3,0,0,0,1,0
260831,MICHIGAN,MI,1,1,0,0,1,1,63,0,BOLIGEE,21,12,December,2012,6,Friday,9,3,0,6,4,101,43.82936944,-82.84127222,1,1,11,0,0,1,0
260832,MICHIGAN,MI,2,2,0,0,6,6,163,4166,AVERA,15,12,December,2012,7,Saturday,7,30,0,14,4,4,42.36162222,-83.29455000,12,1,0,0,0,1,0
260833,MICHIGAN,MI,1,1,0,0,2,2,125,0,BROOKWOOD,24,12,December,2012,2,Monday,1,41,0,6,4,59,42.86799444,-83.31910556,42,2,0,0,0,1,1
260834,MICHIGAN,MI,2,2,0,0,4,4,59,2280,FRANKLIN,11,12,December,2012,3,Tuesday,7,59,1,13,3,34,41.95350833,-84.66172222,12,1,0,0,0,1,0
260835,MICHIGAN,MI,2,2,0,0,2,2,147,0,AUGUSTA,21,12,December,2012,6,Friday,16,55,0,13,3,121,43.16169722,-82.50364167,12,1,11,0,0,1,0
260836,MICHIGAN,MI,1,1,0,0,1,1,149,0,BELLEVILLE,16,12,December,2012,1,Sunday,16,10,0,4,4,58,41.88381389,-85.62410833,53,1,0,0,0,1,1
260837,MICHIGAN,MI,3,3,0,0,5,5,163,4295,AVERA,29,12,December,2012,7,Saturday,23,43,0,14,6,66,42.20314167,-83.30679444,12,2,0,0,0,1,1
260838,MICHIGAN,MI,2,2,0,0,4,4,125,0,BROOKWOOD,25,12,December,2012,3,Tuesday,15,30,0,14,4,35,42.43366111,-83.59582222,12,1,0,0,0,3,0
260839,MICHIGAN,MI,1,1,1,1,1,1,49,1730,COLLINSVILLE,1,12,December,2012,7,Saturday,11,26,0,13,6,68,43.01562500,-83.68111667,8,1,0,0,0,1,0
260840,MICHIGAN,MI,1,1,0,0,2,2,21,0,CHILTON,15,12,December,2012,7,Saturday,0,37,0,6,4,27,41.82005278,-86.70410556,42,3,0,0,0,2,1
260841,MICHIGAN,MI,2,1,0,0,3,3,67,0,ABBEVILLE,19,12,December,2012,4,Wednesday,1,23,0,4,4,38,43.03399167,-85.05508889,1,2,0,0,0,1,1
260842,MICHIGAN,MI,1,1,0,0,1,1,59,0,FRANKLIN,19,12,December,2012,4,Wednesday,21,27,0,5,4,4,42.07111389,-84.55050000,1,3,0,0,0,1,1
260843,MICHIGAN,MI,1,1,0,0,2,2,91,4214,DAYTON,3,12,December,2012,2,Monday,13,55,0,6,4,53,41.79867222,-83.84387222,34,1,0,0,0,1,0
260844,MICHIGAN,MI,1,1,1,1,1,1,103,3050,DANVILLE,23,12,December,2012,1,Sunday,20,16,1,13,2,240,46.54006667,-87.40638333,8,2,0,0,0,1,0
260845,MICHIGAN,MI,1,1,0,0,1,1,123,0,ALEXANDER CITY,23,12,December,2012,1,Sunday,7,13,0,4,4,24,43.52491667,-85.64262778,1,3,0,0,0,1,1
260846,MICHIGAN,MI,2,2,0,0,3,3,147,0,AUGUSTA,26,12,December,2012,4,Wednesday,21,18,0,6,4,78,42.93556389,-82.62148333,12,2,11,0,0,1,0
260847,MICHIGAN,MI,1,1,0,0,1,1,21,640,CHILTON,23,12,December,2012,1,Sunday,0,57,0,15,4,94,41.88846667,-86.36433611,42,3,0,0,0,1,1
260848,MICHIGAN,MI,2,2,0,0,3,3,99,5110,BEATRICE,4,12,December,2012,3,Tuesday,11,44,0,15,6,58,42.49291111,-82.97737778,12,1,0,0,0,1,0
260849,MICHIGAN,MI,2,2,0,0,3,3,109,0,ANSLEY,28,12,December,2012,6,Friday,17,14,0,2,3,252,45.43147500,-87.35102778,12,2,11,0,0,1,0
260850,MICHIGAN,MI,1,1,1,1,1,1,161,0,DENTON,28,12,December,2012,6,Friday,21,33,0,13,4,116,42.25276944,-83.68074167,8,2,0,0,0,1,0
260851,MICHIGAN,MI,2,2,0,0,3,3,79,0,COURTLAND,26,12,December,2012,4,Wednesday,10,3,1,2,2,39,44.64065278,-85.28670278,12,1,0,0,0,1,0
260852,MICHIGAN,MI,1,1,0,0,2,2,15,0,ANNISTON,26,12,December,2012,4,Wednesday,18,58,0,5,4,10,42.42870833,-85.52303056,42,2,0,0,0,1,0
260853,MICHIGAN,MI,1,1,0,0,1,1,37,0,BRADFORD,29,12,December,2012,7,Saturday,0,49,0,16,4,15,42.76996667,-84.70485556,34,2,0,0,0,1,1
260854,MICHIGAN,MI,2,2,0,0,3,3,91,4282,DAYTON,29,12,December,2012,7,Saturday,20,2,1,2,2,8,41.97757778,-84.35488611,12,2,0,0,0,2,0
260855,MICHIGAN,MI,1,1,0,0,1,1,17,0,CHAMBERS,29,12,December,2012,7,Saturday,0,5,0,6,4,99,43.81038611,-84.00665000,1,2,0,0,0,1,1
260856,MICHIGAN,MI,1,1,0,0,3,3,65,0,CYPRESS,29,12,December,2012,7,Saturday,17,39,1,1,1,235,42.65092500,-84.15438611,34,2,0,0,0,1,0
260857,MICHIGAN,MI,2,2,0,0,4,4,11,0,BULLOCK,30,12,December,2012,1,Sunday,20,10,0,4,4,33,43.95404722,-83.90842500,12,2,0,0,0,1,1
260858,MICHIGAN,MI,2,2,0,0,2,2,125,0,BROOKWOOD,31,12,December,2012,2,Monday,23,50,0,3,4,92,42.83081944,-83.53124444,12,2,0,0,0,1,2
260859,MICHIGAN,MI,2,2,0,0,3,3,139,0,CALION,31,12,December,2012,2,Monday,18,30,0,6,4,140,43.06009444,-85.82785278,12,2,0,0,0,2,1
260860,MICHIGAN,MI,1,1,0,0,2,2,115,0,ASHVILLE,29,12,December,2012,7,Saturday,16,5,0,6,4,28,42.06213889,-83.36092778,32,1,11,0,0,1,0
260861,MICHIGAN,MI,2,2,0,0,3,3,77,4030,ANDERSON,17,12,December,2012,2,Monday,13,2,0,13,6,50,42.24521111,-85.61409722,12,1,0,0,0,1,0
260862,MICHIGAN,MI,1,1,0,0,4,4,43,1663,BAILEYTON,30,12,December,2012,1,Sunday,3,0,0,6,4,3,45.98864167,-87.77678611,42,2,11,0,0,1,1
260863,MICHIGAN,MI,3,3,0,0,13,13,81,2010,AUBURN,23,12,December,2012,1,Sunday,13,30,0,13,6,13,42.94155278,-85.67224722,12,1,0,0,0,1,1
260864,MICHIGAN,MI,2,2,0,0,3,3,77,0,ANDERSON,11,12,December,2012,3,Tuesday,9,22,0,3,3,62,42.33452778,-85.33829722,12,1,0,0,0,1,0
260865,MICHIGAN,MI,2,2,0,0,2,2,43,2450,BAILEYTON,21,12,December,2012,6,Friday,13,26,0,14,3,18,45.80779722,-88.06867778,12,1,0,1,0,1,0
260866,MICHIGAN,MI,2,2,0,0,2,2,117,0,BIRMINGHAM,31,12,December,2012,2,Monday,12,4,0,5,4,14,43.42996111,-85.13433889,12,1,0,0,0,1,0
260867,MICHIGAN,MI,1,1,0,0,1,1,139,0,CALION,25,12,December,2012,3,Tuesday,15,45,0,6,4,10,43.01510278,-86.01394167,43,9,0,0,0,1,1
260868,MICHIGAN,MI,2,2,0,0,4,4,161,0,DENTON,29,12,December,2012,7,Saturday,8,0,1,2,2,65,42.13165278,-83.85876944,12,1,11,0,0,1,0
260869,MICHIGAN,MI,2,1,1,1,2,2,163,1260,AVERA,25,2,February,2012,7,Saturday,1,30,0,13,6,68,42.42771667,-83.16083611,8,3,0,0,0,1,0
260870,MICHIGAN,MI,2,2,0,0,3,3,163,1260,AVERA,5,3,March,2012,2,Monday,19,0,0,14,6,9,42.38856389,-83.06482500,12,3,0,0,0,1,0
260871,MICHIGAN,MI,2,2,0,0,3,3,163,1260,AVERA,26,6,June,2012,3,Tuesday,14,50,0,16,6,0,42.42917222,-83.26304444,12,1,0,0,0,1,0
260872,MICHIGAN,MI,1,1,1,1,2,2,163,1260,AVERA,28,2,February,2012,3,Tuesday,3,50,0,16,6,7,42.39758889,-83.12836389,8,3,0,0,0,1,0
260873,MICHIGAN,MI,1,1,1,1,1,1,163,1260,AVERA,7,8,August,2012,3,Tuesday,18,20,0,14,6,2,42.43020833,-82.98492222,15,1,0,0,0,1,0
260874,MICHIGAN,MI,1,1,1,1,1,1,161,0,DENTON,26,4,April,2012,5,Thursday,13,29,1,11,1,239,42.23746944,-83.71522222,8,1,0,0,0,1,0
260875,MICHIGAN,MI,2,2,0,0,2,2,163,1260,AVERA,8,5,May,2012,3,Tuesday,21,15,0,14,6,7,42.38994167,-83.01636944,12,3,0,0,0,1,0
260876,MICHIGAN,MI,2,2,0,0,2,2,163,1260,AVERA,16,9,September,2012,1,Sunday,4,15,1,13,3,30,42.44813889,-83.02470000,12,3,0,0,0,1,0
260877,MICHIGAN,MI,2,2,0,0,3,3,163,1260,AVERA,18,11,November,2012,1,Sunday,20,50,1,11,1,351,42.41120000,-82.94543889,12,3,0,0,0,1,1
260878,MICHIGAN,MI,2,2,1,1,2,2,163,1260,AVERA,29,6,June,2012,6,Friday,22,10,1,13,3,48,42.39438889,-83.00438889,8,3,0,0,0,1,0
260879,MICHIGAN,MI,2,2,1,1,2,2,49,0,COLLINSVILLE,1,12,December,2012,7,Saturday,1,25,1,11,1,21,42.89354444,-83.62956389,12,2,0,0,0,1,1
260880,MICHIGAN,MI,2,2,0,0,4,4,163,1260,AVERA,7,9,September,2012,6,Friday,15,18,0,14,6,4,42.33164722,-83.05736111,12,1,0,0,0,1,0
260881,MICHIGAN,MI,1,1,1,1,1,1,93,0,BEAR CREEK,16,11,November,2012,6,Friday,6,43,0,99,9,99999,99.99990000,999.99990000,8,2,0,0,0,1,0
260882,MICHIGAN,MI,2,2,1,1,2,2,163,1260,AVERA,16,12,December,2012,1,Sunday,2,50,1,11,1,75,42.42483333,-83.09341111,12,2,0,0,0,2,1
260883,MICHIGAN,MI,1,1,0,0,4,4,77,0,ANDERSON,18,11,November,2012,1,Sunday,3,16,1,13,3,3,42.31388333,-85.58822778,1,2,0,0,0,1,1
260884,MICHIGAN,MI,2,2,0,0,2,2,163,1260,AVERA,6,12,December,2012,5,Thursday,13,10,0,14,6,9,42.39804722,-83.23835556,12,1,0,0,0,1,0
260886,MICHIGAN,MI,3,3,0,0,3,3,49,0,COLLINSVILLE,3,2,February,2012,6,Friday,18,57,0,14,4,58,42.79806667,-83.83068333,12,2,0,0,0,1,0
260887,MICHIGAN,MI,1,1,1,1,1,1,163,1260,AVERA,14,12,December,2012,6,Friday,15,5,0,15,6,15,42.38659167,-83.21719167,8,1,0,0,0,1,0
270001,MINNESOTA,MN,1,1,0,0,2,2,43,0,BAILEYTON,1,1,January,2012,1,Sunday,14,14,1,1,1,1331,43.65197778,-93.83778889,1,1,6,0,0,2,0
270002,MINNESOTA,MN,2,2,0,0,2,2,67,0,ABBEVILLE,3,1,January,2012,3,Tuesday,16,36,0,2,2,1385,45.32918611,-95.00927222,12,1,0,0,0,1,0
270003,MINNESOTA,MN,1,1,0,0,3,3,103,5280,DANVILLE,3,1,January,2012,3,Tuesday,22,19,0,14,6,11,44.17006111,-94.04715833,42,3,0,0,0,1,0
270004,MINNESOTA,MN,2,2,0,0,4,4,49,0,COLLINSVILLE,4,1,January,2012,4,Wednesday,17,50,0,3,3,163,44.48315000,-92.55625556,12,2,0,0,0,2,0
270005,MINNESOTA,MN,1,1,1,1,1,1,3,2560,BALDWIN,1,1,January,2012,1,Sunday,6,56,0,14,4,16,45.05864444,-93.28143333,9,2,0,0,0,1,0
270006,MINNESOTA,MN,2,2,0,0,2,2,159,0,FARRAR,9,1,January,2012,2,Monday,10,51,0,2,2,2429,46.68125833,-95.10213889,12,1,0,0,0,1,1
270007,MINNESOTA,MN,1,1,0,0,3,3,169,0,BRADLEY,9,1,January,2012,2,Monday,18,15,0,6,4,5,43.93472500,-91.60850000,42,2,0,0,0,1,0
270008,MINNESOTA,MN,2,2,0,0,2,2,39,0,ANDALUSIA,10,1,January,2012,3,Tuesday,16,52,1,2,2,1953,44.02586944,-92.79888056,12,5,0,0,0,1,0
270009,MINNESOTA,MN,1,1,0,0,1,1,9,0,BLOUNT,11,1,January,2012,4,Wednesday,7,51,0,5,4,39,45.71316111,-94.09620278,34,1,6,0,0,1,0
270010,MINNESOTA,MN,1,1,0,0,1,1,35,6980,BROOKLYN,13,1,January,2012,6,Friday,23,27,0,4,4,27,46.51060833,-93.98933056,34,2,0,0,0,1,1
270011,MINNESOTA,MN,1,1,0,0,1,1,111,0,GRAHAM,14,1,January,2012,7,Saturday,2,0,0,5,4,39,46.64755000,-95.58497500,34,2,0,0,0,1,1
270014,MINNESOTA,MN,2,2,0,0,3,3,137,1900,ALCO,19,1,January,2012,5,Thursday,7,29,0,14,4,143,46.83887222,-92.07987778,12,4,0,0,0,1,1
270015,MINNESOTA,MN,1,1,0,0,1,1,37,3990,BRADFORD,20,1,January,2012,6,Friday,15,43,0,15,6,26,44.67337778,-93.24166111,42,1,0,0,0,1,0
270016,MINNESOTA,MN,2,2,0,0,2,2,67,0,ABBEVILLE,21,1,January,2012,7,Saturday,3,0,0,3,3,973,44.93469444,-95.24872500,12,2,0,0,0,1,1
270017,MINNESOTA,MN,1,1,0,0,1,1,133,0,ARLEY,23,1,January,2012,2,Monday,16,53,1,1,1,75,43.61632778,-96.30633056,34,1,0,0,0,1,0
270018,MINNESOTA,MN,1,1,1,1,1,1,123,4536,ALEXANDER CITY,26,1,January,2012,5,Thursday,6,42,0,14,3,25,44.95243611,-92.98505833,8,2,0,0,0,1,0
270019,MINNESOTA,MN,2,2,0,0,2,2,21,0,CHILTON,27,1,January,2012,6,Friday,21,29,1,2,2,1321,47.37783333,-94.56873611,12,2,0,0,0,1,0
270020,MINNESOTA,MN,3,3,1,1,3,3,53,4495,ATMORE,31,1,January,2012,3,Tuesday,11,46,0,14,4,30,45.09441667,-93.43189722,8,1,0,0,0,1,1
270021,MINNESOTA,MN,2,2,0,0,2,2,47,0,BROWNS,1,2,February,2012,4,Wednesday,10,15,0,3,3,93,43.76761944,-93.47132778,12,1,0,0,0,1,0
270022,MINNESOTA,MN,3,3,0,0,4,4,13,0,BOLLING,1,2,February,2012,4,Wednesday,18,44,0,6,4,38,44.15080000,-94.04177778,12,2,0,0,0,1,0
270023,MINNESOTA,MN,2,2,0,0,3,3,91,7000,DAYTON,2,2,February,2012,5,Thursday,17,10,0,2,3,229,43.82880000,-94.42804167,12,1,0,0,0,1,1
270024,MINNESOTA,MN,2,2,0,0,2,2,45,0,ARITON,2,2,February,2012,5,Thursday,20,43,1,2,2,101,43.64176389,-92.38935556,12,2,0,0,0,1,1
270025,MINNESOTA,MN,2,2,0,0,2,2,119,0,BELLAMY,3,2,February,2012,6,Friday,2,9,1,2,2,131,47.83297778,-96.83205278,12,2,0,0,0,1,1
270026,MINNESOTA,MN,2,2,0,0,2,2,105,0,MARION,9,2,February,2012,5,Thursday,13,44,0,3,3,203,43.73761389,-95.93283889,12,1,0,0,0,1,0
270027,MINNESOTA,MN,1,1,0,0,1,1,47,0,BROWNS,10,2,February,2012,6,Friday,8,0,0,6,5,28,43.49972222,-93.06943056,1,9,0,0,0,1,1
270028,MINNESOTA,MN,1,1,1,1,1,1,171,4870,ALDORA,10,2,February,2012,6,Friday,8,7,1,2,2,1320,45.06487222,-93.91213056,8,1,0,0,0,2,0
270029,MINNESOTA,MN,1,1,1,1,1,1,109,5960,ANSLEY,10,2,February,2012,6,Friday,14,4,0,16,6,0,44.05754444,-92.46872500,8,1,0,0,0,1,0
270030,MINNESOTA,MN,1,1,0,0,1,1,141,0,BEE BRANCH,11,2,February,2012,7,Saturday,19,17,0,6,5,1,45.41033333,-93.69691944,19,2,0,0,0,1,1
270031,MINNESOTA,MN,1,1,0,0,5,5,79,0,COURTLAND,12,2,February,2012,1,Sunday,2,50,0,5,4,18,44.31714167,-93.95140556,42,2,0,0,0,1,1
270032,MINNESOTA,MN,1,1,0,0,1,1,67,7590,ABBEVILLE,14,2,February,2012,3,Tuesday,15,11,0,14,4,26,45.10340000,-95.05766667,42,1,0,0,0,1,0
270033,MINNESOTA,MN,2,2,0,0,3,3,69,0,ASHFORD,16,2,February,2012,5,Thursday,14,43,0,3,2,4229,48.91983333,-96.79889444,12,1,0,0,0,1,0
270034,MINNESOTA,MN,2,2,0,0,2,2,3,3007,BALDWIN,17,2,February,2012,6,Friday,7,5,0,14,4,88,45.24801667,-93.15249722,12,2,0,0,0,1,0
270035,MINNESOTA,MN,1,1,0,0,1,1,127,0,BURNWELL,17,2,February,2012,6,Friday,8,2,0,6,5,62,44.20985556,-95.24628889,34,1,0,0,0,1,1
270036,MINNESOTA,MN,1,1,1,1,1,1,169,7660,BRADLEY,19,2,February,2012,1,Sunday,7,54,0,14,6,25,44.04745278,-91.63086111,8,4,0,0,0,1,1
270037,MINNESOTA,MN,3,3,0,0,7,7,41,0,BRANTLEY,20,2,February,2012,2,Monday,15,6,1,1,1,970,45.88232500,-95.50060556,12,1,10,0,0,4,0
270038,MINNESOTA,MN,3,2,0,0,2,2,121,4230,BON AIR,20,2,February,2012,2,Monday,15,32,0,2,3,751,45.65595278,-95.41111944,12,1,3,0,0,1,0
270039,MINNESOTA,MN,2,2,0,0,2,2,5,0,BAKER HILL,20,2,February,2012,2,Monday,16,45,0,2,3,389,46.83142222,-95.78182778,12,1,11,0,0,1,0
270040,MINNESOTA,MN,2,2,0,0,5,5,89,0,BROWNSBORO,20,2,February,2012,2,Monday,18,13,0,3,4,74,48.35651667,-96.34697500,12,2,0,0,0,1,0
270041,MINNESOTA,MN,2,2,0,0,5,5,41,0,BRANTLEY,20,2,February,2012,2,Monday,18,15,0,4,4,210,45.90173333,-95.44771111,12,2,0,0,0,1,0
270042,MINNESOTA,MN,2,2,0,0,3,3,25,6880,BARLOW BEND,22,2,February,2012,4,Wednesday,11,55,0,3,3,734,45.41895278,-92.66213333,12,1,0,0,0,1,0
270044,MINNESOTA,MN,1,1,0,0,2,2,147,4685,AUGUSTA,24,2,February,2012,6,Friday,12,24,0,4,4,135,44.07393889,-93.38674444,10,1,0,0,0,1,0
270045,MINNESOTA,MN,1,1,0,0,3,3,99,0,BEATRICE,25,2,February,2012,7,Saturday,1,52,0,4,4,20,43.63818611,-92.97024167,30,2,0,0,0,2,1
270046,MINNESOTA,MN,1,1,0,0,1,1,33,0,CHEROKEE,28,2,February,2012,3,Tuesday,20,35,0,4,4,76,43.94171389,-95.05934444,42,2,4,0,0,1,1
270047,MINNESOTA,MN,1,1,0,0,1,1,49,0,COLLINSVILLE,3,3,March,2012,7,Saturday,0,39,1,2,2,1004,44.60010000,-92.69245000,1,3,0,0,0,1,0
270048,MINNESOTA,MN,2,2,0,0,3,3,3,671,BALDWIN,3,3,March,2012,7,Saturday,18,29,0,14,4,17,45.14564167,-93.19279444,12,3,0,0,0,1,1
270049,MINNESOTA,MN,2,2,0,0,3,3,35,0,BROOKLYN,3,3,March,2012,7,Saturday,22,49,0,3,3,185,46.54613611,-93.95818611,12,2,0,0,0,1,2
270050,MINNESOTA,MN,2,2,0,0,3,3,157,0,ARCADE,3,3,March,2012,7,Saturday,23,27,1,2,2,566,44.33586667,-92.00326389,12,2,0,0,0,1,1
270051,MINNESOTA,MN,2,2,0,0,2,2,111,0,GRAHAM,4,3,March,2012,1,Sunday,9,30,0,4,4,125,46.43216389,-96.24799722,12,1,11,0,0,2,1
270052,MINNESOTA,MN,1,1,1,1,1,1,127,0,BURNWELL,5,3,March,2012,2,Monday,20,46,0,4,4,49,44.52927778,-94.99903333,8,2,0,0,0,1,0
270053,MINNESOTA,MN,1,1,0,0,1,1,41,780,BRANTLEY,8,3,March,2012,5,Thursday,14,1,0,4,4,171,45.97027222,-95.58782778,30,1,0,0,0,1,1
270054,MINNESOTA,MN,1,1,0,0,2,2,131,0,ARLINGTON,8,3,March,2012,5,Thursday,18,36,1,1,1,523,44.22577500,-93.27738056,1,2,0,0,0,1,0
270055,MINNESOTA,MN,1,1,0,0,1,1,137,0,ALCO,10,3,March,2012,7,Saturday,18,38,0,6,4,5,47.15009167,-91.92219722,1,8,0,0,0,1,1
270056,MINNESOTA,MN,1,1,0,0,1,1,163,3910,AVERA,12,3,March,2012,2,Monday,1,15,0,16,6,1,44.99336111,-92.93374444,42,2,2,0,0,1,1
270057,MINNESOTA,MN,2,2,0,0,2,2,37,1945,BRADFORD,17,3,March,2012,7,Saturday,18,1,0,14,4,38,44.80457222,-93.15289722,12,1,0,0,0,2,2
270058,MINNESOTA,MN,2,2,0,0,3,3,49,5840,COLLINSVILLE,21,3,March,2012,4,Wednesday,14,6,0,14,4,362,44.56061667,-92.56751111,12,1,0,0,0,1,0
270059,MINNESOTA,MN,1,1,0,0,2,2,115,0,ASHVILLE,23,3,March,2012,6,Friday,21,16,0,3,4,156,45.95320278,-92.95303611,35,2,5,0,0,1,0
270060,MINNESOTA,MN,2,2,0,0,2,2,67,0,ABBEVILLE,23,3,March,2012,6,Friday,6,41,1,2,2,1125,44.96827500,-95.04373056,12,4,10,0,0,1,0
270061,MINNESOTA,MN,2,2,0,0,3,3,53,4760,ATMORE,29,3,March,2012,5,Thursday,9,50,0,14,4,146,44.94836111,-93.23318611,12,1,0,0,0,1,0
270062,MINNESOTA,MN,1,1,1,1,1,1,53,5910,ATMORE,29,3,March,2012,5,Thursday,16,59,1,12,3,97,44.86789167,-93.24750833,8,1,0,0,0,1,0