ST_CASE,State Name,State Abbreviation,# of Vehicle involved,Parked_Vehicles_Involved,Pedestrains,Person_Not_in_Motor_Vehicle,Persons_in_motor_vehicle,Total_Persons_in_accident,COUNTY,CITY,City_County_Name,Calendar_DAY,MONTH,Month_name,YEAR,DAY_WEEK,Day_Week_desc,HOUR,MINUTE,NHS_Desc,trafficway,Route,MILEPT,LATITUDE,LONGITUD,First_Crash_event,Light_cond_desc,Weather_condition,School_bus_involved,Crash_cause,FATALS,DRUNK_DR
270063,MINNESOTA,MN,1,1,0,0,1,1,53,675,ATMORE,30,3,March,2012,6,Friday,1,37,0,15,6,12,44.79711944,-93.32970833,31,3,0,0,0,1,1
270064,MINNESOTA,MN,1,1,1,1,1,1,37,202,BRADFORD,30,3,March,2012,6,Friday,6,25,0,14,4,92,44.72915278,-93.17686389,8,2,0,0,0,1,0
270065,MINNESOTA,MN,1,1,0,0,1,1,125,0,BROOKWOOD,31,3,March,2012,7,Saturday,3,20,1,2,2,3405,47.89932500,-96.03095000,10,2,0,0,0,1,0
270066,MINNESOTA,MN,2,2,0,0,2,2,13,4480,BOLLING,2,4,April,2012,2,Monday,13,10,0,15,4,4,44.16684722,-93.94157500,12,1,0,0,0,1,0
270067,MINNESOTA,MN,2,2,0,0,2,2,53,5732,ATMORE,4,4,April,2012,4,Wednesday,16,5,1,12,4,194,45.05843333,-93.40522222,25,1,0,0,0,1,0
270068,MINNESOTA,MN,1,1,0,0,1,1,145,0,BALD KNOB,8,4,April,2012,1,Sunday,2,48,0,6,5,0,45.57316944,-94.45306111,42,8,0,0,0,1,0
270069,MINNESOTA,MN,1,1,0,0,1,1,37,4673,BRADFORD,12,4,April,2012,5,Thursday,17,30,1,12,3,1987,44.88675278,-93.17669722,5,1,0,0,0,1,0
270070,MINNESOTA,MN,1,1,0,0,1,1,163,7716,AVERA,29,3,March,2012,5,Thursday,18,53,0,14,6,7,44.93820278,-92.95423889,2,1,0,0,0,1,0
270071,MINNESOTA,MN,2,2,0,0,3,3,25,6700,BARLOW BEND,14,4,April,2012,7,Saturday,4,8,0,4,4,20,45.39670278,-92.98307778,12,6,0,0,0,1,2
270072,MINNESOTA,MN,1,1,0,0,1,1,3,1440,BALDWIN,17,4,April,2012,3,Tuesday,0,56,0,15,6,2,45.03817500,-93.23195833,59,3,0,0,0,1,0
270073,MINNESOTA,MN,2,2,0,0,3,3,141,0,BEE BRANCH,18,4,April,2012,4,Wednesday,14,43,0,4,4,15,45.33283056,-93.77376667,12,1,0,0,0,2,0
270074,MINNESOTA,MN,2,2,0,0,3,3,129,0,BIGBEE,22,4,April,2012,1,Sunday,11,45,0,4,4,210,44.67355000,-94.89473333,12,1,0,0,0,1,0
270075,MINNESOTA,MN,2,2,0,0,2,2,123,6070,ALEXANDER CITY,22,4,April,2012,1,Sunday,13,48,0,14,4,44,44.99181667,-93.11720833,12,1,0,0,0,1,0
270076,MINNESOTA,MN,1,1,1,1,2,2,13,4480,BOLLING,20,3,March,2012,3,Tuesday,20,9,0,15,6,5,44.16437222,-94.00373889,8,3,10,0,0,1,0
270077,MINNESOTA,MN,2,2,0,0,2,2,83,0,ARDMORE,23,4,April,2012,2,Monday,5,33,0,2,2,693,44.39362222,-95.75568333,12,2,0,0,0,1,0
270078,MINNESOTA,MN,2,2,0,0,2,2,53,4760,ATMORE,24,4,April,2012,3,Tuesday,17,50,0,14,4,99,44.94501389,-93.32338889,12,1,0,0,0,1,0
270079,MINNESOTA,MN,1,1,0,0,1,1,9,0,BLOUNT,25,4,April,2012,4,Wednesday,16,23,0,6,4,18,45.74001389,-94.02755000,2,1,0,0,0,1,0
270080,MINNESOTA,MN,1,1,1,1,1,1,53,4810,ATMORE,25,4,April,2012,4,Wednesday,20,48,0,14,4,112,44.91996111,-93.42713889,9,2,0,0,0,1,0
270081,MINNESOTA,MN,2,2,0,0,2,2,171,6320,ALDORA,26,4,April,2012,5,Thursday,15,14,0,13,3,426,45.23659444,-93.55489444,12,1,0,0,0,1,0
270082,MINNESOTA,MN,1,1,0,0,2,2,137,0,ALCO,28,4,April,2012,7,Saturday,19,20,0,4,4,197,47.16917222,-92.81082222,1,1,0,0,0,2,0
270083,MINNESOTA,MN,2,2,0,0,4,4,87,0,ARMSTRONG,2,5,May,2012,4,Wednesday,8,13,1,2,2,2967,47.28195556,-95.93332500,12,1,10,0,0,1,0
270084,MINNESOTA,MN,1,1,0,0,1,1,23,0,BLADON SPRINGS,2,5,May,2012,4,Wednesday,15,53,0,6,5,67,44.92016111,-95.35581944,34,1,0,0,0,1,0
270085,MINNESOTA,MN,2,2,0,0,3,3,3,5788,BALDWIN,4,5,May,2012,6,Friday,3,9,1,12,2,2223,45.22194167,-93.43434722,12,2,0,0,0,1,1
270086,MINNESOTA,MN,2,1,0,1,1,2,3,1982,BALDWIN,7,5,May,2012,2,Monday,13,10,0,14,4,169,45.31955278,-93.21489167,14,1,0,0,0,1,0
270087,MINNESOTA,MN,1,1,0,0,2,2,139,6450,CALION,8,5,May,2012,3,Tuesday,2,15,0,15,6,22,44.77711667,-93.33641944,38,3,0,0,0,1,0
270088,MINNESOTA,MN,1,1,0,0,1,1,97,0,AXIS,9,5,May,2012,4,Wednesday,4,22,0,5,4,15,46.22310278,-94.61222222,42,2,0,0,0,1,0
270089,MINNESOTA,MN,2,2,0,0,6,6,25,0,BARLOW BEND,12,5,May,2012,7,Saturday,17,36,0,3,4,226,45.65856111,-92.96079722,12,1,0,0,0,1,1
270090,MINNESOTA,MN,1,1,0,0,1,1,117,0,BIRMINGHAM,13,5,May,2012,1,Sunday,14,39,0,5,5,33,43.95771667,-96.30748056,18,1,0,0,0,1,0
270091,MINNESOTA,MN,3,3,0,0,3,3,97,0,AXIS,14,5,May,2012,2,Monday,21,45,1,2,2,1426,46.00073333,-94.38339167,11,2,0,0,0,1,0
270092,MINNESOTA,MN,1,1,0,0,1,1,93,0,BEAR CREEK,18,5,May,2012,6,Friday,14,12,0,6,5,52,45.27898611,-94.40926667,1,1,0,0,0,1,1
270093,MINNESOTA,MN,1,1,0,0,1,1,163,2450,AVERA,18,5,May,2012,6,Friday,18,34,0,14,2,1621,45.29523056,-92.98624167,1,1,0,0,0,1,1
270094,MINNESOTA,MN,1,1,0,0,2,2,61,5030,BELLWOOD,21,5,May,2012,2,Monday,19,10,0,4,3,1770,47.39457222,-93.16861389,42,1,0,0,0,1,0
270095,MINNESOTA,MN,1,1,0,0,1,1,123,6542,ALEXANDER CITY,22,5,May,2012,3,Tuesday,12,27,1,11,1,431,45.05840278,-93.14208889,42,1,0,0,0,1,0
270096,MINNESOTA,MN,1,1,1,1,2,2,3,1982,BALDWIN,17,4,April,2012,3,Tuesday,19,27,0,14,4,192,45.31380556,-93.17024444,9,1,0,0,0,1,0
270097,MINNESOTA,MN,2,2,0,0,2,2,169,0,BRADLEY,25,5,May,2012,6,Friday,12,23,1,2,2,165,43.99323889,-91.45095833,12,1,0,0,0,1,0
270098,MINNESOTA,MN,1,1,0,0,1,1,133,0,ARLEY,26,5,May,2012,7,Saturday,6,13,0,4,4,3,43.83369722,-96.11093611,1,2,0,0,0,1,1
270099,MINNESOTA,MN,1,1,0,0,2,2,63,0,BOLIGEE,26,5,May,2012,7,Saturday,18,36,0,4,4,195,43.52254722,-95.11006111,35,1,0,0,0,2,0
270100,MINNESOTA,MN,4,4,0,0,9,9,123,6330,ALEXANDER CITY,30,5,May,2012,4,Wednesday,9,28,1,11,1,2369,44.95805000,-93.19746944,12,1,0,1,0,2,0
270101,MINNESOTA,MN,1,1,1,1,1,1,53,2008,ATMORE,30,5,May,2012,4,Wednesday,16,31,0,14,3,146,44.87672500,-93.52075833,8,1,0,0,0,1,0
270102,MINNESOTA,MN,3,3,0,0,5,5,139,5770,CALION,30,5,May,2012,4,Wednesday,17,37,0,14,3,849,44.72025833,-93.41483056,12,1,0,0,0,1,0
270103,MINNESOTA,MN,1,1,0,0,1,1,141,0,BEE BRANCH,30,5,May,2012,4,Wednesday,17,55,0,6,4,58,45.45859167,-93.92680000,52,1,0,0,0,1,0
270104,MINNESOTA,MN,1,1,1,1,1,1,123,6542,ALEXANDER CITY,30,5,May,2012,4,Wednesday,22,3,0,14,4,35,45.07932500,-93.11436111,9,3,10,0,0,1,0
270105,MINNESOTA,MN,1,1,0,0,3,3,7,0,BIBB,1,6,June,2012,6,Friday,17,49,0,4,4,98,47.72990833,-94.46951389,42,1,0,0,0,1,0
270106,MINNESOTA,MN,1,1,0,0,1,1,17,0,CHAMBERS,2,6,June,2012,7,Saturday,0,15,0,3,3,3299,46.58856667,-92.33510278,1,2,0,0,0,1,1
270107,MINNESOTA,MN,2,2,0,0,2,2,147,662,AUGUSTA,2,6,June,2012,7,Saturday,5,5,0,3,2,343,43.94218889,-93.09684167,12,2,0,0,0,1,1
270108,MINNESOTA,MN,1,1,0,0,2,2,21,5495,CHILTON,2,6,June,2012,7,Saturday,21,40,0,3,3,382,46.81743889,-93.94253889,59,5,0,0,0,1,1
270109,MINNESOTA,MN,2,2,0,0,2,2,3,671,BALDWIN,4,6,June,2012,2,Monday,9,51,1,13,3,115,45.13998611,-93.23551111,12,1,0,0,0,1,0
270110,MINNESOTA,MN,2,2,0,0,2,2,83,0,ARDMORE,5,6,June,2012,3,Tuesday,14,45,1,2,3,868,44.59513333,-95.67569722,12,1,0,0,0,1,0
270111,MINNESOTA,MN,1,1,0,0,2,2,23,0,BLADON SPRINGS,5,6,June,2012,3,Tuesday,15,37,0,3,3,480,45.10835000,-95.58927222,35,1,0,0,0,1,0
270112,MINNESOTA,MN,2,2,0,0,2,2,123,6070,ALEXANDER CITY,6,6,June,2012,4,Wednesday,6,38,0,14,4,20,45.01353889,-93.14039722,12,1,0,1,0,1,0
270113,MINNESOTA,MN,2,2,0,0,2,2,123,7096,ALEXANDER CITY,6,6,June,2012,4,Wednesday,21,27,1,1,1,476,45.03751111,-93.05548611,18,3,0,0,0,1,0
270114,MINNESOTA,MN,1,1,0,0,1,1,53,4760,ATMORE,9,6,June,2012,7,Saturday,12,23,1,1,1,2305,44.98776389,-93.28884167,1,1,0,0,0,1,0
270115,MINNESOTA,MN,2,2,0,0,2,2,161,0,DENTON,14,6,June,2012,5,Thursday,6,32,0,3,4,235,44.14788889,-93.69790000,12,1,0,0,0,1,0
270116,MINNESOTA,MN,3,3,0,0,3,3,123,6070,ALEXANDER CITY,14,6,June,2012,5,Thursday,17,39,0,14,4,13,45.02092222,-93.18224444,12,1,0,0,0,1,0
270117,MINNESOTA,MN,1,1,1,1,1,1,145,6250,BALD KNOB,14,5,May,2012,2,Monday,21,58,1,13,3,2067,45.55833056,-94.15890833,8,3,0,0,0,1,0
270118,MINNESOTA,MN,1,1,0,0,1,1,171,0,ALDORA,15,6,June,2012,6,Friday,21,35,0,6,5,48,45.33658611,-93.87814444,11,2,0,0,0,1,1
270119,MINNESOTA,MN,1,1,0,0,1,1,171,0,ALDORA,16,6,June,2012,7,Saturday,5,31,0,5,4,75,45.27027500,-93.79665000,30,4,0,0,0,1,1
270120,MINNESOTA,MN,1,1,0,0,1,1,163,2450,AVERA,16,6,June,2012,7,Saturday,5,35,0,15,6,38,45.27553889,-92.94518889,59,4,0,0,0,1,1
270121,MINNESOTA,MN,2,2,0,0,2,2,169,0,BRADLEY,18,6,June,2012,2,Monday,16,23,0,3,2,2478,44.00763333,-91.80902778,12,1,0,0,0,1,0
270122,MINNESOTA,MN,2,2,0,0,2,2,53,5423,ATMORE,19,6,June,2012,3,Tuesday,6,45,1,13,2,1495,44.98612222,-93.60615278,23,1,0,0,0,1,0
270123,MINNESOTA,MN,1,1,0,0,2,2,103,0,DANVILLE,18,6,June,2012,2,Monday,22,28,0,5,4,3,44.26438333,-94.32469167,34,2,0,0,0,1,1
270124,MINNESOTA,MN,1,1,1,1,1,1,3,1130,BALDWIN,23,6,June,2012,7,Saturday,2,58,0,16,6,1,45.16600833,-93.04286389,8,3,0,0,0,1,0
270125,MINNESOTA,MN,3,3,0,0,3,3,35,770,BROOKLYN,3,4,April,2012,3,Tuesday,9,31,0,14,4,50,46.35455000,-94.21419167,12,1,0,0,0,1,0
270126,MINNESOTA,MN,1,1,0,0,1,1,171,0,ALDORA,14,6,June,2012,5,Thursday,0,17,0,4,4,47,45.15359444,-94.16882500,11,2,0,0,0,1,0
270127,MINNESOTA,MN,2,2,0,0,6,6,97,0,AXIS,21,6,June,2012,5,Thursday,23,10,0,6,4,21,45.85383611,-94.05198333,12,2,0,0,0,1,1
270128,MINNESOTA,MN,2,2,0,0,4,4,121,0,BON AIR,28,5,May,2012,2,Monday,11,0,0,3,3,529,45.58539722,-95.53128889,12,1,0,0,0,1,0
270129,MINNESOTA,MN,1,1,0,0,2,2,111,0,GRAHAM,22,6,June,2012,6,Friday,21,5,0,6,5,33,46.19950000,-96.04005000,34,1,0,0,0,2,1
270130,MINNESOTA,MN,3,3,0,0,6,6,85,0,BENTON,23,6,June,2012,7,Saturday,11,57,0,2,3,846,44.65356111,-94.37606944,12,1,0,0,0,2,0
270131,MINNESOTA,MN,1,1,0,0,2,2,105,0,MARION,23,6,June,2012,7,Saturday,21,37,1,1,1,262,43.64272778,-95.94099167,1,2,0,0,0,1,0
270132,MINNESOTA,MN,1,1,0,0,1,1,25,0,BARLOW BEND,24,6,June,2012,1,Sunday,5,39,0,14,2,1635,45.31493889,-92.98711667,53,1,0,0,0,1,1
270133,MINNESOTA,MN,1,1,0,0,2,2,123,4974,ALEXANDER CITY,24,6,June,2012,1,Sunday,20,15,1,12,2,2365,45.11719722,-93.19877500,1,1,0,0,0,1,0
270134,MINNESOTA,MN,2,2,0,0,5,5,55,0,ATTALLA,25,6,June,2012,2,Monday,17,49,0,3,3,394,43.54368889,-91.70068611,12,1,0,0,0,1,0
270135,MINNESOTA,MN,2,2,0,0,2,2,83,0,ARDMORE,25,6,June,2012,2,Monday,22,31,1,2,3,864,44.59293333,-95.68252500,12,2,0,0,0,1,0
270136,MINNESOTA,MN,1,1,2,2,1,1,123,6330,ALEXANDER CITY,5,7,July,2012,5,Thursday,13,7,0,15,6,18,44.95680000,-93.03547778,40,1,0,0,0,1,0
270137,MINNESOTA,MN,1,1,0,0,2,2,53,2030,ATMORE,4,5,May,2012,6,Friday,12,57,0,16,8,0,44.86355833,-93.32786389,5,8,0,0,0,1,0
270138,MINNESOTA,MN,2,2,0,0,2,2,53,675,ATMORE,27,6,June,2012,4,Wednesday,16,8,0,14,6,7,44.85484722,-93.35218611,12,1,0,0,0,1,0
270139,MINNESOTA,MN,3,3,0,0,4,4,109,0,ANSLEY,28,6,June,2012,5,Thursday,12,50,0,3,2,2174,44.01160278,-92.38882778,12,1,0,0,0,1,0
270140,MINNESOTA,MN,1,1,0,0,1,1,119,0,BELLAMY,4,6,June,2012,2,Monday,10,27,0,4,4,51,47.94925556,-96.88827778,32,1,0,0,0,1,0
270141,MINNESOTA,MN,1,1,0,0,1,1,3,671,BALDWIN,29,6,June,2012,6,Friday,2,40,0,16,6,1,45.15951389,-93.26050278,42,3,0,0,0,1,1
270142,MINNESOTA,MN,2,2,0,0,3,3,35,420,BROOKLYN,30,6,June,2012,7,Saturday,14,54,0,16,6,16,46.37672222,-94.24445556,12,1,0,0,0,1,0
270143,MINNESOTA,MN,2,2,0,0,2,2,3,5788,BALDWIN,30,6,June,2012,7,Saturday,17,12,0,14,3,248,45.26080833,-93.41155556,12,1,0,0,0,1,1
270144,MINNESOTA,MN,2,2,0,0,3,3,53,2886,ATMORE,30,6,June,2012,7,Saturday,18,17,0,3,4,43,45.08686111,-93.70713056,12,1,0,0,0,1,1
270145,MINNESOTA,MN,1,1,0,0,1,1,111,0,GRAHAM,1,7,July,2012,1,Sunday,5,36,1,2,2,658,46.58363056,-95.58466389,1,4,0,0,0,1,0
270147,MINNESOTA,MN,2,2,0,0,4,4,113,6910,COTTONTON,5,7,July,2012,5,Thursday,15,5,0,13,3,1036,48.10960000,-96.18960833,12,1,0,0,0,1,0
270148,MINNESOTA,MN,2,2,0,0,4,4,115,0,ASHVILLE,6,7,July,2012,6,Friday,20,21,0,3,4,305,46.12521667,-92.89742222,12,1,0,0,0,1,1
270149,MINNESOTA,MN,3,3,0,0,4,4,53,675,ATMORE,8,7,July,2012,1,Sunday,10,31,0,14,6,20,44.85968889,-93.25802778,12,1,0,0,0,1,0
270150,MINNESOTA,MN,2,2,0,0,2,2,145,6250,BALD KNOB,9,7,July,2012,2,Monday,17,52,0,14,6,8,45.55856944,-94.18953056,12,1,0,0,0,1,0
270151,MINNESOTA,MN,2,2,0,0,2,2,53,4760,ATMORE,10,7,July,2012,3,Tuesday,7,42,1,13,2,1897,44.98444167,-93.28752778,12,1,0,0,0,1,0
270152,MINNESOTA,MN,1,1,0,0,2,2,171,0,ALDORA,10,7,July,2012,3,Tuesday,16,14,0,5,4,193,45.23656944,-94.12555278,53,1,0,0,0,2,0
270153,MINNESOTA,MN,1,1,1,1,2,2,131,0,ARLINGTON,26,7,July,2012,5,Thursday,8,8,0,6,5,5,44.47190833,-93.32154722,8,1,0,0,0,1,0
270154,MINNESOTA,MN,1,1,0,0,3,3,53,6300,ATMORE,11,7,July,2012,4,Wednesday,8,56,1,11,1,54,44.97055833,-93.35148333,25,1,0,0,0,1,0
270155,MINNESOTA,MN,1,1,0,0,1,1,47,7019,BROWNS,13,7,July,2012,6,Friday,1,14,0,6,4,2,43.56097500,-93.41968611,34,6,0,0,0,1,1
270156,MINNESOTA,MN,1,1,0,0,1,1,123,6330,ALEXANDER CITY,13,7,July,2012,6,Friday,20,55,1,13,2,1338,44.93093056,-93.02483889,42,3,0,0,0,1,1
270157,MINNESOTA,MN,1,1,0,0,1,1,37,0,BRADFORD,14,7,July,2012,7,Saturday,21,12,0,3,3,313,44.71555278,-93.12932222,1,5,0,0,0,1,1
270158,MINNESOTA,MN,1,1,0,0,1,1,61,0,BELLWOOD,18,7,July,2012,4,Wednesday,1,13,0,5,4,35,47.14481667,-93.48860000,35,2,0,0,0,1,1
270159,MINNESOTA,MN,1,1,0,0,1,1,53,4760,ATMORE,20,7,July,2012,6,Friday,4,25,0,13,3,9,44.97105556,-93.26793889,38,3,0,0,0,1,1
270161,MINNESOTA,MN,1,1,0,0,2,2,139,0,CALION,21,7,July,2012,7,Saturday,15,12,0,3,4,38,44.59896389,-93.44033333,1,1,0,0,0,1,0
270162,MINNESOTA,MN,1,1,0,0,1,1,119,0,BELLAMY,21,7,July,2012,7,Saturday,19,10,0,4,4,69,48.12368056,-97.10674722,1,1,0,0,0,1,1
270163,MINNESOTA,MN,1,1,0,0,1,1,3,4184,BALDWIN,22,7,July,2012,1,Sunday,17,22,1,11,1,1209,45.13083611,-93.04546389,34,1,0,0,0,1,0
270164,MINNESOTA,MN,2,2,0,0,3,3,115,0,ASHVILLE,23,7,July,2012,2,Monday,16,58,0,3,3,191,46.01221944,-92.53455000,12,1,0,0,0,3,0
270165,MINNESOTA,MN,2,2,0,0,2,2,133,0,ARLEY,24,7,July,2012,3,Tuesday,8,30,0,3,2,184,43.76125833,-96.21251111,12,1,0,0,0,1,0
270166,MINNESOTA,MN,2,2,0,0,3,3,127,0,BURNWELL,24,7,July,2012,3,Tuesday,21,33,0,2,3,609,44.54163611,-95.34480833,12,5,0,0,0,2,1
270167,MINNESOTA,MN,1,1,0,0,1,1,49,0,COLLINSVILLE,25,7,July,2012,4,Wednesday,6,30,0,4,4,252,44.25573889,-92.56788889,32,1,0,0,0,1,0
270168,MINNESOTA,MN,2,2,0,0,2,2,97,4210,AXIS,25,7,July,2012,4,Wednesday,8,36,0,13,3,1362,45.97588333,-94.35001944,12,1,0,0,0,1,0
270169,MINNESOTA,MN,2,2,0,0,3,3,105,0,MARION,25,7,July,2012,4,Wednesday,12,27,0,5,4,63,43.58706389,-95.87407778,12,1,0,0,0,1,0
270170,MINNESOTA,MN,1,1,0,0,1,1,9,0,BLOUNT,26,7,July,2012,5,Thursday,11,12,0,3,3,1131,45.76485833,-94.09113889,11,1,0,0,0,1,0
270171,MINNESOTA,MN,2,2,0,0,4,4,49,0,COLLINSVILLE,26,7,July,2012,5,Thursday,16,46,0,3,3,1719,44.29242222,-92.82941944,12,1,0,0,0,1,0
270172,MINNESOTA,MN,2,2,0,0,5,5,121,0,BON AIR,28,7,July,2012,7,Saturday,21,25,0,3,3,517,45.56749167,-95.53165556,12,2,2,0,0,1,1
270173,MINNESOTA,MN,1,1,0,0,1,1,119,0,BELLAMY,26,7,July,2012,5,Thursday,17,58,0,4,4,54,47.80092778,-96.80443889,34,1,0,0,0,1,1
270174,MINNESOTA,MN,2,2,0,0,4,4,117,0,BIRMINGHAM,29,7,July,2012,1,Sunday,14,33,1,2,3,424,44.12165000,-96.14220556,12,1,0,0,0,1,0
270175,MINNESOTA,MN,1,1,0,0,1,1,41,0,BRANTLEY,29,7,July,2012,1,Sunday,16,22,0,4,3,126,45.79220000,-95.53068889,34,1,0,0,0,1,1
270176,MINNESOTA,MN,1,1,1,1,1,1,123,6330,ALEXANDER CITY,30,7,July,2012,2,Monday,9,8,0,15,6,1,44.91981944,-93.19246111,8,1,0,0,0,1,0
270177,MINNESOTA,MN,1,1,1,1,1,1,35,420,BROOKLYN,31,7,July,2012,3,Tuesday,21,27,1,13,3,327,46.35447222,-94.24425278,9,3,0,0,0,1,0
270178,MINNESOTA,MN,1,1,0,0,1,1,163,3910,AVERA,1,8,August,2012,4,Wednesday,3,11,0,14,4,20,44.99250278,-92.87947222,42,3,0,0,0,1,1
270179,MINNESOTA,MN,1,1,0,0,2,2,87,0,ARMSTRONG,2,8,August,2012,5,Thursday,17,35,0,5,4,225,47.42685000,-95.60978611,1,1,0,0,0,1,1
270180,MINNESOTA,MN,1,1,0,0,1,1,21,0,CHILTON,2,8,August,2012,5,Thursday,1,46,0,3,3,1394,47.05236389,-94.31126667,35,2,0,0,0,1,0
270181,MINNESOTA,MN,1,1,0,0,1,1,105,0,MARION,3,8,August,2012,6,Friday,0,50,0,4,4,69,43.67344722,-95.67213056,11,2,0,0,0,1,1
270182,MINNESOTA,MN,1,1,0,0,1,1,35,0,BROOKLYN,3,8,August,2012,6,Friday,2,19,1,2,3,398,46.44105556,-94.30327222,35,2,0,0,0,1,1
270183,MINNESOTA,MN,2,2,0,0,2,2,141,0,BEE BRANCH,4,6,June,2012,2,Monday,13,43,0,4,4,148,45.49218333,-93.63381944,12,1,0,0,0,1,0
270184,MINNESOTA,MN,1,1,0,0,1,1,153,0,BONAIRE,4,8,August,2012,7,Saturday,2,2,0,5,4,2,45.89516667,-94.72827778,35,2,0,0,0,1,1
270185,MINNESOTA,MN,2,2,0,0,3,3,85,2710,BENTON,4,8,August,2012,7,Saturday,14,17,0,15,6,5,44.76854722,-94.13147778,33,1,0,0,0,1,0
270186,MINNESOTA,MN,1,1,0,0,1,1,75,0,BEAVERTON,6,8,August,2012,2,Monday,23,4,1,2,4,0,47.04867778,-91.62957778,42,3,0,0,0,1,1
270187,MINNESOTA,MN,1,1,0,0,1,1,97,0,AXIS,7,8,August,2012,3,Tuesday,23,58,0,6,5,0,45.92566111,-93.99254167,42,2,0,0,0,1,1
270188,MINNESOTA,MN,2,2,0,0,2,2,127,0,BURNWELL,9,8,August,2012,5,Thursday,10,58,0,2,3,523,44.47355278,-95.45761389,12,1,0,0,0,1,0
270189,MINNESOTA,MN,4,4,0,0,4,4,145,7260,BALD KNOB,9,8,August,2012,5,Thursday,13,28,0,3,6,5,45.55050556,-94.25503889,12,1,0,0,0,1,0
270190,MINNESOTA,MN,1,1,0,0,3,3,27,0,ASHLAND,9,8,August,2012,5,Thursday,18,39,0,5,4,55,46.77549722,-96.69414167,35,1,0,0,0,1,0
270191,MINNESOTA,MN,1,1,0,0,1,1,59,0,FRANKLIN,10,8,August,2012,6,Friday,18,43,0,4,4,73,45.72245000,-93.27423611,35,1,0,0,0,1,1
270192,MINNESOTA,MN,1,1,0,0,1,1,3,1108,BALDWIN,10,8,August,2012,6,Friday,21,13,0,14,4,97,45.32323056,-93.35660278,11,3,0,0,0,1,1
270193,MINNESOTA,MN,2,2,0,0,3,3,35,0,BROOKLYN,11,8,August,2012,7,Saturday,16,54,0,4,4,83,46.65522222,-93.98079722,12,1,0,0,0,1,0
270195,MINNESOTA,MN,1,1,1,1,2,2,3,1982,BALDWIN,18,8,August,2012,7,Saturday,4,32,0,14,4,190,45.31470833,-93.17398056,8,2,0,0,0,1,0
270196,MINNESOTA,MN,1,1,0,0,1,1,101,0,BOYLSTON,13,8,August,2012,2,Monday,12,26,0,6,4,10,44.06558056,-95.60276667,1,1,0,0,0,1,0
270197,MINNESOTA,MN,1,1,1,1,1,1,53,4495,ATMORE,23,8,August,2012,5,Thursday,1,38,0,14,4,11,45.10512778,-93.43820556,8,3,0,0,0,1,0
270198,MINNESOTA,MN,2,1,1,1,2,2,53,5910,ATMORE,24,8,August,2012,6,Friday,18,54,1,11,1,100,44.87961389,-93.29690833,8,1,0,0,0,1,0
270199,MINNESOTA,MN,2,2,0,0,5,5,67,0,ABBEVILLE,17,8,August,2012,6,Friday,21,4,1,2,2,778,45.13181944,-94.96553611,12,2,0,0,0,3,1
270200,MINNESOTA,MN,1,1,0,0,1,1,137,3255,ALCO,17,8,August,2012,6,Friday,23,34,1,13,2,102,46.83779722,-92.24352500,59,2,0,0,0,1,1
270201,MINNESOTA,MN,1,1,0,0,1,1,11,0,BULLOCK,18,8,August,2012,7,Saturday,8,3,1,2,3,354,45.25277222,-96.27668056,11,1,0,0,0,1,0
270203,MINNESOTA,MN,2,2,0,0,3,3,99,0,BEATRICE,19,8,August,2012,1,Sunday,0,16,0,6,5,55,43.69616111,-92.46955556,12,2,0,0,0,1,1
270204,MINNESOTA,MN,1,1,0,0,1,1,37,3490,BRADFORD,19,8,August,2012,1,Sunday,16,2,1,12,2,1228,44.83791667,-93.05983333,1,1,0,0,0,1,1
270205,MINNESOTA,MN,1,1,0,0,1,1,171,0,ALDORA,20,8,August,2012,2,Monday,17,35,0,6,5,5,45.19942222,-94.01279722,1,1,0,0,0,1,1
270206,MINNESOTA,MN,1,1,0,0,5,5,37,956,BRADFORD,21,8,August,2012,3,Tuesday,14,29,0,16,6,4,44.72031944,-93.28231111,38,1,0,0,0,2,0
270207,MINNESOTA,MN,1,1,0,0,1,1,53,5732,ATMORE,21,8,August,2012,3,Tuesday,15,9,0,16,6,1,44.99232500,-93.46713889,42,1,0,0,0,1,0
270208,MINNESOTA,MN,1,1,0,0,1,1,17,0,CHAMBERS,22,8,August,2012,4,Wednesday,7,58,0,6,5,0,46.67835000,-92.94125000,10,1,0,0,0,1,1
270209,MINNESOTA,MN,2,2,0,0,2,2,3,5788,BALDWIN,23,8,August,2012,5,Thursday,23,39,0,14,4,79,45.29388333,-93.38836667,12,3,0,0,0,1,1
270210,MINNESOTA,MN,1,1,1,1,1,1,123,6330,ALEXANDER CITY,29,8,August,2012,4,Wednesday,17,1,0,14,6,18,44.94002778,-93.15686667,8,1,0,0,0,1,0
270211,MINNESOTA,MN,2,2,2,2,2,2,3,5788,BALDWIN,1,9,September,2012,7,Saturday,21,37,1,12,2,2225,45.22000556,-93.42940556,8,2,0,0,0,2,0
270212,MINNESOTA,MN,2,2,0,0,6,6,137,0,ALCO,25,8,August,2012,7,Saturday,8,44,1,2,2,516,47.34818889,-92.47400556,59,1,0,0,0,1,0
270213,MINNESOTA,MN,1,1,0,0,2,2,35,0,BROOKLYN,26,8,August,2012,1,Sunday,13,12,0,3,3,157,46.50925000,-93.96010833,43,1,0,0,0,1,0
270214,MINNESOTA,MN,2,2,0,0,2,2,145,6420,BALD KNOB,27,8,August,2012,2,Monday,14,33,0,15,6,14,45.60056944,-94.20230278,12,1,0,0,0,1,0
270215,MINNESOTA,MN,2,2,0,0,2,2,9,0,BLOUNT,30,8,August,2012,5,Thursday,16,56,0,4,4,120,45.66255556,-93.96191944,12,1,0,0,0,2,0