ST_CASE,State Name,State Abbreviation,# of Vehicle involved,Parked_Vehicles_Involved,Pedestrains,Person_Not_in_Motor_Vehicle,Persons_in_motor_vehicle,Total_Persons_in_accident,COUNTY,CITY,City_County_Name,Calendar_DAY,MONTH,Month_name,YEAR,DAY_WEEK,Day_Week_desc,HOUR,MINUTE,NHS_Desc,trafficway,Route,MILEPT,LATITUDE,LONGITUD,First_Crash_event,Light_cond_desc,Weather_condition,School_bus_involved,Crash_cause,FATALS,DRUNK_DR
270216,MINNESOTA,MN,1,1,0,0,1,1,13,4480,BOLLING,31,8,August,2012,6,Friday,23,43,0,16,6,12,44.17718889,-93.96594167,33,3,0,0,0,1,0
270217,MINNESOTA,MN,1,1,1,1,1,1,95,0,ALBERTVILLE,7,9,September,2012,6,Friday,19,14,0,4,4,41,46.05483889,-93.66711389,8,1,0,0,0,1,0
270218,MINNESOTA,MN,1,1,0,0,1,1,149,0,BELLEVILLE,1,9,September,2012,7,Saturday,6,15,0,6,5,11,45.42815833,-95.85019722,34,4,0,0,0,1,0
270219,MINNESOTA,MN,1,1,0,0,2,2,45,4030,ARITON,1,9,September,2012,7,Saturday,14,8,0,3,3,2392,43.71081111,-91.98107778,30,1,0,0,0,1,0
270220,MINNESOTA,MN,1,1,1,1,1,1,143,0,CANEHILL,15,9,September,2012,7,Saturday,14,29,0,2,3,748,44.51596389,-94.37156667,9,1,0,0,0,1,0
270221,MINNESOTA,MN,2,2,0,0,5,5,67,0,ABBEVILLE,3,9,September,2012,2,Monday,15,19,0,5,4,228,45.20408889,-95.16488333,12,1,0,0,0,1,0
270222,MINNESOTA,MN,2,2,0,0,4,4,39,0,ANDALUSIA,4,9,September,2012,3,Tuesday,15,39,0,3,4,10,44.09677500,-92.67822778,12,1,0,1,0,1,0
270223,MINNESOTA,MN,1,1,0,0,1,1,5,0,BAKER HILL,5,9,September,2012,4,Wednesday,7,59,0,4,4,7,46.97607222,-95.80750556,34,2,0,0,0,1,1
270224,MINNESOTA,MN,2,2,0,0,4,4,137,0,ALCO,6,9,September,2012,5,Thursday,7,42,1,2,2,1356,48.38106667,-92.98818889,12,1,0,0,0,2,0
270225,MINNESOTA,MN,1,1,0,0,1,1,53,2750,ATMORE,6,9,September,2012,5,Thursday,8,36,0,16,6,0,45.00380000,-93.37802778,1,2,0,0,0,1,1
270226,MINNESOTA,MN,2,2,0,0,4,4,37,0,BRADFORD,6,9,September,2012,5,Thursday,19,51,0,6,5,15,44.66849722,-92.90397222,12,5,2,0,0,1,0
270227,MINNESOTA,MN,1,1,0,0,1,1,115,0,ASHVILLE,7,9,September,2012,6,Friday,0,10,0,3,4,423,46.27346111,-92.85819444,42,2,2,0,0,1,0
270229,MINNESOTA,MN,2,2,0,0,2,2,161,0,DENTON,8,9,September,2012,7,Saturday,15,5,0,3,3,213,43.93247500,-93.48671667,12,1,0,0,0,1,0
270230,MINNESOTA,MN,1,1,0,0,1,1,115,0,ASHVILLE,8,9,September,2012,7,Saturday,15,21,0,5,4,34,45.85839444,-92.93543889,1,1,0,0,0,1,0
270231,MINNESOTA,MN,2,2,0,0,6,6,115,0,ASHVILLE,11,9,September,2012,3,Tuesday,18,33,0,5,4,13,46.18676667,-92.76161667,12,1,0,0,0,4,0
270232,MINNESOTA,MN,3,3,0,0,4,4,37,1945,BRADFORD,12,9,September,2012,4,Wednesday,13,53,1,13,3,2022,44.85225833,-93.12978889,12,1,0,0,0,1,0
270233,MINNESOTA,MN,2,2,0,0,2,2,71,0,BRIDGEPORT,14,9,September,2012,6,Friday,13,20,1,2,2,1424,48.40962500,-93.11895556,12,1,0,0,0,1,0
270234,MINNESOTA,MN,2,2,0,0,3,3,53,5732,ATMORE,14,9,September,2012,6,Friday,17,41,0,14,4,159,44.99672222,-93.46149444,12,1,0,0,0,1,0
270235,MINNESOTA,MN,1,1,0,0,1,1,21,1980,CHILTON,14,9,September,2012,6,Friday,19,34,0,5,4,15,46.40348056,-94.35198333,1,5,0,0,0,1,0
270236,MINNESOTA,MN,2,2,0,0,2,2,99,0,BEATRICE,15,9,September,2012,7,Saturday,15,50,0,4,4,89,43.58718056,-92.70970833,12,1,0,0,0,1,0
270237,MINNESOTA,MN,1,1,0,0,1,1,81,0,AUBURN,16,9,September,2012,1,Sunday,4,0,0,4,4,51,44.25006111,-96.12928333,35,2,10,0,0,1,1
270238,MINNESOTA,MN,2,2,0,0,3,3,3,1982,BALDWIN,16,9,September,2012,1,Sunday,19,27,0,14,4,187,45.31602222,-93.17930278,12,1,0,0,0,2,2
270239,MINNESOTA,MN,1,1,0,0,1,1,21,0,CHILTON,16,9,September,2012,1,Sunday,22,33,0,3,3,1610,47.03447222,-93.87189444,1,2,0,0,0,1,1
270240,MINNESOTA,MN,4,4,0,0,5,5,53,675,ATMORE,18,9,September,2012,3,Tuesday,15,24,1,11,1,67,44.83350833,-93.29510000,12,1,0,0,0,1,1
270241,MINNESOTA,MN,1,1,0,0,1,1,35,2199,BROOKLYN,18,9,September,2012,3,Tuesday,17,32,0,4,4,208,46.73472222,-93.94896389,59,1,0,0,0,1,1
270242,MINNESOTA,MN,2,2,0,0,2,2,137,2250,ALCO,19,9,September,2012,4,Wednesday,15,28,1,2,2,608,47.46799444,-92.52492222,12,1,0,0,0,1,0
270243,MINNESOTA,MN,2,2,0,0,2,2,9,0,BLOUNT,19,9,September,2012,4,Wednesday,20,30,1,13,2,1685,45.68151111,-94.17371111,12,2,0,0,0,1,0
270244,MINNESOTA,MN,1,1,1,1,1,1,61,0,BELLWOOD,29,9,September,2012,7,Saturday,12,18,0,4,4,107,47.73903611,-94.05315000,15,1,0,0,0,1,1
270245,MINNESOTA,MN,2,2,0,0,2,2,57,0,BANKSTON,20,9,September,2012,5,Thursday,9,15,1,2,2,1261,47.38953333,-94.69138056,12,1,0,0,0,1,1
270246,MINNESOTA,MN,1,1,1,1,1,1,53,4760,ATMORE,30,9,September,2012,1,Sunday,18,57,0,14,6,19,44.95552778,-93.26011111,8,5,0,0,0,1,0
270247,MINNESOTA,MN,1,1,1,1,1,1,163,4440,AVERA,5,10,October,2012,6,Friday,21,5,0,14,4,14,45.05671944,-92.94750000,8,6,0,0,0,1,0
270248,MINNESOTA,MN,1,1,0,0,1,1,5,0,BAKER HILL,21,9,September,2012,6,Friday,11,36,0,5,4,153,47.13431389,-95.56612222,42,1,0,0,0,1,0
270249,MINNESOTA,MN,2,2,0,0,4,4,7,0,BIBB,23,9,September,2012,1,Sunday,19,0,0,4,4,56,47.45465000,-94.94898611,12,1,0,0,0,1,0
270250,MINNESOTA,MN,3,3,0,0,6,6,123,6330,ALEXANDER CITY,24,9,September,2012,2,Monday,9,15,0,14,2,1386,44.97029722,-93.06598611,12,1,0,0,0,1,0
270251,MINNESOTA,MN,1,1,0,0,1,1,13,4480,BOLLING,24,9,September,2012,2,Monday,15,46,1,13,3,499,44.13788611,-93.95796389,1,1,0,0,0,1,0
270252,MINNESOTA,MN,1,1,0,0,1,1,19,0,CEDAR BLUFF,25,9,September,2012,3,Tuesday,6,36,0,4,4,29,44.84840556,-93.93891944,59,2,0,0,0,1,1
270253,MINNESOTA,MN,2,1,0,1,1,2,71,3480,BRIDGEPORT,25,9,September,2012,3,Tuesday,8,47,0,14,4,1,48.58751944,-93.43656389,14,1,0,0,0,1,0
270254,MINNESOTA,MN,1,1,0,0,2,2,85,0,BENTON,27,9,September,2012,5,Thursday,14,9,0,4,4,104,44.75670278,-94.45777222,30,1,0,0,0,1,0
270255,MINNESOTA,MN,2,2,0,0,2,2,105,0,MARION,28,9,September,2012,6,Friday,6,30,0,4,4,133,43.63073889,-95.79366389,12,4,0,0,0,1,0
270256,MINNESOTA,MN,1,1,0,0,2,2,85,0,BENTON,28,9,September,2012,6,Friday,23,37,0,4,4,25,44.83441389,-94.44729722,18,2,0,0,0,2,0
270257,MINNESOTA,MN,1,1,0,0,1,1,1,0,AUTAUGA,30,9,September,2012,1,Sunday,1,23,0,5,4,215,46.73941667,-93.48497222,35,2,0,0,0,1,1
270258,MINNESOTA,MN,2,2,0,0,3,3,111,0,GRAHAM,1,10,October,2012,2,Monday,8,18,0,4,4,25,46.61500556,-96.09468056,12,1,0,0,0,1,0
270259,MINNESOTA,MN,3,3,0,0,5,5,17,0,CHAMBERS,1,10,October,2012,2,Monday,8,47,1,2,3,1939,46.67831944,-92.93627778,12,1,0,0,0,2,0
270260,MINNESOTA,MN,2,2,0,0,3,3,131,0,ARLINGTON,2,10,October,2012,3,Tuesday,13,34,1,1,1,535,44.24733056,-93.28336111,12,1,0,0,0,1,0
270261,MINNESOTA,MN,2,2,0,0,4,4,89,0,BROWNSBORO,2,10,October,2012,3,Tuesday,20,21,0,3,2,3706,48.27003889,-96.26915556,12,2,0,0,0,1,0
270262,MINNESOTA,MN,2,2,0,0,2,2,59,0,FRANKLIN,2,10,October,2012,3,Tuesday,21,55,0,3,3,452,45.53845278,-93.36864444,12,2,0,0,0,1,0
270263,MINNESOTA,MN,2,2,0,0,2,2,3,2560,BALDWIN,31,3,March,2012,7,Saturday,15,5,1,13,3,89,45.10331389,-93.24356111,12,1,0,0,0,1,1
270264,MINNESOTA,MN,2,2,0,0,3,3,123,4536,ALEXANDER CITY,20,4,April,2012,6,Friday,14,10,0,16,6,9,45.01559167,-93.01778889,12,1,0,0,0,1,0
270265,MINNESOTA,MN,2,2,0,0,2,2,113,0,COTTONTON,4,10,October,2012,5,Thursday,9,57,1,2,2,3524,48.06185000,-96.09034167,12,1,11,0,0,1,0
270266,MINNESOTA,MN,1,1,0,0,1,1,21,0,CHILTON,7,10,October,2012,1,Sunday,18,39,0,3,3,48,46.76399444,-94.36490833,53,1,0,0,0,1,1
270267,MINNESOTA,MN,1,1,0,0,1,1,83,0,ARDMORE,9,10,October,2012,3,Tuesday,13,33,0,3,2,812,44.55401389,-95.79827222,1,1,0,0,0,1,0
270268,MINNESOTA,MN,1,1,1,1,1,1,141,0,BEE BRANCH,15,10,October,2012,2,Monday,23,43,0,4,4,4,45.34030556,-93.77377222,8,2,0,0,0,1,0
270269,MINNESOTA,MN,1,1,1,1,1,1,67,0,ABBEVILLE,16,10,October,2012,3,Tuesday,4,53,1,2,2,1424,45.38492778,-95.00874444,9,2,0,0,0,1,0
270270,MINNESOTA,MN,1,1,0,0,1,1,127,0,BURNWELL,3,10,October,2012,4,Wednesday,8,40,0,6,5,13,44.22828889,-95.31038056,10,1,0,0,0,1,0
270271,MINNESOTA,MN,2,2,0,0,2,2,133,0,ARLEY,10,10,October,2012,4,Wednesday,16,14,0,4,3,47,43.52936944,-96.27285000,12,1,0,0,0,1,0
270272,MINNESOTA,MN,1,1,0,0,1,1,33,0,CHEROKEE,10,10,October,2012,4,Wednesday,20,7,1,2,3,434,43.89256389,-95.08643056,1,2,0,0,0,1,1
270274,MINNESOTA,MN,1,1,0,0,3,3,95,0,ALBERTVILLE,14,10,October,2012,1,Sunday,0,6,1,2,2,2271,46.20759722,-93.78773889,34,2,5,0,0,2,1
270275,MINNESOTA,MN,1,1,0,0,4,4,111,0,GRAHAM,14,10,October,2012,1,Sunday,8,33,0,4,4,22,46.13496389,-95.66199444,1,1,0,0,0,1,0
270276,MINNESOTA,MN,2,2,0,0,2,2,119,0,BELLAMY,14,10,October,2012,1,Sunday,16,3,1,2,2,40,47.92015833,-96.97701111,12,1,0,0,0,1,0
270277,MINNESOTA,MN,2,2,0,0,3,3,79,0,COURTLAND,16,10,October,2012,3,Tuesday,15,5,0,3,3,627,44.48613333,-93.58546667,12,1,0,0,0,1,0
270278,MINNESOTA,MN,2,2,0,0,3,3,27,0,ASHLAND,17,10,October,2012,4,Wednesday,11,49,0,3,3,1707,46.97726111,-96.50098611,12,1,10,0,0,1,0
270279,MINNESOTA,MN,3,3,0,0,6,6,171,6320,ALDORA,19,10,October,2012,6,Friday,21,38,0,15,4,69,45.16648056,-93.72059444,12,2,0,0,0,2,1
270280,MINNESOTA,MN,1,1,1,1,1,1,53,4760,ATMORE,27,10,October,2012,7,Saturday,2,40,0,14,6,1,44.98209444,-93.27142778,8,3,10,0,0,1,0
270281,MINNESOTA,MN,5,5,0,0,8,8,53,6300,ATMORE,20,10,October,2012,7,Saturday,15,14,1,13,3,1924,44.93597222,-93.38279167,12,1,0,0,0,1,0
270282,MINNESOTA,MN,1,1,0,0,1,1,111,0,GRAHAM,20,10,October,2012,7,Saturday,19,2,0,3,3,286,46.35852778,-95.68216389,1,2,0,0,0,1,0
270283,MINNESOTA,MN,4,4,0,0,5,5,3,671,BALDWIN,14,9,September,2012,6,Friday,11,43,1,13,3,122,45.14984722,-93.23505000,12,1,0,0,0,1,0
270284,MINNESOTA,MN,1,1,0,0,1,1,81,0,AUBURN,21,10,October,2012,1,Sunday,7,30,0,4,4,223,44.46729444,-96.18150000,35,4,0,0,0,1,1
270285,MINNESOTA,MN,1,1,1,1,1,1,3,1492,BALDWIN,2,11,November,2012,6,Friday,23,23,0,14,4,23,45.16358611,-93.26643333,8,3,0,0,0,1,0
270286,MINNESOTA,MN,3,3,0,0,4,4,157,0,ARCADE,22,10,October,2012,2,Monday,12,31,0,3,3,122,44.15326111,-92.20199167,12,1,0,0,0,1,1
270287,MINNESOTA,MN,2,2,0,0,2,2,173,0,LAKELAND,23,10,October,2012,3,Tuesday,13,22,1,2,2,443,44.84545000,-95.61647500,12,1,0,0,0,1,1
270288,MINNESOTA,MN,1,1,1,1,1,1,123,7096,ALEXANDER CITY,5,11,November,2012,2,Monday,19,33,0,14,4,66,45.05179722,-93.10631111,15,2,0,0,0,1,0
270289,MINNESOTA,MN,1,1,0,0,2,2,139,6510,CALION,24,10,October,2012,4,Wednesday,16,29,1,13,2,1150,44.78290000,-93.41455000,42,1,0,0,0,1,0
270290,MINNESOTA,MN,1,1,0,0,1,1,131,0,ARLINGTON,27,10,October,2012,7,Saturday,7,13,0,6,5,18,44.26877500,-93.22421111,21,9,0,0,0,1,1
270291,MINNESOTA,MN,6,6,0,0,6,6,53,675,ATMORE,29,10,October,2012,2,Monday,5,1,1,1,1,69,44.85947778,-93.32715278,12,3,0,0,0,1,0
270292,MINNESOTA,MN,1,1,1,1,2,2,7,0,BIBB,25,8,August,2012,7,Saturday,2,59,0,4,4,18,47.52390000,-94.88524444,8,2,0,0,0,1,0
270293,MINNESOTA,MN,1,1,0,0,1,1,43,2160,BAILEYTON,28,10,October,2012,1,Sunday,15,10,0,5,4,3,43.50686667,-94.09458611,30,1,0,0,0,1,0
270294,MINNESOTA,MN,2,2,0,0,2,2,53,3473,ATMORE,30,10,October,2012,3,Tuesday,15,35,1,2,2,1445,45.01485556,-93.69467222,12,1,0,0,0,1,0
270296,MINNESOTA,MN,3,3,0,0,4,4,53,4495,ATMORE,31,10,October,2012,4,Wednesday,17,36,0,14,4,129,45.08573611,-93.51713889,12,1,0,0,0,1,0
270297,MINNESOTA,MN,1,1,0,0,2,2,93,0,BEAR CREEK,4,11,November,2012,1,Sunday,3,6,0,4,4,44,45.25394444,-94.67380833,1,2,0,0,0,1,1
270298,MINNESOTA,MN,2,2,0,0,3,3,163,2450,AVERA,6,11,November,2012,3,Tuesday,9,29,0,16,6,6,45.27705556,-92.99881944,12,1,0,0,0,2,1
270299,MINNESOTA,MN,2,2,0,0,4,4,39,0,ANDALUSIA,6,11,November,2012,3,Tuesday,18,31,1,2,2,1894,44.04495556,-92.90418056,12,5,10,0,0,3,0
270300,MINNESOTA,MN,2,2,0,0,2,2,63,0,BOLIGEE,8,11,November,2012,5,Thursday,13,0,0,3,3,145,43.70971944,-95.17456944,12,1,0,0,0,1,0
270301,MINNESOTA,MN,1,1,0,0,2,2,37,5180,BRADFORD,8,11,November,2012,5,Thursday,14,41,0,3,3,214,44.60119444,-92.94438333,35,1,0,0,0,1,1
270302,MINNESOTA,MN,1,1,0,0,2,2,61,0,BELLWOOD,10,11,November,2012,7,Saturday,23,56,0,3,3,375,47.74691667,-94.26816389,35,2,0,0,0,2,1
270303,MINNESOTA,MN,2,2,0,0,2,2,161,0,DENTON,12,11,November,2012,2,Monday,19,55,1,2,2,1558,44.08541667,-93.54700556,12,2,0,0,0,1,0
270304,MINNESOTA,MN,1,1,0,0,1,1,137,0,ALCO,15,11,November,2012,5,Thursday,4,0,0,5,4,25,46.91150000,-92.34002222,52,2,0,0,0,1,1
270305,MINNESOTA,MN,2,2,0,0,2,2,15,0,ANNISTON,15,11,November,2012,5,Thursday,6,2,1,2,2,919,44.30859167,-94.67155833,12,2,0,0,0,1,0
270306,MINNESOTA,MN,1,1,1,1,1,1,53,4760,ATMORE,21,11,November,2012,4,Wednesday,17,30,0,14,3,1898,44.98446944,-93.28544444,8,3,0,0,0,1,0
270307,MINNESOTA,MN,1,1,0,0,2,2,135,0,ASH FLAT,29,4,April,2012,1,Sunday,6,11,0,4,4,26,48.57587778,-95.60285833,35,4,0,0,0,1,1
270308,MINNESOTA,MN,1,1,0,0,2,2,119,0,BELLAMY,14,7,July,2012,7,Saturday,2,51,0,4,4,147,47.66838611,-96.16462222,34,2,0,0,0,1,1
270309,MINNESOTA,MN,1,1,1,1,1,1,3,190,BALDWIN,26,11,November,2012,2,Monday,19,33,1,12,2,2239,45.20884444,-93.40743056,8,3,0,0,0,1,0
270310,MINNESOTA,MN,1,1,1,1,1,1,5,3970,BAKER HILL,29,11,November,2012,5,Thursday,22,38,1,2,2,322,46.87711111,-96.09545833,8,3,0,0,0,1,0
270311,MINNESOTA,MN,2,2,0,0,3,3,119,0,BELLAMY,15,8,August,2012,4,Wednesday,21,45,0,3,4,18,47.78921111,-96.56795278,12,2,0,0,0,1,1
270312,MINNESOTA,MN,2,2,0,0,4,4,37,3490,BRADFORD,16,11,November,2012,6,Friday,15,53,0,14,4,9,44.83782778,-93.10097500,12,1,0,1,0,3,0
270313,MINNESOTA,MN,1,1,0,0,1,1,115,0,ASHVILLE,16,11,November,2012,6,Friday,23,0,0,4,4,119,46.09162222,-92.29383611,35,2,0,0,0,1,1
270314,MINNESOTA,MN,2,2,0,0,3,3,3,1982,BALDWIN,17,11,November,2012,7,Saturday,8,45,0,14,4,194,45.31380000,-93.16583889,12,1,0,0,0,1,0
270315,MINNESOTA,MN,2,2,0,0,6,6,25,0,BARLOW BEND,7,7,July,2012,7,Saturday,15,34,0,4,4,45,45.44858611,-92.83734722,12,1,0,0,0,1,0
270316,MINNESOTA,MN,1,1,0,0,1,1,137,0,ALCO,13,10,October,2012,7,Saturday,14,21,0,4,4,156,47.10227222,-92.00321111,11,1,2,0,0,1,0
270317,MINNESOTA,MN,2,2,0,0,2,2,23,0,BLADON SPRINGS,21,11,November,2012,4,Wednesday,16,41,1,2,3,1275,44.97011389,-95.33548056,12,1,0,0,0,1,0
270318,MINNESOTA,MN,1,1,0,0,2,2,27,0,ASHLAND,23,11,November,2012,6,Friday,17,23,0,3,3,78,46.76555833,-96.26013056,52,2,0,0,0,1,0
270319,MINNESOTA,MN,2,2,0,0,3,3,3,28,BALDWIN,27,11,November,2012,3,Tuesday,14,58,0,14,4,59,45.22165556,-93.36661111,12,1,0,0,0,1,0
270320,MINNESOTA,MN,1,1,0,0,1,1,51,0,CENTRAL,27,11,November,2012,3,Tuesday,17,16,0,4,4,5,46.05612222,-95.95677778,34,2,0,0,0,1,1
270321,MINNESOTA,MN,1,1,1,1,1,1,145,6250,BALD KNOB,2,12,December,2012,1,Sunday,1,55,0,16,6,13,45.56109444,-94.15804722,8,3,0,0,0,1,0
270322,MINNESOTA,MN,1,1,2,2,1,1,111,5610,GRAHAM,6,12,December,2012,5,Thursday,14,0,0,4,4,20,46.59483056,-95.57390556,8,1,0,0,0,1,0
270323,MINNESOTA,MN,3,3,0,0,6,6,41,0,BRANTLEY,6,11,November,2012,3,Tuesday,10,47,0,4,4,215,46.01997500,-95.22976944,12,1,0,0,0,1,0
270324,MINNESOTA,MN,1,1,0,0,1,1,169,0,BRADLEY,13,11,November,2012,3,Tuesday,8,50,0,5,4,270,44.10615833,-91.82588611,35,1,0,0,0,1,0
270325,MINNESOTA,MN,2,2,0,0,5,5,37,202,BRADFORD,2,12,December,2012,1,Sunday,17,53,1,13,3,16,44.75985278,-93.21785000,20,3,5,0,0,1,0
270327,MINNESOTA,MN,2,2,0,0,2,2,135,6040,ASH FLAT,4,12,December,2012,3,Tuesday,14,4,0,6,7,0,48.84826667,-95.78021111,12,1,0,0,0,1,0
270328,MINNESOTA,MN,2,2,0,0,2,2,53,4810,ATMORE,4,12,December,2012,3,Tuesday,21,28,0,14,4,11,44.90376944,-93.48309722,12,3,0,0,0,1,0
270330,MINNESOTA,MN,2,2,0,0,3,3,171,0,ALDORA,7,12,December,2012,6,Friday,17,49,1,2,2,1370,45.06485556,-93.81707778,12,2,10,0,0,1,0
270331,MINNESOTA,MN,1,1,0,0,1,1,61,0,BELLWOOD,7,12,December,2012,6,Friday,22,40,0,5,4,82,47.46124444,-93.32290278,19,2,0,0,0,1,1
270332,MINNESOTA,MN,1,1,1,1,1,1,115,0,ASHVILLE,16,12,December,2012,1,Sunday,20,22,1,2,3,2726,45.97139722,-92.98114722,8,2,0,0,0,1,0
270333,MINNESOTA,MN,3,2,1,1,1,1,123,7096,ALEXANDER CITY,19,12,December,2012,4,Wednesday,22,56,1,1,1,1150,45.04634167,-93.06056944,8,3,10,0,0,1,0
270334,MINNESOTA,MN,3,3,0,0,6,6,49,0,COLLINSVILLE,9,12,December,2012,1,Sunday,12,27,1,2,2,853,44.54434444,-92.43256944,12,1,0,0,0,1,0
270335,MINNESOTA,MN,2,2,0,0,2,2,43,0,BAILEYTON,10,12,December,2012,2,Monday,12,45,0,3,3,261,43.72205833,-93.67667500,12,1,0,0,0,1,0
270336,MINNESOTA,MN,2,2,0,0,2,2,103,0,DANVILLE,10,12,December,2012,2,Monday,16,0,1,2,2,577,44.22839444,-94.02727222,12,1,0,0,0,1,0
270338,MINNESOTA,MN,1,1,0,0,2,2,37,3490,BRADFORD,11,12,December,2012,3,Tuesday,16,22,0,14,6,17,44.82866389,-93.04096111,30,1,0,0,0,2,0
270339,MINNESOTA,MN,1,1,1,1,1,1,123,6330,ALEXANDER CITY,21,12,December,2012,6,Friday,14,50,0,14,3,14,44.91977222,-93.16701111,8,1,0,0,0,1,0
270340,MINNESOTA,MN,2,2,0,0,2,2,105,0,MARION,14,12,December,2012,6,Friday,7,41,0,4,4,72,43.67710278,-95.67708889,12,1,0,0,0,2,0
270341,MINNESOTA,MN,2,2,0,0,7,7,53,4760,ATMORE,14,12,December,2012,6,Friday,14,25,0,14,4,18,45.01311389,-93.28067778,12,1,0,0,0,2,0
270342,MINNESOTA,MN,1,1,1,1,1,1,25,0,BARLOW BEND,27,12,December,2012,5,Thursday,20,18,0,6,4,5,45.69177222,-92.98128333,8,2,0,0,0,1,1
270343,MINNESOTA,MN,1,1,0,0,1,1,1,0,AUTAUGA,11,10,October,2012,5,Thursday,17,36,0,6,5,15,46.54148611,-93.13847222,1,8,0,0,0,1,0
270344,MINNESOTA,MN,1,1,0,0,1,1,1,0,AUTAUGA,19,10,October,2012,6,Friday,18,37,0,6,5,6,46.44292500,-93.68653611,1,8,0,0,0,1,1
270345,MINNESOTA,MN,1,1,0,0,1,1,143,0,CANEHILL,15,12,December,2012,7,Saturday,7,46,0,4,4,222,44.57871111,-94.29012500,35,4,0,0,0,1,1
270346,MINNESOTA,MN,2,2,0,0,2,2,37,0,BRADFORD,19,12,December,2012,4,Wednesday,13,16,1,2,2,1103,44.66687778,-93.01017222,12,1,0,0,0,1,1
270347,MINNESOTA,MN,1,1,0,0,1,1,141,0,BEE BRANCH,21,12,December,2012,6,Friday,4,44,0,6,4,7,45.55550000,-93.54223333,42,2,0,0,0,1,1
270348,MINNESOTA,MN,1,1,0,0,2,2,27,0,ASHLAND,21,12,December,2012,6,Friday,12,8,0,4,4,219,46.94159444,-96.65274722,35,1,0,0,0,1,0
270349,MINNESOTA,MN,2,2,0,0,3,3,23,0,BLADON SPRINGS,25,12,December,2012,3,Tuesday,10,55,1,2,2,668,45.00347778,-95.79456389,12,1,0,0,0,1,0
270350,MINNESOTA,MN,1,1,0,0,1,1,101,0,BOYLSTON,27,12,December,2012,5,Thursday,7,5,0,5,4,50,43.97831111,-95.68257778,35,2,0,0,0,1,1
270351,MINNESOTA,MN,3,3,0,0,3,3,141,0,BEE BRANCH,27,12,December,2012,5,Thursday,9,51,0,4,4,27,45.35371944,-93.67760000,12,1,0,0,0,1,0
270352,MINNESOTA,MN,2,2,0,0,3,3,67,0,ABBEVILLE,27,12,December,2012,5,Thursday,11,17,1,2,2,1385,45.32918889,-95.00923611,12,1,0,0,0,2,0
270353,MINNESOTA,MN,2,2,0,0,3,3,35,5240,BROOKLYN,29,12,December,2012,7,Saturday,11,8,0,4,4,124,46.49750278,-94.31349444,12,1,0,0,0,1,0
270354,MINNESOTA,MN,2,2,0,0,4,4,99,0,BEATRICE,29,12,December,2012,7,Saturday,22,53,1,2,2,235,43.78020833,-92.48686667,12,2,0,0,0,2,1
270355,MINNESOTA,MN,2,2,0,0,3,3,61,0,BELLWOOD,31,12,December,2012,2,Monday,16,55,0,4,3,1010,47.50336944,-93.82775278,12,5,0,0,0,2,0
270356,MINNESOTA,MN,1,1,0,0,1,1,145,0,BALD KNOB,31,12,December,2012,2,Monday,20,13,0,6,5,18,45.76589167,-94.82871389,48,8,0,0,0,1,1
270357,MINNESOTA,MN,2,2,0,0,4,4,9,6440,BLOUNT,17,12,December,2012,2,Monday,15,24,0,14,4,24,45.60693056,-94.13308889,12,1,0,0,0,2,0
270358,MINNESOTA,MN,1,1,0,0,1,1,115,0,ASHVILLE,29,10,October,2012,2,Monday,22,27,0,4,4,14,46.12842778,-92.77464444,1,2,0,0,0,1,0
270359,MINNESOTA,MN,1,1,0,0,1,1,7,5827,BIBB,2,3,March,2012,6,Friday,23,0,9,9,9,99998,77.77770000,777.77770000,99,8,99,8,99,1,0
270360,MINNESOTA,MN,1,1,0,0,1,1,7,5827,BIBB,27,6,June,2012,4,Wednesday,21,15,0,3,3,99998,77.77770000,777.77770000,1,8,99,8,99,1,0
270361,MINNESOTA,MN,1,1,1,1,1,1,7,5825,BIBB,19,8,August,2012,1,Sunday,3,15,0,3,3,99998,77.77770000,777.77770000,8,8,99,8,99,1,1
270362,MINNESOTA,MN,1,1,0,0,2,2,7,5825,BIBB,23,10,October,2012,3,Tuesday,22,40,0,3,3,99998,77.77770000,777.77770000,99,8,99,8,99,1,1
280001,MISSISSIPPI,MS,1,1,0,0,1,1,107,0,CARROLLTON,1,1,January,2012,1,Sunday,0,45,0,4,3,99998,34.31221667,-89.79027778,42,2,0,0,0,1,1
280002,MISSISSIPPI,MS,1,1,0,0,3,3,93,0,BEAR CREEK,1,1,January,2012,1,Sunday,2,20,0,4,4,99998,34.91465833,-89.54731667,42,3,10,0,0,1,1
280003,MISSISSIPPI,MS,3,3,0,0,3,3,149,2690,BELLEVILLE,2,1,January,2012,2,Monday,10,49,0,16,6,0,32.32190278,-90.87690556,12,1,0,0,0,1,1
280004,MISSISSIPPI,MS,1,1,0,0,1,1,131,0,ARLINGTON,2,1,January,2012,2,Monday,10,59,0,4,4,0,30.90575278,-89.06779444,32,1,0,0,0,1,0