ST_CASE,State Name,State Abbreviation,# of Vehicle involved,Parked_Vehicles_Involved,Pedestrains,Person_Not_in_Motor_Vehicle,Persons_in_motor_vehicle,Total_Persons_in_accident,COUNTY,CITY,City_County_Name,Calendar_DAY,MONTH,Month_name,YEAR,DAY_WEEK,Day_Week_desc,HOUR,MINUTE,NHS_Desc,trafficway,Route,MILEPT,LATITUDE,LONGITUD,First_Crash_event,Light_cond_desc,Weather_condition,School_bus_involved,Crash_cause,FATALS,DRUNK_DR
290081,MISSOURI,MO,1,1,0,0,1,1,201,7203,ANNETTE,28,2,February,2012,3,Tuesday,19,15,0,13,7,0,37.23260000,-89.56435833,21,2,0,0,0,1,1
290082,MISSOURI,MO,1,1,0,0,2,2,91,0,DAYTON,22,1,January,2012,1,Sunday,4,0,1,2,2,153,36.87272222,-91.91519444,24,2,0,0,0,2,1
290083,MISSOURI,MO,1,1,0,0,2,2,185,0,ANAKTUVUK PASS,7,2,February,2012,3,Tuesday,16,30,0,6,4,41,37.90336111,-94.04252778,23,1,10,0,0,1,0
290084,MISSOURI,MO,1,1,0,0,1,1,47,0,BROWNS,7,2,February,2012,3,Tuesday,19,20,0,4,3,16,39.44813889,-94.36700000,34,2,0,0,0,1,1
290085,MISSOURI,MO,2,2,0,0,2,2,183,0,FORT STEWART,13,2,February,2012,2,Monday,7,25,1,11,1,102,38.78205556,-90.79644444,12,1,10,0,0,1,0
290086,MISSOURI,MO,1,1,0,0,2,2,99,0,BEATRICE,24,2,February,2012,6,Friday,19,40,1,12,3,26,38.45219444,-90.41127778,24,2,0,0,0,1,0
290087,MISSOURI,MO,1,1,0,0,1,1,73,0,ARGO,26,2,February,2012,1,Sunday,23,9,0,3,3,19,38.29652778,-91.61188889,11,2,0,0,0,1,0
290088,MISSOURI,MO,1,1,0,0,2,2,29,0,BORDEN SPRINGS,29,2,February,2012,4,Wednesday,22,58,0,4,3,6,37.99288056,-92.77940000,35,2,0,0,0,1,1
290089,MISSOURI,MO,1,1,0,0,1,1,105,0,MARION,1,3,March,2012,5,Thursday,18,50,0,4,3,139,37.49222222,-92.60722222,1,2,0,0,0,1,0
290090,MISSOURI,MO,2,2,0,0,2,2,37,0,BRADFORD,6,3,March,2012,3,Tuesday,15,10,0,13,3,22,38.80694444,-94.37361111,12,1,0,0,0,1,0
290091,MISSOURI,MO,1,1,0,0,1,1,119,0,BELLAMY,2,3,March,2012,6,Friday,1,15,1,2,2,137,36.63474444,-94.41890000,1,2,0,0,0,1,0
290092,MISSOURI,MO,1,1,0,0,2,2,183,8280,FORT STEWART,15,2,February,2012,4,Wednesday,19,25,1,11,1,53,38.80950000,-90.86597222,1,3,0,0,0,1,0
290093,MISSOURI,MO,1,1,0,0,1,1,77,7460,ANDERSON,21,2,February,2012,3,Tuesday,10,39,1,12,2,24,37.13906667,-93.25593611,35,1,0,0,0,1,0
290094,MISSOURI,MO,2,2,0,0,5,5,131,0,ARLINGTON,28,2,February,2012,3,Tuesday,14,40,0,3,3,121,38.25988889,-92.51186111,12,1,0,0,0,3,0
290095,MISSOURI,MO,1,1,0,0,2,2,189,2700,BONEVILLE,2,3,March,2012,6,Friday,0,1,0,15,6,1,38.73883333,-90.30022778,40,3,0,0,0,1,1
290096,MISSOURI,MO,2,2,0,0,5,5,55,0,ATTALLA,9,3,March,2012,6,Friday,21,40,0,4,3,107,38.09816667,-91.50486111,12,2,0,0,0,1,1
290097,MISSOURI,MO,2,2,0,0,2,2,117,1590,BIRMINGHAM,6,3,March,2012,3,Tuesday,9,52,1,13,2,93,39.77351944,-93.53873056,12,1,0,0,0,1,0
290098,MISSOURI,MO,1,1,0,0,1,1,185,0,ANAKTUVUK PASS,10,1,January,2012,3,Tuesday,14,40,1,2,2,39,37.89852778,-93.74469444,35,1,0,0,0,1,0
290099,MISSOURI,MO,1,1,0,0,2,2,85,0,BENTON,23,2,February,2012,5,Thursday,19,35,1,2,2,18,37.89072222,-93.53277778,5,2,0,0,0,1,0
290100,MISSOURI,MO,1,1,0,0,1,1,189,7665,BONEVILLE,1,3,March,2012,5,Thursday,21,50,1,11,1,63,38.55238889,-90.43050000,1,3,0,0,0,1,1
290101,MISSOURI,MO,2,2,0,0,4,4,77,7460,ANDERSON,3,3,March,2012,7,Saturday,0,25,0,15,6,18,37.23053056,-93.27480000,33,3,0,0,0,1,1
290102,MISSOURI,MO,1,1,0,0,1,1,145,0,BALD KNOB,17,3,March,2012,7,Saturday,12,27,0,4,3,44,36.99555556,-94.35930556,35,1,0,0,0,1,0
290103,MISSOURI,MO,1,1,0,0,2,2,99,0,BEATRICE,9,3,March,2012,6,Friday,23,5,0,6,4,25,38.26122222,-90.51983333,42,2,0,0,0,1,0
290104,MISSOURI,MO,1,1,0,0,1,1,163,940,AVERA,3,3,March,2012,7,Saturday,3,40,0,6,6,0,39.34461111,-91.23258333,35,2,0,0,0,1,1
290105,MISSOURI,MO,3,3,0,0,4,4,95,4120,ALBERTVILLE,18,2,February,2012,7,Saturday,23,54,0,14,6,19,39.09169444,-94.58136111,12,2,0,0,0,1,0
290106,MISSOURI,MO,1,1,0,0,1,1,95,4120,ALBERTVILLE,19,2,February,2012,1,Sunday,1,49,0,16,6,0,38.94283056,-94.57851667,33,3,0,0,0,1,1
290107,MISSOURI,MO,1,1,0,0,1,1,169,0,BRADLEY,1,3,March,2012,5,Thursday,20,34,0,3,3,86,37.90686111,-92.25416667,34,2,0,0,0,1,0
290108,MISSOURI,MO,1,1,0,0,1,1,183,0,FORT STEWART,3,3,March,2012,7,Saturday,12,55,0,14,5,9,38.74388889,-90.51583333,33,1,0,0,0,1,0
290109,MISSOURI,MO,1,1,0,0,2,2,95,4120,ALBERTVILLE,10,3,March,2012,7,Saturday,2,50,0,13,2,137,39.03504167,-94.40618056,5,2,0,0,0,1,0
290110,MISSOURI,MO,1,1,0,0,1,1,189,0,BONEVILLE,28,2,February,2012,3,Tuesday,0,40,0,15,4,2,38.53578333,-90.49145833,53,2,0,0,0,1,1
290111,MISSOURI,MO,1,1,0,0,1,1,121,0,BON AIR,2,3,March,2012,6,Friday,12,5,0,4,3,3,40.03341111,-92.58520278,1,1,4,0,0,1,0
290112,MISSOURI,MO,1,1,0,0,1,1,29,0,BORDEN SPRINGS,10,3,March,2012,7,Saturday,19,15,1,2,3,81,38.11057500,-92.92541111,35,2,0,0,0,1,1
290113,MISSOURI,MO,1,1,0,0,1,1,23,0,BLADON SPRINGS,6,3,March,2012,3,Tuesday,14,45,0,4,3,9,36.66050000,-90.15738889,34,1,0,0,0,1,0
290114,MISSOURI,MO,2,2,0,0,4,4,169,0,BRADLEY,9,3,March,2012,6,Friday,13,10,0,4,3,0,37.97523056,-92.09726389,12,1,0,0,0,1,0
290115,MISSOURI,MO,1,1,0,0,1,1,161,0,DENTON,15,3,March,2012,5,Thursday,16,40,1,1,1,321,37.86913889,-92.01963889,1,1,2,0,0,1,0
290116,MISSOURI,MO,1,1,0,0,1,1,93,0,BEAR CREEK,16,3,March,2012,6,Friday,20,45,0,4,3,30,37.63443056,-90.71701111,32,2,0,0,0,1,0
290118,MISSOURI,MO,1,1,0,0,1,1,221,0,ARNOLDSVILLE,25,2,February,2012,7,Saturday,0,20,0,4,3,71,37.85388889,-90.70638889,35,2,0,0,0,1,1
290119,MISSOURI,MO,2,2,0,0,2,2,145,4100,BALD KNOB,4,3,March,2012,1,Sunday,21,18,0,13,3,31,37.05474722,-94.45188333,12,2,0,0,0,1,0
290120,MISSOURI,MO,1,1,1,1,1,1,95,4120,ALBERTVILLE,13,3,March,2012,3,Tuesday,23,21,0,16,6,24,39.13001111,-94.49719444,8,2,0,0,0,1,0
290121,MISSOURI,MO,1,1,0,0,6,6,171,0,ALDORA,16,3,March,2012,6,Friday,14,30,0,3,2,295,40.46861111,-92.82416667,1,1,0,0,0,2,0
290122,MISSOURI,MO,1,1,0,0,1,1,95,4120,ALBERTVILLE,17,3,March,2012,7,Saturday,5,17,1,1,1,0,39.07993333,-94.59326667,33,3,0,0,0,1,1
290123,MISSOURI,MO,1,1,0,0,1,1,165,4120,HERNDON,24,3,March,2012,7,Saturday,23,36,0,12,3,3,39.24787500,-94.73586944,31,2,0,0,0,1,1
290124,MISSOURI,MO,1,1,0,0,3,3,97,4100,AXIS,3,2,February,2012,6,Friday,2,4,0,4,6,4,37.05611389,-94.57446944,35,6,0,0,0,2,1
290125,MISSOURI,MO,1,1,1,1,1,1,77,7460,ANDERSON,7,2,February,2012,3,Tuesday,19,58,0,13,6,27,37.16020556,-93.31386944,8,3,0,0,0,1,0
290126,MISSOURI,MO,1,1,1,1,2,2,145,4100,BALD KNOB,10,2,February,2012,6,Friday,1,54,1,11,1,67,37.01150556,-94.54529167,8,2,0,0,0,1,1
290127,MISSOURI,MO,2,2,0,0,4,4,17,8560,CHAMBERS,22,3,March,2012,5,Thursday,18,15,0,4,3,432,37.13867500,-90.08236111,12,1,0,0,0,1,1
290128,MISSOURI,MO,2,2,0,0,5,5,119,0,BELLAMY,20,3,March,2012,3,Tuesday,7,45,1,2,2,31,36.53580278,-94.29896667,12,1,2,0,0,1,0
290129,MISSOURI,MO,2,1,0,0,1,1,510,7080,BALTIMORE,21,3,March,2012,4,Wednesday,23,58,0,14,6,47,38.63259444,-90.20053333,14,3,0,0,0,1,1
290130,MISSOURI,MO,2,2,0,0,2,2,113,8440,COTTONTON,13,2,February,2012,2,Monday,8,0,0,3,3,188,38.97611111,-90.74833333,12,1,0,0,0,1,0
290131,MISSOURI,MO,2,2,0,0,2,2,189,0,BONEVILLE,3,3,March,2012,7,Saturday,0,55,1,12,2,369,38.83944444,-90.23722222,12,2,0,0,0,1,1
290132,MISSOURI,MO,5,5,0,0,10,10,510,7080,BALTIMORE,10,3,March,2012,7,Saturday,0,33,0,13,6,43,38.63606111,-90.26639444,33,3,0,0,0,2,0
290133,MISSOURI,MO,2,2,0,0,3,3,189,0,BONEVILLE,11,3,March,2012,1,Sunday,0,49,0,13,2,42,38.51467778,-90.34234167,12,3,0,0,0,1,1
290134,MISSOURI,MO,1,1,0,0,1,1,183,0,FORT STEWART,13,3,March,2012,3,Tuesday,17,0,0,4,3,28,38.86705556,-90.40094444,5,1,0,0,0,1,1
290135,MISSOURI,MO,1,1,0,0,1,1,71,0,BRIDGEPORT,21,3,March,2012,4,Wednesday,14,0,0,3,3,242,38.28230556,-91.22563889,42,1,0,0,0,1,0
290136,MISSOURI,MO,1,1,0,0,2,2,39,0,ANDALUSIA,23,3,March,2012,6,Friday,22,30,0,3,3,19,37.89055556,-94.02027778,23,2,0,0,0,1,1
290137,MISSOURI,MO,4,4,0,0,7,7,189,0,BONEVILLE,12,1,January,2012,5,Thursday,9,29,0,13,2,295,38.47313333,-90.35551944,12,1,0,0,0,1,0
290138,MISSOURI,MO,2,2,0,0,4,4,95,4120,ALBERTVILLE,19,1,January,2012,5,Thursday,2,15,0,14,6,11,39.09083056,-94.55182500,12,3,0,0,0,2,1
290139,MISSOURI,MO,2,2,0,0,3,3,95,4120,ALBERTVILLE,19,2,February,2012,1,Sunday,12,54,0,14,6,25,39.06776111,-94.54373056,12,1,0,0,0,1,0
290140,MISSOURI,MO,1,1,1,1,1,1,31,1390,COFFEE,21,2,February,2012,3,Tuesday,18,25,0,13,2,222,37.33663611,-89.58042500,8,3,0,0,0,1,0
290141,MISSOURI,MO,1,1,0,0,1,1,159,0,FARRAR,15,3,March,2012,5,Thursday,6,27,0,4,3,15,38.55847222,-93.49261111,34,1,0,0,0,1,0
290142,MISSOURI,MO,2,2,0,0,2,2,19,0,CEDAR BLUFF,16,3,March,2012,6,Friday,22,20,0,3,2,6,38.98740000,-92.55527222,12,2,0,0,0,1,0
290143,MISSOURI,MO,1,1,0,0,2,2,9,0,BLOUNT,20,3,March,2012,3,Tuesday,17,13,0,3,3,309,36.70027778,-93.62833333,42,1,10,0,0,1,1
290144,MISSOURI,MO,2,2,0,0,3,3,189,8393,BONEVILLE,22,3,March,2012,5,Thursday,12,42,0,15,3,7,38.58381389,-90.72433889,12,1,0,0,0,1,0
290145,MISSOURI,MO,2,2,0,0,3,3,31,1390,COFFEE,24,3,March,2012,7,Saturday,22,10,1,11,1,199,37.26139444,-89.56756389,12,2,0,0,0,1,1
290146,MISSOURI,MO,2,2,0,0,2,2,27,0,ASHLAND,26,3,March,2012,2,Monday,9,45,1,1,1,278,38.90313889,-91.64338889,12,1,0,0,0,1,0
290147,MISSOURI,MO,1,1,0,0,1,1,161,0,DENTON,26,3,March,2012,2,Monday,15,45,1,2,3,37,37.96794444,-91.58622222,1,1,0,0,0,1,1
290148,MISSOURI,MO,1,1,0,0,3,3,215,3810,BIBB CITY,29,3,March,2012,5,Thursday,19,35,1,2,2,207,37.32336389,-91.95376111,32,1,0,0,0,2,0
290149,MISSOURI,MO,1,1,0,0,1,1,101,0,BOYLSTON,31,3,March,2012,7,Saturday,4,40,1,2,3,243,38.64316667,-93.73938889,59,2,0,0,0,1,1
290150,MISSOURI,MO,2,2,0,0,5,5,510,7080,BALTIMORE,1,4,April,2012,1,Sunday,1,5,0,13,6,49,38.70824167,-90.22673333,12,3,0,0,0,1,0
290151,MISSOURI,MO,1,1,1,1,3,3,101,0,BOYLSTON,1,4,April,2012,1,Sunday,18,24,0,6,4,0,38.75200000,-93.56194444,8,1,0,0,0,1,0
290152,MISSOURI,MO,1,1,0,0,3,3,23,6410,BLADON SPRINGS,7,4,April,2012,7,Saturday,3,48,0,16,6,0,36.74416667,-90.38694444,59,3,0,0,0,2,1
290153,MISSOURI,MO,1,1,0,0,3,3,105,0,MARION,3,3,March,2012,7,Saturday,21,55,0,4,3,17,37.72008333,-92.65150000,1,2,0,0,0,1,1
290154,MISSOURI,MO,2,2,0,0,4,4,47,4120,BROWNS,15,3,March,2012,5,Thursday,6,40,0,14,6,62,39.17815278,-94.52135556,12,3,0,0,0,1,0
290155,MISSOURI,MO,1,1,0,0,1,1,187,0,DAHLONEGA,30,3,March,2012,6,Friday,17,7,0,4,3,75,37.97025000,-90.37566667,35,1,0,0,0,1,1
290156,MISSOURI,MO,1,1,0,0,1,1,95,4120,ALBERTVILLE,6,4,April,2012,6,Friday,23,37,1,11,1,46,38.93719444,-94.46230556,1,2,0,0,0,1,1
290157,MISSOURI,MO,1,1,0,0,1,1,510,7080,BALTIMORE,6,4,April,2012,6,Friday,3,13,0,2,6,59,38.61403611,-90.26746389,21,3,0,0,0,1,1
290158,MISSOURI,MO,1,1,0,0,1,1,223,0,BRASWELL,6,3,March,2012,3,Tuesday,5,10,1,2,2,216,37.04427778,-90.47508333,1,2,0,0,0,1,0
290159,MISSOURI,MO,1,1,0,0,1,1,173,0,LAKELAND,21,3,March,2012,4,Wednesday,14,50,0,4,3,8,39.67550000,-91.34700000,42,1,0,0,0,1,0
290160,MISSOURI,MO,1,1,0,0,1,1,213,0,CARTERS,25,3,March,2012,1,Sunday,19,20,0,6,4,0,36.81258333,-93.24386111,59,1,0,0,0,1,1
290161,MISSOURI,MO,2,2,0,0,2,2,97,0,AXIS,25,3,March,2012,1,Sunday,20,10,0,14,3,158,37.19083333,-94.29250000,12,2,0,0,0,1,0
290162,MISSOURI,MO,3,3,0,0,3,3,41,0,BRANTLEY,26,3,March,2012,2,Monday,7,45,0,3,3,275,39.37394722,-92.85002222,12,1,0,0,0,1,0
290163,MISSOURI,MO,1,1,0,0,1,1,171,0,ALDORA,26,3,March,2012,2,Monday,21,40,0,4,3,112,40.46764722,-93.32438889,34,2,0,0,0,1,0
290164,MISSOURI,MO,1,1,0,0,1,1,161,0,DENTON,10,4,April,2012,3,Tuesday,17,30,0,4,3,40,37.87269444,-91.94602778,42,1,0,0,0,1,0
290165,MISSOURI,MO,1,1,0,0,2,2,161,6910,DENTON,13,4,April,2012,6,Friday,7,45,1,1,1,139,37.93838889,-91.82250000,42,1,0,0,0,1,0
290166,MISSOURI,MO,1,1,0,0,1,1,167,880,ADRIAN,14,4,April,2012,7,Saturday,21,20,0,15,6,1,37.59661111,-93.41744444,34,2,0,0,0,1,1
290167,MISSOURI,MO,2,2,0,0,3,3,131,0,ARLINGTON,30,3,March,2012,6,Friday,16,5,0,3,3,198,38.08740000,-92.32001944,12,1,0,0,0,2,0
290168,MISSOURI,MO,2,2,0,0,4,4,105,0,MARION,7,4,April,2012,7,Saturday,10,0,1,1,1,286,37.75383333,-92.50072222,57,1,0,0,0,1,0
290169,MISSOURI,MO,2,1,0,0,2,2,51,0,CENTRAL,12,4,April,2012,5,Thursday,8,5,0,6,4,2,38.52427778,-92.41475000,14,1,0,0,0,1,0
290170,MISSOURI,MO,1,1,1,1,2,2,209,0,AILEY,31,3,March,2012,7,Saturday,16,35,0,4,3,84,36.74575000,-93.51469444,8,1,0,0,0,1,0
290171,MISSOURI,MO,1,1,0,0,2,2,83,0,ARDMORE,6,4,April,2012,6,Friday,7,55,0,6,4,9,38.41166667,-93.77805556,42,1,0,0,0,1,0
290172,MISSOURI,MO,1,1,1,1,1,1,189,7890,BONEVILLE,3,2,February,2012,6,Friday,23,18,0,16,6,0,38.65884444,-90.33283611,9,2,10,0,0,1,1
290173,MISSOURI,MO,5,5,0,0,12,12,215,0,BIBB CITY,29,3,March,2012,5,Thursday,13,20,1,2,2,187,37.34716667,-91.93138889,12,1,0,0,0,2,0
290174,MISSOURI,MO,2,2,0,0,3,3,225,0,BYRON,31,3,March,2012,7,Saturday,18,11,1,2,2,231,37.12072222,-92.69727778,12,1,0,0,0,1,1
290175,MISSOURI,MO,1,1,1,1,3,3,207,0,BOLINGBROKE,6,4,April,2012,6,Friday,16,30,0,6,3,0,36.88111111,-89.91708333,8,1,0,0,0,1,0
290176,MISSOURI,MO,1,1,0,0,3,3,21,7070,CHILTON,9,4,April,2012,2,Monday,2,35,0,15,6,5,39.79205000,-94.82121944,58,3,0,0,0,2,0
290177,MISSOURI,MO,1,1,0,0,2,2,99,0,BEATRICE,16,4,April,2012,2,Monday,19,35,0,15,4,5,38.48638889,-90.48413889,42,2,0,0,0,1,1
290178,MISSOURI,MO,2,2,0,0,3,3,77,0,ANDERSON,3,4,April,2012,3,Tuesday,18,34,0,14,3,20,37.09138889,-93.19116667,12,1,0,0,0,1,0
290179,MISSOURI,MO,1,1,1,1,1,1,187,0,DAHLONEGA,2,4,April,2012,2,Monday,20,35,0,3,3,48,37.81044444,-90.58919444,8,2,0,0,0,1,0
290180,MISSOURI,MO,2,2,0,0,2,2,181,0,LINCOLN,13,4,April,2012,6,Friday,0,55,0,3,2,261,36.66280556,-90.74172222,12,3,0,0,0,1,1
290181,MISSOURI,MO,1,1,2,2,1,1,97,4100,AXIS,17,3,March,2012,7,Saturday,20,13,1,11,1,3,37.05331667,-94.45151944,8,2,0,0,0,1,0
290182,MISSOURI,MO,1,1,0,0,3,3,113,0,COTTONTON,19,3,March,2012,2,Monday,19,36,0,3,3,122,39.06091667,-90.74805556,1,2,0,0,0,1,0
290183,MISSOURI,MO,2,2,0,0,2,2,69,0,ASHFORD,30,3,March,2012,6,Friday,17,0,0,4,3,5,36.03535556,-90.33805000,12,1,0,0,0,1,0
290184,MISSOURI,MO,1,1,0,0,2,2,99,0,BEATRICE,7,4,April,2012,7,Saturday,23,0,0,14,3,61,38.33405556,-90.67147222,33,2,0,0,0,1,1
290185,MISSOURI,MO,2,2,0,0,2,2,19,0,CEDAR BLUFF,16,4,April,2012,2,Monday,20,20,0,3,3,191,39.14686111,-92.18936111,11,2,0,0,0,1,0
290186,MISSOURI,MO,1,1,0,0,1,1,65,0,CYPRESS,20,4,April,2012,6,Friday,6,20,0,4,3,1,37.78666667,-91.55616667,42,1,0,0,0,1,1
290187,MISSOURI,MO,1,1,0,0,1,1,95,4120,ALBERTVILLE,7,1,January,2012,7,Saturday,21,20,0,14,6,7,39.02341111,-94.52169167,33,3,0,0,0,1,1
290188,MISSOURI,MO,2,2,0,0,2,2,69,0,ASHFORD,21,3,March,2012,4,Wednesday,16,40,1,2,2,74,36.07663889,-90.23088889,12,1,2,0,0,1,0
290189,MISSOURI,MO,1,1,1,1,1,1,95,4120,ALBERTVILLE,1,4,April,2012,1,Sunday,2,58,1,11,1,29,38.93798889,-94.49107778,8,2,0,0,0,1,0
290190,MISSOURI,MO,1,1,0,0,2,2,95,4120,ALBERTVILLE,4,4,April,2012,4,Wednesday,13,6,0,15,6,1,38.96306111,-94.51823056,42,1,0,0,0,1,0
290191,MISSOURI,MO,2,2,1,1,2,2,95,4120,ALBERTVILLE,13,4,April,2012,6,Friday,23,27,1,11,1,96,39.01367222,-94.49702500,8,2,0,0,0,1,0
290192,MISSOURI,MO,1,1,0,0,2,2,21,0,CHILTON,18,4,April,2012,4,Wednesday,3,50,1,2,2,45,39.74758333,-94.68361111,1,2,0,0,0,1,1
290194,MISSOURI,MO,2,2,0,0,2,2,101,0,BOYLSTON,21,4,April,2012,7,Saturday,16,55,0,3,3,200,38.75002778,-93.84013889,12,1,0,0,0,1,1
290195,MISSOURI,MO,1,1,0,0,1,1,77,0,ANDERSON,21,4,April,2012,7,Saturday,21,30,0,16,4,2,37.13566667,-93.36222222,30,3,0,0,0,1,1
290196,MISSOURI,MO,2,2,0,0,2,2,43,0,BAILEYTON,23,4,April,2012,2,Monday,12,20,0,15,4,3,37.09133333,-93.22988889,12,1,0,0,0,2,0
290197,MISSOURI,MO,1,1,0,0,1,1,161,0,DENTON,26,4,April,2012,5,Thursday,11,50,0,5,3,4,38.04505556,-91.86541667,1,1,0,0,0,1,1
290198,MISSOURI,MO,2,2,0,0,4,4,33,0,CHEROKEE,11,3,March,2012,1,Sunday,12,15,0,6,4,25,39.40983333,-93.42013889,12,1,2,0,0,1,0
290199,MISSOURI,MO,1,1,0,0,2,2,95,4120,ALBERTVILLE,30,3,March,2012,6,Friday,3,18,0,14,6,4,39.08030000,-94.59173889,33,3,0,0,0,1,1
290200,MISSOURI,MO,1,1,0,0,3,3,95,4120,ALBERTVILLE,2,4,April,2012,2,Monday,3,2,0,16,6,4,39.13905278,-94.50030556,33,3,0,0,0,1,1
290201,MISSOURI,MO,1,1,1,1,3,3,9,0,BLOUNT,7,4,April,2012,7,Saturday,20,8,1,2,2,60,36.91497222,-93.95500000,8,2,0,0,0,1,0
290202,MISSOURI,MO,1,1,2,2,1,1,510,7080,BALTIMORE,27,4,April,2012,6,Friday,1,49,0,13,6,9,38.61889722,-90.19269444,8,3,0,0,0,1,0
290203,MISSOURI,MO,1,1,0,0,1,1,165,4120,HERNDON,27,4,April,2012,6,Friday,18,54,0,12,3,0,39.24691944,-94.73502500,31,1,0,0,0,1,0
290204,MISSOURI,MO,1,1,0,0,1,1,67,0,ABBEVILLE,3,5,May,2012,5,Thursday,10,15,0,4,3,369,36.97184444,-92.42968611,21,1,0,0,0,1,0
290205,MISSOURI,MO,2,2,0,0,2,2,229,0,BLACKSHEAR,7,5,May,2012,2,Monday,19,20,0,3,3,281,37.14925000,-92.56988889,12,1,0,0,0,1,1
290206,MISSOURI,MO,1,1,1,1,2,2,510,7080,BALTIMORE,6,2,February,2012,2,Monday,11,45,1,11,1,67,38.61191944,-90.20213333,8,1,0,0,0,1,0
290207,MISSOURI,MO,2,2,0,0,4,4,31,3980,COFFEE,8,3,March,2012,5,Thursday,18,39,1,13,3,205,37.35394444,-89.61239722,12,3,0,0,0,1,0
290208,MISSOURI,MO,2,1,0,0,2,2,183,5880,FORT STEWART,17,4,April,2012,3,Tuesday,1,16,0,13,3,39,38.74795278,-90.69955000,14,2,0,0,0,1,1
290209,MISSOURI,MO,2,2,0,0,7,7,189,5035,BONEVILLE,17,4,April,2012,3,Tuesday,17,30,1,12,3,35,38.70797222,-90.50266667,12,1,0,0,0,2,1
290210,MISSOURI,MO,1,1,0,0,1,1,77,0,ANDERSON,18,4,April,2012,4,Wednesday,11,20,1,2,2,119,37.26377778,-93.22441667,23,1,0,0,0,1,1
290211,MISSOURI,MO,2,2,0,0,7,7,27,0,ASHLAND,19,4,April,2012,5,Thursday,21,20,1,1,1,106,38.93830556,-91.82716667,57,2,0,0,0,1,1
290212,MISSOURI,MO,3,2,0,0,2,2,189,2210,BONEVILLE,20,4,April,2012,6,Friday,2,35,1,11,1,94,38.59285278,-90.44926389,12,3,0,0,0,1,0
290214,MISSOURI,MO,2,2,0,0,3,3,77,7460,ANDERSON,19,2,February,2012,1,Sunday,8,13,0,14,6,3,37.20680833,-93.33066944,12,1,0,0,0,2,0
290215,MISSOURI,MO,1,1,0,0,1,1,189,1050,BONEVILLE,23,2,February,2012,5,Thursday,10,4,0,14,6,8,38.79361667,-90.45796667,42,1,0,0,0,1,0
290216,MISSOURI,MO,1,1,0,0,1,1,99,0,BEATRICE,3,4,April,2012,3,Tuesday,4,15,0,4,4,146,38.28644444,-90.53688889,35,2,0,0,0,1,1
290217,MISSOURI,MO,1,1,0,0,2,2,95,3940,ALBERTVILLE,8,4,April,2012,1,Sunday,10,59,0,13,6,42,39.05756667,-94.41498056,33,1,0,0,0,2,0
290219,MISSOURI,MO,1,1,0,0,1,1,19,0,CEDAR BLUFF,22,4,April,2012,1,Sunday,13,15,1,2,2,309,38.82983333,-92.25019444,1,1,0,0,0,1,0
290220,MISSOURI,MO,2,2,0,0,3,3,99,0,BEATRICE,23,4,April,2012,2,Monday,14,30,0,4,2,246,38.15655556,-90.34869444,12,1,0,0,0,1,0
290221,MISSOURI,MO,3,3,0,0,3,3,25,0,BARLOW BEND,27,4,April,2012,6,Friday,4,55,0,3,3,58,39.55469444,-94.09955556,12,2,0,0,0,2,0
290222,MISSOURI,MO,2,2,0,0,2,2,9,0,BLOUNT,27,4,April,2012,6,Friday,6,15,1,13,2,65,36.91552778,-93.94641667,12,1,0,0,0,1,0
290223,MISSOURI,MO,2,2,0,0,2,2,189,2780,BONEVILLE,19,3,March,2012,2,Monday,21,28,1,11,1,64,38.77227778,-90.30272222,12,3,0,0,0,1,0
290224,MISSOURI,MO,2,2,0,0,2,2,95,4120,ALBERTVILLE,28,4,April,2012,7,Saturday,1,3,1,11,1,15,39.09639722,-94.59324444,12,7,0,0,0,1,1
290225,MISSOURI,MO,2,2,0,0,2,2,29,5956,BORDEN SPRINGS,28,4,April,2012,7,Saturday,10,25,1,2,2,275,38.09266667,-92.68677778,12,1,0,0,0,1,0
290226,MISSOURI,MO,2,2,0,0,2,2,159,0,FARRAR,30,4,April,2012,2,Monday,13,0,1,2,2,95,38.79730556,-93.22577778,12,1,0,0,0,1,0
290227,MISSOURI,MO,1,1,0,0,1,1,51,4040,CENTRAL,3,5,May,2012,5,Thursday,22,57,0,14,6,17,38.58534167,-92.19733889,10,3,0,0,0,1,1
290228,MISSOURI,MO,1,1,0,0,3,3,105,0,MARION,4,5,May,2012,6,Friday,18,10,0,4,3,13,37.77444444,-92.76566667,1,1,0,0,0,1,1
290229,MISSOURI,MO,1,1,0,0,1,1,221,0,ARNOLDSVILLE,7,5,May,2012,2,Monday,11,38,0,3,3,62,38.06916667,-90.74500000,34,1,0,0,0,1,0
290230,MISSOURI,MO,1,1,0,0,4,4,201,7310,ANNETTE,26,5,May,2012,7,Saturday,0,26,0,16,6,0,36.86771667,-89.61063333,42,2,0,0,0,1,1
290231,MISSOURI,MO,2,2,0,0,3,3,149,7720,BELLEVILLE,22,5,May,2012,3,Tuesday,15,14,0,6,6,6,36.52269167,-91.54392500,12,1,0,0,0,1,0
290232,MISSOURI,MO,1,1,1,1,1,1,95,3940,ALBERTVILLE,14,4,April,2012,7,Saturday,3,13,0,14,6,44,39.04567500,-94.38753333,8,3,0,0,0,1,0
290233,MISSOURI,MO,1,1,1,1,5,5,510,7080,BALTIMORE,1,4,April,2012,1,Sunday,21,4,1,11,1,43,38.61754722,-90.25038056,8,3,0,0,0,1,0