ST_CASE,State Name,State Abbreviation,# of Vehicle involved,Parked_Vehicles_Involved,Pedestrains,Person_Not_in_Motor_Vehicle,Persons_in_motor_vehicle,Total_Persons_in_accident,COUNTY,CITY,City_County_Name,Calendar_DAY,MONTH,Month_name,YEAR,DAY_WEEK,Day_Week_desc,HOUR,MINUTE,NHS_Desc,trafficway,Route,MILEPT,LATITUDE,LONGITUD,First_Crash_event,Light_cond_desc,Weather_condition,School_bus_involved,Crash_cause,FATALS,DRUNK_DR
300056,MONTANA,MT,1,1,0,0,3,3,27,0,ASHLAND,20,5,May,2012,1,Sunday,4,30,0,9,4,20,47.34627778,-109.95823889,35,2,0,0,0,2,1
300057,MONTANA,MT,2,2,0,0,6,6,9,0,BLOUNT,20,5,May,2012,1,Sunday,16,5,1,2,2,233,45.25765278,-108.90823333,12,1,0,0,0,1,1
300058,MONTANA,MT,2,2,0,0,2,2,7,0,BIBB,31,5,May,2012,5,Thursday,10,14,1,2,2,820,46.26212778,-111.48312778,12,1,0,0,0,1,0
300059,MONTANA,MT,1,1,0,0,2,2,73,0,ARGO,2,6,June,2012,7,Saturday,15,12,0,4,4,0,48.29911944,-112.83771111,59,1,0,0,0,1,1
300060,MONTANA,MT,1,1,0,0,1,1,19,0,CEDAR BLUFF,2,6,June,2012,7,Saturday,20,31,0,3,3,347,48.80937778,-105.66786111,1,5,0,0,0,1,1
300061,MONTANA,MT,1,1,0,0,1,1,43,0,BAILEYTON,3,6,June,2012,1,Sunday,19,35,0,4,3,35,45.88246389,-112.18107500,59,1,0,0,0,1,1
300062,MONTANA,MT,1,1,0,0,1,1,53,0,ATMORE,4,6,June,2012,2,Monday,18,5,0,5,4,8,48.84490278,-114.96383056,35,1,0,0,0,1,1
300063,MONTANA,MT,2,2,0,0,2,2,111,100,GRAHAM,4,6,June,2012,2,Monday,10,26,0,15,6,0,45.78394444,-108.61747500,12,1,0,0,0,1,0
300064,MONTANA,MT,2,2,0,0,2,2,31,0,COFFEE,4,6,June,2012,2,Monday,10,33,0,4,3,0,45.73047222,-111.08965278,12,1,0,0,0,1,0
300065,MONTANA,MT,1,1,0,0,1,1,75,0,BEAVERTON,6,6,June,2012,4,Wednesday,12,40,0,3,3,121,45.16345278,-105.34545278,1,1,0,0,0,1,1
300066,MONTANA,MT,1,1,0,0,6,6,81,0,AUBURN,7,6,June,2012,5,Thursday,9,35,0,4,3,168,46.46750556,-114.08887778,1,1,0,0,0,1,0
300067,MONTANA,MT,1,1,0,0,1,1,43,0,BAILEYTON,7,6,June,2012,5,Thursday,20,20,0,6,8,0,46.34168611,-112.33612500,35,1,0,0,0,1,1
300068,MONTANA,MT,1,1,0,0,1,1,23,0,BLADON SPRINGS,9,6,June,2012,7,Saturday,19,5,0,3,3,57,46.12772222,-112.89720278,1,1,0,0,0,1,1
300069,MONTANA,MT,2,2,0,0,4,4,41,0,BRANTLEY,14,6,June,2012,5,Thursday,2,26,0,4,6,0,48.30769722,-109.99769722,12,2,0,0,0,1,2
300070,MONTANA,MT,1,1,0,0,1,1,79,0,COURTLAND,13,6,June,2012,4,Wednesday,16,0,1,1,1,1790,46.79478056,-105.25198056,1,1,0,0,0,1,0
300071,MONTANA,MT,2,2,0,0,2,2,49,0,COLLINSVILLE,15,6,June,2012,6,Friday,20,50,0,4,3,51,46.64665556,-111.88301667,12,1,0,0,0,1,0
300072,MONTANA,MT,1,1,0,0,3,3,3,0,BALDWIN,16,6,June,2012,7,Saturday,6,10,1,1,1,4754,45.78248611,-108.02264444,1,1,0,0,0,1,0
300073,MONTANA,MT,2,2,0,0,3,3,47,0,BROWNS,17,6,June,2012,1,Sunday,22,42,0,6,5,0,47.30130833,-114.05862222,12,2,0,0,0,1,1
300074,MONTANA,MT,1,1,0,0,1,1,49,0,COLLINSVILLE,19,6,June,2012,3,Tuesday,0,15,0,4,3,26,46.70444444,-111.95923611,31,2,0,0,0,1,1
300075,MONTANA,MT,2,2,0,0,2,2,111,700,GRAHAM,9,6,June,2012,7,Saturday,0,43,0,2,6,0,45.67815278,-108.73431111,12,2,0,0,0,1,1
300076,MONTANA,MT,1,1,1,1,2,2,111,100,GRAHAM,20,6,June,2012,4,Wednesday,6,51,0,13,6,0,45.77622222,-108.51537778,8,1,0,0,0,1,0
300077,MONTANA,MT,1,1,0,0,1,1,5,0,BAKER HILL,21,6,June,2012,5,Thursday,21,30,0,4,3,233,48.28213056,-109.19159444,1,5,0,0,0,1,1
300078,MONTANA,MT,1,1,0,0,1,1,13,0,BOLLING,22,6,June,2012,6,Friday,16,55,0,3,2,597,47.19252222,-110.92063889,26,1,0,0,0,1,0
300079,MONTANA,MT,1,1,0,0,1,1,29,0,BORDEN SPRINGS,23,6,June,2012,7,Saturday,17,40,0,4,4,1,48.41425278,-114.32424444,53,1,0,0,0,1,1
300080,MONTANA,MT,1,1,0,0,2,2,31,0,COFFEE,1,6,June,2012,6,Friday,22,29,1,2,2,85,44.66420556,-111.11563889,5,2,0,0,0,1,1
300081,MONTANA,MT,2,2,0,0,3,3,31,0,COFFEE,26,6,June,2012,3,Tuesday,0,5,1,1,1,2950,45.80882778,-111.24280833,12,2,0,0,0,1,1
300082,MONTANA,MT,2,1,0,0,2,2,13,530,BOLLING,27,6,June,2012,4,Wednesday,23,18,0,16,6,0,47.50848889,-111.27125556,14,3,0,0,0,1,1
300083,MONTANA,MT,2,1,1,4,2,5,31,0,COFFEE,29,6,June,2012,6,Friday,12,44,1,1,1,2931,45.81763611,-111.26056944,18,1,0,0,0,1,0
300084,MONTANA,MT,1,1,0,0,1,1,35,0,BROOKLYN,29,6,June,2012,6,Friday,18,12,0,4,3,140,48.72716111,-113.13885833,31,1,0,0,0,1,1
300085,MONTANA,MT,1,1,0,0,1,1,87,0,ARMSTRONG,30,6,June,2012,7,Saturday,12,10,1,1,1,890,46.25306389,-106.78738056,1,1,0,0,0,1,0
300086,MONTANA,MT,1,1,0,0,2,2,63,0,BOLIGEE,1,7,July,2012,1,Sunday,23,3,1,1,1,935,46.97918333,-114.17244722,31,2,0,0,0,1,1
300087,MONTANA,MT,1,1,0,0,1,1,63,0,BOLIGEE,3,7,July,2012,3,Tuesday,13,24,1,11,1,1081,46.87115278,-113.93474722,1,1,0,0,0,1,0
300088,MONTANA,MT,3,3,0,0,4,4,67,0,ABBEVILLE,3,7,July,2012,3,Tuesday,15,12,1,2,2,507,45.61103333,-110.57706667,12,1,0,0,0,1,0
300089,MONTANA,MT,1,1,0,0,2,2,41,0,BRANTLEY,4,7,July,2012,4,Wednesday,2,0,0,9,4,0,48.51396389,-109.80062222,1,2,0,0,0,1,1
300090,MONTANA,MT,1,1,0,0,1,1,89,0,BROWNSBORO,4,7,July,2012,4,Wednesday,21,0,0,6,5,0,47.30888611,-114.31834444,38,5,0,0,0,1,1
300091,MONTANA,MT,2,2,0,0,4,4,31,0,COFFEE,5,7,July,2012,5,Thursday,15,58,0,6,5,0,45.70012778,-111.14499167,12,1,0,0,0,1,1
300092,MONTANA,MT,1,1,0,0,2,2,9,0,BLOUNT,5,7,July,2012,5,Thursday,21,30,0,4,3,119,45.14941111,-109.05437222,1,5,0,0,0,1,1
300093,MONTANA,MT,2,2,0,0,3,3,77,0,ANDERSON,5,7,July,2012,5,Thursday,23,45,1,2,2,220,46.55675556,-112.41484167,12,2,0,0,0,2,2
300094,MONTANA,MT,1,1,0,0,1,1,89,0,BROWNSBORO,29,6,June,2012,6,Friday,23,55,0,4,3,24,47.83836944,-115.57263333,1,2,0,0,0,1,1
300095,MONTANA,MT,1,1,0,0,2,2,41,0,BRANTLEY,7,7,July,2012,7,Saturday,5,27,0,4,4,0,48.36270278,-109.84672778,53,4,0,0,0,1,0
300096,MONTANA,MT,1,1,0,0,3,3,111,0,GRAHAM,7,7,July,2012,7,Saturday,10,55,1,1,1,4517,45.78850833,-108.47983056,1,1,0,0,0,2,0
300097,MONTANA,MT,1,1,0,0,1,1,49,0,COLLINSVILLE,8,7,July,2012,1,Sunday,10,15,1,11,1,1931,46.60409722,-112.00612778,30,1,0,0,0,1,0
300098,MONTANA,MT,1,1,0,0,1,1,3,0,BALDWIN,10,7,July,2012,3,Tuesday,18,15,1,1,1,5469,45.09965556,-107.34780556,1,1,0,0,0,1,0
300099,MONTANA,MT,2,2,0,0,7,7,89,0,BROWNSBORO,14,7,July,2012,7,Saturday,18,35,0,3,3,647,47.53925000,-115.07536944,11,1,0,0,0,1,0
300100,MONTANA,MT,1,1,0,0,1,1,57,0,BANKSTON,17,7,July,2012,3,Tuesday,4,10,0,4,3,76,45.31746389,-111.84745000,1,2,0,0,0,1,0
300101,MONTANA,MT,2,2,0,0,3,3,77,0,ANDERSON,19,7,July,2012,5,Thursday,17,50,1,2,2,19,46.53151111,-112.76514167,12,1,0,0,0,1,0
300102,MONTANA,MT,1,1,0,0,1,1,3,0,BALDWIN,22,7,July,2012,1,Sunday,1,45,0,3,3,89,45.85948889,-107.61194444,35,2,0,0,0,1,1
300103,MONTANA,MT,1,1,1,1,1,1,105,490,MARION,23,7,July,2012,2,Monday,16,9,0,6,6,0,48.19147500,-106.64242778,9,1,0,0,0,1,0
300104,MONTANA,MT,1,1,0,0,2,2,87,0,ARMSTRONG,17,7,July,2012,3,Tuesday,19,55,0,3,3,70,45.71975556,-106.66866944,1,1,0,0,0,1,1
300105,MONTANA,MT,1,1,0,0,1,1,89,0,BROWNSBORO,26,7,July,2012,5,Thursday,20,0,0,3,3,247,47.88894722,-115.66226944,11,1,0,0,0,1,0
300106,MONTANA,MT,1,1,0,0,1,1,31,0,COFFEE,27,7,July,2012,6,Friday,2,30,0,6,4,0,45.68576944,-111.11920278,59,2,0,0,0,1,1
300107,MONTANA,MT,1,1,0,0,2,2,59,0,FRANKLIN,28,7,July,2012,7,Saturday,17,45,0,3,2,259,46.80550833,-110.70586667,1,1,0,0,0,1,0
300108,MONTANA,MT,1,1,0,0,2,2,5,0,BAKER HILL,29,7,July,2012,1,Sunday,5,30,1,2,2,3947,48.58608333,-109.42693889,35,4,0,0,0,1,1
300109,MONTANA,MT,2,2,0,0,3,3,111,0,GRAHAM,1,8,August,2012,4,Wednesday,3,24,0,13,2,0,45.80204167,-108.47921389,12,2,0,0,0,1,1
300110,MONTANA,MT,1,1,0,0,1,1,13,0,BOLLING,2,8,August,2012,5,Thursday,17,10,0,2,3,24,47.44783889,-111.15051667,1,1,0,0,0,1,0
300111,MONTANA,MT,1,1,0,0,1,1,61,0,BELLWOOD,3,8,August,2012,6,Friday,19,15,1,1,1,659,47.01908333,-114.66080833,52,1,0,0,0,1,0
300112,MONTANA,MT,1,1,0,0,1,1,13,0,BOLLING,5,8,August,2012,1,Sunday,21,0,0,6,4,0,47.43004444,-111.37845556,1,2,0,0,0,1,1
300113,MONTANA,MT,1,1,0,0,6,6,57,0,BANKSTON,4,8,August,2012,7,Saturday,20,25,0,5,4,0,45.18184167,-111.61701389,1,1,0,0,0,1,1
300114,MONTANA,MT,3,3,0,0,6,6,63,0,BOLIGEE,5,8,August,2012,1,Sunday,4,27,1,1,1,1207,46.78347222,-113.71590278,12,2,0,0,0,2,1
300115,MONTANA,MT,2,2,0,0,3,3,47,0,BROWNS,6,8,August,2012,2,Monday,6,22,1,2,2,261,47.26119444,-114.16811667,12,4,0,0,0,1,0
300116,MONTANA,MT,1,1,0,0,3,3,111,0,GRAHAM,7,8,August,2012,3,Tuesday,23,55,1,1,1,439,46.10261111,-107.60906389,1,2,0,0,0,1,1
300117,MONTANA,MT,1,1,0,0,1,1,53,0,ATMORE,12,7,July,2012,5,Thursday,22,5,0,4,3,12,48.40787778,-115.56719444,1,2,0,0,0,1,0
300118,MONTANA,MT,1,1,0,0,1,1,29,0,BORDEN SPRINGS,7,7,July,2012,7,Saturday,21,20,0,6,5,0,48.33076111,-114.19825000,38,1,0,0,0,1,0
300119,MONTANA,MT,1,1,0,0,4,4,105,0,MARION,8,8,August,2012,4,Wednesday,18,40,0,4,3,10,48.40488056,-107.08950556,31,1,0,0,0,1,0
300120,MONTANA,MT,1,1,0,0,4,4,9,0,BLOUNT,12,8,August,2012,1,Sunday,19,30,0,5,4,0,45.46059167,-108.76595278,17,1,0,0,0,1,1
300121,MONTANA,MT,2,2,0,0,4,4,67,0,ABBEVILLE,14,8,August,2012,3,Tuesday,10,55,1,2,2,320,45.39679722,-110.70813333,12,1,0,0,0,1,0
300122,MONTANA,MT,1,1,0,0,1,1,1,0,AUTAUGA,16,8,August,2012,5,Thursday,8,22,1,1,1,516,45.08494444,-112.78367500,1,1,0,0,0,1,0
300123,MONTANA,MT,1,1,0,0,1,1,31,0,COFFEE,17,8,August,2012,6,Friday,8,16,0,4,4,60,45.27797778,-111.35148611,42,1,0,0,0,1,0
300124,MONTANA,MT,1,1,0,0,1,1,41,0,BRANTLEY,17,8,August,2012,6,Friday,20,30,0,4,4,0,48.30607778,-109.91048889,1,1,0,0,0,1,1
300125,MONTANA,MT,2,2,0,0,3,3,49,0,COLLINSVILLE,22,8,August,2012,4,Wednesday,16,30,1,2,3,674,46.93653056,-112.75816111,12,1,0,0,0,1,0
300126,MONTANA,MT,1,1,0,0,1,1,29,0,BORDEN SPRINGS,24,8,August,2012,6,Friday,1,54,0,5,4,40,48.13347778,-114.70919722,1,2,0,0,0,1,1
300127,MONTANA,MT,1,1,0,0,1,1,53,0,ATMORE,23,8,August,2012,5,Thursday,9,46,0,3,3,110,48.36227500,-115.38447778,31,1,0,0,0,1,0
300128,MONTANA,MT,1,1,0,0,4,4,3,0,BALDWIN,25,8,August,2012,7,Saturday,2,40,0,4,3,347,45.35454722,-107.80242778,35,2,0,0,0,2,1
300129,MONTANA,MT,1,1,0,0,2,2,1,0,AUTAUGA,25,8,August,2012,7,Saturday,16,15,0,5,4,50,45.69544444,-113.46905278,1,1,0,0,0,1,0
300130,MONTANA,MT,1,1,0,0,1,1,29,0,BORDEN SPRINGS,26,8,August,2012,1,Sunday,2,3,1,2,2,1143,48.16135000,-114.43409444,1,2,0,0,0,1,1
300131,MONTANA,MT,2,2,1,1,4,4,29,0,BORDEN SPRINGS,26,8,August,2012,1,Sunday,22,20,1,2,2,1069,48.13543611,-114.27370278,8,2,0,0,0,1,0
300132,MONTANA,MT,2,2,0,0,2,2,111,0,GRAHAM,27,8,August,2012,2,Monday,20,35,0,4,4,0,45.69716111,-108.69921667,12,2,0,0,0,1,1
300133,MONTANA,MT,1,1,0,0,1,1,85,0,BENTON,27,8,August,2012,2,Monday,16,2,0,4,3,0,48.15855000,-104.93366944,35,1,0,0,0,1,1
300134,MONTANA,MT,1,1,0,0,2,2,83,0,ARDMORE,29,8,August,2012,4,Wednesday,2,30,0,3,3,600,47.81634444,-104.08366944,35,2,0,0,0,1,1
300135,MONTANA,MT,1,1,0,0,1,1,87,0,ARMSTRONG,30,8,August,2012,5,Thursday,2,25,0,3,3,260,45.92684167,-106.64858056,1,2,0,0,0,1,1
300136,MONTANA,MT,2,2,0,0,2,2,9,0,BLOUNT,1,9,September,2012,7,Saturday,13,5,0,3,2,0,45.07823333,-109.37932500,12,1,0,0,0,1,0
300137,MONTANA,MT,5,5,0,0,8,8,67,0,ABBEVILLE,2,9,September,2012,1,Sunday,18,6,0,3,3,360,45.99717222,-110.69066111,12,1,0,0,0,2,4
300138,MONTANA,MT,1,1,0,0,1,1,111,0,GRAHAM,29,6,June,2012,6,Friday,14,18,0,6,5,0,45.72549722,-108.54385833,43,1,0,0,0,1,0
300139,MONTANA,MT,2,2,0,0,6,6,61,0,BELLWOOD,30,8,August,2012,5,Thursday,17,50,1,1,1,349,47.28403333,-115.07969722,12,1,0,0,0,1,0
300140,MONTANA,MT,2,2,0,0,2,2,31,130,COFFEE,10,7,July,2012,3,Tuesday,17,11,0,2,3,0,45.70273611,-111.01565833,12,1,0,0,0,1,0
300141,MONTANA,MT,2,2,0,0,2,2,47,0,BROWNS,8,9,September,2012,7,Saturday,11,0,1,2,2,371,47.38603333,-114.09674722,12,1,0,0,0,1,0
300142,MONTANA,MT,2,2,0,0,5,5,89,0,BROWNSBORO,8,9,September,2012,7,Saturday,23,30,0,4,3,5,47.59892778,-115.37744722,12,2,0,0,0,2,1
300143,MONTANA,MT,2,2,0,0,3,3,47,0,BROWNS,13,9,September,2012,5,Thursday,14,20,1,2,2,250,47.25488611,-114.17163056,12,1,0,0,0,1,0
300144,MONTANA,MT,1,1,0,0,2,2,73,0,ARGO,13,9,September,2012,5,Thursday,16,55,1,1,1,3483,48.30753056,-111.93644444,21,1,0,0,0,1,0
300145,MONTANA,MT,2,2,0,0,3,3,111,100,GRAHAM,15,9,September,2012,7,Saturday,14,6,0,16,5,0,45.78696111,-108.54858333,12,1,0,0,0,1,0
300146,MONTANA,MT,1,1,0,0,3,3,79,0,COURTLAND,16,9,September,2012,1,Sunday,18,25,0,4,4,0,46.77170278,-105.30258056,1,1,0,0,0,1,1
300147,MONTANA,MT,1,1,0,0,1,1,63,0,BOLIGEE,8,9,September,2012,7,Saturday,0,50,0,4,3,6,46.96510833,-114.18519722,24,2,0,0,0,1,1
300148,MONTANA,MT,1,1,0,0,2,2,95,0,ALBERTVILLE,18,9,September,2012,3,Tuesday,7,25,1,1,1,3920,45.70508889,-109.54185000,31,1,0,0,0,2,0
300149,MONTANA,MT,1,1,0,0,2,2,87,0,ARMSTRONG,19,9,September,2012,4,Wednesday,2,26,0,9,4,130,45.54051944,-106.32574722,59,2,0,0,0,1,1
300150,MONTANA,MT,3,3,0,0,4,4,93,0,BEAR CREEK,23,8,August,2012,5,Thursday,22,14,0,13,3,0,45.98000833,-112.50820278,12,2,0,0,0,1,0
300151,MONTANA,MT,2,2,0,0,2,2,73,0,ARGO,23,9,September,2012,1,Sunday,17,58,0,3,2,696,48.14296389,-112.40796944,12,1,0,0,0,1,0
300152,MONTANA,MT,1,1,0,0,1,1,105,0,MARION,21,9,September,2012,6,Friday,11,40,1,2,2,5470,48.16463056,-106.53715278,1,1,0,0,0,1,0
300153,MONTANA,MT,2,2,0,0,4,4,47,0,BROWNS,26,9,September,2012,4,Wednesday,1,24,1,2,2,152,47.14040278,-114.04393056,12,2,0,0,0,1,1
300154,MONTANA,MT,1,1,0,0,9,9,61,0,BELLWOOD,26,9,September,2012,4,Wednesday,7,58,1,1,1,466,47.19621667,-114.91115833,1,1,0,0,0,1,0
300155,MONTANA,MT,2,2,0,0,4,4,27,0,ASHLAND,28,9,September,2012,6,Friday,8,50,1,2,2,797,47.05549167,-109.47644444,24,1,0,0,0,1,0
300156,MONTANA,MT,2,2,0,0,4,4,63,0,BOLIGEE,28,9,September,2012,6,Friday,23,37,1,2,3,65,46.90011389,-113.75665556,12,2,0,0,0,1,1
300157,MONTANA,MT,1,1,0,0,1,1,67,0,ABBEVILLE,29,9,September,2012,7,Saturday,23,7,0,6,5,0,45.87263056,-110.64823611,1,2,0,0,0,1,1
300158,MONTANA,MT,1,1,0,0,1,1,75,0,BEAVERTON,1,10,October,2012,2,Monday,5,40,1,2,2,683,45.56773889,-106.15622222,31,2,0,0,0,1,0
300159,MONTANA,MT,1,1,0,0,3,3,17,0,CHAMBERS,1,10,October,2012,2,Monday,18,13,1,2,1,1368,46.38226111,-105.85119444,1,1,0,0,0,1,0
300160,MONTANA,MT,1,1,0,0,1,1,11,0,BULLOCK,3,10,October,2012,4,Wednesday,2,15,0,4,3,720,45.02549722,-104.41152500,1,2,0,0,0,1,1
300161,MONTANA,MT,1,1,1,1,3,3,35,0,BROOKLYN,4,10,October,2012,5,Thursday,20,17,1,2,2,2218,48.54099722,-113.00451389,8,2,0,0,0,1,0
300162,MONTANA,MT,1,1,0,0,1,1,47,0,BROWNS,6,10,October,2012,7,Saturday,17,27,0,6,5,0,47.62049722,-114.28444444,38,1,0,0,0,1,1
300163,MONTANA,MT,2,2,0,0,6,6,89,0,BROWNSBORO,7,10,October,2012,1,Sunday,10,25,0,3,3,172,47.58225833,-114.62603611,12,1,0,0,0,1,0
300164,MONTANA,MT,1,1,0,0,4,4,3,0,BALDWIN,7,10,October,2012,1,Sunday,15,30,0,4,3,268,45.41823333,-107.72200833,31,1,0,0,0,1,1
300165,MONTANA,MT,1,1,0,0,2,2,81,0,AUBURN,9,10,October,2012,3,Tuesday,0,45,0,4,3,87,45.86756667,-114.20714444,31,2,0,0,0,1,1
300166,MONTANA,MT,1,1,0,0,2,2,35,0,BROOKLYN,18,10,October,2012,5,Thursday,14,29,0,5,5,55,48.31594722,-112.94555278,1,1,0,0,0,1,1
300167,MONTANA,MT,1,1,0,0,1,1,43,0,BAILEYTON,20,10,October,2012,7,Saturday,2,50,1,1,1,1433,46.16485833,-112.37643333,25,2,0,0,0,1,1
300168,MONTANA,MT,1,1,0,0,1,1,91,0,DAYTON,20,10,October,2012,7,Saturday,3,0,0,3,4,0,48.75491944,-104.55340833,35,2,0,0,0,1,1
300169,MONTANA,MT,1,1,0,0,2,2,13,0,BOLLING,27,10,October,2012,7,Saturday,7,58,1,1,1,2948,47.61579444,-111.57661944,1,1,0,0,0,1,0
300170,MONTANA,MT,2,2,0,0,2,2,45,0,ARITON,26,10,October,2012,6,Friday,20,45,1,2,2,237,47.23564444,-110.45877222,12,2,0,0,0,1,0
300171,MONTANA,MT,1,1,0,0,1,1,81,0,AUBURN,3,11,November,2012,7,Saturday,13,59,0,4,3,133,46.41629444,-114.09642778,31,1,0,0,0,1,1
300172,MONTANA,MT,1,1,0,0,2,2,7,0,BIBB,4,11,November,2012,1,Sunday,15,25,0,3,2,30,46.32079444,-111.44130278,59,1,0,0,0,1,0
300173,MONTANA,MT,1,1,0,0,3,3,109,0,ANSLEY,9,11,November,2012,6,Friday,8,40,1,1,1,2449,46.97286111,-104.13479444,1,1,6,0,0,2,1
300174,MONTANA,MT,1,1,0,0,1,1,53,0,ATMORE,11,11,November,2012,1,Sunday,20,10,0,3,3,265,48.34051111,-115.84708333,1,2,0,0,0,1,1
300175,MONTANA,MT,1,1,0,0,2,2,29,0,BORDEN SPRINGS,12,11,November,2012,2,Monday,17,10,1,2,2,1646,48.43433056,-113.80123611,24,2,10,0,0,1,0
300176,MONTANA,MT,1,1,1,1,1,1,93,0,BEAR CREEK,13,11,November,2012,3,Tuesday,18,10,1,1,1,1170,45.95383333,-112.66478889,8,2,0,0,0,1,0
300177,MONTANA,MT,2,2,0,0,3,3,3,0,BALDWIN,16,11,November,2012,6,Friday,16,45,0,4,3,110,45.36803889,-107.38229722,12,5,0,0,0,2,0
300178,MONTANA,MT,1,1,0,0,4,4,85,0,BENTON,22,11,November,2012,5,Thursday,15,57,1,2,2,6086,48.12098333,-105.26492778,31,1,0,0,0,1,0
300179,MONTANA,MT,2,2,0,0,3,3,57,0,BANKSTON,23,11,November,2012,6,Friday,6,10,0,3,3,260,45.53191389,-112.35490278,12,2,0,0,0,1,0
300180,MONTANA,MT,1,1,0,0,1,1,7,0,BIBB,27,11,November,2012,3,Tuesday,11,14,0,6,5,0,46.36927500,-111.30618333,1,1,0,0,0,1,0
300181,MONTANA,MT,2,2,0,0,2,2,111,0,GRAHAM,30,11,November,2012,6,Friday,17,0,1,2,2,120,45.94335278,-108.46743611,12,2,0,0,0,1,1
300182,MONTANA,MT,1,1,0,0,1,1,77,0,ANDERSON,2,12,December,2012,1,Sunday,4,35,1,2,2,146,46.58712222,-112.55752778,43,2,0,0,0,1,1
300183,MONTANA,MT,2,2,0,0,2,2,83,0,ARDMORE,2,12,December,2012,1,Sunday,6,20,0,4,3,367,47.86762500,-104.74203056,12,2,0,0,0,1,1
300184,MONTANA,MT,1,1,0,0,1,1,43,0,BAILEYTON,9,12,December,2012,1,Sunday,1,30,1,1,1,2575,45.87489722,-111.93179167,31,2,0,0,0,1,1
300185,MONTANA,MT,1,1,0,0,1,1,29,1240,BORDEN SPRINGS,16,12,December,2012,1,Sunday,2,45,1,2,2,0,48.39535833,-114.33545556,46,3,0,0,0,1,1
300186,MONTANA,MT,1,1,0,0,1,1,111,0,GRAHAM,16,12,December,2012,1,Sunday,3,5,0,4,5,0,45.69694167,-108.67857500,31,2,0,0,0,1,1
300187,MONTANA,MT,1,1,0,0,4,4,3,0,BALDWIN,17,12,December,2012,2,Monday,9,0,1,1,1,4976,45.74048333,-107.58199722,35,1,0,0,0,1,1
300188,MONTANA,MT,1,1,0,0,1,1,9,0,BLOUNT,17,12,December,2012,2,Monday,21,16,0,6,5,24,45.52192222,-108.96137500,35,2,0,0,0,1,0
300189,MONTANA,MT,2,2,0,0,6,6,53,0,ATMORE,20,12,December,2012,5,Thursday,14,42,1,2,2,221,48.45013889,-115.74754722,12,1,0,0,0,1,0
300190,MONTANA,MT,1,1,0,0,1,1,49,590,COLLINSVILLE,31,12,December,2012,2,Monday,19,57,1,2,2,0,46.59130278,-111.99535833,33,2,0,0,0,1,1
300191,MONTANA,MT,1,1,1,1,1,1,87,0,ARMSTRONG,23,10,October,2012,3,Tuesday,3,58,0,3,3,20,45.64937778,-106.68735833,8,2,0,0,0,1,0
300192,MONTANA,MT,1,1,0,0,4,4,87,0,ARMSTRONG,2,10,October,2012,3,Tuesday,12,0,0,6,4,0,45.60079722,-106.52805833,1,1,0,0,0,1,1
310001,NEBRASKA,NE,1,1,0,0,1,1,133,0,ARLEY,1,1,January,2012,1,Sunday,99,99,0,3,3,932,40.04382222,-96.46196111,32,2,0,0,0,1,1
310002,NEBRASKA,NE,1,1,1,1,2,2,55,3620,ATTALLA,4,1,January,2012,4,Wednesday,15,33,0,16,6,0,41.19496389,-95.96734167,8,1,0,0,0,1,0
310003,NEBRASKA,NE,2,2,0,0,2,2,55,0,ATTALLA,6,1,January,2012,6,Friday,18,18,0,6,4,0,41.19036667,-96.13172500,12,3,0,0,0,1,1
310004,NEBRASKA,NE,1,1,0,0,2,2,89,0,BROWNSBORO,7,1,January,2012,7,Saturday,1,26,0,6,4,0,42.17543333,-98.67016667,1,2,0,0,0,1,1
310005,NEBRASKA,NE,1,1,0,0,3,3,157,0,ARCADE,7,1,January,2012,7,Saturday,21,59,1,2,2,161,41.92569722,-103.76092500,1,5,0,0,0,1,0
310006,NEBRASKA,NE,1,1,0,0,1,1,157,1990,ARCADE,11,1,January,2012,4,Wednesday,15,21,0,13,6,0,41.83073056,-103.66033056,10,1,0,0,0,1,0
310007,NEBRASKA,NE,2,2,0,0,4,4,21,0,CHILTON,11,1,January,2012,4,Wednesday,22,20,1,2,2,1481,41.92095833,-96.46304722,12,2,0,0,0,1,1
310008,NEBRASKA,NE,2,2,0,0,2,2,109,2830,ANSLEY,12,1,January,2012,5,Thursday,11,8,1,13,2,3122,40.81387500,-96.73616389,12,1,0,0,0,1,0
310009,NEBRASKA,NE,1,1,0,0,1,1,119,0,BELLAMY,13,1,January,2012,6,Friday,99,99,0,4,3,378,41.82974722,-97.40257778,31,2,0,0,0,1,1
310010,NEBRASKA,NE,1,1,0,0,1,1,49,0,COLLINSVILLE,14,1,January,2012,7,Saturday,18,48,0,6,4,0,41.18261944,-102.11007500,1,2,0,0,0,1,1
310011,NEBRASKA,NE,1,1,0,0,1,1,109,0,ANSLEY,18,1,January,2012,4,Wednesday,9,0,0,6,4,0,40.74336389,-96.85337778,42,1,0,0,0,1,1
310012,NEBRASKA,NE,1,1,0,0,5,5,89,0,BROWNSBORO,20,1,January,2012,6,Friday,23,44,0,5,4,0,42.62455556,-98.76415000,35,2,0,0,0,1,1
310013,NEBRASKA,NE,1,1,0,0,1,1,185,0,ANAKTUVUK PASS,25,1,January,2012,4,Wednesday,20,12,1,1,1,3624,40.82072778,-97.41529167,32,2,0,0,0,1,0
310014,NEBRASKA,NE,1,1,0,0,1,1,19,0,CEDAR BLUFF,25,1,January,2012,4,Wednesday,20,43,0,4,4,0,40.69415000,-99.19799722,10,2,0,0,0,1,0