ST_CASE,State Name,State Abbreviation,# of Vehicle involved,Parked_Vehicles_Involved,Pedestrains,Person_Not_in_Motor_Vehicle,Persons_in_motor_vehicle,Total_Persons_in_accident,COUNTY,CITY,City_County_Name,Calendar_DAY,MONTH,Month_name,YEAR,DAY_WEEK,Day_Week_desc,HOUR,MINUTE,NHS_Desc,trafficway,Route,MILEPT,LATITUDE,LONGITUD,First_Crash_event,Light_cond_desc,Weather_condition,School_bus_involved,Crash_cause,FATALS,DRUNK_DR
310165,NEBRASKA,NE,1,1,1,1,2,2,131,3360,ARLINGTON,6,11,November,2012,3,Tuesday,15,51,0,16,6,0,40.67671111,-95.85888889,8,1,0,0,0,1,0
310166,NEBRASKA,NE,1,1,0,0,1,1,55,3620,ATTALLA,11,11,November,2012,1,Sunday,99,99,0,16,6,0,41.29686389,-96.08145556,30,9,0,0,0,1,1
310167,NEBRASKA,NE,2,2,0,0,2,2,69,0,ASHFORD,20,11,November,2012,3,Tuesday,10,55,1,2,2,907,41.49765556,-102.61116111,12,1,0,0,0,1,0
310168,NEBRASKA,NE,2,2,0,0,3,3,81,0,AUBURN,20,11,November,2012,3,Tuesday,13,15,1,1,1,3404,40.82017500,-97.85992778,12,1,0,0,0,2,0
310169,NEBRASKA,NE,1,1,0,0,4,4,93,0,BEAR CREEK,22,11,November,2012,5,Thursday,2,22,0,5,4,0,41.07591111,-98.33208333,1,2,0,0,0,1,1
310170,NEBRASKA,NE,1,1,0,0,1,1,169,0,BRADLEY,25,11,November,2012,1,Sunday,17,0,0,6,4,0,40.23077778,-97.59481667,1,1,0,0,0,1,1
310171,NEBRASKA,NE,1,1,0,0,1,1,55,3620,ATTALLA,25,11,November,2012,1,Sunday,2,57,0,14,6,0,41.20511667,-96.12621389,30,3,0,0,0,1,1
310172,NEBRASKA,NE,1,1,0,0,1,1,31,0,COFFEE,26,11,November,2012,2,Monday,99,99,0,6,4,0,42.88953611,-100.53541944,23,3,0,0,0,1,1
310173,NEBRASKA,NE,2,2,0,0,3,3,81,0,AUBURN,27,11,November,2012,3,Tuesday,8,15,0,6,4,0,40.91571944,-98.01716944,12,1,0,0,0,1,0
310174,NEBRASKA,NE,2,2,0,0,2,2,53,4350,ATMORE,27,11,November,2012,3,Tuesday,9,33,1,13,2,1303,41.66491944,-96.66671111,12,1,0,0,0,1,0
310175,NEBRASKA,NE,1,1,0,0,1,1,131,0,ARLINGTON,29,11,November,2012,5,Thursday,5,40,0,4,3,25,40.65331944,-96.38765556,11,2,0,0,0,1,0
310176,NEBRASKA,NE,3,2,0,0,3,3,109,2830,ANSLEY,1,12,December,2012,7,Saturday,13,33,0,13,6,0,40.85752222,-96.69862500,33,1,0,0,0,2,0
310177,NEBRASKA,NE,1,1,0,0,1,1,49,0,COLLINSVILLE,1,12,December,2012,7,Saturday,1,10,0,4,4,0,41.14798611,-102.47657222,1,2,0,0,0,1,1
310178,NEBRASKA,NE,1,1,0,0,3,3,179,0,ALLENHURST,1,12,December,2012,7,Saturday,0,25,0,3,3,1671,42.27245556,-97.01819722,1,2,0,0,0,1,1
310179,NEBRASKA,NE,3,3,0,0,4,4,19,0,CEDAR BLUFF,3,12,December,2012,2,Monday,17,41,1,2,2,2775,40.71415833,-98.99826944,12,2,0,0,0,1,0
310180,NEBRASKA,NE,1,1,0,0,2,2,55,3620,ATTALLA,3,12,December,2012,2,Monday,1,13,1,13,3,16,41.26274167,-96.24019722,1,3,0,0,0,1,1
310181,NEBRASKA,NE,1,1,0,0,1,1,85,0,BENTON,3,12,December,2012,2,Monday,99,99,1,2,2,460,40.39394444,-101.28242778,1,1,0,0,0,1,0
310182,NEBRASKA,NE,2,2,0,0,2,2,153,0,BONAIRE,5,12,December,2012,4,Wednesday,99,99,0,5,4,0,41.11818333,-96.09063333,12,2,0,0,0,1,1
310183,NEBRASKA,NE,2,2,0,0,2,2,119,0,BELLAMY,18,12,December,2012,3,Tuesday,23,14,1,2,2,1426,41.82866111,-97.44326111,12,3,0,0,0,1,1
310184,NEBRASKA,NE,2,2,0,0,2,2,79,0,COURTLAND,19,12,December,2012,4,Wednesday,15,20,1,2,2,2320,40.87446667,-98.37816111,12,1,6,0,0,1,0
310185,NEBRASKA,NE,2,2,0,0,4,4,111,0,GRAHAM,19,12,December,2012,4,Wednesday,12,50,1,1,1,1860,41.05713889,-100.54831111,12,1,7,0,0,1,0
310186,NEBRASKA,NE,1,1,0,0,1,1,21,0,CHILTON,26,12,December,2012,4,Wednesday,13,10,0,4,4,0,41.93028056,-96.39490000,1,1,0,0,0,1,0
310187,NEBRASKA,NE,2,2,0,0,4,4,109,0,ANSLEY,21,12,December,2012,6,Friday,13,20,0,3,3,3,40.81836389,-96.78780278,12,1,0,0,0,1,0
310188,NEBRASKA,NE,2,2,0,0,5,5,87,0,ARMSTRONG,25,12,December,2012,3,Tuesday,11,25,1,2,2,630,40.29762222,-101.02131111,12,1,10,0,0,2,0
310189,NEBRASKA,NE,2,2,0,0,2,2,97,0,AXIS,31,12,December,2012,2,Monday,12,12,1,2,2,1980,40.34596944,-96.41549167,12,1,6,0,0,1,0
310190,NEBRASKA,NE,2,2,0,0,3,3,47,2810,BROWNS,8,10,October,2012,2,Monday,23,55,0,13,2,574,40.76430278,-99.73963611,12,3,0,0,0,1,1
320129,NEVADA,NV,1,1,0,0,1,1,13,0,BOLLING,4,9,September,2012,3,Tuesday,9,53,1,1,1,1808,77.77770000,777.77770000,31,1,0,0,0,1,0
320132,NEVADA,NV,1,1,0,0,1,1,7,0,BIBB,16,8,August,2012,5,Thursday,13,50,1,1,1,3080,77.77770000,777.77770000,31,1,0,0,0,1,0
330001,NEW HAMPSHIRE,NH,1,1,0,0,5,5,15,123,ANNISTON,8,1,January,2012,1,Sunday,4,40,0,6,5,0,43.06271944,-71.07576111,42,3,0,0,0,1,1
330002,NEW HAMPSHIRE,NH,2,2,0,0,2,2,5,47,BAKER HILL,17,1,January,2012,3,Tuesday,18,48,1,2,3,0,42.89915833,-72.43641111,12,2,0,0,0,1,0
330003,NEW HAMPSHIRE,NH,2,2,0,0,3,3,15,551,ANNISTON,8,1,January,2012,1,Sunday,16,10,0,6,5,0,42.79703611,-71.27586111,12,1,0,0,0,1,1
330004,NEW HAMPSHIRE,NH,1,1,0,0,1,1,5,250,BAKER HILL,12,1,January,2012,5,Thursday,9,54,1,13,3,0,42.95288333,-72.31325556,42,1,0,0,0,1,0
330005,NEW HAMPSHIRE,NH,1,1,0,0,1,1,15,32,ANNISTON,24,1,January,2012,3,Tuesday,7,3,0,4,3,1046,43.03369167,-71.33955833,21,1,0,0,0,1,0
330006,NEW HAMPSHIRE,NH,1,1,0,0,3,3,17,90,CHAMBERS,10,1,January,2012,3,Tuesday,19,50,0,13,3,114,43.18646111,-70.88843056,52,2,0,0,0,1,0
330007,NEW HAMPSHIRE,NH,1,1,0,0,2,2,15,85,ANNISTON,20,1,January,2012,6,Friday,10,27,0,6,5,0,42.86029722,-71.25380000,30,1,0,0,0,1,0
330008,NEW HAMPSHIRE,NH,1,1,0,0,1,1,15,445,ANNISTON,6,2,February,2012,2,Monday,23,45,0,6,5,0,43.03213056,-70.74946667,19,2,0,0,0,1,1
330009,NEW HAMPSHIRE,NH,1,1,0,0,1,1,11,350,BULLOCK,22,1,January,2012,1,Sunday,19,5,0,16,6,0,42.72401944,-71.47621944,42,3,0,0,0,1,1
330010,NEW HAMPSHIRE,NH,2,2,0,0,4,4,3,487,BALDWIN,12,2,February,2012,1,Sunday,9,50,1,13,3,0,43.90401944,-71.23209167,12,1,0,0,0,1,1
330011,NEW HAMPSHIRE,NH,1,1,1,1,1,1,11,310,BULLOCK,11,2,February,2012,7,Saturday,6,22,0,16,6,0,42.98262222,-71.42000556,8,4,0,0,0,1,0
330012,NEW HAMPSHIRE,NH,1,1,0,0,1,1,3,1,BALDWIN,23,2,February,2012,5,Thursday,6,33,1,2,3,0,43.93544722,-71.22399167,42,1,2,0,0,1,0
330013,NEW HAMPSHIRE,NH,2,2,0,0,4,4,5,437,BAKER HILL,2,3,March,2012,6,Friday,21,50,0,5,3,0,42.74738889,-72.03885833,12,2,0,0,0,1,0
330014,NEW HAMPSHIRE,NH,1,1,0,0,1,1,15,200,ANNISTON,19,3,March,2012,2,Monday,7,17,0,4,3,42,42.95806667,-70.83376389,1,1,0,0,0,1,0
330015,NEW HAMPSHIRE,NH,1,1,0,0,1,1,11,310,BULLOCK,21,3,March,2012,4,Wednesday,10,18,1,1,1,99998,43.03371944,-71.45150278,1,1,0,0,0,1,0
330016,NEW HAMPSHIRE,NH,1,1,0,0,1,1,11,401,BULLOCK,5,4,April,2012,5,Thursday,2,15,0,16,5,0,42.75380000,-71.26804722,42,2,0,0,0,1,1
330017,NEW HAMPSHIRE,NH,1,1,1,1,1,1,19,380,CEDAR BLUFF,18,3,March,2012,1,Sunday,12,45,0,16,5,0,43.38704722,-72.18246944,8,1,0,0,0,1,0
330018,NEW HAMPSHIRE,NH,1,1,0,0,3,3,9,30,BLOUNT,16,4,April,2012,2,Monday,22,47,0,6,5,0,43.60573056,-71.74148333,30,2,0,0,0,3,1
330019,NEW HAMPSHIRE,NH,1,1,0,0,1,1,7,337,BIBB,26,4,April,2012,5,Thursday,23,40,0,5,3,0,44.61272222,-71.22556111,42,2,0,0,0,1,1
330020,NEW HAMPSHIRE,NH,1,1,0,0,1,1,9,444,BLOUNT,25,4,April,2012,4,Wednesday,11,50,0,5,3,0,43.79323333,-71.80288611,24,1,0,0,0,1,0
330021,NEW HAMPSHIRE,NH,2,2,0,0,2,2,15,551,ANNISTON,20,4,April,2012,6,Friday,14,45,0,6,5,0,42.80315000,-71.32326111,12,1,0,0,0,1,0
330022,NEW HAMPSHIRE,NH,2,2,0,0,2,2,1,330,AUTAUGA,30,4,April,2012,2,Monday,9,38,0,15,3,0,43.71088056,-71.45791667,12,1,0,0,0,1,0
330023,NEW HAMPSHIRE,NH,1,1,0,0,2,2,15,370,ANNISTON,21,4,April,2012,7,Saturday,10,19,0,16,5,0,43.08328056,-70.89962222,35,1,0,0,0,1,0
330024,NEW HAMPSHIRE,NH,1,1,0,0,1,1,17,336,CHAMBERS,6,5,May,2012,1,Sunday,19,7,0,5,3,0,43.53168333,-71.13764722,1,5,0,0,0,1,1
330025,NEW HAMPSHIRE,NH,2,2,0,0,2,2,17,29,CHAMBERS,15,5,May,2012,3,Tuesday,14,27,0,5,3,0,43.21901111,-71.07350556,12,1,0,0,0,1,0
330026,NEW HAMPSHIRE,NH,1,1,0,0,2,2,13,237,BOLLING,12,5,May,2012,7,Saturday,0,37,1,1,1,130,43.23230556,-71.74013333,42,2,0,0,0,2,0
330027,NEW HAMPSHIRE,NH,1,1,0,0,1,1,11,350,BULLOCK,12,5,May,2012,7,Saturday,20,16,1,2,3,0,42.72726111,-71.45176111,35,5,0,0,0,1,1
330028,NEW HAMPSHIRE,NH,1,1,0,0,1,1,15,32,ANNISTON,1,5,May,2012,3,Tuesday,13,38,0,4,3,1076,43.04183056,-71.28067778,21,1,0,0,0,1,0
330029,NEW HAMPSHIRE,NH,3,3,0,0,4,4,1,352,AUTAUGA,9,5,May,2012,4,Wednesday,18,30,0,5,3,0,43.62462778,-71.61761667,53,5,0,0,0,1,0
330030,NEW HAMPSHIRE,NH,1,1,1,1,2,2,17,90,CHAMBERS,22,5,May,2012,3,Tuesday,12,17,0,16,6,0,43.19655833,-70.87236389,8,1,0,0,0,1,0
330031,NEW HAMPSHIRE,NH,1,1,0,0,1,1,13,23,BOLLING,9,6,June,2012,7,Saturday,17,56,0,15,3,0,43.12279722,-71.48018056,42,1,0,0,0,1,0
330032,NEW HAMPSHIRE,NH,1,1,0,0,1,1,1,330,AUTAUGA,27,5,May,2012,1,Sunday,23,22,0,6,6,0,43.60671111,-71.55002222,42,2,0,0,0,1,0
330033,NEW HAMPSHIRE,NH,3,3,0,0,4,4,9,34,BLOUNT,4,6,June,2012,2,Monday,11,5,0,5,3,0,43.65027778,-72.07392222,12,1,0,0,0,1,0
330034,NEW HAMPSHIRE,NH,2,2,0,0,3,3,1,260,AUTAUGA,15,6,June,2012,6,Friday,15,3,0,6,5,0,43.60998056,-71.49956389,12,1,0,0,0,1,1
330035,NEW HAMPSHIRE,NH,2,2,0,0,5,5,7,337,BIBB,15,6,June,2012,6,Friday,15,10,0,5,3,0,44.62912500,-71.25088056,12,1,0,0,0,1,1
330036,NEW HAMPSHIRE,NH,1,1,0,0,2,2,13,236,BOLLING,23,6,June,2012,7,Saturday,10,39,1,11,1,99998,43.04178056,-71.46243889,5,1,0,0,0,1,0
330037,NEW HAMPSHIRE,NH,3,3,0,0,3,3,5,213,BAKER HILL,15,6,June,2012,6,Friday,12,25,1,2,3,0,43.05271667,-72.07787222,12,1,0,0,0,1,0
330038,NEW HAMPSHIRE,NH,2,2,0,0,2,2,11,350,BULLOCK,15,6,June,2012,6,Friday,16,19,1,2,8,99998,42.77541111,-71.49253056,5,1,0,0,0,1,0
330039,NEW HAMPSHIRE,NH,1,1,1,1,1,1,15,200,ANNISTON,29,6,June,2012,6,Friday,22,8,0,16,6,0,42.89615000,-70.81652778,8,3,0,0,0,1,0
330040,NEW HAMPSHIRE,NH,2,2,0,0,2,2,9,300,BLOUNT,27,6,June,2012,4,Wednesday,16,35,0,6,6,0,44.31236389,-71.74076667,24,1,0,0,0,1,0
330041,NEW HAMPSHIRE,NH,1,1,0,0,1,1,15,430,ANNISTON,10,7,July,2012,3,Tuesday,23,54,0,15,3,99998,43.05583056,-70.80662778,42,2,0,0,0,1,1
330042,NEW HAMPSHIRE,NH,1,1,0,0,1,1,9,565,BLOUNT,21,6,June,2012,5,Thursday,14,38,1,1,1,940,43.96913889,-71.67513333,42,1,0,0,0,1,0
330043,NEW HAMPSHIRE,NH,1,1,0,0,1,1,3,243,BALDWIN,16,7,July,2012,2,Monday,16,0,1,2,3,0,44.23975278,-71.25567778,24,1,0,0,0,1,0
330044,NEW HAMPSHIRE,NH,1,1,0,0,2,2,11,310,BULLOCK,28,7,July,2012,7,Saturday,6,45,1,11,1,99998,42.94771389,-71.45690000,39,1,0,0,0,1,0
330045,NEW HAMPSHIRE,NH,1,1,0,0,1,1,15,85,ANNISTON,30,7,July,2012,2,Monday,19,9,0,16,6,0,42.88150833,-71.22110833,35,1,0,0,0,1,1
330046,NEW HAMPSHIRE,NH,1,1,0,0,1,1,15,123,ANNISTON,30,7,July,2012,2,Monday,99,99,0,6,5,0,43.02618333,-71.11677778,42,9,0,0,0,1,0
330047,NEW HAMPSHIRE,NH,2,2,0,0,6,6,15,195,ANNISTON,28,7,July,2012,7,Saturday,18,51,0,14,3,0,42.87449444,-71.18103889,12,1,0,0,0,1,0
330048,NEW HAMPSHIRE,NH,2,2,0,0,2,2,15,255,ANNISTON,1,8,August,2012,4,Wednesday,15,18,0,5,3,0,42.91767778,-71.05271111,12,1,0,0,0,1,0
330049,NEW HAMPSHIRE,NH,1,1,0,0,1,1,17,440,CHAMBERS,10,8,August,2012,6,Friday,18,28,0,16,6,0,43.26687222,-70.93917500,42,5,0,0,0,1,0
330050,NEW HAMPSHIRE,NH,1,1,0,0,1,1,13,505,BOLLING,5,8,August,2012,1,Sunday,21,17,0,6,6,0,43.28342778,-71.68118056,5,2,0,0,0,1,1
330051,NEW HAMPSHIRE,NH,1,1,0,0,1,1,17,342,CHAMBERS,11,8,August,2012,7,Saturday,1,59,0,4,3,334,43.45552500,-70.99416944,42,2,0,0,0,1,1
330052,NEW HAMPSHIRE,NH,3,3,0,0,3,3,11,11,BULLOCK,13,8,August,2012,2,Monday,17,57,1,13,3,0,42.81495000,-71.59783056,12,1,0,0,0,1,1
330053,NEW HAMPSHIRE,NH,3,3,0,0,3,3,17,440,CHAMBERS,12,8,August,2012,1,Sunday,18,46,1,13,3,0,43.32286389,-70.99110278,12,1,0,0,0,1,0
330054,NEW HAMPSHIRE,NH,1,1,0,0,2,2,11,344,BULLOCK,12,8,August,2012,1,Sunday,17,30,0,6,6,0,42.90516667,-71.65048611,42,1,0,0,0,1,0
330055,NEW HAMPSHIRE,NH,1,1,0,0,1,1,1,330,AUTAUGA,17,8,August,2012,6,Friday,23,28,0,6,6,0,43.62164722,-71.54524167,32,2,0,0,0,1,1
330056,NEW HAMPSHIRE,NH,1,1,0,0,2,2,3,464,BALDWIN,19,8,August,2012,1,Sunday,0,35,1,2,3,0,43.82078056,-71.34718611,1,2,0,0,0,1,1
330057,NEW HAMPSHIRE,NH,2,2,0,0,3,3,11,160,BULLOCK,20,8,August,2012,2,Monday,16,22,0,6,6,0,42.98234722,-71.61000278,5,1,0,0,0,1,0
330058,NEW HAMPSHIRE,NH,1,1,0,0,2,2,11,310,BULLOCK,22,8,August,2012,4,Wednesday,12,31,1,11,1,0,42.95651944,-71.47442778,1,1,0,0,0,1,0
330059,NEW HAMPSHIRE,NH,1,1,1,1,1,1,15,305,ANNISTON,22,8,August,2012,4,Wednesday,16,35,1,11,1,126,42.88410000,-71.34697778,8,1,0,0,0,1,0
330060,NEW HAMPSHIRE,NH,1,1,1,1,2,2,15,466,ANNISTON,24,8,August,2012,6,Friday,20,35,0,14,3,0,42.87139167,-70.82377500,8,2,0,0,0,1,0
330061,NEW HAMPSHIRE,NH,5,5,0,0,6,6,5,522,BAKER HILL,25,8,August,2012,7,Saturday,11,48,0,5,3,0,43.00509444,-72.43618889,12,1,0,0,0,3,0
330062,NEW HAMPSHIRE,NH,2,2,0,0,2,2,15,430,ANNISTON,27,8,August,2012,2,Monday,22,1,1,11,1,118,43.08258611,-70.77436667,12,3,0,0,0,1,0
330063,NEW HAMPSHIRE,NH,1,1,0,0,1,1,11,234,BULLOCK,29,8,August,2012,4,Wednesday,2,8,0,6,6,0,42.71549167,-71.63030278,35,2,0,0,0,1,1
330064,NEW HAMPSHIRE,NH,2,2,0,0,5,5,15,195,ANNISTON,18,8,August,2012,7,Saturday,6,12,0,15,3,0,42.87666944,-71.15414167,12,1,0,0,0,1,0
330065,NEW HAMPSHIRE,NH,2,2,0,0,2,2,11,334,BULLOCK,31,8,August,2012,6,Friday,9,52,0,16,6,0,42.86780833,-71.49931944,12,1,0,0,0,1,0
330066,NEW HAMPSHIRE,NH,1,1,0,0,2,2,13,70,BOLLING,2,9,September,2012,1,Sunday,2,52,1,11,1,446,43.29346111,-71.57306389,42,2,0,0,0,1,0
330067,NEW HAMPSHIRE,NH,2,2,0,0,2,2,17,440,CHAMBERS,24,8,August,2012,6,Friday,21,15,0,6,6,0,43.25546667,-70.97913333,12,2,0,0,0,1,1
330068,NEW HAMPSHIRE,NH,3,3,0,0,5,5,9,120,BLOUNT,3,9,September,2012,2,Monday,11,23,0,15,3,0,43.61962500,-72.14695556,12,1,0,0,0,1,0
330069,NEW HAMPSHIRE,NH,2,2,0,0,2,2,11,340,BULLOCK,4,9,September,2012,3,Tuesday,18,43,1,13,3,0,42.82006667,-71.62429167,12,5,0,0,0,1,0
330070,NEW HAMPSHIRE,NH,1,1,0,0,1,1,9,10,BLOUNT,19,8,August,2012,1,Sunday,15,53,0,6,6,0,43.74083333,-71.66529167,30,1,0,0,0,1,0
330071,NEW HAMPSHIRE,NH,1,1,0,0,2,2,15,478,ANNISTON,4,9,September,2012,3,Tuesday,0,30,1,13,3,1262,42.99886389,-70.93335833,59,2,0,0,0,2,1
330072,NEW HAMPSHIRE,NH,2,2,0,0,2,2,15,448,ANNISTON,10,9,September,2012,2,Monday,10,47,0,15,3,0,42.84027778,-71.22805833,12,1,0,0,0,1,0
330073,NEW HAMPSHIRE,NH,1,1,0,0,1,1,11,467,BULLOCK,22,9,September,2012,7,Saturday,18,30,0,5,3,0,42.79081389,-71.94503056,42,1,0,0,0,1,0
330074,NEW HAMPSHIRE,NH,1,1,0,0,1,1,13,70,BOLLING,20,9,September,2012,5,Thursday,13,6,0,16,6,0,43.18935000,-71.50624722,5,1,0,0,0,1,0
330075,NEW HAMPSHIRE,NH,1,1,0,0,3,3,9,565,BLOUNT,12,9,September,2012,4,Wednesday,17,4,1,1,1,970,43.99521111,-71.67031389,35,1,0,0,0,1,0
330076,NEW HAMPSHIRE,NH,1,1,1,1,1,1,15,45,ANNISTON,23,9,September,2012,1,Sunday,12,55,0,6,6,0,42.98326111,-71.20826944,8,1,0,0,0,1,0
330077,NEW HAMPSHIRE,NH,1,1,0,0,1,1,15,200,ANNISTON,26,9,September,2012,4,Wednesday,9,41,0,16,6,0,42.91309444,-70.80936111,52,1,0,0,0,1,0
330078,NEW HAMPSHIRE,NH,1,1,0,0,1,1,9,300,BLOUNT,27,9,September,2012,5,Thursday,14,25,1,1,1,1268,44.32461111,-71.81075278,1,1,0,0,0,1,1
330079,NEW HAMPSHIRE,NH,2,2,0,0,4,4,13,237,BOLLING,8,10,October,2012,2,Monday,12,46,0,5,3,0,43.19353333,-71.67639444,12,1,0,0,0,1,0
330080,NEW HAMPSHIRE,NH,1,1,0,0,1,1,13,237,BOLLING,9,10,October,2012,3,Tuesday,5,31,1,1,1,80,43.21593056,-71.71976111,11,2,0,0,0,1,0
330081,NEW HAMPSHIRE,NH,1,1,0,0,1,1,15,123,ANNISTON,24,10,October,2012,4,Wednesday,23,55,0,6,6,0,43.03986111,-71.09649722,53,2,0,0,0,1,1
330082,NEW HAMPSHIRE,NH,2,2,0,0,4,4,13,70,BOLLING,19,10,October,2012,6,Friday,19,35,0,16,6,0,43.18196667,-71.56419722,12,2,0,0,0,2,0
330083,NEW HAMPSHIRE,NH,2,2,0,0,2,2,13,70,BOLLING,26,10,October,2012,6,Friday,11,22,0,16,6,0,43.24016667,-71.56625556,12,1,0,1,0,1,0
330084,NEW HAMPSHIRE,NH,1,1,0,0,1,1,15,13,ANNISTON,22,10,October,2012,2,Monday,21,27,0,6,6,0,42.98900278,-71.34009444,39,2,0,0,0,1,1
330085,NEW HAMPSHIRE,NH,1,1,0,0,2,2,11,334,BULLOCK,10,11,November,2012,7,Saturday,12,39,1,13,8,128,42.86480278,-71.50163333,1,1,0,0,0,1,0
330086,NEW HAMPSHIRE,NH,2,2,0,0,3,3,15,435,ANNISTON,10,11,November,2012,7,Saturday,12,54,0,16,6,0,43.00679722,-71.15981111,12,1,0,0,0,1,0
330087,NEW HAMPSHIRE,NH,1,1,0,0,1,1,1,14,AUTAUGA,5,11,November,2012,2,Monday,8,30,0,5,3,0,43.37870278,-71.25788611,35,1,0,0,0,1,0
330088,NEW HAMPSHIRE,NH,1,1,1,1,1,1,15,195,ANNISTON,12,11,November,2012,2,Monday,17,36,0,16,6,0,42.88250000,-71.14295833,15,2,0,0,0,1,0
330089,NEW HAMPSHIRE,NH,1,1,0,0,1,1,11,540,BULLOCK,19,11,November,2012,2,Monday,7,0,1,2,3,0,42.83000833,-71.79159444,42,1,0,0,0,1,0
330090,NEW HAMPSHIRE,NH,1,1,2,2,2,2,19,40,CEDAR BLUFF,16,11,November,2012,6,Friday,19,9,0,15,3,0,43.30803889,-72.38022500,8,2,0,0,0,1,0
330091,NEW HAMPSHIRE,NH,1,1,0,0,2,2,15,13,ANNISTON,28,11,November,2012,4,Wednesday,22,34,1,13,3,1036,43.02993056,-71.35684722,24,2,0,0,0,1,0
330092,NEW HAMPSHIRE,NH,1,1,0,0,2,2,11,350,BULLOCK,1,12,December,2012,7,Saturday,23,25,0,16,6,0,42.71233056,-71.47943056,42,3,0,0,0,1,1
330093,NEW HAMPSHIRE,NH,1,1,0,0,1,1,9,504,BLOUNT,1,12,December,2012,7,Saturday,2,0,0,5,3,0,43.97632500,-71.81690556,35,2,0,0,0,1,1
330094,NEW HAMPSHIRE,NH,2,2,0,0,2,2,11,353,BULLOCK,21,12,December,2012,6,Friday,17,20,0,6,6,0,42.97761111,-71.69068333,12,3,0,0,0,1,0
330095,NEW HAMPSHIRE,NH,4,4,0,0,6,6,13,70,BOLLING,6,12,December,2012,5,Thursday,16,47,0,16,6,0,43.19220833,-71.54590000,12,3,0,0,0,1,1
330096,NEW HAMPSHIRE,NH,1,1,0,0,1,1,11,509,BULLOCK,16,12,December,2012,1,Sunday,0,55,0,6,6,0,43.03636667,-71.66581667,42,2,0,0,0,1,1
330097,NEW HAMPSHIRE,NH,2,2,0,0,6,6,13,70,BOLLING,27,12,December,2012,5,Thursday,21,13,0,16,6,0,43.18738056,-71.49798333,12,3,0,0,0,1,0
330098,NEW HAMPSHIRE,NH,1,1,0,0,1,1,11,205,BULLOCK,4,12,December,2012,3,Tuesday,10,19,0,6,6,0,43.00367222,-72.03976944,1,1,0,0,0,1,0
330099,NEW HAMPSHIRE,NH,2,2,0,0,2,2,15,200,ANNISTON,14,8,August,2012,3,Tuesday,15,21,0,14,3,0,42.93189444,-70.83721944,12,1,0,0,0,1,0
330100,NEW HAMPSHIRE,NH,1,1,0,0,3,3,15,417,ANNISTON,11,8,August,2012,7,Saturday,16,2,0,16,6,0,42.80668889,-71.06533889,42,1,0,0,0,1,0
330101,NEW HAMPSHIRE,NH,1,1,0,0,1,1,15,417,ANNISTON,14,12,December,2012,6,Friday,15,54,0,14,3,0,42.85670556,-71.09402778,52,1,0,0,0,1,0
340001,NEW JERSEY,NJ,2,1,0,0,1,1,3,3420,BALDWIN,2,1,January,2012,2,Monday,21,30,1,13,3,219,41.05371111,-74.11934722,33,1,0,0,0,1,0
340002,NEW JERSEY,NJ,1,1,1,1,1,1,25,1925,BARLOW BEND,4,1,January,2012,4,Wednesday,17,48,1,13,3,197,40.43387222,-74.11836667,8,3,0,0,0,1,0
340003,NEW JERSEY,NJ,1,1,1,1,2,2,5,735,BAKER HILL,4,1,January,2012,4,Wednesday,19,1,1,13,2,402,40.02045000,-74.94493056,8,3,0,0,0,1,0
340004,NEW JERSEY,NJ,2,2,0,0,4,4,3,1210,BALDWIN,6,1,January,2012,6,Friday,2,50,1,11,1,669,40.86687500,-74.03853611,12,3,0,0,0,1,0
340006,NEW JERSEY,NJ,2,2,0,0,6,6,1,1270,AUTAUGA,8,1,January,2012,1,Sunday,16,23,1,13,2,295,39.64870556,-74.79048611,12,1,0,0,0,1,0
340007,NEW JERSEY,NJ,1,1,1,1,1,1,21,3380,CHILTON,31,1,January,2012,3,Tuesday,18,32,1,13,3,21,40.21353056,-74.75648889,8,3,0,0,0,1,0
340008,NEW JERSEY,NJ,1,1,1,1,1,1,25,0,BARLOW BEND,9,1,January,2012,2,Monday,22,50,1,13,2,1153,40.27282500,-74.29416389,8,2,0,0,0,1,0
340009,NEW JERSEY,NJ,1,1,0,0,1,1,7,520,BIBB,22,1,January,2012,1,Sunday,20,39,0,14,4,0,39.93915278,-75.11295278,33,3,0,0,0,1,0
340010,NEW JERSEY,NJ,1,1,0,0,1,1,25,3357,BARLOW BEND,9,1,January,2012,2,Monday,3,17,0,12,8,1021,40.22691111,-74.09773056,24,2,0,0,0,1,0
340011,NEW JERSEY,NJ,1,1,1,1,1,1,17,1520,CHAMBERS,13,1,January,2012,6,Friday,10,37,0,14,4,0,40.71550833,-74.06810278,8,1,0,0,0,1,0
340012,NEW JERSEY,NJ,1,1,0,0,1,1,33,2586,CHEROKEE,4,1,January,2012,4,Wednesday,19,17,0,6,6,0,39.70300000,-75.34713611,42,2,0,0,0,1,1
340013,NEW JERSEY,NJ,1,1,0,0,1,1,25,1925,BARLOW BEND,17,1,January,2012,3,Tuesday,10,51,1,13,3,189,40.42771389,-74.10614167,25,1,0,0,0,1,0
340014,NEW JERSEY,NJ,2,2,0,0,2,2,41,1572,BRANTLEY,14,1,January,2012,7,Saturday,15,35,0,3,3,0,40.93305556,-75.08170000,12,1,0,0,0,1,1
340015,NEW JERSEY,NJ,1,1,0,0,1,1,31,330,COFFEE,28,1,January,2012,7,Saturday,5,16,1,12,8,1560,40.88009722,-74.16550000,52,3,0,0,0,1,1
340016,NEW JERSEY,NJ,1,1,0,0,5,5,19,0,CEDAR BLUFF,2,1,January,2012,2,Monday,16,4,1,11,1,175,40.63881111,-74.89408889,42,1,0,0,0,2,0