ST_CASE,State Name,State Abbreviation,# of Vehicle involved,Parked_Vehicles_Involved,Pedestrains,Person_Not_in_Motor_Vehicle,Persons_in_motor_vehicle,Total_Persons_in_accident,COUNTY,CITY,City_County_Name,Calendar_DAY,MONTH,Month_name,YEAR,DAY_WEEK,Day_Week_desc,HOUR,MINUTE,NHS_Desc,trafficway,Route,MILEPT,LATITUDE,LONGITUD,First_Crash_event,Light_cond_desc,Weather_condition,School_bus_involved,Crash_cause,FATALS,DRUNK_DR
340167,NEW JERSEY,NJ,1,1,1,1,1,1,13,800,BOLLING,23,1,January,2012,2,Monday,6,48,1,13,6,0,40.76749444,-74.21965000,8,3,0,0,0,1,0
340168,NEW JERSEY,NJ,2,2,0,0,2,2,37,1993,BRADFORD,26,5,May,2012,7,Saturday,16,20,1,2,3,490,41.31186111,-74.67820000,1,1,0,0,0,1,1
340170,NEW JERSEY,NJ,1,1,0,0,4,4,13,2130,BOLLING,9,1,January,2012,2,Monday,5,43,0,16,6,0,40.71537222,-74.20803056,5,3,0,0,0,1,0
340171,NEW JERSEY,NJ,2,2,0,0,2,2,13,2130,BOLLING,13,5,May,2012,1,Sunday,19,50,1,13,4,0,40.72982222,-74.21346111,12,1,0,0,0,1,0
340172,NEW JERSEY,NJ,2,1,0,0,1,1,13,1480,BOLLING,23,3,March,2012,6,Friday,16,41,0,16,6,0,40.72268611,-74.24219167,14,1,0,0,0,1,0
340173,NEW JERSEY,NJ,2,2,0,0,3,3,13,2130,BOLLING,18,5,May,2012,6,Friday,3,10,1,12,2,499,40.72326389,-74.14574167,12,2,0,0,0,1,1
340174,NEW JERSEY,NJ,1,1,1,1,1,1,13,1480,BOLLING,30,4,April,2012,2,Monday,6,24,1,13,4,0,40.72616389,-74.23045000,8,1,0,0,0,1,0
340175,NEW JERSEY,NJ,1,1,0,0,1,1,29,3360,BORDEN SPRINGS,2,6,June,2012,7,Saturday,7,3,1,12,8,862,40.01203056,-74.18798056,1,1,0,0,0,1,1
340176,NEW JERSEY,NJ,1,1,1,1,3,3,3,883,BALDWIN,17,4,April,2012,3,Tuesday,14,6,0,13,3,4,40.91913611,-74.12560833,8,1,0,0,0,1,0
340177,NEW JERSEY,NJ,2,2,0,0,2,2,29,1505,BORDEN SPRINGS,17,4,April,2012,3,Tuesday,14,6,0,14,4,0,40.12247222,-74.28967778,12,1,0,0,0,1,1
340178,NEW JERSEY,NJ,1,1,0,0,2,2,29,0,BORDEN SPRINGS,20,4,April,2012,6,Friday,22,38,0,16,6,0,39.74640556,-74.29571389,5,3,0,0,0,1,1
340179,NEW JERSEY,NJ,1,1,0,0,3,3,35,1081,BROOKLYN,15,5,May,2012,3,Tuesday,11,21,0,16,5,0,40.52365278,-74.55130278,18,1,0,0,0,1,0
340180,NEW JERSEY,NJ,1,1,0,0,1,1,23,2140,BLADON SPRINGS,14,4,April,2012,7,Saturday,0,38,0,14,4,0,40.48790000,-74.45832222,33,3,0,0,0,1,1
340181,NEW JERSEY,NJ,3,3,0,0,3,3,3,2480,BALDWIN,13,6,June,2012,4,Wednesday,21,49,1,13,3,129,40.92851111,-74.07073611,12,3,0,0,0,1,1
340182,NEW JERSEY,NJ,1,1,0,0,2,2,5,3325,BAKER HILL,16,5,May,2012,4,Wednesday,0,57,0,4,4,0,39.82688056,-74.60585000,42,2,0,0,0,1,0
340183,NEW JERSEY,NJ,2,2,0,0,4,4,1,0,AUTAUGA,23,5,May,2012,4,Wednesday,20,44,0,3,3,221,39.48736389,-74.69873333,12,2,0,0,0,1,1
340184,NEW JERSEY,NJ,3,3,0,0,4,4,25,0,BARLOW BEND,5,6,June,2012,3,Tuesday,14,9,0,4,4,4,40.17433056,-74.29047778,12,1,0,0,0,1,0
340185,NEW JERSEY,NJ,1,1,2,2,2,2,35,1081,BROOKLYN,16,5,May,2012,4,Wednesday,15,10,0,14,4,0,40.48867778,-74.48004722,8,1,0,0,0,1,0
340186,NEW JERSEY,NJ,1,1,1,1,1,1,13,320,BOLLING,6,6,June,2012,4,Wednesday,21,43,0,14,4,0,40.80742222,-74.19243889,8,3,10,0,0,1,0
340187,NEW JERSEY,NJ,1,1,1,1,1,1,13,2130,BOLLING,5,6,June,2012,3,Tuesday,9,0,0,16,6,0,40.72418333,-74.18436389,8,1,0,0,0,1,0
340189,NEW JERSEY,NJ,2,1,0,1,1,2,7,3694,BIBB,5,3,March,2012,2,Monday,17,22,1,12,8,335,39.68050000,-74.90463889,14,1,0,0,0,1,1
340190,NEW JERSEY,NJ,2,2,0,0,2,2,1,1105,AUTAUGA,21,6,June,2012,5,Thursday,9,12,1,13,2,475,39.46845833,-74.56069722,12,1,0,0,0,1,0
340191,NEW JERSEY,NJ,2,2,0,0,2,2,15,1082,ANNISTON,20,5,May,2012,1,Sunday,4,54,1,13,2,285,39.56333056,-75.02682222,12,4,0,0,0,1,1
340192,NEW JERSEY,NJ,1,1,0,0,1,1,13,2130,BOLLING,4,7,July,2012,4,Wednesday,0,30,1,13,3,1,40.70840000,-74.17944444,24,6,0,0,0,1,0
340193,NEW JERSEY,NJ,1,1,1,1,1,1,31,3522,COFFEE,21,6,June,2012,5,Thursday,1,15,1,13,2,567,40.89460833,-74.24160000,8,3,0,0,0,1,0
340195,NEW JERSEY,NJ,1,1,0,0,2,2,27,2084,ASHLAND,19,6,June,2012,3,Tuesday,20,12,0,6,5,0,40.85417222,-74.75383611,33,2,0,0,0,2,0
340196,NEW JERSEY,NJ,3,3,1,1,3,3,39,2900,ANDALUSIA,16,2,February,2012,5,Thursday,18,44,0,14,4,0,40.65977222,-74.24685000,8,3,0,0,0,1,0
340197,NEW JERSEY,NJ,2,2,0,0,2,2,23,3705,BLADON SPRINGS,22,3,March,2012,5,Thursday,15,43,0,14,4,0,40.56409722,-74.25259444,12,1,0,0,0,1,0
340198,NEW JERSEY,NJ,2,2,0,0,4,4,33,2617,CHEROKEE,9,5,May,2012,4,Wednesday,7,7,1,2,2,215,39.59754444,-75.14462778,12,1,0,0,0,2,1
340199,NEW JERSEY,NJ,2,2,0,0,2,2,39,860,ANDALUSIA,29,5,May,2012,3,Tuesday,16,19,1,11,1,540,40.63860000,-74.20840000,33,1,0,0,0,1,0
340201,NEW JERSEY,NJ,2,2,0,0,2,2,35,1417,BROOKLYN,17,5,May,2012,5,Thursday,16,31,0,14,4,0,40.50189167,-74.64263333,12,1,0,0,0,1,0
340202,NEW JERSEY,NJ,7,1,0,0,3,3,39,860,ANDALUSIA,24,3,March,2012,7,Saturday,0,38,0,16,6,0,40.65554444,-74.18453889,33,3,0,0,0,1,1
340203,NEW JERSEY,NJ,1,1,1,1,1,1,23,3110,BLADON SPRINGS,29,6,June,2012,6,Friday,21,26,1,13,2,1297,40.47815833,-74.29114167,8,2,0,0,0,1,0
340204,NEW JERSEY,NJ,1,1,0,0,1,1,35,425,BROOKLYN,12,3,March,2012,2,Monday,10,44,0,6,6,0,40.55527222,-74.65085278,1,1,0,0,0,1,1
340205,NEW JERSEY,NJ,2,2,0,0,5,5,15,0,ANNISTON,14,4,April,2012,7,Saturday,23,40,0,15,4,0,39.72474722,-75.09375556,12,3,0,0,0,1,1
340206,NEW JERSEY,NJ,2,2,0,0,2,2,3,820,BALDWIN,13,5,May,2012,1,Sunday,7,43,0,16,6,0,40.81536389,-74.08043056,12,1,0,0,0,1,0
340207,NEW JERSEY,NJ,1,1,0,0,1,1,23,3705,BLADON SPRINGS,28,5,May,2012,2,Monday,15,22,1,12,3,19,40.52028056,-74.30536111,25,1,0,0,0,1,0
340208,NEW JERSEY,NJ,1,1,0,0,1,1,5,3691,BAKER HILL,30,5,May,2012,4,Wednesday,19,12,0,14,4,0,40.03377778,-74.89300556,33,1,0,0,0,1,0
340209,NEW JERSEY,NJ,3,3,0,0,6,6,5,0,BAKER HILL,23,6,June,2012,7,Saturday,17,2,1,13,3,237,39.88991111,-74.92483056,12,1,0,0,0,1,0
340210,NEW JERSEY,NJ,2,2,0,0,2,2,19,2757,CEDAR BLUFF,19,5,May,2012,7,Saturday,6,21,1,13,2,152,40.52871667,-74.78866389,24,1,0,0,0,1,1
340211,NEW JERSEY,NJ,2,2,0,0,4,4,33,2617,CHEROKEE,1,5,May,2012,3,Tuesday,18,29,0,15,4,0,39.49610000,-75.08071944,12,1,0,0,0,1,1
340212,NEW JERSEY,NJ,2,2,0,0,2,2,1,2640,AUTAUGA,2,6,June,2012,7,Saturday,17,32,0,16,6,0,39.39941389,-74.52973889,12,1,0,0,0,1,0
340213,NEW JERSEY,NJ,2,2,0,0,3,3,29,1590,BORDEN SPRINGS,7,1,January,2012,7,Saturday,8,57,0,13,4,0,40.06472500,-74.16079722,12,1,0,0,0,1,1
340214,NEW JERSEY,NJ,1,1,0,0,2,2,23,1986,BLADON SPRINGS,4,7,July,2012,4,Wednesday,16,51,0,16,6,0,40.34793056,-74.40246389,24,1,0,0,0,1,1
340215,NEW JERSEY,NJ,1,1,1,1,1,1,11,1970,BULLOCK,4,7,July,2012,4,Wednesday,23,35,1,13,3,356,39.39660000,-75.05048889,8,3,0,0,0,1,0
340216,NEW JERSEY,NJ,1,1,1,1,1,1,13,2130,BOLLING,25,4,April,2012,4,Wednesday,15,49,0,14,6,0,40.71564722,-74.13921389,9,1,0,0,0,1,0
340217,NEW JERSEY,NJ,2,1,0,1,1,2,19,0,CEDAR BLUFF,14,5,May,2012,2,Monday,0,48,1,1,1,82,40.65968056,-75.05761944,14,3,0,0,0,1,1
340218,NEW JERSEY,NJ,2,2,1,1,2,2,7,520,BIBB,17,3,March,2012,7,Saturday,21,39,0,14,4,0,39.95983611,-75.08728611,8,2,0,0,0,1,0
340219,NEW JERSEY,NJ,1,1,0,0,1,1,15,747,ANNISTON,12,6,June,2012,3,Tuesday,5,15,1,12,3,119,39.83628889,-75.09133889,24,3,0,0,0,1,1
340220,NEW JERSEY,NJ,3,3,0,0,4,4,11,1845,BULLOCK,16,6,June,2012,7,Saturday,11,5,1,2,3,349,39.32555556,-74.99310833,12,1,0,0,0,1,0
340221,NEW JERSEY,NJ,1,1,1,1,1,1,23,2417,BLADON SPRINGS,3,7,July,2012,3,Tuesday,21,7,0,15,4,0,40.44796111,-74.24957222,8,3,0,0,0,1,0
340222,NEW JERSEY,NJ,4,4,0,0,6,6,25,0,BARLOW BEND,24,6,June,2012,1,Sunday,13,27,0,14,4,0,40.22030833,-74.30613333,12,1,0,0,0,1,0
340223,NEW JERSEY,NJ,1,1,1,1,1,1,33,2565,CHEROKEE,27,5,May,2012,1,Sunday,22,37,0,99,9,0,39.64265556,-75.53683333,8,3,0,0,0,1,0
340224,NEW JERSEY,NJ,2,2,0,0,6,6,23,3144,BLADON SPRINGS,3,5,May,2012,5,Thursday,4,2,1,13,2,199,40.42320000,-74.52590278,12,3,0,0,0,1,1
340225,NEW JERSEY,NJ,2,2,0,0,2,2,25,0,BARLOW BEND,1,6,June,2012,6,Friday,18,21,0,5,5,0,40.21775833,-74.30733889,1,1,0,0,0,1,0
340226,NEW JERSEY,NJ,1,1,1,1,2,2,19,3250,CEDAR BLUFF,1,6,June,2012,6,Friday,19,46,0,15,4,0,40.40721389,-74.97881389,9,2,0,0,0,1,0
340227,NEW JERSEY,NJ,1,1,0,0,2,2,41,0,BRANTLEY,14,6,June,2012,5,Thursday,7,6,0,6,6,0,40.62508333,-75.16810833,42,1,0,0,0,1,0
340228,NEW JERSEY,NJ,1,1,0,0,2,2,25,3580,BARLOW BEND,8,4,April,2012,1,Sunday,2,12,0,14,4,0,40.28445000,-74.02618333,30,3,0,0,0,1,1
340229,NEW JERSEY,NJ,1,1,0,0,2,2,3,60,BALDWIN,3,7,July,2012,3,Tuesday,3,15,1,12,8,55,40.92895556,-73.92774444,42,3,0,0,0,1,1
340230,NEW JERSEY,NJ,2,2,0,0,2,2,41,0,BRANTLEY,8,5,May,2012,3,Tuesday,18,50,0,15,4,0,40.76380833,-75.00952778,12,1,0,0,0,1,1
340231,NEW JERSEY,NJ,1,1,0,0,1,1,39,1412,ANDALUSIA,16,6,June,2012,7,Saturday,16,7,1,11,1,543,40.70858889,-74.22995000,1,1,0,0,0,1,0
340232,NEW JERSEY,NJ,3,3,0,0,3,3,5,2081,BAKER HILL,19,6,June,2012,3,Tuesday,18,51,0,14,4,0,39.91619167,-74.92533333,12,1,0,0,0,1,0
340233,NEW JERSEY,NJ,1,1,0,0,1,1,3,1330,BALDWIN,28,7,July,2012,7,Saturday,6,49,1,13,3,84,40.86762778,-74.06421944,24,4,0,0,0,1,0
340234,NEW JERSEY,NJ,1,1,1,1,1,1,23,2417,BLADON SPRINGS,29,7,July,2012,1,Sunday,1,31,1,13,3,254,40.42469722,-74.28548889,8,2,0,0,0,1,0
340235,NEW JERSEY,NJ,1,1,1,1,1,1,3,2460,BALDWIN,30,7,July,2012,2,Monday,16,22,1,13,3,27,40.84728333,-73.98504444,8,1,0,0,0,1,0
340237,NEW JERSEY,NJ,2,2,0,0,2,2,1,2230,AUTAUGA,18,7,July,2012,4,Wednesday,15,45,0,13,4,0,39.38330833,-74.55556944,33,1,0,0,0,1,0
340238,NEW JERSEY,NJ,2,2,0,0,6,6,1,0,AUTAUGA,4,3,March,2012,1,Sunday,17,41,0,15,4,0,39.63667500,-74.68948611,12,1,0,0,0,1,0
340240,NEW JERSEY,NJ,1,1,0,0,1,1,31,660,COFFEE,17,8,August,2012,6,Friday,1,11,1,13,2,632,40.88636111,-74.13188333,25,3,0,0,0,1,0
340241,NEW JERSEY,NJ,1,1,1,1,1,1,25,1740,BARLOW BEND,6,4,April,2012,6,Friday,3,15,0,14,4,0,40.34870000,-74.04885000,8,3,0,0,0,1,0
340242,NEW JERSEY,NJ,1,1,0,0,1,1,15,3620,ANNISTON,13,7,July,2012,6,Friday,21,50,1,11,1,257,39.86054444,-75.11741111,24,2,0,0,0,1,1
340243,NEW JERSEY,NJ,2,2,0,0,4,4,3,3511,BALDWIN,1,7,July,2012,1,Sunday,10,48,1,12,8,1672,40.98938889,-74.07286111,24,1,0,0,0,1,0
340244,NEW JERSEY,NJ,1,1,1,1,1,1,5,480,BAKER HILL,14,7,July,2012,7,Saturday,20,56,1,13,2,462,40.07088056,-74.85511111,8,3,0,0,0,1,0
340245,NEW JERSEY,NJ,2,1,0,0,1,1,15,1082,ANNISTON,3,7,July,2012,3,Tuesday,18,10,0,15,4,0,39.59955833,-75.07722500,18,1,0,0,0,1,0
340246,NEW JERSEY,NJ,1,1,0,0,1,1,1,850,AUTAUGA,20,7,July,2012,6,Friday,6,30,0,4,4,210,39.57386111,-74.59115000,24,1,0,0,0,1,0
340247,NEW JERSEY,NJ,1,1,1,1,2,2,15,1082,ANNISTON,7,7,July,2012,7,Saturday,1,33,0,14,4,0,39.61678056,-75.07145833,8,3,0,0,0,1,0
340248,NEW JERSEY,NJ,1,1,0,0,2,2,1,1264,AUTAUGA,2,7,July,2012,2,Monday,3,23,0,15,4,0,39.46212778,-74.64514167,1,2,0,0,0,1,1
340249,NEW JERSEY,NJ,2,1,0,1,1,2,17,1520,CHAMBERS,1,8,August,2012,4,Wednesday,9,9,1,11,1,665,40.73138889,-74.05103889,14,1,0,0,0,1,0
340250,NEW JERSEY,NJ,2,1,0,1,1,2,3,820,BALDWIN,12,7,July,2012,5,Thursday,16,14,1,11,1,64,40.79378056,-74.08311944,14,1,0,0,0,1,0
340251,NEW JERSEY,NJ,1,1,0,0,2,2,5,0,BAKER HILL,1,7,July,2012,1,Sunday,0,45,0,6,4,0,39.59688056,-74.43588889,11,2,0,0,0,1,1
340252,NEW JERSEY,NJ,2,1,0,0,1,1,39,860,ANDALUSIA,4,6,June,2012,2,Monday,22,59,1,12,2,456,40.67903056,-74.19470278,38,3,0,0,0,1,1
340253,NEW JERSEY,NJ,1,1,1,1,5,5,21,1265,CHILTON,7,8,August,2012,3,Tuesday,11,6,0,16,5,0,40.19618333,-74.70907222,8,1,0,0,0,1,0
340254,NEW JERSEY,NJ,3,3,0,0,8,8,23,2970,BLADON SPRINGS,14,7,July,2012,7,Saturday,23,3,1,12,8,1263,40.49691944,-74.30085000,12,3,0,0,0,1,0
340255,NEW JERSEY,NJ,3,3,0,0,12,12,1,851,AUTAUGA,13,7,July,2012,6,Friday,12,34,0,14,4,0,39.36682778,-74.58978889,12,1,0,0,0,1,0
340256,NEW JERSEY,NJ,2,1,0,0,1,1,5,1290,BAKER HILL,24,6,June,2012,1,Sunday,22,9,0,14,4,0,39.98243889,-74.83615000,33,3,0,0,0,1,1
340257,NEW JERSEY,NJ,2,2,0,0,3,3,5,0,BAKER HILL,24,6,June,2012,1,Sunday,14,34,0,6,5,0,39.62265278,-74.43946111,12,1,0,0,0,1,0
340258,NEW JERSEY,NJ,1,1,0,0,1,1,5,0,BAKER HILL,17,6,June,2012,1,Sunday,10,18,0,6,5,0,39.65341389,-74.63476667,1,1,0,0,0,1,0
340259,NEW JERSEY,NJ,1,1,0,0,1,1,23,2970,BLADON SPRINGS,11,6,June,2012,2,Monday,13,38,0,14,4,0,40.44916389,-74.35891389,1,1,0,0,0,1,0
340260,NEW JERSEY,NJ,1,1,0,0,1,1,5,3691,BAKER HILL,12,7,July,2012,5,Thursday,17,58,0,13,4,0,40.01343056,-74.87541111,33,1,0,0,0,1,0
340261,NEW JERSEY,NJ,3,3,0,0,11,11,7,520,BIBB,2,6,June,2012,7,Saturday,11,40,1,11,1,20,39.92663056,-75.11590000,12,1,0,0,0,1,0
340262,NEW JERSEY,NJ,3,2,0,0,5,5,13,2130,BOLLING,29,6,June,2012,6,Friday,21,55,0,16,6,0,40.69861944,-74.19965278,12,3,0,0,0,1,1
340263,NEW JERSEY,NJ,3,3,0,0,5,5,5,3149,BAKER HILL,3,7,July,2012,3,Tuesday,10,39,1,2,3,250,39.89236944,-74.61863056,12,1,0,0,0,1,0
340264,NEW JERSEY,NJ,1,1,0,0,5,5,13,2130,BOLLING,28,6,June,2012,5,Thursday,12,35,0,14,4,0,40.74691944,-74.20877500,33,1,0,0,0,1,0
340265,NEW JERSEY,NJ,2,1,0,0,1,1,29,2650,BORDEN SPRINGS,15,7,July,2012,1,Sunday,21,35,0,14,3,4,40.07255278,-74.05737778,33,3,0,0,0,1,1
340266,NEW JERSEY,NJ,1,1,1,1,2,2,29,3180,BORDEN SPRINGS,19,7,July,2012,5,Thursday,17,50,0,14,3,5,39.94690833,-74.19592222,23,1,0,0,0,1,0
340267,NEW JERSEY,NJ,1,1,1,1,1,1,13,3450,BOLLING,31,7,July,2012,3,Tuesday,20,52,0,13,4,0,40.82858889,-74.24026667,8,3,0,0,0,1,0
340268,NEW JERSEY,NJ,2,2,0,0,3,3,37,3501,BRADFORD,21,7,July,2012,7,Saturday,9,40,1,2,3,453,41.27208056,-74.64744167,12,1,0,0,0,1,0
340269,NEW JERSEY,NJ,1,1,1,1,1,1,11,1845,BULLOCK,13,6,June,2012,4,Wednesday,16,1,0,5,4,0,39.23182778,-74.98972222,8,1,0,0,0,1,0
340270,NEW JERSEY,NJ,2,2,0,0,2,2,7,598,BIBB,19,1,January,2012,5,Thursday,11,49,0,13,4,0,39.87086111,-74.99916944,1,1,0,0,0,1,0
340272,NEW JERSEY,NJ,2,2,0,0,3,3,7,598,BIBB,29,4,April,2012,1,Sunday,20,59,0,13,4,0,39.86890278,-74.94436944,12,3,0,0,0,1,0
340273,NEW JERSEY,NJ,1,1,1,1,1,1,23,844,BLADON SPRINGS,21,3,March,2012,4,Wednesday,10,48,0,13,3,197,40.52207222,-74.39299444,8,1,0,0,0,1,0
340274,NEW JERSEY,NJ,1,1,0,0,1,1,21,3380,CHILTON,3,5,May,2012,5,Thursday,0,55,0,14,6,0,40.20973333,-74.75214167,30,3,0,0,0,1,0
340275,NEW JERSEY,NJ,1,1,1,1,1,1,17,2205,CHAMBERS,23,3,March,2012,6,Friday,23,43,1,13,2,584,40.78727222,-74.03127222,8,3,0,0,0,1,0
340276,NEW JERSEY,NJ,1,1,0,0,2,2,39,860,ANDALUSIA,14,4,April,2012,7,Saturday,2,27,0,16,6,0,40.66579722,-74.19712222,33,3,0,0,0,1,1
340277,NEW JERSEY,NJ,2,2,0,0,3,3,37,0,BRADFORD,13,5,May,2012,1,Sunday,14,46,0,14,3,328,41.13204722,-74.61345000,12,1,0,0,0,1,0
340278,NEW JERSEY,NJ,1,1,1,1,1,1,39,860,ANDALUSIA,28,4,April,2012,7,Saturday,14,29,0,13,3,351,40.67694444,-74.21171944,8,1,0,0,0,1,0
340279,NEW JERSEY,NJ,1,1,1,1,1,1,3,883,BALDWIN,18,5,May,2012,6,Friday,21,42,0,13,2,645,40.89323889,-74.11748333,8,3,0,0,0,1,0
340280,NEW JERSEY,NJ,1,1,0,0,2,2,13,3600,BOLLING,20,6,June,2012,4,Wednesday,16,25,1,11,1,68,40.83323889,-74.33311944,42,1,0,0,0,1,0
340281,NEW JERSEY,NJ,1,1,0,0,1,1,39,860,ANDALUSIA,15,5,May,2012,3,Tuesday,16,58,0,16,6,0,40.66412222,-74.19816389,50,1,0,0,0,1,0
340282,NEW JERSEY,NJ,2,2,0,0,4,4,39,860,ANDALUSIA,10,6,June,2012,1,Sunday,23,40,1,13,2,447,40.66700278,-74.20399722,12,3,0,0,0,1,0
340283,NEW JERSEY,NJ,5,5,0,0,7,7,1,851,AUTAUGA,27,6,June,2012,4,Wednesday,14,20,0,15,6,0,39.41389722,-74.59891667,12,1,0,0,0,1,0
340284,NEW JERSEY,NJ,1,1,0,0,5,5,15,0,ANNISTON,29,6,June,2012,6,Friday,14,18,1,1,1,120,39.74765000,-75.28646111,25,1,0,0,0,1,0
340285,NEW JERSEY,NJ,2,2,0,0,3,3,27,2084,ASHLAND,8,7,July,2012,1,Sunday,20,37,1,13,2,907,40.83036111,-74.70882778,12,1,0,0,0,1,0
340286,NEW JERSEY,NJ,1,1,1,1,4,4,25,0,BARLOW BEND,27,7,July,2012,6,Friday,1,57,1,12,8,971,40.15501944,-74.10491944,8,3,0,0,0,1,0
340287,NEW JERSEY,NJ,1,1,1,1,1,1,5,1824,BAKER HILL,24,8,August,2012,6,Friday,21,39,1,13,3,0,39.93145000,-74.96093056,8,3,0,0,0,1,0
340288,NEW JERSEY,NJ,2,2,0,0,7,7,39,275,ANDALUSIA,16,6,June,2012,7,Saturday,14,2,0,15,6,0,40.67229722,-74.45155556,12,1,0,0,0,1,0
340289,NEW JERSEY,NJ,2,2,0,0,5,5,7,520,BIBB,13,4,April,2012,6,Friday,14,54,1,11,1,33,39.94335556,-75.11335556,12,1,0,0,0,1,1
340290,NEW JERSEY,NJ,3,3,0,0,4,4,29,0,BORDEN SPRINGS,26,6,June,2012,3,Tuesday,17,30,0,14,2,779,39.79017500,-74.19550556,12,1,0,0,0,1,0
340291,NEW JERSEY,NJ,4,4,0,0,6,6,17,1520,CHAMBERS,5,6,June,2012,3,Tuesday,17,59,1,11,1,645,40.70691111,-74.06093056,12,1,0,0,0,1,0
340292,NEW JERSEY,NJ,2,2,0,0,20,20,5,611,BAKER HILL,16,2,February,2012,5,Thursday,8,18,0,15,4,0,40.13056111,-74.66189444,12,1,0,1,0,1,0
340293,NEW JERSEY,NJ,2,2,0,0,5,5,17,1310,CHAMBERS,22,7,July,2012,1,Sunday,17,2,1,11,1,158,40.74321944,-74.14386389,12,1,0,0,0,1,0
340294,NEW JERSEY,NJ,3,3,0,0,3,3,1,1264,AUTAUGA,26,6,June,2012,3,Tuesday,19,5,0,14,3,199,39.46285833,-74.72164722,12,1,0,0,0,1,1
340295,NEW JERSEY,NJ,1,1,2,2,1,1,29,0,BORDEN SPRINGS,24,6,June,2012,1,Sunday,19,30,0,15,4,0,39.79161111,-74.19196944,9,1,0,0,0,1,0
340296,NEW JERSEY,NJ,1,1,0,0,1,1,25,250,BARLOW BEND,4,7,July,2012,4,Wednesday,2,48,0,13,3,214,40.18275833,-74.02705556,33,3,0,0,0,1,1
340297,NEW JERSEY,NJ,1,1,0,0,1,1,35,214,BROOKLYN,25,7,July,2012,4,Wednesday,5,30,1,11,1,297,40.64411111,-74.66748056,24,4,0,0,0,1,0
340298,NEW JERSEY,NJ,2,2,1,1,2,2,39,860,ANDALUSIA,11,7,July,2012,4,Wednesday,0,25,0,16,6,0,40.65970556,-74.20524722,9,3,0,0,0,1,1
340299,NEW JERSEY,NJ,2,2,0,0,2,2,15,1082,ANNISTON,1,8,August,2012,4,Wednesday,20,38,0,15,4,0,39.53664444,-74.99188611,12,5,0,0,0,1,0
340300,NEW JERSEY,NJ,1,1,0,0,1,1,17,1540,CHAMBERS,22,8,August,2012,4,Wednesday,5,56,1,13,2,9,40.73131667,-74.11344722,33,4,0,0,0,1,0
340301,NEW JERSEY,NJ,1,1,1,1,1,1,7,1235,BIBB,11,9,September,2012,3,Tuesday,6,39,0,15,4,0,39.87996944,-75.07841944,9,4,0,0,0,1,0
340302,NEW JERSEY,NJ,1,1,0,0,1,1,33,2586,CHEROKEE,12,7,July,2012,5,Thursday,17,9,0,6,4,0,39.68024444,-75.28672222,1,1,0,0,0,1,1
340303,NEW JERSEY,NJ,2,2,0,0,4,4,7,3694,BIBB,11,7,July,2012,4,Wednesday,15,33,1,2,8,299,39.63916944,-74.86165000,12,1,0,0,0,2,0
340304,NEW JERSEY,NJ,2,2,0,0,2,2,33,2725,CHEROKEE,14,7,July,2012,7,Saturday,15,23,1,2,3,187,39.49030833,-75.32572222,12,1,0,0,0,1,0
340305,NEW JERSEY,NJ,1,1,0,0,3,3,9,0,BLOUNT,23,7,July,2012,2,Monday,3,14,1,12,8,197,39.19695000,-74.70691111,31,2,0,0,0,1,1
340306,NEW JERSEY,NJ,2,2,0,0,7,7,31,3582,COFFEE,11,7,July,2012,4,Wednesday,23,49,1,13,3,224,41.05432222,-74.44921389,12,6,0,0,0,1,0
340307,NEW JERSEY,NJ,1,1,1,1,1,1,31,2510,COFFEE,16,7,July,2012,2,Monday,22,43,1,11,1,598,40.90035000,-74.14501111,8,2,0,0,0,1,0
340308,NEW JERSEY,NJ,4,4,0,0,4,4,41,0,BRANTLEY,25,7,July,2012,4,Wednesday,10,49,0,3,2,151,40.85888056,-74.92501111,12,1,0,0,0,1,0
340309,NEW JERSEY,NJ,1,1,0,0,2,2,11,0,BULLOCK,26,7,July,2012,5,Thursday,20,20,0,3,4,132,39.35013056,-75.21595000,30,5,0,0,0,1,0
340310,NEW JERSEY,NJ,1,1,1,1,3,3,13,2130,BOLLING,25,7,July,2012,4,Wednesday,2,47,0,16,6,0,40.73054167,-74.17158056,8,3,0,0,0,1,0
340311,NEW JERSEY,NJ,1,1,0,0,1,1,21,935,CHILTON,20,7,July,2012,6,Friday,10,8,1,11,1,5,40.28238889,-74.82233889,42,1,0,0,0,1,0
340312,NEW JERSEY,NJ,1,1,0,0,1,1,29,416,BORDEN SPRINGS,17,7,July,2012,3,Tuesday,8,34,1,12,8,920,40.09708889,-74.14273056,24,1,0,0,0,1,0
340313,NEW JERSEY,NJ,1,1,1,1,1,1,13,320,BOLLING,18,7,July,2012,4,Wednesday,10,47,0,14,4,0,40.81241667,-74.19356389,8,1,0,0,0,1,0
340314,NEW JERSEY,NJ,1,1,0,0,1,1,5,0,BAKER HILL,21,8,August,2012,3,Tuesday,17,1,0,4,4,0,39.75631944,-74.53501111,31,1,0,0,0,1,0
340315,NEW JERSEY,NJ,1,1,0,0,1,1,11,3460,BULLOCK,31,8,August,2012,6,Friday,16,20,0,16,6,0,39.55468611,-75.04932222,30,1,0,0,0,1,1
340316,NEW JERSEY,NJ,1,1,0,0,3,3,5,0,BAKER HILL,4,8,August,2012,7,Saturday,1,52,0,16,6,0,39.94758611,-74.54534444,5,2,0,0,0,1,0
340317,NEW JERSEY,NJ,3,3,0,0,5,5,5,611,BAKER HILL,9,8,August,2012,5,Thursday,23,27,1,11,1,94,40.13835000,-74.68241944,12,2,0,0,0,1,0
340318,NEW JERSEY,NJ,1,1,0,0,2,2,1,0,AUTAUGA,29,6,June,2012,6,Friday,13,49,0,14,2,450,39.47736389,-74.71416111,53,1,0,0,0,1,0
340319,NEW JERSEY,NJ,2,2,0,0,3,3,9,0,BLOUNT,8,8,August,2012,4,Wednesday,16,58,1,13,3,12,39.03889167,-74.83358333,12,1,0,0,0,1,1
340320,NEW JERSEY,NJ,1,1,0,0,5,5,39,860,ANDALUSIA,19,8,August,2012,1,Sunday,18,9,0,14,4,0,40.67272778,-74.24246944,33,1,0,0,0,1,0