ST_CASE,State Name,State Abbreviation,# of Vehicle involved,Parked_Vehicles_Involved,Pedestrains,Person_Not_in_Motor_Vehicle,Persons_in_motor_vehicle,Total_Persons_in_accident,COUNTY,CITY,City_County_Name,Calendar_DAY,MONTH,Month_name,YEAR,DAY_WEEK,Day_Week_desc,HOUR,MINUTE,NHS_Desc,trafficway,Route,MILEPT,LATITUDE,LONGITUD,First_Crash_event,Light_cond_desc,Weather_condition,School_bus_involved,Crash_cause,FATALS,DRUNK_DR
350042,NEW MEXICO,NM,1,1,1,1,1,1,35,20,BROOKLYN,18,2,February,2012,7,Saturday,19,34,0,6,6,0,32.87377500,-105.97788889,9,2,0,0,0,1,1
350044,NEW MEXICO,NM,1,1,0,0,2,2,19,0,CEDAR BLUFF,23,2,February,2012,5,Thursday,20,10,1,1,1,2989,35.04980000,-104.30690556,1,2,0,0,0,1,0
350045,NEW MEXICO,NM,2,2,0,0,6,6,35,0,BROOKLYN,25,2,February,2012,7,Saturday,10,24,1,2,2,1995,32.77855000,-106.17233333,12,1,0,0,0,1,0
350046,NEW MEXICO,NM,3,3,0,0,3,3,25,410,BARLOW BEND,25,2,February,2012,7,Saturday,7,46,0,13,6,0,32.72565556,-103.17037778,12,1,0,0,0,1,0
350047,NEW MEXICO,NM,2,2,0,0,4,4,43,677,BAILEYTON,4,1,January,2012,4,Wednesday,12,51,1,2,3,0,35.25778056,-106.64055556,12,1,0,0,0,1,1
350048,NEW MEXICO,NM,1,1,0,0,1,1,1,30,AUTAUGA,3,2,February,2012,6,Friday,12,4,0,15,6,0,35.17461389,-106.51578333,33,1,0,0,0,1,0
350049,NEW MEXICO,NM,2,2,0,0,3,3,35,0,BROOKLYN,1,3,March,2012,5,Thursday,17,5,1,2,2,701,33.33216667,-105.58780000,12,1,0,0,0,1,0
350050,NEW MEXICO,NM,1,1,1,1,1,1,53,760,ATMORE,3,3,March,2012,7,Saturday,0,30,0,13,2,0,34.04745556,-106.89211389,8,3,0,0,0,1,0
350051,NEW MEXICO,NM,1,1,0,0,1,1,13,0,BOLLING,4,3,March,2012,1,Sunday,19,20,0,13,3,42,32.21070000,-106.75897500,1,2,0,0,0,1,1
350052,NEW MEXICO,NM,1,1,1,1,1,1,1,30,AUTAUGA,6,3,March,2012,3,Tuesday,19,26,0,13,3,0,35.03421111,-106.67948889,8,3,0,0,0,1,0
350053,NEW MEXICO,NM,2,2,0,0,3,3,45,70,ARITON,9,3,March,2012,6,Friday,10,20,0,13,2,0,36.82606944,-107.99362500,12,1,0,0,0,1,0
350054,NEW MEXICO,NM,1,1,1,1,1,1,43,0,BAILEYTON,11,3,March,2012,1,Sunday,21,55,1,2,2,902,35.31942778,-106.54741389,8,2,0,0,0,1,0
350055,NEW MEXICO,NM,1,1,0,0,4,4,43,711,BAILEYTON,13,3,March,2012,3,Tuesday,20,10,1,1,1,2540,35.43698333,-106.37539167,1,2,0,0,0,1,1
350056,NEW MEXICO,NM,2,2,0,0,3,3,25,410,BARLOW BEND,15,3,March,2012,5,Thursday,21,23,0,6,4,0,32.77106944,-103.14487778,12,2,0,0,0,1,1
350057,NEW MEXICO,NM,1,1,0,0,1,1,19,0,CEDAR BLUFF,16,3,March,2012,6,Friday,13,0,1,1,1,2667,34.95305833,-104.73537222,1,1,0,0,0,1,1
350058,NEW MEXICO,NM,1,1,0,0,1,1,31,340,COFFEE,17,3,March,2012,7,Saturday,23,37,1,2,2,0,35.52390556,-108.75529722,43,3,0,0,0,1,1
350059,NEW MEXICO,NM,2,2,0,0,4,4,35,462,BROOKLYN,20,3,March,2012,3,Tuesday,11,48,1,2,2,0,32.94644444,-105.96873056,12,1,0,0,0,1,0
350060,NEW MEXICO,NM,1,1,0,0,1,1,25,410,BARLOW BEND,22,3,March,2012,5,Thursday,23,52,1,13,2,1020,32.69665000,-103.17952500,33,3,0,0,0,1,1
350061,NEW MEXICO,NM,1,1,1,1,1,1,49,710,COLLINSVILLE,28,3,March,2012,4,Wednesday,22,7,1,13,2,0,35.66223056,-105.95639167,8,3,0,0,0,1,0
350062,NEW MEXICO,NM,2,2,0,0,2,2,1,30,AUTAUGA,22,3,March,2012,5,Thursday,16,55,0,9,3,170,35.05053611,-106.38219722,12,1,0,0,0,1,1
350063,NEW MEXICO,NM,2,2,0,0,3,3,1,30,AUTAUGA,24,3,March,2012,7,Saturday,8,55,0,13,6,0,35.07210833,-106.74638889,12,1,0,0,0,1,0
350064,NEW MEXICO,NM,1,1,0,0,2,2,7,0,BIBB,27,3,March,2012,3,Tuesday,10,35,1,1,1,4054,36.31976667,-104.61828333,1,1,0,0,0,2,0
350065,NEW MEXICO,NM,1,1,1,1,1,1,49,710,COLLINSVILLE,30,3,March,2012,6,Friday,19,52,1,13,3,539,35.67788056,-105.95383889,8,3,0,0,0,1,0
350066,NEW MEXICO,NM,1,1,1,1,2,2,35,0,BROOKLYN,30,3,March,2012,6,Friday,21,40,1,2,2,720,32.87121667,-105.96974444,8,2,0,0,0,1,0
350067,NEW MEXICO,NM,1,1,1,1,1,1,1,30,AUTAUGA,1,5,May,2012,3,Tuesday,21,2,0,13,6,0,35.06876389,-106.50341944,8,3,0,0,0,1,0
350068,NEW MEXICO,NM,1,1,0,0,4,4,61,0,BELLWOOD,17,3,March,2012,7,Saturday,0,40,0,6,8,0,34.93361111,-107.14368889,1,2,0,0,0,1,1
350069,NEW MEXICO,NM,1,1,1,1,1,1,1,30,AUTAUGA,10,1,January,2012,3,Tuesday,15,3,0,13,6,0,35.15464722,-106.60175556,9,1,0,0,0,1,0
350070,NEW MEXICO,NM,1,1,1,1,1,1,1,30,AUTAUGA,13,1,January,2012,6,Friday,12,1,0,13,6,0,35.08718056,-106.52674722,9,1,0,0,0,1,0
350071,NEW MEXICO,NM,2,2,0,0,3,3,15,130,ANNISTON,26,3,March,2012,2,Monday,17,41,0,13,3,60,32.41464167,-104.26973889,12,1,0,0,0,1,1
350072,NEW MEXICO,NM,2,2,0,0,2,2,1,30,AUTAUGA,2,4,April,2012,2,Monday,10,27,0,13,3,0,35.16641389,-106.62914722,12,1,0,0,0,1,0
350073,NEW MEXICO,NM,1,1,0,0,4,4,25,0,BARLOW BEND,15,4,April,2012,1,Sunday,13,50,1,2,2,869,32.57041667,-103.66451667,1,1,0,0,0,1,0
350074,NEW MEXICO,NM,1,1,0,0,4,4,47,480,BROWNS,11,4,April,2012,4,Wednesday,14,8,1,1,1,3430,35.75746111,-105.01429722,38,1,0,0,0,1,0
350075,NEW MEXICO,NM,1,1,0,0,1,1,7,0,BIBB,1,4,April,2012,1,Sunday,16,58,1,1,1,4441,36.83808056,-104.44250278,1,1,0,0,0,1,0
350076,NEW MEXICO,NM,1,1,1,1,1,1,51,0,CENTRAL,9,4,April,2012,2,Monday,2,13,1,1,1,511,32.77744444,-107.27213333,8,2,0,0,0,1,0
350077,NEW MEXICO,NM,1,1,0,0,1,1,6,0,ACOMA,7,4,April,2012,7,Saturday,6,7,1,1,1,1299,34.98550833,-107.08688056,1,2,0,0,0,1,0
350078,NEW MEXICO,NM,1,1,0,0,2,2,27,0,ASHLAND,8,4,April,2012,1,Sunday,15,50,1,2,2,99998,33.36885000,-105.19279167,1,1,0,0,0,1,1
350079,NEW MEXICO,NM,1,1,0,0,1,1,55,0,ATTALLA,22,4,April,2012,1,Sunday,20,28,1,2,2,2711,36.45798333,-105.62283333,1,2,0,0,0,1,0
350080,NEW MEXICO,NM,3,3,0,0,4,4,39,9997,ANDALUSIA,25,4,April,2012,4,Wednesday,11,40,1,2,2,1701,36.75855833,-106.55866111,12,1,0,0,0,1,0
350081,NEW MEXICO,NM,1,1,0,0,1,1,47,678,BROWNS,16,4,April,2012,2,Monday,11,30,1,1,1,3071,35.44510278,-105.61346667,1,1,0,0,0,1,0
350082,NEW MEXICO,NM,1,1,0,0,1,1,49,710,COLLINSVILLE,8,4,April,2012,1,Sunday,2,25,0,16,6,0,35.65216944,-105.96713889,39,3,0,0,0,1,1
350083,NEW MEXICO,NM,2,2,0,0,4,4,9,190,BLOUNT,25,4,April,2012,4,Wednesday,9,25,0,6,6,0,34.40483889,-103.17891389,12,1,0,0,0,1,0
350084,NEW MEXICO,NM,2,2,0,0,3,3,45,0,ARITON,19,4,April,2012,5,Thursday,16,24,1,2,2,440,36.75805000,-108.59060278,12,1,0,0,0,1,0
350085,NEW MEXICO,NM,2,2,0,0,2,2,23,500,BLADON SPRINGS,9,4,April,2012,2,Monday,19,39,1,1,1,27,32.28872222,-108.86543333,12,1,0,0,0,2,0
350086,NEW MEXICO,NM,2,2,0,0,2,2,57,605,BANKSTON,22,4,April,2012,1,Sunday,6,55,1,1,1,1937,35.02211389,-106.09058889,12,1,0,0,0,1,0
350087,NEW MEXICO,NM,1,1,0,0,4,4,9,190,BLOUNT,18,4,April,2012,4,Wednesday,21,2,0,9,4,0,34.39091111,-103.40753056,34,2,0,0,0,1,1
350088,NEW MEXICO,NM,1,1,1,1,4,4,45,9997,ARITON,3,4,April,2012,3,Tuesday,20,19,1,2,2,277,36.77810278,-108.62255556,8,2,0,0,0,1,0
350089,NEW MEXICO,NM,1,1,0,0,2,2,15,0,ANNISTON,11,4,April,2012,4,Wednesday,15,11,1,2,2,0,32.84228889,-104.40475556,1,1,0,0,0,1,0
350090,NEW MEXICO,NM,1,1,1,1,1,1,45,741,ARITON,8,4,April,2012,1,Sunday,2,30,1,2,2,504,36.19965556,-108.71046111,8,2,0,0,0,1,0
350091,NEW MEXICO,NM,2,2,0,0,3,3,49,9997,COLLINSVILLE,11,5,May,2012,6,Friday,20,43,1,2,2,1878,35.96197500,-106.02903333,12,3,0,0,0,1,1
350092,NEW MEXICO,NM,3,3,0,0,5,5,43,677,BAILEYTON,5,4,April,2012,5,Thursday,6,59,0,13,3,99998,35.32342778,-106.60218333,12,1,0,0,0,1,0
350093,NEW MEXICO,NM,1,1,0,0,3,3,35,0,BROOKLYN,13,5,May,2012,1,Sunday,2,45,0,6,8,0,32.96684167,-106.02934722,1,2,0,0,0,1,1
350094,NEW MEXICO,NM,1,1,0,0,1,1,11,330,BULLOCK,8,5,May,2012,3,Tuesday,14,35,1,2,2,3402,34.47338333,-104.25982778,24,1,0,0,0,1,0
350095,NEW MEXICO,NM,1,1,0,0,1,1,39,812,ANDALUSIA,4,5,May,2012,6,Friday,6,21,0,9,3,151,36.05861944,-105.80994722,59,1,0,0,0,1,0
350096,NEW MEXICO,NM,1,1,0,0,2,2,25,0,BARLOW BEND,13,5,May,2012,1,Sunday,8,17,1,2,2,971,32.71149722,-103.12343889,30,1,0,0,0,1,1
350097,NEW MEXICO,NM,1,1,0,0,2,2,61,100,BELLWOOD,8,6,June,2012,6,Friday,21,1,0,6,6,0,34.62705278,-106.79483333,1,5,0,0,0,1,0
350098,NEW MEXICO,NM,1,1,1,1,1,1,13,470,BOLLING,1,6,June,2012,6,Friday,21,30,1,2,2,0,32.30686944,-106.83945000,8,2,0,0,0,1,0
350099,NEW MEXICO,NM,3,3,0,0,7,7,57,0,BANKSTON,12,5,May,2012,7,Saturday,20,0,1,2,2,1971,34.52047778,-106.23793056,12,2,0,0,0,2,0
350100,NEW MEXICO,NM,1,1,0,0,1,1,37,0,BRADFORD,15,5,May,2012,3,Tuesday,12,11,1,1,1,3448,35.17009444,-103.61845833,1,1,0,0,0,1,0
350101,NEW MEXICO,NM,1,1,0,0,2,2,6,360,ACOMA,16,5,May,2012,4,Wednesday,21,19,1,1,1,827,35.14607778,-107.85753333,1,2,0,0,0,1,0
350102,NEW MEXICO,NM,1,1,0,0,1,1,31,0,COFFEE,18,5,May,2012,6,Friday,10,4,1,1,1,684,35.49819722,-108.50725833,1,1,0,0,0,1,0
350103,NEW MEXICO,NM,1,1,0,0,1,1,31,0,COFFEE,19,5,May,2012,7,Saturday,8,48,1,1,1,658,35.53223333,-108.64937500,1,1,0,0,0,1,1
350104,NEW MEXICO,NM,1,1,0,0,2,2,53,0,ATMORE,22,5,May,2012,3,Tuesday,11,23,1,1,1,1060,34.00516111,-106.89391667,1,1,0,0,0,1,0
350105,NEW MEXICO,NM,1,1,0,0,2,2,13,0,BOLLING,1,6,June,2012,6,Friday,15,55,1,2,3,55,31.98497222,-106.65005833,59,1,0,0,0,1,1
350106,NEW MEXICO,NM,1,1,0,0,1,1,35,0,BROOKLYN,1,6,June,2012,6,Friday,11,10,0,9,3,142,32.95001667,-105.74906944,38,1,0,0,0,1,0
350107,NEW MEXICO,NM,1,1,0,0,1,1,35,0,BROOKLYN,27,5,May,2012,1,Sunday,13,21,0,2,4,70,32.75803333,-105.88176111,24,1,0,0,0,1,0
350108,NEW MEXICO,NM,1,1,0,0,1,1,5,0,BAKER HILL,26,5,May,2012,7,Saturday,6,35,0,9,3,282,33.17978056,-104.44552222,30,1,0,0,0,1,0
350109,NEW MEXICO,NM,1,1,0,0,1,1,1,30,AUTAUGA,29,5,May,2012,3,Tuesday,15,19,1,1,1,0,35.10620278,-106.62974167,24,1,0,0,0,1,0
350110,NEW MEXICO,NM,1,1,0,0,2,2,39,0,ANDALUSIA,3,6,June,2012,1,Sunday,4,52,1,2,2,3465,36.93179722,-105.98867778,1,2,0,0,0,1,1
350111,NEW MEXICO,NM,1,1,0,0,2,2,21,0,CHILTON,23,5,May,2012,4,Wednesday,6,5,0,9,3,118,35.89004444,-103.69541111,1,4,0,0,0,2,0
350112,NEW MEXICO,NM,2,2,0,0,3,3,1,30,AUTAUGA,20,5,May,2012,1,Sunday,13,51,0,9,3,0,35.06688056,-106.49175833,12,1,0,0,0,1,0
350113,NEW MEXICO,NM,1,1,0,0,4,4,53,0,ATMORE,22,6,June,2012,6,Friday,5,45,1,1,1,1769,34.09618611,-106.89941111,1,1,0,0,0,1,0
350114,NEW MEXICO,NM,1,1,0,0,5,5,17,0,CHAMBERS,21,5,May,2012,2,Monday,8,34,1,1,1,541,32.28872222,-108.86551944,1,1,0,0,0,1,0
350115,NEW MEXICO,NM,1,1,1,1,1,1,45,0,ARITON,22,5,May,2012,3,Tuesday,8,50,0,9,4,0,36.78471667,-108.07881944,8,1,0,0,0,1,0
350116,NEW MEXICO,NM,2,2,0,0,2,2,1,30,AUTAUGA,1,6,June,2012,6,Friday,2,57,1,1,1,2170,35.07490833,-106.63998611,12,2,0,0,0,1,1
350117,NEW MEXICO,NM,1,1,0,0,2,2,5,0,BAKER HILL,11,6,June,2012,2,Monday,9,50,1,1,2,1503,33.46207222,-104.54714444,58,1,0,0,0,1,0
350118,NEW MEXICO,NM,3,3,0,0,4,4,15,0,ANNISTON,28,7,July,2012,7,Saturday,13,0,1,2,2,1310,32.84261667,-104.36973333,12,1,0,0,0,1,0
350119,NEW MEXICO,NM,2,2,0,0,2,2,15,0,ANNISTON,25,6,June,2012,2,Monday,13,36,0,9,8,50,32.36489444,-103.81258333,12,1,0,0,0,1,0
350120,NEW MEXICO,NM,1,1,1,1,2,2,1,30,AUTAUGA,4,7,July,2012,4,Wednesday,21,14,0,16,6,0,35.02743333,-106.66803056,8,3,0,0,0,1,0
350121,NEW MEXICO,NM,1,1,0,0,1,1,17,0,CHAMBERS,3,1,January,2012,3,Tuesday,10,30,0,9,3,165,33.08068889,-108.20459167,42,1,0,0,0,1,0
350122,NEW MEXICO,NM,1,1,1,1,1,1,1,30,AUTAUGA,1,1,January,2012,1,Sunday,0,10,0,13,6,0,35.06225556,-106.63442222,8,3,0,0,0,1,0
350123,NEW MEXICO,NM,2,2,0,0,2,2,39,280,ANDALUSIA,12,4,April,2012,5,Thursday,12,34,1,2,2,1927,35.99123333,-106.06956389,12,1,0,0,0,1,0
350124,NEW MEXICO,NM,1,1,0,0,1,1,51,45,CENTRAL,28,5,May,2012,2,Monday,18,37,0,9,3,179,32.83746389,-107.28861111,35,5,0,0,0,1,0
350125,NEW MEXICO,NM,2,2,0,0,2,2,51,45,CENTRAL,29,6,June,2012,6,Friday,4,5,1,11,1,546,32.84669444,-107.28037222,12,2,0,0,0,1,0
350126,NEW MEXICO,NM,1,1,0,0,2,2,59,0,FRANKLIN,18,6,June,2012,2,Monday,15,25,1,2,2,4210,36.49005278,-103.34439444,1,1,0,0,0,1,0
350127,NEW MEXICO,NM,1,1,1,1,1,1,45,335,ARITON,11,2,February,2012,7,Saturday,22,9,0,3,9,172,36.71691111,-108.41684167,8,2,0,0,0,1,0
350128,NEW MEXICO,NM,1,1,1,1,5,5,29,230,BORDEN SPRINGS,10,2,February,2012,6,Friday,17,17,0,16,6,0,32.27619444,-107.75405833,9,5,0,0,0,1,0
350129,NEW MEXICO,NM,1,1,0,0,2,2,61,9997,BELLWOOD,21,4,April,2012,7,Saturday,17,57,0,6,5,0,34.88311667,-106.69287778,34,1,0,0,0,1,1
350130,NEW MEXICO,NM,2,2,0,0,4,4,13,34,BOLLING,16,5,May,2012,4,Wednesday,9,58,0,6,5,0,31.97095556,-106.62636667,12,1,0,0,0,3,0
350131,NEW MEXICO,NM,1,1,0,0,1,1,49,0,COLLINSVILLE,26,5,May,2012,7,Saturday,9,46,0,4,2,1702,35.76322778,-105.94451389,99,1,0,0,0,1,1
350132,NEW MEXICO,NM,1,1,0,0,1,1,7,0,BIBB,14,6,June,2012,5,Thursday,11,17,1,2,2,361,36.30427500,-103.95189444,1,1,0,0,0,1,0
350134,NEW MEXICO,NM,4,4,0,0,9,9,25,0,BARLOW BEND,4,6,June,2012,2,Monday,17,39,0,2,3,583,32.79781111,-103.21759722,12,1,6,0,0,1,0
350135,NEW MEXICO,NM,1,1,1,1,1,1,27,0,ASHLAND,2,1,January,2012,2,Monday,23,23,0,6,8,20,33.30663889,-105.71381389,8,2,0,0,0,1,0
350136,NEW MEXICO,NM,1,1,1,1,3,3,43,29,BAILEYTON,5,6,June,2012,3,Tuesday,1,28,1,1,1,2489,35.40957778,-106.41895278,8,3,0,0,0,1,0
350137,NEW MEXICO,NM,1,1,0,0,2,2,31,0,COFFEE,2,2,February,2012,5,Thursday,3,17,1,1,1,411,35.46681389,-108.41675000,1,2,0,0,0,1,0
350138,NEW MEXICO,NM,2,2,0,0,5,5,47,719,BROWNS,11,2,February,2012,7,Saturday,18,35,1,1,1,3323,35.39362222,-105.34155278,12,2,0,0,0,1,0
350139,NEW MEXICO,NM,3,3,0,0,3,3,37,0,BRADFORD,11,2,February,2012,7,Saturday,9,3,1,1,1,3237,35.11860833,-103.98023333,12,1,0,0,0,1,0
350140,NEW MEXICO,NM,1,1,1,1,1,1,1,30,AUTAUGA,16,2,February,2012,5,Thursday,10,0,0,13,6,0,35.11268333,-106.55079167,8,1,0,0,0,1,0
350141,NEW MEXICO,NM,2,2,1,1,2,2,45,115,ARITON,16,2,February,2012,5,Thursday,10,26,1,13,2,638,36.71134444,-107.98192500,8,1,0,0,0,1,0
350142,NEW MEXICO,NM,1,1,0,0,4,4,31,0,COFFEE,21,1,January,2012,7,Saturday,11,0,0,6,5,0,35.45470278,-108.89344722,1,1,0,0,0,1,1
350143,NEW MEXICO,NM,1,1,0,0,3,3,59,0,FRANKLIN,24,3,March,2012,7,Saturday,9,23,0,3,2,490,36.37528056,-103.42588889,31,1,0,0,0,1,0
350144,NEW MEXICO,NM,1,1,1,1,2,2,31,0,COFFEE,27,2,February,2012,2,Monday,18,30,0,3,3,609,36.00091111,-108.21503611,8,2,0,0,0,1,0
350145,NEW MEXICO,NM,1,1,0,0,2,2,31,159,COFFEE,26,3,March,2012,2,Monday,16,35,0,9,3,26,35.55629722,-108.59179167,1,1,0,0,0,2,1
350146,NEW MEXICO,NM,1,1,0,0,2,2,39,280,ANDALUSIA,24,3,March,2012,7,Saturday,16,44,0,6,6,0,77.77770000,777.77770000,35,1,0,0,0,1,1
350147,NEW MEXICO,NM,3,3,0,0,10,10,1,30,AUTAUGA,16,6,June,2012,7,Saturday,15,11,0,13,6,0,35.08408611,-106.56860000,12,1,0,0,0,1,1
350149,NEW MEXICO,NM,1,1,0,0,1,1,13,0,BOLLING,8,7,July,2012,1,Sunday,15,13,1,1,1,1140,32.24182222,-107.23976667,1,1,0,0,0,1,0
350150,NEW MEXICO,NM,1,1,0,0,1,1,57,0,BANKSTON,10,7,July,2012,3,Tuesday,6,50,1,1,1,1920,35.03169722,-106.11248056,1,2,0,0,0,1,1
350151,NEW MEXICO,NM,1,1,0,0,6,6,13,0,BOLLING,19,6,June,2012,3,Tuesday,9,21,1,1,1,300,32.64653056,-106.98176944,1,1,0,0,0,2,0
350152,NEW MEXICO,NM,1,1,0,0,1,1,41,640,BRANTLEY,31,7,July,2012,3,Tuesday,6,13,0,13,3,291,33.94934167,-103.63938611,1,1,0,0,0,1,0
350153,NEW MEXICO,NM,1,1,0,0,1,1,19,0,CEDAR BLUFF,31,7,July,2012,3,Tuesday,19,23,0,5,3,88,34.85316111,-104.61833611,5,1,0,0,99,1,0
350154,NEW MEXICO,NM,1,1,0,0,1,1,55,0,ATTALLA,2,8,August,2012,5,Thursday,16,23,0,3,3,99999,36.37690000,-105.59186111,5,1,0,0,0,1,0
350155,NEW MEXICO,NM,2,2,0,0,4,4,45,310,ARITON,2,8,August,2012,5,Thursday,17,50,0,15,6,0,36.77411389,-108.18531389,12,1,0,0,0,1,0
350156,NEW MEXICO,NM,1,1,0,0,1,1,9,0,BLOUNT,3,8,August,2012,6,Friday,23,30,0,3,3,159,99.99990000,999.99990000,34,2,0,0,0,1,1
350157,NEW MEXICO,NM,1,1,1,1,3,3,45,745,ARITON,26,10,October,2012,6,Friday,22,41,1,1,2,299,36.80797500,-108.87942778,8,2,0,0,0,1,0
350158,NEW MEXICO,NM,2,2,0,0,2,2,15,0,ANNISTON,3,8,August,2012,6,Friday,21,28,1,1,2,571,99.99990000,999.99990000,12,2,0,0,0,1,0
350159,NEW MEXICO,NM,2,2,0,0,3,3,5,0,BAKER HILL,9,8,August,2012,5,Thursday,15,44,1,2,2,3801,33.37036944,-104.90694722,12,1,0,0,0,2,0
350160,NEW MEXICO,NM,2,2,0,0,2,2,1,30,AUTAUGA,10,2,February,2012,6,Friday,15,57,0,16,6,0,35.11282222,-106.59375556,12,1,0,0,0,1,0
350161,NEW MEXICO,NM,1,1,0,0,5,5,31,9997,COFFEE,31,3,March,2012,7,Saturday,5,15,0,9,8,35,35.57084722,-108.07898333,1,2,0,0,0,3,1
350162,NEW MEXICO,NM,2,2,0,0,3,3,1,30,AUTAUGA,18,4,April,2012,4,Wednesday,12,35,0,16,6,0,35.15953889,-106.58663056,1,1,0,0,0,1,0
350163,NEW MEXICO,NM,2,2,0,0,3,3,1,30,AUTAUGA,6,4,April,2012,6,Friday,15,52,1,13,3,99998,35.20644444,-106.65123333,12,1,0,0,0,1,0
350164,NEW MEXICO,NM,1,1,0,0,3,3,25,0,BARLOW BEND,23,6,June,2012,7,Saturday,19,10,0,3,3,160,32.22142500,-103.19313611,1,1,0,0,0,1,1
350165,NEW MEXICO,NM,1,1,1,1,1,1,1,0,AUTAUGA,16,6,June,2012,7,Saturday,20,46,0,13,3,99998,35.03966944,-106.67947778,8,2,0,0,0,1,0
350166,NEW MEXICO,NM,3,3,0,0,5,5,13,0,BOLLING,25,5,May,2012,6,Friday,7,24,0,9,3,29,32.01364167,-106.55502500,12,1,0,0,0,1,0
350167,NEW MEXICO,NM,1,1,1,1,1,1,29,0,BORDEN SPRINGS,18,6,June,2012,2,Monday,1,30,1,1,1,817,32.26735278,-107.78195556,8,2,0,0,0,1,0
350168,NEW MEXICO,NM,2,2,0,0,2,2,1,30,AUTAUGA,26,6,June,2012,3,Tuesday,9,8,0,16,6,0,35.06723889,-106.56977500,12,1,0,0,0,1,0
350169,NEW MEXICO,NM,1,1,1,1,1,1,13,0,BOLLING,13,6,June,2012,4,Wednesday,2,10,1,1,1,1539,32.14409722,-106.64928333,8,2,0,0,0,1,0
350170,NEW MEXICO,NM,1,1,0,0,2,2,55,780,ATTALLA,11,6,June,2012,2,Monday,15,0,0,3,3,368,36.32835278,-105.68708889,1,1,0,0,0,1,1
350171,NEW MEXICO,NM,1,1,0,0,1,1,1,0,AUTAUGA,16,6,June,2012,7,Saturday,1,13,0,13,3,44,35.20194444,-106.53451389,31,2,0,0,0,1,0
350172,NEW MEXICO,NM,1,1,1,1,1,1,1,30,AUTAUGA,15,6,June,2012,6,Friday,8,27,0,16,6,0,35.14670278,-106.63973611,9,1,0,0,0,1,0
350173,NEW MEXICO,NM,1,1,0,0,2,2,25,0,BARLOW BEND,9,6,June,2012,7,Saturday,20,35,0,3,3,95,32.78916944,-103.72271111,1,2,0,0,0,1,1
350174,NEW MEXICO,NM,1,1,1,1,1,1,45,70,ARITON,26,6,June,2012,3,Tuesday,11,55,1,13,2,99998,36.82115000,-107.99556111,8,1,0,0,0,1,0
350175,NEW MEXICO,NM,2,2,0,0,2,2,1,30,AUTAUGA,27,6,June,2012,4,Wednesday,17,22,0,13,6,0,35.11558611,-106.61670556,12,1,0,0,0,1,1
350176,NEW MEXICO,NM,2,2,0,0,4,4,57,605,BANKSTON,30,6,June,2012,7,Saturday,14,46,0,2,2,99998,35.00524722,-106.05167500,12,1,0,0,0,1,0
350177,NEW MEXICO,NM,2,2,0,0,3,3,33,0,CHEROKEE,29,7,July,2012,1,Sunday,15,20,0,4,3,180,36.06924444,-105.26559722,12,1,0,0,0,1,0
350178,NEW MEXICO,NM,2,2,0,0,3,3,45,745,ARITON,2,7,July,2012,2,Monday,17,44,0,9,8,180,77.77770000,777.77770000,12,1,0,0,0,2,1
350179,NEW MEXICO,NM,1,1,0,0,5,5,37,75,BRADFORD,7,6,June,2012,5,Thursday,5,56,1,1,1,3630,35.11204444,-103.31815556,1,4,0,0,0,2,0
350180,NEW MEXICO,NM,1,1,0,0,2,2,55,0,ATTALLA,21,7,July,2012,7,Saturday,13,38,0,9,9,0,36.69792222,-105.39350000,1,1,0,0,0,1,0
350181,NEW MEXICO,NM,2,2,0,0,2,2,1,0,AUTAUGA,9,6,June,2012,7,Saturday,18,50,0,13,6,0,35.06938333,-106.75685833,12,1,0,0,0,1,0
350182,NEW MEXICO,NM,4,4,0,0,4,4,45,0,ARITON,2,3,March,2012,6,Friday,18,30,1,2,2,270,36.77223056,-108.60904722,12,8,0,0,0,1,1
350183,NEW MEXICO,NM,2,2,0,0,2,2,43,0,BAILEYTON,23,7,July,2012,2,Monday,8,45,1,1,1,2392,35.30503889,-106.53608889,12,1,0,0,0,1,0
350184,NEW MEXICO,NM,2,2,0,0,6,6,43,742,BAILEYTON,28,2,February,2012,3,Tuesday,19,9,1,2,2,230,35.55401944,-106.77871667,33,3,0,0,0,1,0
350185,NEW MEXICO,NM,2,2,0,0,4,4,49,0,COLLINSVILLE,9,7,July,2012,2,Monday,0,3,0,9,9,0,35.50621667,-105.88819722,12,2,0,0,0,1,1
350186,NEW MEXICO,NM,2,2,0,0,2,2,15,0,ANNISTON,13,7,July,2012,6,Friday,15,29,0,9,3,63,32.32926667,-104.01708333,1,1,0,0,0,1,0
350187,NEW MEXICO,NM,2,2,0,0,3,3,13,0,BOLLING,14,7,July,2012,7,Saturday,11,30,0,9,3,80,31.87697500,-106.64981944,12,1,0,0,0,1,0
350188,NEW MEXICO,NM,2,2,0,0,2,2,15,130,ANNISTON,30,7,July,2012,2,Monday,5,55,0,6,6,0,32.39634444,-104.25515833,12,1,0,0,0,1,2
350189,NEW MEXICO,NM,2,2,0,0,4,4,1,30,AUTAUGA,3,3,March,2012,7,Saturday,15,51,0,13,6,0,35.10012222,-106.53299444,12,1,0,0,0,1,0
350190,NEW MEXICO,NM,1,1,0,0,3,3,31,340,COFFEE,8,12,December,2012,7,Saturday,16,51,1,1,1,126,99.99990000,999.99990000,24,5,0,0,0,1,0
350191,NEW MEXICO,NM,1,1,0,0,1,1,1,0,AUTAUGA,16,11,November,2012,6,Friday,11,38,0,4,3,270,35.05775833,-106.39546944,52,1,0,0,0,1,0
350192,NEW MEXICO,NM,1,1,0,0,6,6,31,159,COFFEE,21,4,April,2012,7,Saturday,2,32,0,9,8,0,35.58703611,-108.65658333,1,2,0,0,0,1,1