ST_CASE,State Name,State Abbreviation,# of Vehicle involved,Parked_Vehicles_Involved,Pedestrains,Person_Not_in_Motor_Vehicle,Persons_in_motor_vehicle,Total_Persons_in_accident,COUNTY,CITY,City_County_Name,Calendar_DAY,MONTH,Month_name,YEAR,DAY_WEEK,Day_Week_desc,HOUR,MINUTE,NHS_Desc,trafficway,Route,MILEPT,LATITUDE,LONGITUD,First_Crash_event,Light_cond_desc,Weather_condition,School_bus_involved,Crash_cause,FATALS,DRUNK_DR
350193,NEW MEXICO,NM,1,1,0,0,3,3,19,0,CEDAR BLUFF,26,11,November,2012,2,Monday,15,15,0,6,6,0,34.93568056,-104.67187222,42,1,0,0,0,1,0
350194,NEW MEXICO,NM,1,1,0,0,1,1,29,0,BORDEN SPRINGS,4,8,August,2012,7,Saturday,7,52,1,1,1,598,32.22326667,-108.12946111,1,1,0,0,0,1,0
350195,NEW MEXICO,NM,1,1,0,0,1,1,13,470,BOLLING,9,6,June,2012,7,Saturday,1,17,0,15,6,0,32.31177222,-106.82039444,35,2,0,0,0,1,0
350196,NEW MEXICO,NM,1,1,0,0,1,1,25,410,BARLOW BEND,5,10,October,2012,6,Friday,20,34,0,6,6,0,32.68500833,-103.13309167,1,2,0,0,0,1,0
350197,NEW MEXICO,NM,2,2,0,0,2,2,1,0,AUTAUGA,28,8,August,2012,3,Tuesday,18,13,0,14,3,99998,35.04042500,-106.67950000,12,1,0,0,0,1,0
350198,NEW MEXICO,NM,1,1,0,0,1,1,1,0,AUTAUGA,27,9,September,2012,5,Thursday,20,19,0,9,9,0,35.12751389,-106.78566944,5,2,0,0,0,1,1
350199,NEW MEXICO,NM,2,2,0,0,3,3,13,470,BOLLING,26,12,December,2012,4,Wednesday,15,57,1,13,2,1502,32.34065833,-106.77587778,12,1,0,0,0,1,0
350200,NEW MEXICO,NM,1,1,0,0,1,1,1,0,AUTAUGA,6,10,October,2012,7,Saturday,1,54,1,1,1,2168,34.96790000,-106.65600000,1,2,0,0,0,1,1
350201,NEW MEXICO,NM,1,1,1,1,1,1,1,0,AUTAUGA,16,12,December,2012,1,Sunday,4,41,1,1,1,2230,35.07938889,-106.63735000,8,3,0,0,0,1,0
350202,NEW MEXICO,NM,1,1,0,0,12,12,19,0,CEDAR BLUFF,29,8,August,2012,4,Wednesday,2,30,1,2,2,2340,77.77770000,777.77770000,1,2,0,0,0,2,0
350203,NEW MEXICO,NM,1,1,0,0,1,1,33,0,CHEROKEE,15,8,August,2012,4,Wednesday,21,24,1,1,1,3660,35.80675278,-104.97937778,31,2,0,0,0,1,1
350204,NEW MEXICO,NM,1,1,0,0,1,1,33,0,CHEROKEE,21,8,August,2012,3,Tuesday,13,32,0,9,3,440,35.97902222,-105.35586944,1,1,0,0,0,1,0
350205,NEW MEXICO,NM,1,1,0,0,3,3,51,872,CENTRAL,12,8,August,2012,1,Sunday,20,2,1,11,1,760,33.12606944,-107.28939444,31,5,0,0,0,1,0
350206,NEW MEXICO,NM,1,1,0,0,1,1,13,470,BOLLING,17,8,August,2012,6,Friday,20,15,1,11,1,1320,32.27184167,-106.92156667,21,2,0,0,0,1,0
350207,NEW MEXICO,NM,1,1,0,0,1,1,49,0,COLLINSVILLE,19,8,August,2012,1,Sunday,22,5,0,6,6,0,35.64507778,-106.02974722,1,3,0,0,0,1,0
350208,NEW MEXICO,NM,1,1,1,1,2,2,1,0,AUTAUGA,22,9,September,2012,7,Saturday,19,58,0,13,3,99998,34.97433611,-106.69665278,8,3,0,0,0,1,1
350209,NEW MEXICO,NM,1,1,0,0,4,4,45,0,ARITON,30,6,June,2012,7,Saturday,18,28,0,9,8,9,99.99990000,999.99990000,1,1,0,0,0,1,1
350210,NEW MEXICO,NM,1,1,0,0,1,1,51,0,CENTRAL,1,10,October,2012,2,Monday,21,50,1,1,1,627,32.91877500,-107.31869444,42,2,0,0,0,1,0
350211,NEW MEXICO,NM,1,1,0,0,1,1,15,130,ANNISTON,12,10,October,2012,6,Friday,16,15,0,6,6,0,32.43080000,-104.27800000,58,1,0,0,0,1,0
350212,NEW MEXICO,NM,1,1,0,0,1,1,45,0,ARITON,18,10,October,2012,5,Thursday,20,40,1,2,2,1150,36.26003333,-107.74046389,1,2,0,0,0,1,1
350213,NEW MEXICO,NM,1,1,0,0,2,2,33,0,CHEROKEE,29,10,October,2012,2,Monday,14,49,0,9,3,80,36.03689444,-105.18456111,31,1,0,0,0,1,1
350214,NEW MEXICO,NM,1,1,0,0,9,9,43,0,BAILEYTON,4,5,May,2012,6,Friday,20,12,0,9,9,0,99.99990000,999.99990000,35,1,0,0,0,2,1
350215,NEW MEXICO,NM,1,1,0,0,1,1,15,0,ANNISTON,4,12,December,2012,3,Tuesday,2,15,0,2,2,110,32.14640000,-104.07354444,1,2,0,0,0,1,0
350216,NEW MEXICO,NM,1,1,0,0,2,2,61,530,BELLWOOD,7,7,July,2012,7,Saturday,3,13,1,1,1,2020,34.79878333,-106.76756111,1,2,0,0,0,1,0
350217,NEW MEXICO,NM,1,1,1,1,1,1,45,310,ARITON,24,10,October,2012,4,Wednesday,17,10,0,16,6,0,36.72890278,-108.20180278,8,1,0,0,0,1,1
350218,NEW MEXICO,NM,2,2,0,0,3,3,13,0,BOLLING,18,7,July,2012,4,Wednesday,14,10,1,2,2,1685,32.43772778,-106.49189444,12,1,0,0,0,1,0
350220,NEW MEXICO,NM,3,3,0,0,4,4,19,0,CEDAR BLUFF,25,8,August,2012,7,Saturday,23,29,1,1,1,2780,34.95655000,-104.62090000,12,2,0,0,0,2,0
350221,NEW MEXICO,NM,1,1,1,1,1,1,1,30,AUTAUGA,31,12,December,2012,2,Monday,9,19,0,16,6,0,35.12653056,-106.60750278,8,1,1,0,0,1,0
350222,NEW MEXICO,NM,2,2,0,0,2,2,31,215,COFFEE,12,9,September,2012,4,Wednesday,21,56,0,3,3,265,35.70900000,-108.13620278,12,2,0,0,0,2,1
350223,NEW MEXICO,NM,1,1,1,1,2,2,1,30,AUTAUGA,2,8,August,2012,5,Thursday,20,55,0,16,6,0,35.12059722,-106.60466111,8,2,0,0,0,1,0
350224,NEW MEXICO,NM,1,1,0,0,5,5,3,0,BALDWIN,25,10,October,2012,5,Thursday,17,30,1,2,2,700,34.22573333,-107.93022222,1,1,0,0,0,1,1
350225,NEW MEXICO,NM,3,3,0,0,7,7,53,0,ATMORE,27,8,August,2012,2,Monday,22,9,1,1,1,1430,33.97591389,-106.89038611,12,2,0,0,0,1,1
350226,NEW MEXICO,NM,1,1,0,0,1,1,39,0,ANDALUSIA,15,9,September,2012,7,Saturday,14,21,1,2,2,1880,36.66932222,-106.41490000,1,1,0,0,0,1,0
350227,NEW MEXICO,NM,3,3,0,0,6,6,25,410,BARLOW BEND,17,9,September,2012,2,Monday,21,38,1,2,2,1040,32.69659722,-103.14117778,12,3,0,0,0,1,1
350228,NEW MEXICO,NM,1,1,0,0,1,1,55,0,ATTALLA,13,11,November,2012,3,Tuesday,11,34,0,9,8,40,77.77770000,777.77770000,1,7,0,0,0,1,1
350229,NEW MEXICO,NM,1,1,0,0,1,1,3,0,BALDWIN,30,11,November,2012,6,Friday,22,30,0,3,2,540,33.24946389,-108.86418611,1,2,0,0,0,1,1
350230,NEW MEXICO,NM,1,1,0,0,1,1,45,70,ARITON,22,7,July,2012,1,Sunday,10,15,0,9,3,40,36.86483611,-108.02772500,1,1,0,0,0,1,0
350231,NEW MEXICO,NM,2,2,0,0,6,6,39,9997,ANDALUSIA,28,10,October,2012,1,Sunday,11,32,0,9,3,3450,36.14482222,-106.09857500,12,1,0,0,0,1,0
350232,NEW MEXICO,NM,2,2,0,0,2,2,57,0,BANKSTON,28,11,November,2012,4,Wednesday,17,39,0,9,3,231,34.94161667,-106.05156389,12,5,0,0,0,1,0
350233,NEW MEXICO,NM,2,2,0,0,2,2,1,30,AUTAUGA,8,10,October,2012,2,Monday,18,35,1,13,3,99998,35.14509444,-106.49803333,12,5,0,0,0,1,0
350234,NEW MEXICO,NM,1,1,0,0,2,2,21,0,CHILTON,10,10,October,2012,4,Wednesday,8,39,0,9,9,0,77.77770000,777.77770000,1,1,0,0,0,1,1
350235,NEW MEXICO,NM,1,1,0,0,1,1,61,0,BELLWOOD,27,10,October,2012,7,Saturday,22,8,0,9,3,0,34.58867778,-106.76235000,1,2,0,0,0,1,0
350236,NEW MEXICO,NM,2,2,0,0,2,2,25,0,BARLOW BEND,29,10,October,2012,2,Monday,19,59,0,6,4,0,32.72567500,-103.17650556,12,2,0,0,0,1,0
350237,NEW MEXICO,NM,1,1,0,0,1,1,61,530,BELLWOOD,10,5,May,2012,5,Thursday,11,31,0,19,3,50,34.82023611,-106.78230556,1,1,0,0,0,1,0
350238,NEW MEXICO,NM,1,1,0,0,1,1,13,0,BOLLING,7,10,October,2012,1,Sunday,1,0,0,9,4,60,32.20941667,-106.69473056,57,2,0,0,0,1,1
350239,NEW MEXICO,NM,1,1,0,0,1,1,6,0,ACOMA,18,10,October,2012,5,Thursday,1,50,1,1,1,1130,35.03031389,-107.38360000,34,3,0,0,0,1,0
350240,NEW MEXICO,NM,1,1,0,0,1,1,61,0,BELLWOOD,19,10,October,2012,6,Friday,19,55,0,9,4,25,34.69471667,-106.78338333,10,2,0,0,0,1,1
350241,NEW MEXICO,NM,1,1,1,1,1,1,13,470,BOLLING,23,10,October,2012,3,Tuesday,5,39,1,13,2,1560,32.31602500,-106.78491667,8,2,0,0,0,1,0
350242,NEW MEXICO,NM,1,1,0,0,5,5,33,0,CHEROKEE,24,10,October,2012,4,Wednesday,19,22,1,1,1,3720,35.86159167,-104.89435556,1,2,0,0,0,1,0
350243,NEW MEXICO,NM,1,1,1,1,1,1,1,30,AUTAUGA,3,7,July,2012,3,Tuesday,11,23,0,16,6,0,35.07908889,-106.61803889,59,1,0,0,0,1,0
350244,NEW MEXICO,NM,2,2,0,0,3,3,17,750,CHAMBERS,8,11,November,2012,5,Thursday,17,20,1,13,2,1160,32.78551111,-108.22986389,12,5,0,0,0,2,0
350245,NEW MEXICO,NM,1,1,0,0,2,2,47,480,BROWNS,30,9,September,2012,1,Sunday,21,36,0,16,6,0,35.59540556,-105.23710000,24,2,0,0,0,1,1
350246,NEW MEXICO,NM,1,1,1,1,2,2,1,30,AUTAUGA,18,10,October,2012,5,Thursday,19,28,0,16,6,0,35.12080556,-106.64458056,8,3,0,0,0,1,0
350247,NEW MEXICO,NM,1,1,0,0,2,2,31,0,COFFEE,1,12,December,2012,7,Saturday,0,20,1,1,1,610,35.47230278,-108.41771111,1,2,0,0,0,1,1
350248,NEW MEXICO,NM,1,1,1,1,1,1,15,0,ANNISTON,4,12,December,2012,3,Tuesday,6,6,0,2,2,240,32.32308333,-104.13489167,9,2,0,0,0,1,0
350249,NEW MEXICO,NM,1,1,1,1,1,1,29,230,BORDEN SPRINGS,7,12,December,2012,6,Friday,14,54,1,11,1,810,32.26883333,-107.77161667,8,1,0,0,0,1,0
350250,NEW MEXICO,NM,2,2,0,0,3,3,49,710,COLLINSVILLE,9,12,December,2012,1,Sunday,18,46,1,11,1,2700,35.54116667,-106.13650000,24,2,0,0,0,1,0
350251,NEW MEXICO,NM,1,1,0,0,1,1,49,0,COLLINSVILLE,7,11,November,2012,4,Wednesday,10,36,1,11,1,2921,35.55006389,-105.87548333,1,7,0,0,0,1,0
350252,NEW MEXICO,NM,1,1,1,1,2,2,31,0,COFFEE,29,11,November,2012,5,Thursday,23,58,1,1,1,583,35.38546667,-108.14558056,8,2,0,0,0,1,0
350253,NEW MEXICO,NM,1,1,0,0,2,2,35,0,BROOKLYN,2,12,December,2012,1,Sunday,15,30,0,9,8,0,32.47128056,-105.47041111,42,1,0,0,0,1,1
350254,NEW MEXICO,NM,1,1,0,0,5,5,17,0,CHAMBERS,15,12,December,2012,7,Saturday,23,11,1,1,1,530,32.20538333,-108.23796111,1,2,0,0,0,1,0
350255,NEW MEXICO,NM,3,3,0,0,7,7,43,9997,BAILEYTON,17,11,November,2012,7,Saturday,10,3,1,1,1,2558,35.45681389,-106.33701667,12,1,0,0,0,1,0
350256,NEW MEXICO,NM,1,1,0,0,1,1,1,30,AUTAUGA,19,12,December,2012,4,Wednesday,0,24,0,12,7,2300,35.14968333,-106.58904722,38,3,0,0,0,1,1
350257,NEW MEXICO,NM,1,1,0,0,2,2,39,661,ANDALUSIA,23,12,December,2012,1,Sunday,3,37,0,9,3,230,36.11167500,-105.77190000,42,2,0,0,0,1,0
350258,NEW MEXICO,NM,1,1,0,0,1,1,15,0,ANNISTON,24,12,December,2012,2,Monday,12,21,0,6,4,99999,32.68033333,-103.86966111,1,1,0,0,0,1,0
350259,NEW MEXICO,NM,1,1,1,1,1,1,27,338,ASHLAND,27,12,December,2012,5,Thursday,5,55,1,2,2,2780,33.42151944,-105.38861389,8,2,0,0,0,1,0
350260,NEW MEXICO,NM,3,3,0,0,4,4,1,30,AUTAUGA,27,7,July,2012,6,Friday,14,55,0,15,6,0,99.99990000,999.99990000,12,1,0,0,0,1,0
350261,NEW MEXICO,NM,1,1,1,1,2,2,1,30,AUTAUGA,28,4,April,2012,7,Saturday,21,16,0,16,6,0,35.07512778,-106.55890278,8,2,0,0,0,1,0
350262,NEW MEXICO,NM,3,3,0,0,5,5,1,30,AUTAUGA,26,8,August,2012,1,Sunday,1,26,0,14,6,0,35.11271667,-106.70192222,12,3,0,0,0,1,1
350263,NEW MEXICO,NM,2,2,0,0,3,3,37,0,BRADFORD,16,11,November,2012,6,Friday,1,18,1,1,1,3413,35.17307500,-103.53938611,12,2,0,0,0,1,0
350264,NEW MEXICO,NM,1,1,1,1,1,1,45,0,ARITON,23,12,December,2012,1,Sunday,17,59,1,2,2,1237,36.36297778,-107.81333056,8,2,0,0,0,1,0
350265,NEW MEXICO,NM,1,1,0,0,1,1,47,480,BROWNS,4,11,November,2012,1,Sunday,7,52,0,2,7,99998,35.54672500,-105.22646667,1,1,0,0,0,1,1
350266,NEW MEXICO,NM,2,1,1,1,1,1,1,30,AUTAUGA,25,8,August,2012,7,Saturday,15,20,1,11,1,2290,77.77770000,777.77770000,14,1,0,0,0,1,0
350267,NEW MEXICO,NM,2,2,0,0,3,3,1,30,AUTAUGA,30,11,November,2012,6,Friday,18,1,1,13,5,0,35.19796389,-106.66054722,12,3,0,0,0,1,0
350268,NEW MEXICO,NM,1,1,0,0,2,2,57,605,BANKSTON,9,7,July,2012,2,Monday,16,14,0,9,4,0,34.92062778,-106.06115000,1,1,0,0,0,1,1
350269,NEW MEXICO,NM,1,1,0,0,2,2,31,0,COFFEE,4,7,July,2012,4,Wednesday,17,50,0,9,8,0,35.47908611,-108.83036944,42,1,0,0,0,1,0
350270,NEW MEXICO,NM,2,2,0,0,3,3,45,70,ARITON,4,9,September,2012,3,Tuesday,7,40,1,13,3,99998,36.82690833,-108.02075556,1,1,0,0,0,1,0
350271,NEW MEXICO,NM,1,1,1,1,1,1,55,268,ATTALLA,1,12,December,2012,7,Saturday,22,20,1,3,2,2520,36.44030278,-105.57807222,8,2,0,0,0,1,0
350272,NEW MEXICO,NM,1,1,0,0,2,2,6,457,ACOMA,17,12,December,2012,2,Monday,18,12,1,1,1,1350,35.00595556,-107.04250833,1,2,0,0,0,1,0
350273,NEW MEXICO,NM,1,1,0,0,1,1,13,400,BOLLING,10,8,August,2012,6,Friday,23,0,0,9,3,21,32.66864167,-107.11312778,1,2,0,0,0,1,1
350274,NEW MEXICO,NM,1,1,0,0,2,2,31,0,COFFEE,25,6,June,2012,2,Monday,22,10,0,9,3,240,35.43310556,-108.74351944,1,2,0,0,0,1,1
350275,NEW MEXICO,NM,2,2,0,0,3,3,61,530,BELLWOOD,1,10,October,2012,2,Monday,10,16,1,1,1,2030,34.81791944,-106.75944722,12,1,0,0,0,1,0
350276,NEW MEXICO,NM,2,2,0,0,4,4,61,0,BELLWOOD,15,7,July,2012,1,Sunday,11,6,0,99,3,99998,77.77770000,777.77770000,12,1,0,0,0,1,0
350277,NEW MEXICO,NM,2,2,0,0,2,2,45,0,ARITON,17,8,August,2012,6,Friday,16,3,1,2,2,500,36.70755833,-108.70865278,12,1,0,0,0,1,0
350278,NEW MEXICO,NM,2,2,0,0,2,2,57,0,BANKSTON,8,12,December,2012,7,Saturday,16,10,1,1,1,2210,35.00541944,-105.61110278,12,1,0,0,0,1,1
350279,NEW MEXICO,NM,3,3,0,0,4,4,31,340,COFFEE,1,12,December,2012,7,Saturday,15,10,0,13,3,0,35.53116667,-108.66969167,12,1,0,0,0,1,1
350280,NEW MEXICO,NM,1,1,0,0,1,1,55,0,ATTALLA,7,4,April,2012,7,Saturday,15,5,0,3,3,320,36.29605278,-105.74682778,24,1,0,0,0,1,0
350281,NEW MEXICO,NM,1,1,1,1,1,1,1,30,AUTAUGA,21,4,April,2012,7,Saturday,13,46,0,16,6,0,35.08583611,-106.68465000,8,1,0,0,0,1,0
350282,NEW MEXICO,NM,1,1,0,0,3,3,51,0,CENTRAL,16,6,June,2012,7,Saturday,14,37,1,1,1,990,33.43538889,-107.24836667,35,1,0,0,0,1,0
350283,NEW MEXICO,NM,1,1,1,1,1,1,31,880,COFFEE,31,8,August,2012,6,Friday,4,15,0,9,3,300,35.11873611,-108.54619444,8,2,0,0,0,1,0
350284,NEW MEXICO,NM,2,2,0,0,2,2,39,577,ANDALUSIA,2,9,September,2012,1,Sunday,12,28,0,3,2,2040,36.15975000,-106.18425000,12,1,0,0,0,1,0
350285,NEW MEXICO,NM,2,2,0,0,2,2,49,710,COLLINSVILLE,21,10,October,2012,1,Sunday,8,13,0,16,6,0,35.65327500,-105.97069167,12,1,0,0,0,1,0
350286,NEW MEXICO,NM,1,1,0,0,2,2,25,0,BARLOW BEND,14,12,December,2012,6,Friday,17,0,0,9,4,99998,33.22799722,-103.36097222,35,5,0,0,0,1,0
350287,NEW MEXICO,NM,1,1,0,0,2,2,1,30,AUTAUGA,15,10,October,2012,2,Monday,23,13,0,14,6,0,35.08744722,-106.52652500,39,3,0,0,0,2,1
350288,NEW MEXICO,NM,2,2,0,0,3,3,39,31,ANDALUSIA,14,11,November,2012,4,Wednesday,17,9,0,3,3,99998,36.08575556,-106.05080556,12,2,0,0,0,1,0
350289,NEW MEXICO,NM,1,1,0,0,2,2,6,0,ACOMA,21,12,December,2012,6,Friday,0,11,1,1,1,1194,34.99349444,-107.28770833,1,2,0,0,0,1,0
350290,NEW MEXICO,NM,1,1,1,1,1,1,1,30,AUTAUGA,5,7,July,2012,5,Thursday,22,5,0,13,6,0,35.08913611,-106.58631944,8,3,0,0,0,1,0
350291,NEW MEXICO,NM,1,1,0,0,1,1,1,0,AUTAUGA,11,8,August,2012,7,Saturday,9,15,0,9,3,28,35.17986389,-106.38086389,1,1,0,0,0,1,0
350292,NEW MEXICO,NM,1,1,0,0,3,3,1,0,AUTAUGA,11,8,August,2012,7,Saturday,18,29,0,13,3,99998,34.97804167,-106.69663056,38,1,0,0,0,1,1
350293,NEW MEXICO,NM,1,1,1,1,2,2,27,0,ASHLAND,24,11,November,2012,7,Saturday,17,35,1,2,2,2710,33.38866944,-105.49041111,8,2,0,0,0,1,0
350294,NEW MEXICO,NM,1,1,0,0,2,2,29,0,BORDEN SPRINGS,8,11,November,2012,5,Thursday,12,22,0,9,9,0,32.26227500,-107.57226944,1,1,0,0,0,1,0
350295,NEW MEXICO,NM,2,2,0,0,2,2,25,410,BARLOW BEND,17,8,August,2012,6,Friday,17,36,0,6,6,0,32.70341667,-103.17579444,12,1,0,0,0,1,1
350296,NEW MEXICO,NM,2,2,0,0,3,3,13,470,BOLLING,31,10,October,2012,4,Wednesday,8,19,1,13,2,1588,32.37520000,-106.73700000,12,1,0,0,0,2,0
350297,NEW MEXICO,NM,3,3,0,0,3,3,1,30,AUTAUGA,26,6,June,2012,3,Tuesday,15,49,0,13,6,0,35.07460833,-106.73422500,12,1,0,0,0,1,0
350298,NEW MEXICO,NM,1,1,0,0,1,1,35,20,BROOKLYN,3,7,July,2012,3,Tuesday,0,25,0,9,2,0,32.92494722,-105.97002778,24,3,0,0,0,1,0
350299,NEW MEXICO,NM,2,2,0,0,6,6,15,50,ANNISTON,4,7,July,2012,4,Wednesday,17,30,1,13,2,710,32.88971944,-104.41238611,12,1,0,0,0,1,0
350300,NEW MEXICO,NM,1,1,0,0,2,2,15,130,ANNISTON,4,7,July,2012,4,Wednesday,19,35,0,16,6,0,32.43708056,-104.24352500,42,1,0,0,0,1,1
350301,NEW MEXICO,NM,1,1,1,1,1,1,1,30,AUTAUGA,20,7,July,2012,6,Friday,17,41,0,13,6,0,35.07365833,-106.54813889,8,1,0,0,0,1,0
350302,NEW MEXICO,NM,2,2,0,0,2,2,49,710,COLLINSVILLE,6,9,September,2012,5,Thursday,6,19,0,13,6,0,35.63805278,-105.98018889,1,8,0,0,0,1,0
350303,NEW MEXICO,NM,1,1,0,0,1,1,1,0,AUTAUGA,8,9,September,2012,7,Saturday,0,15,1,1,1,2158,34.95903611,-106.65891667,1,2,0,0,0,1,1
350304,NEW MEXICO,NM,1,1,1,1,2,2,1,30,AUTAUGA,14,9,September,2012,6,Friday,22,19,1,13,3,99998,35.13078611,-106.49812222,8,3,0,0,0,1,0
350305,NEW MEXICO,NM,2,2,0,0,2,2,5,670,BAKER HILL,27,12,December,2012,5,Thursday,10,10,1,2,2,3267,33.39418611,-104.55001111,12,1,0,0,0,1,0
350306,NEW MEXICO,NM,1,1,0,0,7,7,43,677,BAILEYTON,22,8,August,2012,4,Wednesday,4,12,0,6,6,0,35.27505556,-106.71127500,5,8,0,0,0,1,1
350307,NEW MEXICO,NM,1,1,0,0,3,3,6,360,ACOMA,17,12,December,2012,2,Monday,23,43,1,11,1,832,35.14263889,-107.85355000,17,2,0,0,0,1,0
350308,NEW MEXICO,NM,1,1,1,1,1,1,45,0,ARITON,23,9,September,2012,1,Sunday,2,17,1,13,2,474,36.73849444,-108.26801111,8,2,0,0,0,1,0
350309,NEW MEXICO,NM,1,1,1,1,1,1,31,340,COFFEE,26,12,December,2012,4,Wednesday,18,17,1,2,2,99992,35.54476667,-108.75883889,8,2,0,0,0,1,0
350310,NEW MEXICO,NM,2,2,0,0,4,4,5,670,BAKER HILL,5,8,August,2012,1,Sunday,3,54,1,2,2,0,33.35051111,-104.50937500,12,3,0,0,0,2,1
350311,NEW MEXICO,NM,2,2,0,0,2,2,1,30,AUTAUGA,17,8,August,2012,6,Friday,18,37,0,16,6,0,35.16094167,-106.59330556,12,1,0,0,0,1,0
350312,NEW MEXICO,NM,2,2,0,0,2,2,1,30,AUTAUGA,18,8,August,2012,7,Saturday,13,2,0,16,6,0,35.10198611,-106.60521667,12,1,0,0,0,1,0
350313,NEW MEXICO,NM,2,2,0,0,2,2,5,670,BAKER HILL,20,8,August,2012,2,Monday,0,14,0,6,6,0,33.38572500,-104.51383611,12,2,0,0,0,1,1
350314,NEW MEXICO,NM,2,2,0,0,3,3,1,30,AUTAUGA,30,9,September,2012,1,Sunday,1,58,0,13,6,0,35.13361944,-106.61086667,12,3,0,0,0,1,1
350315,NEW MEXICO,NM,2,2,1,1,2,2,1,30,AUTAUGA,3,10,October,2012,4,Wednesday,6,40,0,16,6,0,35.08733889,-106.53266944,8,1,0,0,0,1,0
350316,NEW MEXICO,NM,2,2,0,0,2,2,1,30,AUTAUGA,30,12,December,2012,1,Sunday,0,13,0,13,6,0,35.07384167,-106.55052500,12,3,0,0,0,1,1
350317,NEW MEXICO,NM,1,1,0,0,4,4,25,0,BARLOW BEND,22,11,November,2012,5,Thursday,7,32,0,3,2,2058,33.36976667,-103.65361667,1,1,0,0,0,1,0
350318,NEW MEXICO,NM,1,1,0,0,1,1,31,159,COFFEE,7,11,November,2012,4,Wednesday,10,25,0,13,3,0,35.52961111,-108.60775000,38,1,0,0,0,1,0
350319,NEW MEXICO,NM,2,2,0,0,2,2,15,0,ANNISTON,26,9,September,2012,4,Wednesday,4,15,0,3,2,1114,32.84020000,-104.32200000,12,2,0,0,0,1,0
350320,NEW MEXICO,NM,1,1,0,0,1,1,39,0,ANDALUSIA,20,9,September,2012,5,Thursday,19,50,0,3,3,83,36.09307222,-106.04752222,24,2,0,0,0,1,1
350321,NEW MEXICO,NM,1,1,1,1,1,1,1,0,AUTAUGA,3,10,October,2012,4,Wednesday,18,58,0,9,3,148,35.09455556,-106.27365556,9,5,0,0,0,1,0
350322,NEW MEXICO,NM,1,1,0,0,4,4,57,610,BANKSTON,24,11,November,2012,7,Saturday,0,56,0,9,3,99998,77.77770000,777.77770000,1,2,0,0,0,1,0
350323,NEW MEXICO,NM,1,1,1,1,1,1,1,30,AUTAUGA,20,11,November,2012,3,Tuesday,5,48,1,13,3,99998,35.18389722,-106.66486944,8,3,0,0,0,1,1
350324,NEW MEXICO,NM,1,1,0,0,2,2,49,710,COLLINSVILLE,8,11,November,2012,5,Thursday,18,19,1,13,2,99998,35.71312778,-105.94098333,33,2,0,0,0,1,0
350325,NEW MEXICO,NM,3,3,0,0,4,4,45,70,ARITON,2,9,September,2012,1,Sunday,9,50,1,2,2,1663,36.89107778,-107.92982222,12,1,0,0,0,2,0
350326,NEW MEXICO,NM,1,1,1,1,1,1,1,30,AUTAUGA,20,9,September,2012,5,Thursday,16,42,0,13,6,0,35.13069722,-106.56465556,8,1,0,0,0,1,0
350328,NEW MEXICO,NM,2,2,0,0,9,9,1,0,AUTAUGA,20,10,October,2012,7,Saturday,16,30,0,9,3,256,35.03520278,-106.37289444,12,5,0,0,0,1,0
350329,NEW MEXICO,NM,1,1,0,0,1,1,39,213,ANDALUSIA,24,10,October,2012,4,Wednesday,15,24,0,9,3,326,36.16243333,-106.63543056,1,1,0,0,0,1,0
350330,NEW MEXICO,NM,1,1,0,0,1,1,6,0,ACOMA,26,9,September,2012,4,Wednesday,10,55,0,9,3,99998,77.77770000,777.77770000,42,1,0,0,0,1,0
350331,NEW MEXICO,NM,2,2,0,0,4,4,49,0,COLLINSVILLE,21,11,November,2012,4,Wednesday,14,18,0,9,3,672,35.86385556,-106.22491667,12,1,0,0,0,1,0
350332,NEW MEXICO,NM,1,1,0,0,2,2,6,702,ACOMA,24,8,August,2012,6,Friday,19,35,0,6,6,0,35.08768056,-107.59699722,34,5,0,0,0,1,1
350333,NEW MEXICO,NM,1,1,0,0,2,2,39,0,ANDALUSIA,4,5,May,2012,6,Friday,10,39,0,3,3,62,77.77770000,777.77770000,35,1,0,0,0,1,1
350334,NEW MEXICO,NM,2,2,0,0,6,6,55,631,ATTALLA,21,8,August,2012,3,Tuesday,14,12,0,3,3,336,36.30943889,-105.73046944,12,1,0,0,0,1,0
350335,NEW MEXICO,NM,2,2,0,0,3,3,31,9997,COFFEE,13,3,March,2012,3,Tuesday,5,30,1,1,1,145,35.49700000,-108.85664444,12,2,0,0,0,1,1
350336,NEW MEXICO,NM,1,1,0,0,1,1,49,0,COLLINSVILLE,9,9,September,2012,1,Sunday,10,56,0,9,3,158,35.23566111,-106.20216389,24,1,0,0,0,1,0
350337,NEW MEXICO,NM,2,1,3,3,3,3,31,340,COFFEE,19,9,September,2012,4,Wednesday,9,24,1,11,1,205,35.52867500,-108.75253056,18,1,0,0,0,2,0
350338,NEW MEXICO,NM,1,1,0,0,2,2,45,0,ARITON,17,10,October,2012,4,Wednesday,19,12,0,9,9,0,99.99990000,999.99990000,1,2,0,0,0,1,1
350339,NEW MEXICO,NM,1,1,0,0,1,1,7,0,BIBB,28,10,October,2012,1,Sunday,0,18,0,3,2,3111,36.71488333,-104.46721944,11,2,0,0,0,1,1