ST_CASE,State Name,State Abbreviation,# of Vehicle involved,Parked_Vehicles_Involved,Pedestrains,Person_Not_in_Motor_Vehicle,Persons_in_motor_vehicle,Total_Persons_in_accident,COUNTY,CITY,City_County_Name,Calendar_DAY,MONTH,Month_name,YEAR,DAY_WEEK,Day_Week_desc,HOUR,MINUTE,NHS_Desc,trafficway,Route,MILEPT,LATITUDE,LONGITUD,First_Crash_event,Light_cond_desc,Weather_condition,School_bus_involved,Crash_cause,FATALS,DRUNK_DR
360595,NEW YORK,NY,2,2,0,0,4,4,103,360,DANVILLE,24,1,January,2012,3,Tuesday,19,43,0,4,4,0,40.74505278,-73.40079167,12,3,0,0,0,1,1
360596,NEW YORK,NY,1,1,1,1,1,1,61,4170,BELLWOOD,14,7,July,2012,7,Saturday,21,16,0,16,6,0,40.79654444,-73.97026944,8,3,0,0,0,1,0
360597,NEW YORK,NY,1,1,1,1,1,1,81,4170,AUBURN,24,7,July,2012,3,Tuesday,10,10,0,14,6,0,40.74774444,-73.88390833,8,1,0,0,0,1,0
360598,NEW YORK,NY,3,3,0,0,12,12,105,3850,MARION,17,7,July,2012,3,Tuesday,15,33,0,14,3,0,41.67044167,-74.67229722,33,1,0,0,0,1,0
360599,NEW YORK,NY,1,1,1,1,1,1,103,2920,DANVILLE,26,7,July,2012,5,Thursday,19,56,0,16,6,0,40.79866944,-73.24783056,8,2,0,0,0,1,0
360600,NEW YORK,NY,2,2,0,0,3,3,59,4600,FRANKLIN,29,7,July,2012,1,Sunday,4,15,1,11,1,0,40.78572500,-73.53218056,12,3,10,0,0,1,1
360601,NEW YORK,NY,2,2,0,0,3,3,115,2360,ASHVILLE,29,7,July,2012,1,Sunday,6,58,0,3,3,0,99.99990000,999.99990000,12,1,10,0,0,1,1
360602,NEW YORK,NY,2,1,0,0,3,3,5,4170,BAKER HILL,16,7,July,2012,2,Monday,23,17,1,13,6,0,40.89124444,-73.86556944,14,3,0,0,0,1,1
360603,NEW YORK,NY,2,1,0,0,1,1,101,6500,BOYLSTON,30,7,July,2012,2,Monday,20,46,0,6,6,0,42.49740000,-77.60411944,14,2,0,0,0,1,1
360604,NEW YORK,NY,1,1,1,1,1,1,103,2920,DANVILLE,20,7,July,2012,6,Friday,16,32,1,2,3,0,99.99990000,999.99990000,9,1,0,0,0,1,0
360605,NEW YORK,NY,3,1,0,0,1,1,61,4170,BELLWOOD,30,7,July,2012,2,Monday,21,50,0,15,6,0,40.82848333,-73.94156111,14,3,0,0,0,1,1
360606,NEW YORK,NY,1,1,1,1,1,1,29,1500,BORDEN SPRINGS,30,7,July,2012,2,Monday,7,5,0,15,6,0,42.90165278,-78.68908611,33,1,0,0,0,1,0
360607,NEW YORK,NY,1,1,1,1,1,1,29,1117,BORDEN SPRINGS,30,7,July,2012,2,Monday,1,23,0,13,3,0,42.92038333,-78.75409722,8,3,0,0,0,1,0
360608,NEW YORK,NY,2,2,0,0,2,2,119,5802,BELLAMY,1,8,August,2012,4,Wednesday,16,16,0,14,3,0,41.33917778,-73.67289722,12,1,10,0,0,1,0
360609,NEW YORK,NY,2,2,0,0,2,2,27,5951,ASHLAND,1,8,August,2012,4,Wednesday,12,5,0,5,3,0,41.86100000,-73.71744444,12,1,0,0,0,1,0
360610,NEW YORK,NY,2,2,0,0,4,4,29,750,BORDEN SPRINGS,1,8,August,2012,4,Wednesday,14,26,0,16,6,0,42.92198611,-78.84858889,12,1,0,0,0,1,0
360611,NEW YORK,NY,3,2,0,0,7,7,27,5030,ASHLAND,1,8,August,2012,4,Wednesday,16,38,0,15,6,0,41.69551111,-73.90925000,12,1,0,0,0,2,1
360612,NEW YORK,NY,2,1,0,0,1,1,81,4170,AUBURN,21,7,July,2012,7,Saturday,20,8,0,13,6,0,40.68563611,-73.77302500,30,3,0,0,0,1,0
360613,NEW YORK,NY,1,1,1,1,2,2,61,4170,BELLWOOD,30,7,July,2012,2,Monday,19,50,0,14,6,0,40.79428333,-73.94705000,9,3,0,0,0,1,0
360614,NEW YORK,NY,2,2,0,0,2,2,51,350,CENTRAL,2,8,August,2012,5,Thursday,14,39,0,3,4,0,42.87215556,-77.77010278,12,1,0,0,0,1,0
360615,NEW YORK,NY,2,2,0,0,5,5,103,2840,DANVILLE,2,8,August,2012,5,Thursday,11,19,1,13,3,0,40.81129722,-73.39285000,12,1,0,0,0,1,0
360616,NEW YORK,NY,1,1,1,1,2,2,51,350,CENTRAL,4,8,August,2012,7,Saturday,15,40,0,3,4,0,42.90353889,-77.70736111,8,1,0,0,0,1,0
360617,NEW YORK,NY,3,3,0,0,4,4,55,2710,ATTALLA,2,8,August,2012,5,Thursday,9,27,0,16,5,0,43.22342778,-77.84692778,12,1,0,0,0,1,0
360618,NEW YORK,NY,2,2,0,0,2,2,93,4225,BEAR CREEK,4,8,August,2012,7,Saturday,15,57,0,5,6,0,42.84850278,-73.89177222,12,1,0,0,0,1,1
360619,NEW YORK,NY,1,1,1,1,1,1,85,4170,BENTON,3,8,August,2012,6,Friday,16,15,0,16,6,0,40.60881667,-74.12113889,8,1,0,0,0,1,0
360620,NEW YORK,NY,1,1,1,1,3,3,53,1530,ATMORE,3,8,August,2012,6,Friday,17,57,0,6,4,0,42.82527222,-75.81213333,8,1,0,0,0,1,0
360621,NEW YORK,NY,2,2,0,0,5,5,15,3790,ANNISTON,4,8,August,2012,7,Saturday,13,48,0,6,6,0,42.25493889,-76.81752778,12,1,0,0,0,1,0
360622,NEW YORK,NY,1,1,1,1,1,1,65,5260,CYPRESS,4,8,August,2012,7,Saturday,9,59,0,16,6,0,43.24235556,-75.43206111,8,1,0,0,0,1,0
360623,NEW YORK,NY,1,1,1,1,1,1,119,640,BELLAMY,8,7,July,2012,1,Sunday,12,40,0,6,6,0,41.16127500,-73.83556944,9,1,0,0,0,1,0
360624,NEW YORK,NY,2,2,0,0,2,2,53,3201,ATMORE,4,8,August,2012,7,Saturday,10,32,1,2,3,0,43.15713889,-75.75090556,12,1,0,0,0,1,0
360625,NEW YORK,NY,1,1,0,0,1,1,29,6090,BORDEN SPRINGS,7,8,August,2012,3,Tuesday,18,19,1,11,1,0,99.99990000,999.99990000,20,1,0,0,0,1,0
360626,NEW YORK,NY,1,1,0,0,2,2,17,4892,CHAMBERS,7,8,August,2012,3,Tuesday,20,18,0,4,4,0,42.56506389,-75.54036111,11,5,0,0,0,1,0
360627,NEW YORK,NY,1,1,0,0,1,1,37,3210,BRADFORD,6,8,August,2012,2,Monday,7,46,1,13,3,0,42.97764444,-77.99104167,33,1,0,0,0,1,0
360628,NEW YORK,NY,1,1,0,0,3,3,117,1230,BIRMINGHAM,8,8,August,2012,4,Wednesday,21,17,0,6,6,0,43.08518333,-76.84138611,34,2,0,0,0,1,0
360629,NEW YORK,NY,1,1,0,0,2,2,55,5230,ATTALLA,8,8,August,2012,4,Wednesday,20,0,0,16,6,0,43.09006111,-77.68265556,24,5,0,0,0,1,0
360630,NEW YORK,NY,1,1,0,0,1,1,65,6626,CYPRESS,9,8,August,2012,5,Thursday,20,58,0,6,6,0,43.13562222,-75.44636944,1,2,0,0,0,1,1
360631,NEW YORK,NY,2,2,0,0,5,5,59,2600,FRANKLIN,23,7,July,2012,2,Monday,23,25,0,14,6,0,99.99990000,999.99990000,12,3,0,0,0,1,0
360632,NEW YORK,NY,1,1,1,1,1,1,61,4170,BELLWOOD,9,8,August,2012,5,Thursday,22,30,0,16,6,0,40.72158333,-73.98902500,8,3,0,0,0,1,0
360633,NEW YORK,NY,4,2,0,0,4,4,47,4170,BROWNS,8,8,August,2012,4,Wednesday,2,9,0,16,6,0,40.61873611,-73.98340278,12,3,0,0,0,1,0
360634,NEW YORK,NY,1,1,0,0,1,1,27,5951,ASHLAND,5,8,August,2012,1,Sunday,7,28,0,6,5,0,41.87146944,-73.65344722,59,4,0,0,0,1,1
360635,NEW YORK,NY,1,1,0,0,2,2,101,5062,BOYLSTON,9,8,August,2012,5,Thursday,21,15,0,6,6,0,42.52277500,-77.16885556,32,2,0,0,0,1,1
360636,NEW YORK,NY,2,2,0,0,3,3,119,6820,BELLAMY,5,8,August,2012,1,Sunday,2,0,1,2,3,0,99.99990000,999.99990000,12,2,0,0,0,1,0
360637,NEW YORK,NY,2,2,1,1,2,2,47,4170,BROWNS,10,8,August,2012,6,Friday,20,25,0,14,6,0,40.64200278,-73.89881944,8,3,0,0,0,1,0
360638,NEW YORK,NY,3,3,0,0,4,4,55,652,ATTALLA,5,8,August,2012,1,Sunday,0,59,1,11,1,0,43.11523333,-77.63108611,12,3,0,0,0,2,1
360639,NEW YORK,NY,2,2,0,0,2,2,99,5265,BEATRICE,10,8,August,2012,6,Friday,0,19,1,2,3,0,42.69665278,-76.81969167,12,2,0,0,0,1,0
360640,NEW YORK,NY,2,2,0,0,3,3,5,4170,BAKER HILL,11,8,August,2012,7,Saturday,12,18,0,15,6,0,40.81207778,-73.88683056,12,1,0,0,0,1,0
360641,NEW YORK,NY,2,2,0,0,3,3,115,9997,ASHVILLE,11,8,August,2012,7,Saturday,13,0,0,2,3,0,42.98569167,-73.37546389,12,1,0,0,0,1,0
360642,NEW YORK,NY,1,1,0,0,1,1,29,2485,BORDEN SPRINGS,12,8,August,2012,1,Sunday,13,8,1,1,1,0,42.74206944,-78.84182778,35,1,0,0,0,1,0
360643,NEW YORK,NY,2,2,0,0,3,3,61,4170,BELLWOOD,11,8,August,2012,7,Saturday,22,30,1,13,3,0,40.78865556,-73.93772500,12,3,0,0,0,1,0
360644,NEW YORK,NY,1,1,0,0,1,1,39,1614,ANDALUSIA,16,8,August,2012,5,Thursday,20,0,0,5,4,0,42.39911944,-74.18889167,42,5,0,0,0,1,1
360645,NEW YORK,NY,1,1,1,1,1,1,59,6720,FRANKLIN,12,8,August,2012,1,Sunday,4,0,0,16,5,0,40.76433889,-73.64288889,8,3,0,0,0,1,0
360646,NEW YORK,NY,2,2,0,0,7,7,15,2800,ANNISTON,29,4,April,2012,1,Sunday,8,57,0,4,3,0,42.18914167,-76.78895556,12,1,0,0,0,1,0
360647,NEW YORK,NY,1,1,0,0,1,1,91,3462,DAYTON,14,8,August,2012,3,Tuesday,18,35,1,1,1,194,42.93906111,-73.80502500,31,1,0,0,0,1,1
360648,NEW YORK,NY,1,1,0,0,1,1,67,4310,ABBEVILLE,17,8,August,2012,6,Friday,11,32,1,1,1,0,43.13722222,-76.11693611,1,1,0,0,0,1,0
360649,NEW YORK,NY,1,1,0,0,2,2,67,1750,ABBEVILLE,17,8,August,2012,6,Friday,18,28,0,6,6,0,43.07097500,-76.05798056,38,1,0,0,0,2,0
360650,NEW YORK,NY,1,1,0,0,1,1,103,2920,DANVILLE,18,8,August,2012,7,Saturday,14,44,1,2,3,0,40.73303056,-73.30515278,42,1,0,0,0,1,0
360651,NEW YORK,NY,2,2,0,0,5,5,111,3560,GRAHAM,19,8,August,2012,1,Sunday,6,10,0,3,3,0,99.99990000,999.99990000,12,1,0,0,0,1,0
360652,NEW YORK,NY,1,1,0,0,1,1,55,1174,ATTALLA,19,8,August,2012,1,Sunday,21,25,0,3,3,0,43.23236944,-77.88748056,34,2,0,0,0,1,1
360653,NEW YORK,NY,1,1,0,0,1,1,37,42,BRADFORD,20,8,August,2012,2,Monday,19,16,0,6,5,0,43.05145278,-78.43636389,30,1,0,0,0,1,1
360654,NEW YORK,NY,2,2,0,0,4,4,5,4170,BAKER HILL,21,8,August,2012,3,Tuesday,21,32,0,16,6,0,40.86776389,-73.86152222,12,3,0,0,0,1,0
360655,NEW YORK,NY,3,3,0,0,3,3,87,4380,ARMSTRONG,20,8,August,2012,2,Monday,2,59,1,2,3,0,41.07389722,-73.92275556,12,2,0,0,0,1,1
360656,NEW YORK,NY,3,3,1,1,4,4,47,4170,BROWNS,7,6,June,2012,5,Thursday,16,11,0,16,6,0,40.59868611,-73.93780000,8,1,0,0,0,1,0
360657,NEW YORK,NY,1,1,0,0,2,2,45,1900,ARITON,21,8,August,2012,3,Tuesday,23,6,1,1,1,0,44.04060833,-75.91386111,52,2,0,0,0,1,0
360658,NEW YORK,NY,2,2,0,0,6,6,109,1590,ANSLEY,21,8,August,2012,3,Tuesday,13,20,0,3,3,0,42.40414444,-76.42685556,12,1,0,0,0,1,0
360659,NEW YORK,NY,1,1,1,1,2,2,67,1179,ABBEVILLE,21,8,August,2012,3,Tuesday,21,36,0,5,4,0,43.17054167,-76.24407500,8,3,0,0,0,1,0
360660,NEW YORK,NY,2,2,0,0,2,2,1,1290,AUTAUGA,22,8,August,2012,4,Wednesday,7,44,0,4,6,0,42.72866667,-73.79667222,12,1,0,0,0,1,0
360661,NEW YORK,NY,1,1,0,0,2,2,71,4980,BRIDGEPORT,22,8,August,2012,4,Wednesday,14,11,1,1,1,0,99.99990000,999.99990000,42,1,0,0,0,1,0
360662,NEW YORK,NY,1,1,3,3,1,1,61,4170,BELLWOOD,23,8,August,2012,5,Thursday,13,22,0,16,6,0,40.70509722,-74.01155000,8,1,0,0,0,1,0
360663,NEW YORK,NY,2,2,0,0,3,3,29,1899,BORDEN SPRINGS,23,8,August,2012,5,Thursday,21,16,0,3,2,0,99.99990000,999.99990000,12,1,0,0,0,1,0
360664,NEW YORK,NY,2,2,0,0,2,2,29,156,BORDEN SPRINGS,23,8,August,2012,5,Thursday,12,20,0,16,6,0,99.99990000,999.99990000,12,1,0,0,0,1,0
360665,NEW YORK,NY,1,1,1,1,1,1,5,4170,BAKER HILL,21,8,August,2012,3,Tuesday,4,43,0,13,6,0,40.89249167,-73.85446944,8,3,0,0,0,1,0
360666,NEW YORK,NY,1,1,1,1,1,1,69,2769,ASHFORD,24,8,August,2012,6,Friday,11,26,0,5,2,0,42.79051389,-77.51967222,8,1,0,0,0,1,0
360667,NEW YORK,NY,3,1,1,1,1,1,5,4170,BAKER HILL,24,8,August,2012,6,Friday,1,13,0,16,6,0,40.81211111,-73.90134722,8,3,0,0,0,1,1
360668,NEW YORK,NY,2,2,0,0,2,2,75,2200,BEAVERTON,24,8,August,2012,6,Friday,15,1,0,3,3,0,43.35125000,-76.28243611,12,1,0,0,0,1,0
360669,NEW YORK,NY,2,2,0,0,4,4,117,6760,BIRMINGHAM,23,8,August,2012,5,Thursday,6,23,0,3,3,0,43.20403611,-76.88864167,12,1,0,0,0,1,0
360670,NEW YORK,NY,1,1,1,1,1,1,111,4461,GRAHAM,24,8,August,2012,6,Friday,13,15,0,3,3,0,41.97764722,-74.19142778,8,1,0,0,0,1,0
360671,NEW YORK,NY,2,2,0,0,4,4,63,3340,BOLIGEE,24,8,August,2012,6,Friday,18,41,0,5,6,0,43.20513333,-78.66020833,12,1,0,0,0,1,0
360672,NEW YORK,NY,1,1,1,1,1,1,81,4170,AUBURN,24,8,August,2012,6,Friday,22,50,1,13,3,0,40.71677500,-73.82126667,8,3,0,0,0,1,0
360673,NEW YORK,NY,1,1,0,0,2,2,53,1010,ATMORE,25,8,August,2012,7,Saturday,19,58,0,5,6,0,42.98827778,-75.78218333,42,2,0,0,0,1,1
360674,NEW YORK,NY,2,2,0,0,2,2,103,2840,DANVILLE,26,6,June,2012,3,Tuesday,8,40,0,13,3,0,40.78853333,-73.41556111,12,1,0,0,0,1,0
360675,NEW YORK,NY,1,1,0,0,3,3,103,705,DANVILLE,21,7,July,2012,7,Saturday,1,15,0,6,6,0,40.81814722,-72.86278056,38,3,0,0,0,2,1
360676,NEW YORK,NY,1,1,0,0,1,1,7,540,BIBB,24,8,August,2012,6,Friday,22,35,0,4,5,0,42.00172222,-75.93720000,24,2,0,0,0,1,0
360677,NEW YORK,NY,2,2,0,0,3,3,103,360,DANVILLE,17,7,July,2012,3,Tuesday,17,59,0,13,3,0,40.70658333,-73.34956111,12,1,0,0,0,1,0
360678,NEW YORK,NY,2,2,0,0,3,3,105,3850,MARION,24,8,August,2012,6,Friday,13,31,0,16,5,0,41.62388333,-74.59318611,12,1,0,0,0,1,0
360679,NEW YORK,NY,2,2,1,1,2,2,103,360,DANVILLE,19,7,July,2012,5,Thursday,22,27,0,13,3,0,40.68937500,-73.40869444,8,3,0,0,0,1,0
360680,NEW YORK,NY,2,2,0,0,3,3,103,1650,DANVILLE,9,8,August,2012,5,Thursday,11,42,0,4,3,0,40.95336667,-72.19658611,12,1,0,0,0,1,0
360681,NEW YORK,NY,1,1,1,1,1,1,33,3460,CHEROKEE,25,8,August,2012,7,Saturday,22,51,0,3,3,0,44.76136667,-74.29074722,8,2,0,0,0,1,0
360682,NEW YORK,NY,2,2,0,0,2,2,103,2920,DANVILLE,6,8,August,2012,2,Monday,17,50,0,16,5,0,40.81322500,-73.11905833,12,1,0,0,0,1,0
360683,NEW YORK,NY,3,3,0,0,3,3,103,705,DANVILLE,8,8,August,2012,4,Wednesday,21,22,0,16,5,0,40.79125556,-72.94820000,12,2,0,0,0,1,0
360684,NEW YORK,NY,1,1,1,1,1,1,103,705,DANVILLE,11,8,August,2012,7,Saturday,7,42,0,6,6,0,40.77777500,-72.94405833,9,1,0,0,0,1,0
360685,NEW YORK,NY,1,1,0,0,3,3,63,3220,BOLIGEE,19,8,August,2012,1,Sunday,4,45,0,16,5,0,43.15502778,-78.96738611,32,2,0,0,0,1,1
360686,NEW YORK,NY,1,1,0,0,1,1,19,4880,CEDAR BLUFF,25,8,August,2012,7,Saturday,23,30,1,1,1,0,99.99990000,999.99990000,24,2,0,0,0,1,1
360687,NEW YORK,NY,1,1,1,1,1,1,103,5769,DANVILLE,20,8,August,2012,2,Monday,20,22,0,16,6,0,99.99990000,999.99990000,8,3,0,0,0,1,0
360688,NEW YORK,NY,2,2,0,0,2,2,97,2592,AXIS,26,8,August,2012,1,Sunday,15,35,0,4,3,0,42.46607500,-76.86640556,12,1,0,0,0,1,1
360689,NEW YORK,NY,2,2,0,0,4,4,33,3460,CHEROKEE,25,8,August,2012,7,Saturday,14,55,0,2,3,0,99.99990000,999.99990000,12,1,0,0,0,3,0
360690,NEW YORK,NY,2,2,0,0,2,2,79,630,COURTLAND,26,8,August,2012,1,Sunday,14,19,0,5,4,0,41.42700000,-73.54314722,12,1,0,0,0,1,0
360691,NEW YORK,NY,2,2,0,0,2,2,103,1645,DANVILLE,27,8,August,2012,2,Monday,15,13,1,13,3,0,40.74491944,-73.42277500,12,1,0,0,0,1,0
360692,NEW YORK,NY,1,1,1,1,1,1,47,4170,BROWNS,26,8,August,2012,1,Sunday,21,8,0,13,6,0,40.69861389,-73.95877500,9,3,0,0,0,1,0
360693,NEW YORK,NY,2,2,0,0,6,6,75,5450,BEAVERTON,27,8,August,2012,2,Monday,16,38,0,5,4,0,99.99990000,999.99990000,12,1,10,0,0,1,0
360694,NEW YORK,NY,3,3,0,0,5,5,85,4170,BENTON,27,8,August,2012,2,Monday,19,5,0,13,6,0,40.53456667,-74.15366667,12,1,0,0,0,2,0
360695,NEW YORK,NY,1,1,1,1,1,1,55,5230,ATTALLA,29,8,August,2012,4,Wednesday,18,34,0,16,6,0,43.15245833,-77.62656389,9,1,0,0,0,1,0
360696,NEW YORK,NY,1,1,0,0,1,1,111,4875,GRAHAM,30,8,August,2012,5,Thursday,12,54,1,11,1,690,99.99990000,999.99990000,35,1,0,0,0,1,0
360697,NEW YORK,NY,2,2,0,0,2,2,23,1380,BLADON SPRINGS,29,8,August,2012,4,Wednesday,12,26,0,3,3,0,42.59150278,-76.12575556,12,1,0,0,0,1,1
360699,NEW YORK,NY,1,1,1,1,2,2,45,1900,ARITON,30,8,August,2012,5,Thursday,6,7,0,4,3,0,44.00487778,-75.92202778,8,4,0,0,0,1,0
360700,NEW YORK,NY,2,2,0,0,3,3,33,3460,CHEROKEE,29,8,August,2012,4,Wednesday,17,55,0,2,3,0,44.89604722,-74.29003056,12,1,0,0,0,1,0
360701,NEW YORK,NY,3,3,0,0,3,3,101,1360,BOYLSTON,31,8,August,2012,6,Friday,0,41,0,14,3,0,42.14395833,-77.06087222,12,2,0,0,0,1,1
360702,NEW YORK,NY,1,1,0,0,1,1,43,2120,BAILEYTON,2,9,September,2012,1,Sunday,17,42,0,3,3,0,43.02528611,-75.07337778,1,1,0,0,0,1,0
360703,NEW YORK,NY,2,2,0,0,2,2,71,4130,BRIDGEPORT,3,9,September,2012,2,Monday,18,24,0,14,3,0,41.49173333,-74.02211389,12,1,0,0,0,1,1
360704,NEW YORK,NY,1,1,0,0,5,5,1,1290,AUTAUGA,2,9,September,2012,1,Sunday,9,35,1,1,1,70,42.77123611,-73.76161667,35,1,0,0,0,1,0
360705,NEW YORK,NY,1,1,1,1,1,1,59,3360,FRANKLIN,4,9,September,2012,3,Tuesday,13,6,0,14,6,0,40.58884444,-73.64565833,8,1,0,0,0,1,0
360706,NEW YORK,NY,4,4,0,0,4,4,55,1160,ATTALLA,6,9,September,2012,5,Thursday,8,41,0,4,4,0,43.10361667,-77.67708056,12,1,0,0,0,1,0
360707,NEW YORK,NY,1,1,0,0,1,1,45,910,ARITON,6,9,September,2012,5,Thursday,0,30,0,6,5,0,43.97340278,-75.58774722,1,3,0,0,0,1,1
360708,NEW YORK,NY,2,2,0,0,3,3,3,5328,BALDWIN,7,9,September,2012,6,Friday,5,49,0,3,4,0,42.43127500,-78.29218611,12,2,0,0,0,1,0
360709,NEW YORK,NY,1,1,0,0,1,1,87,2580,ARMSTRONG,8,9,September,2012,7,Saturday,3,7,0,13,3,0,41.04133611,-73.92076389,24,2,0,0,0,1,0
360710,NEW YORK,NY,2,2,0,0,2,2,97,6480,AXIS,7,9,September,2012,6,Friday,5,20,0,16,5,0,42.37341111,-76.86962778,12,3,0,0,0,1,0
360711,NEW YORK,NY,4,4,0,0,5,5,61,4170,BELLWOOD,31,1,January,2012,3,Tuesday,2,5,0,12,3,0,40.77043333,-73.94737778,12,3,0,0,0,1,0
360712,NEW YORK,NY,1,1,0,0,2,2,45,1840,ARITON,1,9,September,2012,7,Saturday,20,40,0,3,3,0,43.75399722,-76.12691111,35,2,0,0,0,1,0
360713,NEW YORK,NY,1,1,1,1,1,1,47,4170,BROWNS,22,7,July,2012,1,Sunday,20,48,0,16,6,0,40.66313056,-73.90514722,8,3,0,0,0,1,0
360714,NEW YORK,NY,2,2,0,0,2,2,47,4170,BROWNS,22,8,August,2012,4,Wednesday,18,14,0,16,6,0,40.67068056,-73.91700833,12,1,0,0,0,1,1
360715,NEW YORK,NY,2,2,0,0,2,2,5,4170,BAKER HILL,31,8,August,2012,6,Friday,14,40,0,14,6,0,40.89978889,-73.85778889,12,1,0,0,0,1,0
360716,NEW YORK,NY,2,2,0,0,3,3,17,4289,CHAMBERS,8,9,September,2012,7,Saturday,18,45,0,3,3,0,42.61894722,-75.51045000,12,1,0,0,0,1,1
360717,NEW YORK,NY,1,1,0,0,6,6,55,5600,ATTALLA,8,9,September,2012,7,Saturday,3,8,0,6,5,0,43.02598611,-77.87496389,5,2,0,0,0,1,0
360718,NEW YORK,NY,1,1,0,0,1,1,91,2469,DAYTON,9,9,September,2012,1,Sunday,14,13,0,6,5,0,43.31149444,-74.01333333,24,1,0,0,0,1,0
360719,NEW YORK,NY,2,2,0,0,2,2,13,2267,BOLLING,9,9,September,2012,1,Sunday,15,30,0,2,3,0,42.25293056,-79.26686389,12,1,0,0,0,1,0
360720,NEW YORK,NY,2,2,0,0,2,2,29,156,BORDEN SPRINGS,8,9,September,2012,7,Saturday,10,13,1,13,2,0,42.98045000,-78.81751389,12,1,0,0,0,1,0
360721,NEW YORK,NY,1,1,0,0,1,1,75,6712,BEAVERTON,9,9,September,2012,1,Sunday,0,49,0,3,4,0,43.33229167,-75.89713611,42,2,0,0,0,1,0
360722,NEW YORK,NY,1,1,0,0,1,1,57,2110,BANKSTON,1,6,June,2012,6,Friday,23,16,0,2,3,0,99.99990000,999.99990000,34,2,0,0,0,1,1
360723,NEW YORK,NY,1,1,0,0,1,1,35,4340,BROOKLYN,10,9,September,2012,2,Monday,15,19,0,3,4,0,43.21230833,-74.08131667,42,1,0,0,0,1,0
360724,NEW YORK,NY,1,1,0,0,1,1,59,2600,FRANKLIN,13,9,September,2012,5,Thursday,3,8,1,2,3,0,40.68267500,-73.68952500,42,3,0,0,0,1,0
360725,NEW YORK,NY,1,1,0,0,1,1,17,4562,CHAMBERS,10,9,September,2012,2,Monday,17,43,0,2,3,0,42.72333889,-75.69313333,34,1,0,0,0,1,1
360726,NEW YORK,NY,1,1,0,0,1,1,43,4445,BAILEYTON,13,9,September,2012,5,Thursday,9,45,0,2,3,0,43.72850833,-74.92847222,34,1,0,0,0,1,0
360727,NEW YORK,NY,1,1,0,0,1,1,81,4170,AUBURN,12,9,September,2012,4,Wednesday,11,52,1,13,3,0,40.74556944,-73.73512500,25,1,0,0,0,1,0
360728,NEW YORK,NY,3,2,0,0,3,3,5,4170,BAKER HILL,13,9,September,2012,5,Thursday,6,6,1,1,1,0,40.88887778,-73.88939722,12,4,0,0,0,1,0
360729,NEW YORK,NY,1,1,1,1,1,1,81,4170,AUBURN,23,8,August,2012,5,Thursday,21,12,0,16,6,0,40.65626111,-73.76735000,8,2,0,0,0,1,0
360730,NEW YORK,NY,1,1,1,1,1,1,47,4170,BROWNS,8,6,June,2012,6,Friday,19,45,0,14,6,0,40.57915556,-73.98305833,8,5,0,0,0,1,0
360731,NEW YORK,NY,2,1,0,0,1,1,85,4170,BENTON,28,7,July,2012,7,Saturday,0,45,0,16,6,0,40.62145278,-74.12609444,14,3,0,0,0,1,1
360732,NEW YORK,NY,1,1,0,0,1,1,5,4170,BAKER HILL,30,8,August,2012,5,Thursday,6,57,1,1,1,0,40.85426389,-73.91878611,42,1,0,0,0,1,0
360733,NEW YORK,NY,1,1,0,0,1,1,103,705,DANVILLE,5,9,September,2012,4,Wednesday,5,50,0,2,4,0,40.92714167,-72.87931944,42,3,0,0,0,1,0
360734,NEW YORK,NY,1,1,1,1,3,3,59,4600,FRANKLIN,13,9,September,2012,5,Thursday,8,35,0,16,6,0,40.79468611,-73.53271667,8,1,0,0,0,1,0
360735,NEW YORK,NY,1,1,0,0,1,1,5,4170,BAKER HILL,13,9,September,2012,5,Thursday,12,49,1,2,3,0,40.87836944,-73.81796944,30,1,0,0,0,1,0
360736,NEW YORK,NY,2,2,0,0,4,4,71,3830,BRIDGEPORT,13,9,September,2012,5,Thursday,12,14,0,6,5,0,41.32265000,-74.15963056,12,1,0,0,0,1,0
360737,NEW YORK,NY,1,1,1,1,1,1,103,3589,DANVILLE,2,9,September,2012,1,Sunday,11,35,0,6,5,0,40.79473889,-72.85195556,9,1,0,0,0,1,0
360738,NEW YORK,NY,1,1,0,0,1,1,115,250,ASHVILLE,14,9,September,2012,6,Friday,21,10,0,3,3,0,43.22259167,-73.48910833,30,2,0,0,0,1,1
360739,NEW YORK,NY,2,2,0,0,6,6,103,360,DANVILLE,2,9,September,2012,1,Sunday,11,53,1,2,3,0,40.69358889,-73.42287222,12,1,0,0,0,1,0
360740,NEW YORK,NY,2,2,0,0,4,4,103,705,DANVILLE,3,9,September,2012,2,Monday,20,0,0,16,6,0,40.80191389,-72.91413611,12,3,0,0,0,1,1
360741,NEW YORK,NY,1,1,0,0,2,2,103,2920,DANVILLE,3,9,September,2012,2,Monday,9,54,0,16,6,0,40.80326389,-73.24830278,42,1,0,0,0,1,0
360742,NEW YORK,NY,2,2,0,0,3,3,71,2320,BRIDGEPORT,14,9,September,2012,6,Friday,20,11,0,3,3,0,41.37410278,-74.35174444,12,2,0,0,0,1,0
360743,NEW YORK,NY,3,3,0,0,3,3,61,4170,BELLWOOD,15,9,September,2012,7,Saturday,13,38,0,16,6,0,40.80795833,-73.94580556,12,1,0,0,0,1,0