ST_CASE,State Name,State Abbreviation,# of Vehicle involved,Parked_Vehicles_Involved,Pedestrains,Person_Not_in_Motor_Vehicle,Persons_in_motor_vehicle,Total_Persons_in_accident,COUNTY,CITY,City_County_Name,Calendar_DAY,MONTH,Month_name,YEAR,DAY_WEEK,Day_Week_desc,HOUR,MINUTE,NHS_Desc,trafficway,Route,MILEPT,LATITUDE,LONGITUD,First_Crash_event,Light_cond_desc,Weather_condition,School_bus_involved,Crash_cause,FATALS,DRUNK_DR
360890,NEW YORK,NY,1,1,1,1,1,1,59,1960,FRANKLIN,15,11,November,2012,5,Thursday,0,20,0,16,6,0,40.73217500,-73.45054444,15,3,0,0,0,1,1
360891,NEW YORK,NY,2,2,2,2,2,2,47,4170,BROWNS,15,11,November,2012,5,Thursday,5,27,0,16,6,0,40.71070278,-73.95353889,8,3,0,0,0,1,0
360892,NEW YORK,NY,1,1,0,0,1,1,37,1790,BRADFORD,16,11,November,2012,6,Friday,16,44,0,6,6,0,43.09974167,-78.13243333,42,1,0,0,0,1,0
360893,NEW YORK,NY,1,1,1,1,1,1,65,6220,CYPRESS,16,11,November,2012,6,Friday,11,0,0,16,6,0,43.07481667,-75.28485278,8,1,0,0,0,1,0
360894,NEW YORK,NY,3,1,0,0,2,2,71,4060,BRIDGEPORT,17,11,November,2012,7,Saturday,3,20,0,16,6,0,41.49319444,-74.02236111,14,3,0,0,0,1,1
360895,NEW YORK,NY,2,2,0,0,5,5,71,4060,BRIDGEPORT,19,11,November,2012,2,Monday,7,5,0,14,3,0,41.59094444,-74.06912778,12,2,0,0,0,1,0
360896,NEW YORK,NY,1,1,0,0,3,3,83,2779,ARDMORE,19,11,November,2012,2,Monday,13,17,0,6,4,0,42.89937778,-73.30978333,1,1,0,0,0,1,0
360897,NEW YORK,NY,2,2,1,1,3,3,69,3490,ASHFORD,12,11,November,2012,2,Monday,12,7,1,2,3,0,99.99990000,999.99990000,12,1,0,0,0,1,0
360898,NEW YORK,NY,3,1,1,1,2,2,55,5230,ATTALLA,19,11,November,2012,2,Monday,15,22,0,16,6,0,43.16717222,-77.60728333,14,1,0,0,0,1,0
360899,NEW YORK,NY,1,1,1,1,1,1,69,1961,ASHFORD,17,11,November,2012,7,Saturday,21,28,0,2,3,0,42.97315000,-77.32107222,8,2,0,0,0,1,0
360900,NEW YORK,NY,2,2,0,0,3,3,109,6120,ANSLEY,19,11,November,2012,2,Monday,15,45,0,6,5,0,42.52665278,-76.66023333,12,1,0,1,0,1,0
360901,NEW YORK,NY,1,1,2,2,1,1,49,3370,COLLINSVILLE,20,11,November,2012,3,Tuesday,7,51,0,2,3,0,43.84198611,-75.60177778,49,1,0,0,0,1,0
360902,NEW YORK,NY,1,1,0,0,2,2,3,190,BALDWIN,20,11,November,2012,3,Tuesday,22,53,0,6,5,0,42.05994167,-77.76110000,41,2,0,0,0,1,0
360903,NEW YORK,NY,3,3,0,0,6,6,11,3839,BULLOCK,20,11,November,2012,3,Tuesday,17,56,0,5,3,0,42.99976111,-76.71544444,12,2,0,1,0,2,0
360904,NEW YORK,NY,1,1,1,1,1,1,1,50,AUTAUGA,21,11,November,2012,4,Wednesday,6,55,0,16,5,0,42.67086389,-73.73882222,8,4,0,0,0,1,0
360905,NEW YORK,NY,2,2,0,0,4,4,59,2600,FRANKLIN,20,11,November,2012,3,Tuesday,11,10,0,16,6,0,99.99990000,999.99990000,12,1,0,0,0,2,0
360906,NEW YORK,NY,2,2,0,0,2,2,59,4600,FRANKLIN,21,11,November,2012,4,Wednesday,0,35,0,15,6,0,40.74892222,-73.50301944,12,3,0,0,0,1,0
360907,NEW YORK,NY,1,1,1,1,1,1,59,2600,FRANKLIN,22,11,November,2012,5,Thursday,2,0,0,16,5,0,40.68963611,-73.65872778,8,3,0,0,0,1,0
360908,NEW YORK,NY,1,1,0,0,2,2,75,6319,BEAVERTON,23,11,November,2012,6,Friday,23,53,0,6,6,0,43.39216111,-76.36549444,42,2,0,0,0,1,1
360910,NEW YORK,NY,1,1,0,0,1,1,25,1570,BARLOW BEND,25,11,November,2012,1,Sunday,16,23,0,3,3,0,42.08575556,-74.99961111,18,2,0,0,0,1,0
360911,NEW YORK,NY,1,1,0,0,4,4,7,540,BIBB,23,11,November,2012,6,Friday,12,32,0,14,5,0,42.09665000,-75.88822778,19,1,0,0,0,1,0
360912,NEW YORK,NY,2,2,0,0,3,3,59,1660,FRANKLIN,25,11,November,2012,1,Sunday,19,59,0,6,6,0,40.78153889,-73.63331667,12,2,0,0,0,1,1
360913,NEW YORK,NY,1,1,1,1,1,1,1,50,AUTAUGA,24,11,November,2012,7,Saturday,0,53,0,14,5,0,42.67274722,-73.78962500,9,3,0,0,0,1,1
360914,NEW YORK,NY,2,2,0,0,6,6,3,1430,BALDWIN,24,11,November,2012,7,Saturday,18,45,0,6,4,0,42.25309167,-78.27701944,12,2,0,0,0,1,0
360915,NEW YORK,NY,1,1,0,0,1,1,29,6642,BORDEN SPRINGS,8,8,August,2012,4,Wednesday,0,40,1,2,2,0,42.82951111,-78.79044167,20,2,0,0,0,1,0
360916,NEW YORK,NY,2,2,0,0,2,2,59,4600,FRANKLIN,29,11,November,2012,5,Thursday,13,40,0,13,3,0,40.67612500,-73.47184167,12,1,0,0,0,1,0
360917,NEW YORK,NY,2,2,0,0,2,2,47,4170,BROWNS,30,11,November,2012,6,Friday,19,6,0,13,6,0,40.62608056,-74.00150000,12,3,0,0,0,1,0
360918,NEW YORK,NY,1,1,1,1,1,1,119,2570,BELLAMY,30,11,November,2012,6,Friday,14,18,0,6,5,0,99.99990000,999.99990000,8,1,0,0,0,1,0
360919,NEW YORK,NY,1,1,3,3,8,8,59,2600,FRANKLIN,27,11,November,2012,3,Tuesday,21,35,0,16,5,0,40.71013056,-73.61430556,8,3,0,0,0,1,0
360920,NEW YORK,NY,1,1,0,0,1,1,71,3730,BRIDGEPORT,1,12,December,2012,7,Saturday,19,47,0,6,6,0,41.44858611,-74.41625000,33,3,0,0,0,1,1
360921,NEW YORK,NY,1,1,0,0,3,3,111,3560,GRAHAM,1,12,December,2012,7,Saturday,3,30,0,6,4,0,41.61668611,-73.99218333,30,3,0,0,0,1,0
360922,NEW YORK,NY,2,2,0,0,5,5,91,2484,DAYTON,1,12,December,2012,7,Saturday,22,18,1,1,1,96,42.82308056,-73.76813056,12,2,0,0,0,2,1
360923,NEW YORK,NY,2,2,0,0,5,5,111,3560,GRAHAM,2,12,December,2012,1,Sunday,7,43,0,13,3,0,99.99990000,999.99990000,12,1,0,0,0,1,0
360924,NEW YORK,NY,1,1,0,0,4,4,59,2600,FRANKLIN,1,12,December,2012,7,Saturday,2,55,1,2,3,0,40.69001944,-73.55331667,42,3,0,0,0,1,1
360925,NEW YORK,NY,1,1,1,1,1,1,29,6642,BORDEN SPRINGS,2,12,December,2012,1,Sunday,15,21,0,6,3,0,42.83879167,-78.78892222,8,1,0,0,0,1,0
360926,NEW YORK,NY,1,1,1,1,1,1,29,1844,BORDEN SPRINGS,3,12,December,2012,2,Monday,17,9,0,6,6,0,42.83896667,-78.67755000,8,5,0,0,0,1,0
360927,NEW YORK,NY,2,2,0,0,3,3,69,1961,ASHFORD,4,12,December,2012,3,Tuesday,19,45,0,6,6,0,42.96152778,-77.30382222,12,2,10,0,0,1,0
360928,NEW YORK,NY,1,1,1,1,1,1,55,2606,ATTALLA,4,12,December,2012,3,Tuesday,6,16,0,6,5,0,43.05872778,-77.64923889,8,3,0,0,0,1,0
360929,NEW YORK,NY,1,1,1,1,1,1,19,4880,CEDAR BLUFF,4,12,December,2012,3,Tuesday,17,3,1,2,2,0,44.73419722,-73.42925000,9,3,0,0,0,1,0
360930,NEW YORK,NY,1,1,0,0,1,1,25,3571,BARLOW BEND,5,12,December,2012,4,Wednesday,11,54,1,2,3,0,42.24575556,-75.38567222,42,1,0,0,0,1,0
360931,NEW YORK,NY,1,1,1,1,1,1,103,2920,DANVILLE,8,7,July,2012,1,Sunday,13,0,0,14,4,0,40.78560833,-73.26911389,9,1,0,0,0,1,0
360932,NEW YORK,NY,3,3,0,0,4,4,5,4170,BAKER HILL,22,8,August,2012,4,Wednesday,12,25,1,11,1,0,40.84435556,-73.90098056,12,1,0,0,0,1,0
360933,NEW YORK,NY,1,1,1,1,1,1,43,2880,BAILEYTON,4,12,December,2012,3,Tuesday,15,59,0,2,3,0,42.88935556,-75.00200000,15,1,0,0,0,1,0
360934,NEW YORK,NY,1,1,1,1,1,1,103,360,DANVILLE,23,10,October,2012,3,Tuesday,22,9,0,13,3,0,40.68789722,-73.41357500,8,3,2,0,0,1,0
360935,NEW YORK,NY,1,1,0,0,1,1,51,2461,CENTRAL,5,12,December,2012,4,Wednesday,12,50,0,2,3,0,42.67511944,-77.81566944,34,1,0,0,0,1,0
360936,NEW YORK,NY,1,1,1,1,1,1,13,2950,BOLLING,7,12,December,2012,6,Friday,10,44,0,16,5,0,42.09668056,-79.24482222,8,1,0,0,0,1,0
360937,NEW YORK,NY,1,1,2,2,2,2,103,3768,DANVILLE,1,11,November,2012,5,Thursday,20,5,0,16,6,0,40.94352222,-72.97209444,8,3,0,0,0,1,0
360938,NEW YORK,NY,2,2,0,0,2,2,103,360,DANVILLE,6,11,November,2012,3,Tuesday,20,45,0,13,3,0,40.70067222,-73.42673056,12,3,0,0,0,1,0
360939,NEW YORK,NY,1,1,1,1,2,2,85,4170,BENTON,10,11,November,2012,7,Saturday,18,30,0,16,6,0,40.60843889,-74.15548333,8,3,0,0,0,1,0
360940,NEW YORK,NY,1,1,1,1,1,1,59,2600,FRANKLIN,7,12,December,2012,6,Friday,12,12,0,16,5,0,40.70781389,-73.62618056,8,1,0,0,0,1,0
360941,NEW YORK,NY,1,1,1,1,1,1,103,2840,DANVILLE,11,11,November,2012,1,Sunday,14,3,0,16,6,0,40.82750278,-73.39451667,8,1,0,0,0,1,0
360942,NEW YORK,NY,1,1,0,0,1,1,103,2840,DANVILLE,17,11,November,2012,7,Saturday,3,1,0,16,6,0,40.80967500,-73.36847778,52,3,0,0,0,1,1
360943,NEW YORK,NY,1,1,1,1,1,1,59,4600,FRANKLIN,8,12,December,2012,7,Saturday,18,0,0,16,5,0,40.75253611,-73.53190278,8,3,0,0,0,1,0
360944,NEW YORK,NY,2,2,0,0,3,3,59,4600,FRANKLIN,13,12,December,2012,5,Thursday,14,0,1,2,3,0,40.79395000,-73.53601389,12,1,0,0,0,1,0
360945,NEW YORK,NY,1,1,0,0,3,3,65,800,CYPRESS,14,12,December,2012,6,Friday,11,56,0,6,5,0,43.40104722,-75.82411667,42,1,0,0,0,1,0
360946,NEW YORK,NY,3,3,0,0,3,3,55,1730,ATTALLA,14,12,December,2012,6,Friday,7,51,0,16,5,0,43.11883611,-77.48659722,12,1,0,0,0,1,1
360947,NEW YORK,NY,2,2,0,0,3,3,47,4170,BROWNS,14,11,November,2012,4,Wednesday,5,48,0,13,6,0,40.67689444,-73.92181111,12,1,0,0,0,1,0
360948,NEW YORK,NY,1,1,1,1,1,1,103,705,DANVILLE,27,11,November,2012,3,Tuesday,16,48,0,6,5,0,40.87210000,-72.98182500,8,2,0,0,0,1,0
360949,NEW YORK,NY,2,2,1,1,2,2,47,4170,BROWNS,17,11,November,2012,7,Saturday,3,40,0,16,6,0,40.63857222,-73.94817500,8,3,0,0,0,1,0
360950,NEW YORK,NY,1,1,1,1,2,2,61,4170,BELLWOOD,20,11,November,2012,3,Tuesday,11,14,0,16,6,0,40.73675556,-73.99056667,15,1,0,0,0,1,0
360951,NEW YORK,NY,4,4,0,0,6,6,103,2840,DANVILLE,23,11,November,2012,6,Friday,13,39,1,13,3,0,40.83196389,-73.34353611,12,1,0,0,0,1,0
360952,NEW YORK,NY,1,1,0,0,1,1,65,4341,CYPRESS,15,12,December,2012,7,Saturday,0,2,0,6,5,0,43.28197500,-75.38658333,34,2,0,0,0,1,1
360953,NEW YORK,NY,1,1,0,0,1,1,103,360,DANVILLE,26,11,November,2012,2,Monday,5,50,0,13,3,0,40.70170000,-73.42705556,30,3,0,0,0,1,0
360954,NEW YORK,NY,1,1,0,0,1,1,59,4430,FRANKLIN,15,12,December,2012,7,Saturday,5,7,0,2,3,0,40.83330000,-73.60625000,33,2,0,0,0,1,0
360955,NEW YORK,NY,2,2,0,0,2,2,103,1337,DANVILLE,28,11,November,2012,4,Wednesday,6,35,0,13,3,0,40.85161389,-72.99768333,12,1,0,0,0,1,0
360956,NEW YORK,NY,2,2,0,0,3,3,31,6729,COFFEE,29,11,November,2012,5,Thursday,15,48,0,3,3,0,44.36162500,-73.84467500,12,3,0,0,0,1,0
360957,NEW YORK,NY,2,2,0,0,5,5,123,4740,ALEXANDER CITY,15,12,December,2012,7,Saturday,15,15,0,2,3,0,42.68216389,-77.06550833,12,1,0,0,0,1,0
360958,NEW YORK,NY,2,1,1,1,1,1,29,750,BORDEN SPRINGS,6,12,December,2012,5,Thursday,18,55,0,6,6,0,42.90919722,-78.83905000,30,2,0,0,0,2,1
360959,NEW YORK,NY,1,1,0,0,2,2,13,5710,BOLLING,8,11,November,2012,5,Thursday,3,0,1,2,3,0,42.54900000,-79.15178056,34,2,0,0,0,1,1
360960,NEW YORK,NY,1,1,0,0,1,1,55,1930,ATTALLA,16,12,December,2012,1,Sunday,2,28,0,6,5,0,43.07908333,-77.44184444,33,3,0,0,0,1,1
360961,NEW YORK,NY,2,1,1,1,1,1,69,3490,ASHFORD,6,12,December,2012,5,Thursday,12,36,0,4,4,0,43.00879444,-77.17620556,8,1,0,0,0,1,0
360962,NEW YORK,NY,1,1,1,1,1,1,59,2600,FRANKLIN,16,12,December,2012,1,Sunday,21,2,0,6,5,0,40.71882778,-73.62071944,8,3,0,0,0,1,0
360963,NEW YORK,NY,2,2,0,0,3,3,71,2320,BRIDGEPORT,7,12,December,2012,6,Friday,9,16,0,14,3,0,41.40238056,-74.39032778,12,1,8,0,0,1,0
360964,NEW YORK,NY,2,2,0,0,2,2,37,5947,BRADFORD,8,12,December,2012,7,Saturday,18,22,0,4,4,0,43.02970833,-78.06435000,12,2,10,0,0,1,0
360965,NEW YORK,NY,5,1,0,0,1,1,119,6820,BELLAMY,11,12,December,2012,3,Tuesday,2,15,0,6,6,0,40.97071667,-73.88900000,14,3,2,0,0,1,1
360966,NEW YORK,NY,2,2,0,0,4,4,99,6440,BEATRICE,13,12,December,2012,5,Thursday,17,55,0,3,3,0,42.92457500,-76.90243611,12,3,0,0,0,1,0
360967,NEW YORK,NY,2,2,0,0,2,2,45,220,ARITON,14,12,December,2012,6,Friday,12,34,1,2,2,0,44.17171389,-75.66154167,12,1,0,0,0,1,0
360968,NEW YORK,NY,1,1,1,1,1,1,81,4170,AUBURN,14,12,December,2012,6,Friday,18,7,0,2,3,0,40.66859722,-73.73828333,8,3,0,0,0,1,0
360969,NEW YORK,NY,1,1,1,1,1,1,69,2260,ASHFORD,15,12,December,2012,7,Saturday,10,21,0,16,6,0,42.86821944,-76.98450278,8,1,0,0,0,1,0
360970,NEW YORK,NY,1,1,1,1,1,1,47,4170,BROWNS,18,12,December,2012,3,Tuesday,6,49,0,13,6,0,40.60566944,-73.96689722,8,1,0,1,0,1,0
360971,NEW YORK,NY,1,1,2,2,1,1,81,4170,AUBURN,15,12,December,2012,7,Saturday,4,24,1,11,1,0,40.76057778,-73.73175278,8,3,0,0,0,1,1
360972,NEW YORK,NY,2,2,0,0,3,3,73,5642,ARGO,16,12,December,2012,1,Sunday,18,57,0,4,6,0,43.14111389,-78.39036944,12,2,0,0,0,1,0
360973,NEW YORK,NY,2,2,0,0,3,3,117,4640,BIRMINGHAM,17,12,December,2012,2,Monday,17,50,0,4,3,0,43.05972778,-77.20576944,12,2,0,0,0,1,0
360974,NEW YORK,NY,1,1,0,0,5,5,59,2600,FRANKLIN,8,10,October,2012,2,Monday,3,40,1,2,3,0,40.68345833,-73.65755278,42,3,0,0,0,4,0
360975,NEW YORK,NY,1,1,1,1,1,1,119,275,BELLAMY,13,11,November,2012,3,Tuesday,20,38,1,11,1,110,99.99990000,999.99990000,8,2,0,0,0,1,0
360976,NEW YORK,NY,2,2,0,0,3,3,29,613,BORDEN SPRINGS,27,11,November,2012,3,Tuesday,9,5,0,13,2,0,99.99990000,999.99990000,12,1,0,0,0,1,1
360977,NEW YORK,NY,1,1,1,1,1,1,81,4170,AUBURN,19,12,December,2012,4,Wednesday,3,17,0,14,6,0,40.66407500,-73.73425000,8,3,0,0,0,1,0
360978,NEW YORK,NY,1,1,0,0,1,1,95,1240,ALBERTVILLE,19,12,December,2012,4,Wednesday,11,1,0,4,3,0,42.68930556,-74.49526667,35,1,0,0,0,1,0
360979,NEW YORK,NY,2,2,0,0,4,4,67,5800,ABBEVILLE,15,10,October,2012,2,Monday,0,36,1,11,1,0,43.10813611,-76.25794722,12,2,0,0,0,3,0
360980,NEW YORK,NY,2,2,0,0,2,2,29,156,BORDEN SPRINGS,20,12,December,2012,5,Thursday,14,1,0,16,6,0,42.94963611,-78.77875000,12,1,0,0,0,1,0
360981,NEW YORK,NY,1,1,0,0,1,1,71,581,BRIDGEPORT,21,12,December,2012,6,Friday,22,55,0,14,3,0,41.42782778,-74.13261667,43,2,0,0,0,1,1
360982,NEW YORK,NY,1,1,0,0,2,2,15,6530,ANNISTON,22,12,December,2012,7,Saturday,12,24,0,4,6,0,99.99990000,999.99990000,42,1,0,0,0,1,0
360983,NEW YORK,NY,4,4,1,1,4,4,73,5642,ARGO,18,12,December,2012,3,Tuesday,5,50,1,2,3,0,43.20534167,-78.45145278,8,2,0,0,0,1,0
360984,NEW YORK,NY,2,2,0,0,2,2,71,3840,BRIDGEPORT,16,5,May,2012,4,Wednesday,4,52,0,14,3,0,99.99990000,999.99990000,12,3,0,0,0,1,1
360985,NEW YORK,NY,1,1,1,1,1,1,21,6023,CHILTON,15,12,December,2012,7,Saturday,17,28,0,4,3,0,42.12102222,-73.71886944,8,2,0,0,0,1,0
360986,NEW YORK,NY,1,1,0,0,1,1,81,4170,AUBURN,24,12,December,2012,2,Monday,18,39,0,16,6,0,40.73130000,-73.75165833,42,3,0,0,0,1,0
360987,NEW YORK,NY,2,2,0,0,3,3,27,4690,ASHLAND,22,12,December,2012,7,Saturday,15,23,1,2,3,0,41.53565833,-73.58490000,12,1,0,0,0,1,0
360988,NEW YORK,NY,1,1,0,0,1,1,105,532,MARION,25,12,December,2012,3,Tuesday,7,11,0,5,4,0,99.99990000,999.99990000,42,1,0,0,0,1,0
360989,NEW YORK,NY,1,1,1,1,1,1,81,4170,AUBURN,26,12,December,2012,4,Wednesday,17,57,0,13,6,0,40.73625000,-73.71333889,8,3,2,0,0,1,0
360990,NEW YORK,NY,1,1,1,1,3,3,117,4492,BIRMINGHAM,26,12,December,2012,4,Wednesday,2,10,0,2,3,0,43.22661111,-77.33902778,8,2,0,0,0,1,0
360991,NEW YORK,NY,1,1,0,0,2,2,83,528,ARDMORE,23,12,December,2012,1,Sunday,19,2,0,6,5,0,42.63871944,-73.38601944,34,2,0,0,0,1,0
360992,NEW YORK,NY,1,1,1,1,1,1,61,4170,BELLWOOD,26,12,December,2012,4,Wednesday,20,27,0,6,6,0,40.76678889,-73.97912222,8,3,2,0,0,1,0
360993,NEW YORK,NY,1,1,0,0,1,1,17,4350,CHAMBERS,27,12,December,2012,5,Thursday,7,40,0,4,4,0,42.49945833,-75.51436389,32,1,0,0,0,1,0
360994,NEW YORK,NY,1,1,1,1,3,3,81,4170,AUBURN,27,12,December,2012,5,Thursday,17,36,0,16,6,0,40.75538611,-73.82824722,8,2,0,0,0,1,0
360995,NEW YORK,NY,2,2,1,1,5,5,103,5210,DANVILLE,28,12,December,2012,6,Friday,17,39,0,14,6,0,40.91810833,-72.65810556,8,3,0,0,0,1,0
360996,NEW YORK,NY,1,1,1,1,1,1,81,4170,AUBURN,28,12,December,2012,6,Friday,8,47,0,13,6,0,40.75537500,-73.88726389,8,1,0,0,0,1,0
360997,NEW YORK,NY,2,1,0,0,1,1,81,4170,AUBURN,28,12,December,2012,6,Friday,1,30,1,13,5,0,40.74170556,-73.77942500,42,3,0,0,0,1,1
360998,NEW YORK,NY,2,2,0,0,3,3,37,80,BRADFORD,29,12,December,2012,7,Saturday,13,34,1,2,3,0,42.90148056,-78.19724722,12,1,0,0,0,1,0
360999,NEW YORK,NY,2,2,0,0,2,2,91,9997,DAYTON,31,12,December,2012,2,Monday,9,59,1,2,3,0,43.26293611,-73.64029167,12,1,0,0,0,1,0
361000,NEW YORK,NY,1,1,1,1,1,1,47,4170,BROWNS,8,7,July,2012,1,Sunday,21,54,0,6,6,0,40.68053889,-73.90248056,8,2,0,0,0,1,0
361001,NEW YORK,NY,1,1,1,1,2,2,5,4170,BAKER HILL,31,8,August,2012,6,Friday,23,8,0,13,6,0,40.87026389,-73.89096944,8,3,0,0,0,1,0
361002,NEW YORK,NY,7,1,1,1,1,1,47,4170,BROWNS,25,11,November,2012,1,Sunday,18,51,0,13,6,0,40.61339444,-73.94918333,8,3,0,0,0,1,1
361003,NEW YORK,NY,2,2,0,0,2,2,81,4170,AUBURN,22,11,November,2012,5,Thursday,3,15,0,13,6,0,40.71513056,-73.83248889,12,3,2,0,0,1,1
361004,NEW YORK,NY,6,4,1,3,6,8,47,4170,BROWNS,5,9,September,2012,4,Wednesday,23,54,1,13,6,0,40.65673611,-73.96013333,8,2,0,0,0,1,0
361005,NEW YORK,NY,1,1,0,0,1,1,85,4170,BENTON,1,11,November,2012,5,Thursday,22,40,0,16,6,0,40.61503333,-74.10693333,30,3,0,0,0,1,0
361006,NEW YORK,NY,1,1,1,1,1,1,5,4170,BAKER HILL,13,12,December,2012,5,Thursday,13,35,0,16,6,0,40.80675278,-73.91741667,8,1,0,0,0,1,0
361007,NEW YORK,NY,2,2,0,0,2,2,47,4170,BROWNS,16,10,October,2012,3,Tuesday,22,21,1,1,1,0,40.70816667,-73.95718333,12,3,0,0,0,1,0
361008,NEW YORK,NY,1,1,1,1,1,1,103,2840,DANVILLE,3,9,September,2012,2,Monday,22,37,0,13,3,0,40.82996389,-73.39805278,8,3,0,0,0,1,0
361009,NEW YORK,NY,1,1,1,1,2,2,47,4170,BROWNS,16,12,December,2012,1,Sunday,18,42,0,16,6,0,40.62177500,-73.92036944,8,3,0,0,0,1,0
361010,NEW YORK,NY,3,3,0,0,5,5,85,4170,BENTON,17,12,December,2012,2,Monday,1,50,1,11,1,0,40.61433611,-74.15627222,12,3,2,0,0,1,1
361011,NEW YORK,NY,1,1,1,1,2,2,61,4170,BELLWOOD,20,12,December,2012,5,Thursday,19,32,0,14,6,0,40.77293611,-73.98198611,8,3,0,0,0,1,0
361012,NEW YORK,NY,2,2,0,0,3,3,17,5650,CHAMBERS,27,12,December,2012,5,Thursday,7,3,0,3,3,0,42.69906944,-75.51849722,12,4,0,0,0,1,0
361013,NEW YORK,NY,4,2,0,0,2,2,47,4170,BROWNS,28,12,December,2012,6,Friday,21,10,0,15,6,0,40.60333333,-73.95815556,12,3,0,0,0,1,0
361014,NEW YORK,NY,2,1,1,1,1,1,5,4170,BAKER HILL,29,12,December,2012,7,Saturday,4,29,0,16,6,0,40.83382778,-73.85503056,8,3,0,0,0,1,0
361015,NEW YORK,NY,2,2,0,0,2,2,109,1590,ANSLEY,30,12,December,2012,1,Sunday,13,27,0,3,3,0,42.49743611,-76.36994167,12,1,0,0,0,1,0
361016,NEW YORK,NY,1,1,0,0,6,6,81,4170,AUBURN,30,12,December,2012,1,Sunday,5,10,0,14,6,0,40.64345278,-73.74391389,1,3,0,0,0,1,1
361017,NEW YORK,NY,1,1,0,0,3,3,21,3313,CHILTON,31,12,December,2012,2,Monday,1,15,1,2,3,0,99.99990000,999.99990000,48,2,0,0,0,1,1
361018,NEW YORK,NY,2,2,0,0,2,2,119,275,BELLAMY,31,12,December,2012,2,Monday,7,52,0,2,3,0,41.11428333,-73.72290556,12,1,0,0,0,1,0
361019,NEW YORK,NY,2,2,0,0,2,2,89,5020,BROWNSBORO,31,12,December,2012,2,Monday,13,13,1,2,2,0,44.68571111,-74.95971944,12,1,0,0,0,1,0
361020,NEW YORK,NY,1,1,0,0,1,1,85,4170,BENTON,29,12,December,2012,7,Saturday,2,37,1,13,6,0,40.64021111,-74.13662778,30,3,0,0,0,1,1
361021,NEW YORK,NY,1,1,1,1,1,1,47,4170,BROWNS,1,10,October,2012,2,Monday,5,10,0,13,6,0,40.71412222,-73.92810556,9,3,0,0,0,1,0
361022,NEW YORK,NY,1,1,1,1,1,1,103,705,DANVILLE,20,12,December,2012,5,Thursday,19,20,0,16,5,0,40.76638611,-73.00290556,8,3,0,0,0,1,0
361023,NEW YORK,NY,2,2,0,0,6,6,103,4971,DANVILLE,30,10,October,2012,3,Tuesday,1,33,0,13,3,0,40.92506389,-73.04706667,12,2,0,0,0,1,0
361024,NEW YORK,NY,3,3,0,0,3,3,103,360,DANVILLE,3,12,December,2012,2,Monday,19,6,0,14,3,0,40.71736667,-73.31629444,12,3,0,0,0,1,1
361025,NEW YORK,NY,2,2,0,0,3,3,103,450,DANVILLE,24,11,November,2012,7,Saturday,15,52,0,6,6,0,40.73176944,-73.23640833,12,1,0,0,0,1,0
361026,NEW YORK,NY,1,1,1,1,1,1,103,705,DANVILLE,3,12,December,2012,2,Monday,18,10,0,13,4,0,40.76899722,-72.98510278,8,3,0,0,0,1,0
361027,NEW YORK,NY,1,1,1,1,1,1,103,4670,DANVILLE,6,12,December,2012,5,Thursday,20,25,0,13,6,0,40.78745000,-73.01653611,8,3,0,0,0,1,0
361028,NEW YORK,NY,1,1,1,1,1,1,61,4170,BELLWOOD,14,12,December,2012,6,Friday,8,20,0,14,6,0,40.77838333,-73.97811944,8,1,0,0,0,1,0
361029,NEW YORK,NY,1,1,0,0,1,1,85,4170,BENTON,19,12,December,2012,4,Wednesday,16,32,0,6,6,0,40.63603889,-74.15606111,33,3,0,0,0,1,0
361030,NEW YORK,NY,3,1,0,0,1,1,103,2728,DANVILLE,22,12,December,2012,7,Saturday,0,20,0,15,6,0,40.76926944,-73.06368611,31,3,0,0,0,1,0
361031,NEW YORK,NY,2,2,0,0,2,2,103,1050,DANVILLE,22,12,December,2012,7,Saturday,5,45,0,14,6,0,40.78557778,-73.20083333,12,3,2,0,0,1,1
361032,NEW YORK,NY,1,1,1,1,1,1,71,3830,BRIDGEPORT,11,12,December,2012,3,Tuesday,11,45,0,16,6,0,41.34375833,-74.16247778,8,1,0,0,0,1,0
361033,NEW YORK,NY,31,31,0,0,40,40,103,705,DANVILLE,19,12,December,2012,4,Wednesday,14,38,1,1,1,0,40.83835000,-72.90060833,12,1,0,0,0,1,0
361034,NEW YORK,NY,1,1,0,0,1,1,73,1176,ARGO,31,7,July,2012,3,Tuesday,15,50,0,3,6,0,43.17161111,-78.11368056,11,1,0,0,0,1,0
361035,NEW YORK,NY,1,1,1,1,4,4,103,360,DANVILLE,14,9,September,2012,6,Friday,19,23,0,13,3,0,40.72243611,-73.42379444,8,5,0,0,0,1,0