ST_CASE,State Name,State Abbreviation,# of Vehicle involved,Parked_Vehicles_Involved,Pedestrains,Person_Not_in_Motor_Vehicle,Persons_in_motor_vehicle,Total_Persons_in_accident,COUNTY,CITY,City_County_Name,Calendar_DAY,MONTH,Month_name,YEAR,DAY_WEEK,Day_Week_desc,HOUR,MINUTE,NHS_Desc,trafficway,Route,MILEPT,LATITUDE,LONGITUD,First_Crash_event,Light_cond_desc,Weather_condition,School_bus_involved,Crash_cause,FATALS,DRUNK_DR
370365,NORTH CAROLINA,NC,1,1,1,1,2,2,101,0,BOYLSTON,30,5,May,2012,4,Wednesday,16,49,0,6,4,99999,35.62069722,-78.40145556,9,1,0,0,0,1,0
370366,NORTH CAROLINA,NC,1,1,1,1,1,1,101,0,BOYLSTON,30,5,May,2012,4,Wednesday,21,50,1,2,2,99999,35.59181389,-78.40904444,8,2,0,0,0,1,0
370367,NORTH CAROLINA,NC,2,2,0,0,2,2,119,870,BELLAMY,1,5,May,2012,3,Tuesday,11,56,0,15,6,99999,35.29737778,-80.92068333,12,1,0,0,0,1,0
370368,NORTH CAROLINA,NC,1,1,1,1,1,1,119,870,BELLAMY,6,5,May,2012,1,Sunday,20,34,0,12,6,99999,35.14807778,-80.87635833,8,3,0,0,0,1,1
370369,NORTH CAROLINA,NC,2,2,0,0,2,2,119,870,BELLAMY,9,5,May,2012,4,Wednesday,12,24,0,13,6,99999,35.27086111,-80.76755000,12,1,0,0,0,1,0
370370,NORTH CAROLINA,NC,1,1,0,0,1,1,119,2280,BELLAMY,12,5,May,2012,7,Saturday,20,53,0,15,6,99999,35.38412500,-80.80473611,42,2,0,0,0,1,1
370371,NORTH CAROLINA,NC,3,3,0,0,3,3,127,3930,BURNWELL,9,5,May,2012,4,Wednesday,21,28,1,11,1,99999,35.98272500,-77.87708056,12,3,0,0,0,1,0
370373,NORTH CAROLINA,NC,1,1,0,0,1,1,133,0,ARLEY,3,5,May,2012,5,Thursday,22,40,0,3,3,99999,34.74138333,-77.56741111,38,2,0,0,0,1,1
370374,NORTH CAROLINA,NC,2,2,0,0,2,2,133,0,ARLEY,27,5,May,2012,1,Sunday,22,29,1,2,2,99999,34.91271667,-77.23246667,12,2,0,0,0,1,1
370376,NORTH CAROLINA,NC,2,2,0,0,4,4,141,0,BEE BRANCH,20,5,May,2012,1,Sunday,21,10,0,3,3,99999,99.99990000,999.99990000,11,2,0,0,0,1,0
370377,NORTH CAROLINA,NC,1,1,0,0,1,1,147,0,AUGUSTA,20,5,May,2012,1,Sunday,16,59,0,3,3,99999,35.78942500,-77.44973611,34,1,0,0,0,1,0
370378,NORTH CAROLINA,NC,1,1,0,0,2,2,151,0,FLIPPEN,3,5,May,2012,5,Thursday,8,15,0,3,3,99999,35.69719167,-79.73443056,1,1,0,0,0,1,0
370379,NORTH CAROLINA,NC,1,1,1,1,1,1,153,9997,BONAIRE,5,5,May,2012,7,Saturday,21,5,0,15,4,99999,35.03992222,-80.05643056,8,3,0,0,0,1,0
370380,NORTH CAROLINA,NC,1,1,0,0,1,1,155,0,IRWIN,5,5,May,2012,7,Saturday,18,0,0,3,3,99999,34.85346389,-79.26827500,53,1,0,0,0,1,0
370381,NORTH CAROLINA,NC,2,2,0,0,3,3,155,0,IRWIN,13,5,May,2012,1,Sunday,2,51,0,3,3,99999,34.65151667,-79.01823056,12,2,0,0,0,1,0
370382,NORTH CAROLINA,NC,1,1,0,0,1,1,155,0,IRWIN,14,5,May,2012,2,Monday,8,22,0,3,3,99999,99.99990000,999.99990000,1,1,0,0,0,1,0
370383,NORTH CAROLINA,NC,2,2,0,0,2,2,155,0,IRWIN,15,5,May,2012,3,Tuesday,18,48,0,3,3,99999,34.57991667,-79.00378333,12,1,0,0,0,1,0
370384,NORTH CAROLINA,NC,2,2,0,0,6,6,155,2770,IRWIN,16,5,May,2012,4,Wednesday,17,21,0,16,6,99999,34.62756389,-79.05956944,12,1,0,0,0,2,0
370385,NORTH CAROLINA,NC,2,2,0,0,4,4,155,0,IRWIN,19,5,May,2012,7,Saturday,17,45,0,3,3,99999,99.99990000,999.99990000,12,6,0,0,0,2,0
370386,NORTH CAROLINA,NC,1,1,0,0,1,1,155,0,IRWIN,18,5,May,2012,6,Friday,4,43,0,3,3,99999,34.56493889,-79.03727222,42,2,0,0,0,1,0
370387,NORTH CAROLINA,NC,1,1,0,0,5,5,155,0,IRWIN,28,5,May,2012,2,Monday,10,49,0,3,3,99999,34.75665278,-79.32081667,5,1,0,0,0,1,0
370388,NORTH CAROLINA,NC,1,1,0,0,1,1,157,0,ARCADE,5,5,May,2012,7,Saturday,13,44,0,3,3,99999,36.28530000,-79.59255278,53,1,0,0,0,1,1
370389,NORTH CAROLINA,NC,2,2,0,0,3,3,157,0,ARCADE,8,5,May,2012,3,Tuesday,6,30,1,2,2,99999,99.99990000,999.99990000,12,1,0,0,0,1,1
370390,NORTH CAROLINA,NC,2,2,0,0,2,2,161,0,DENTON,22,5,May,2012,3,Tuesday,16,0,0,3,3,99999,35.38232222,-81.70712778,12,1,0,0,0,1,0
370391,NORTH CAROLINA,NC,3,3,0,0,8,8,161,1680,DENTON,30,5,May,2012,4,Wednesday,17,27,0,16,6,99999,35.33332778,-81.86407778,12,1,0,0,0,1,0
370392,NORTH CAROLINA,NC,1,1,0,0,1,1,163,0,AVERA,10,5,May,2012,5,Thursday,9,9,0,3,3,99999,35.09128889,-78.46958056,53,1,0,0,0,1,0
370393,NORTH CAROLINA,NC,1,1,1,1,1,1,165,2560,HERNDON,2,5,May,2012,4,Wednesday,8,8,0,16,6,99999,34.74814167,-79.46156111,9,1,0,0,0,1,1
370394,NORTH CAROLINA,NC,2,2,0,0,2,2,167,60,ADRIAN,21,5,May,2012,2,Monday,6,10,0,16,6,99999,35.35735000,-80.16995556,12,4,0,0,0,1,0
370395,NORTH CAROLINA,NC,1,1,0,0,1,1,169,0,BRADLEY,2,5,May,2012,4,Wednesday,20,0,0,3,3,99999,36.42061944,-80.26885000,42,5,0,0,0,1,1
370396,NORTH CAROLINA,NC,1,1,0,0,1,1,169,0,BRADLEY,24,5,May,2012,5,Thursday,7,2,0,3,3,99999,36.40656111,-80.20216111,59,1,0,0,0,1,1
370397,NORTH CAROLINA,NC,1,1,0,0,1,1,171,3170,ALDORA,8,5,May,2012,3,Tuesday,9,14,0,16,6,99999,36.50128889,-80.59813889,35,3,0,0,0,1,1
370398,NORTH CAROLINA,NC,2,2,0,0,3,3,171,3170,ALDORA,25,5,May,2012,6,Friday,17,45,0,16,6,99999,36.50350000,-80.58145833,12,1,0,0,0,1,0
370399,NORTH CAROLINA,NC,1,1,0,0,1,1,175,0,CADWELL,18,5,May,2012,6,Friday,10,22,1,2,2,99999,35.27405833,-82.70437500,42,1,0,0,0,1,0
370400,NORTH CAROLINA,NC,1,1,0,0,1,1,179,4690,ALLENHURST,5,5,May,2012,7,Saturday,23,23,0,13,3,99999,99.99990000,999.99990000,32,2,0,0,0,1,1
370401,NORTH CAROLINA,NC,1,1,0,0,1,1,179,0,ALLENHURST,14,5,May,2012,2,Monday,23,43,0,3,3,99999,99.99990000,999.99990000,53,2,0,0,0,1,0
370402,NORTH CAROLINA,NC,2,2,0,0,4,4,183,0,FORT STEWART,9,5,May,2012,4,Wednesday,15,13,0,3,3,99999,35.74084722,-78.44277778,12,1,0,0,99,1,0
370403,NORTH CAROLINA,NC,1,1,0,0,2,2,183,0,FORT STEWART,5,5,May,2012,7,Saturday,21,55,0,3,3,99999,35.84171389,-78.67421944,42,2,0,0,0,1,1
370404,NORTH CAROLINA,NC,1,1,0,0,1,1,183,0,FORT STEWART,28,5,May,2012,2,Monday,15,55,1,2,2,99999,35.72273611,-78.65240000,35,1,0,0,0,1,0
370405,NORTH CAROLINA,NC,1,1,1,1,2,2,183,0,FORT STEWART,28,5,May,2012,2,Monday,18,42,0,3,3,99999,35.65196111,-78.68879722,8,1,0,0,0,1,0
370406,NORTH CAROLINA,NC,1,1,1,1,1,1,183,3750,FORT STEWART,28,5,May,2012,2,Monday,23,55,0,16,6,99999,35.77974444,-78.60867500,8,3,0,0,0,1,0
370407,NORTH CAROLINA,NC,1,1,1,1,1,1,185,0,ANAKTUVUK PASS,19,5,May,2012,7,Saturday,23,45,1,2,2,99999,36.48067778,-78.17158056,8,2,0,0,0,1,0
370408,NORTH CAROLINA,NC,2,2,0,0,3,3,185,0,ANAKTUVUK PASS,29,5,May,2012,3,Tuesday,13,52,1,2,2,99999,36.50052778,-78.14168056,12,1,0,0,0,1,0
370409,NORTH CAROLINA,NC,2,2,0,0,4,4,189,0,BONEVILLE,24,5,May,2012,5,Thursday,21,50,1,2,2,99999,36.22346389,-81.63321944,12,2,0,0,0,1,0
370410,NORTH CAROLINA,NC,2,2,0,0,4,4,191,0,CRESCENT,7,5,May,2012,2,Monday,17,58,1,2,2,99999,35.20987500,-78.06616111,12,1,0,0,0,1,0
370411,NORTH CAROLINA,NC,2,2,0,0,2,2,191,0,CRESCENT,11,5,May,2012,6,Friday,13,31,1,2,2,99999,99.99990000,999.99990000,12,1,0,0,0,1,0
370412,NORTH CAROLINA,NC,1,1,0,0,3,3,191,0,CRESCENT,10,5,May,2012,5,Thursday,13,27,0,6,6,99999,35.46175833,-78.05948333,5,1,0,0,0,1,0
370413,NORTH CAROLINA,NC,2,1,0,1,1,2,197,0,BUENA VISTA,4,5,May,2012,6,Friday,6,31,1,2,2,99999,99.99990000,999.99990000,14,4,0,0,0,1,0
370414,NORTH CAROLINA,NC,3,3,0,0,6,6,197,0,BUENA VISTA,16,5,May,2012,4,Wednesday,15,51,0,3,3,99999,99.99990000,999.99990000,12,1,0,0,0,1,0
370415,NORTH CAROLINA,NC,5,1,3,3,1,1,199,0,ALVATON,29,5,May,2012,3,Tuesday,10,17,1,2,2,99999,35.91356667,-82.40738889,26,1,0,0,0,2,0
370416,NORTH CAROLINA,NC,1,1,2,2,1,1,67,5120,ABBEVILLE,20,4,April,2012,6,Friday,21,49,0,16,6,99999,36.11985556,-80.25850833,8,3,0,0,0,1,0
370417,NORTH CAROLINA,NC,1,1,0,0,1,1,77,0,ANDERSON,28,4,April,2012,7,Saturday,18,28,0,3,3,99999,36.32191111,-78.62872500,42,1,0,0,0,1,0
370418,NORTH CAROLINA,NC,2,2,0,0,2,2,13,4860,BOLLING,15,5,May,2012,3,Tuesday,11,24,0,16,6,99999,35.54553333,-77.06197778,12,1,0,0,0,1,0
370419,NORTH CAROLINA,NC,1,1,2,2,1,1,21,170,CHILTON,24,5,May,2012,5,Thursday,14,43,1,2,2,99999,35.53643611,-82.74548333,30,1,0,0,0,1,0
370420,NORTH CAROLINA,NC,1,1,0,0,1,1,31,3120,COFFEE,6,5,May,2012,1,Sunday,1,4,1,2,2,99999,34.73715833,-76.80377222,43,3,0,0,0,1,1
370421,NORTH CAROLINA,NC,1,1,0,0,1,1,49,0,COLLINSVILLE,5,5,May,2012,7,Saturday,15,56,0,3,3,99999,35.12982222,-77.21212500,1,1,0,0,0,1,1
370422,NORTH CAROLINA,NC,2,2,0,0,4,4,63,1360,BOLIGEE,13,5,May,2012,1,Sunday,6,35,0,15,3,99999,35.97546389,-78.89291111,12,1,0,0,0,1,2
370423,NORTH CAROLINA,NC,2,1,0,0,1,1,81,1940,AUBURN,29,5,May,2012,3,Tuesday,20,35,0,16,6,99999,36.04423333,-79.87871111,14,3,0,0,0,1,1
370424,NORTH CAROLINA,NC,1,1,0,0,2,2,81,1940,AUBURN,24,5,May,2012,5,Thursday,0,23,1,12,2,99999,36.15788333,-79.72444167,52,3,0,0,0,1,1
370425,NORTH CAROLINA,NC,1,1,0,0,1,1,81,1940,AUBURN,10,5,May,2012,5,Thursday,17,26,1,11,1,99999,35.96587500,-79.82221667,1,1,0,0,0,1,0
370426,NORTH CAROLINA,NC,1,1,0,0,2,2,99,0,BEATRICE,5,5,May,2012,7,Saturday,13,23,1,2,2,99999,35.49160278,-83.16130278,32,1,0,0,0,1,0
370427,NORTH CAROLINA,NC,1,1,0,0,1,1,117,0,BIRMINGHAM,4,5,May,2012,6,Friday,4,7,0,5,4,99999,35.84739167,-77.11562500,1,2,0,0,0,1,1
370428,NORTH CAROLINA,NC,1,1,0,0,1,1,119,870,BELLAMY,6,5,May,2012,1,Sunday,1,30,1,11,1,99999,35.49147778,-83.16195556,35,3,0,0,0,1,1
370429,NORTH CAROLINA,NC,1,1,1,1,1,1,119,870,BELLAMY,29,5,May,2012,3,Tuesday,6,44,0,13,6,99999,35.16520000,-80.81359167,9,4,0,0,0,1,0
370430,NORTH CAROLINA,NC,1,1,1,1,1,1,119,870,BELLAMY,23,5,May,2012,4,Wednesday,9,43,0,13,6,99999,35.17779444,-80.79276111,8,1,0,0,0,1,0
370431,NORTH CAROLINA,NC,2,2,0,0,2,2,119,870,BELLAMY,11,5,May,2012,6,Friday,21,49,0,16,6,99999,35.21309444,-80.72554722,12,3,0,0,0,1,0
370432,NORTH CAROLINA,NC,3,3,0,0,3,3,119,870,BELLAMY,31,5,May,2012,5,Thursday,17,24,0,15,6,99999,35.09976667,-80.80892222,12,1,0,0,0,1,0
370433,NORTH CAROLINA,NC,2,2,0,0,2,2,129,5060,BIGBEE,2,5,May,2012,4,Wednesday,15,16,0,16,6,99999,34.22564167,-77.94232500,12,1,0,0,0,1,0
370434,NORTH CAROLINA,NC,1,1,0,0,3,3,171,0,ALDORA,20,5,May,2012,1,Sunday,12,50,0,6,4,99999,36.37870556,-80.44970833,42,1,0,0,0,1,0
370435,NORTH CAROLINA,NC,2,2,0,0,4,4,183,800,FORT STEWART,3,5,May,2012,5,Thursday,18,54,0,16,6,99999,35.78674167,-78.78818611,12,1,0,0,0,1,0
370436,NORTH CAROLINA,NC,1,1,0,0,1,1,1,0,AUTAUGA,6,6,June,2012,4,Wednesday,3,10,0,6,6,99999,36.10146944,-79.29705556,42,2,0,0,0,1,1
370437,NORTH CAROLINA,NC,3,3,0,0,4,4,1,700,AUTAUGA,27,6,June,2012,4,Wednesday,14,58,0,15,6,99999,36.05922500,-79.50593333,12,1,0,0,0,1,0
370438,NORTH CAROLINA,NC,2,2,0,0,3,3,9,2525,BLOUNT,16,6,June,2012,7,Saturday,18,8,0,4,3,99999,36.49713056,-81.50927222,1,1,0,0,0,1,0
370439,NORTH CAROLINA,NC,1,1,0,0,1,1,11,0,BULLOCK,18,6,June,2012,2,Monday,20,46,0,4,3,99999,36.12283056,-81.84333056,35,5,0,0,0,1,1
370440,NORTH CAROLINA,NC,2,2,0,0,5,5,13,0,BOLLING,24,6,June,2012,1,Sunday,20,57,1,2,2,99999,35.62838611,-77.06254722,12,2,0,0,0,2,0
370441,NORTH CAROLINA,NC,1,1,0,0,1,1,17,0,CHAMBERS,8,6,June,2012,6,Friday,22,38,0,3,3,99999,34.54549167,-78.48884167,35,2,0,0,0,1,0
370442,NORTH CAROLINA,NC,1,1,0,0,1,1,19,0,CEDAR BLUFF,10,6,June,2012,1,Sunday,0,53,0,4,3,99999,34.13762222,-78.32134167,42,2,0,0,0,1,1
370443,NORTH CAROLINA,NC,1,1,0,0,1,1,19,0,CEDAR BLUFF,7,6,June,2012,5,Thursday,22,52,1,2,2,99999,34.13855000,-78.09341111,1,2,0,0,0,1,1
370444,NORTH CAROLINA,NC,2,2,0,0,3,3,19,0,CEDAR BLUFF,18,6,June,2012,2,Monday,7,39,0,4,3,99999,34.16333056,-77.98624722,12,1,0,0,0,1,0
370445,NORTH CAROLINA,NC,1,1,0,0,2,2,19,0,CEDAR BLUFF,28,6,June,2012,5,Thursday,1,37,0,6,6,99999,34.01408611,-78.26905833,42,2,0,0,0,1,1
370446,NORTH CAROLINA,NC,2,2,0,0,7,7,21,170,CHILTON,8,6,June,2012,6,Friday,12,42,0,14,6,99999,35.57773333,-82.57626944,12,1,0,0,0,1,0
370447,NORTH CAROLINA,NC,1,1,1,1,2,2,21,170,CHILTON,10,6,June,2012,1,Sunday,0,18,1,2,2,99999,35.54495833,-82.66280833,8,2,0,0,0,1,0
370448,NORTH CAROLINA,NC,2,2,0,0,5,5,21,0,CHILTON,29,6,June,2012,6,Friday,14,57,0,5,4,99999,35.67482500,-82.68238333,12,1,0,0,0,1,0
370449,NORTH CAROLINA,NC,2,2,0,0,6,6,25,1040,BARLOW BEND,23,6,June,2012,7,Saturday,21,21,1,2,2,99999,35.42642778,-80.61473889,12,3,0,0,0,1,1
370450,NORTH CAROLINA,NC,1,1,1,1,1,1,31,1531,COFFEE,29,6,June,2012,6,Friday,22,7,0,3,3,99999,34.66485556,-77.03493333,8,3,0,0,0,1,0
370451,NORTH CAROLINA,NC,1,1,0,0,1,1,35,0,BROOKLYN,5,6,June,2012,3,Tuesday,19,0,0,6,6,99999,35.57694167,-81.27624722,42,1,0,0,0,1,1
370452,NORTH CAROLINA,NC,3,3,0,0,4,4,35,0,BROOKLYN,14,6,June,2012,5,Thursday,18,50,1,1,1,99999,35.73622778,-81.09546111,12,1,0,0,0,1,0
370453,NORTH CAROLINA,NC,2,2,0,0,2,2,35,3300,BROOKLYN,19,6,June,2012,3,Tuesday,15,16,0,14,3,99999,35.64542222,-81.26811111,12,1,0,0,0,1,0
370454,NORTH CAROLINA,NC,1,1,0,0,1,1,37,0,BRADFORD,22,6,June,2012,6,Friday,21,31,0,6,4,99999,35.53177778,-79.37526389,1,2,0,0,0,1,0
370455,NORTH CAROLINA,NC,1,1,0,0,1,1,37,0,BRADFORD,25,6,June,2012,2,Monday,9,24,0,4,4,99999,35.54664167,-79.45351111,35,1,0,0,0,1,0
370456,NORTH CAROLINA,NC,1,1,0,0,1,1,39,0,ANDALUSIA,7,6,June,2012,5,Thursday,11,49,1,2,2,99999,35.03055000,-84.20946111,1,1,0,0,0,1,0
370457,NORTH CAROLINA,NC,1,1,1,1,1,1,45,0,ARITON,21,6,June,2012,5,Thursday,5,41,0,4,3,99999,35.25037778,-81.60231944,8,2,0,0,0,1,0
370458,NORTH CAROLINA,NC,1,1,0,0,1,1,49,0,COLLINSVILLE,23,6,June,2012,7,Saturday,2,18,1,2,2,99999,35.10446389,-77.08350556,1,2,0,0,0,1,1
370459,NORTH CAROLINA,NC,2,2,0,0,2,2,49,0,COLLINSVILLE,28,6,June,2012,5,Thursday,14,2,0,4,4,99999,35.18956111,-77.00248056,11,1,0,0,0,1,0
370460,NORTH CAROLINA,NC,2,2,0,0,6,6,51,0,CENTRAL,9,6,June,2012,7,Saturday,12,35,1,2,2,99999,34.97893611,-78.90852222,12,1,0,0,0,1,0
370461,NORTH CAROLINA,NC,2,2,0,0,3,3,51,0,CENTRAL,9,6,June,2012,7,Saturday,10,38,0,6,4,99999,34.99994444,-78.94538611,12,1,0,0,0,1,0
370462,NORTH CAROLINA,NC,1,1,0,0,1,1,51,0,CENTRAL,11,6,June,2012,2,Monday,23,37,0,6,4,99999,34.93281389,-78.86576667,18,2,0,0,0,1,1
370463,NORTH CAROLINA,NC,3,3,0,0,5,5,51,2250,CENTRAL,20,6,June,2012,4,Wednesday,18,23,0,2,3,99999,34.98664167,-78.96521111,12,1,0,0,0,1,0
370464,NORTH CAROLINA,NC,1,1,0,0,4,4,51,0,CENTRAL,30,6,June,2012,7,Saturday,2,35,0,6,6,99999,34.97633611,-78.64965278,34,2,0,0,0,1,1
370465,NORTH CAROLINA,NC,1,1,1,1,1,1,53,0,ATMORE,23,6,June,2012,7,Saturday,5,35,0,6,4,99999,36.51483333,-76.18241944,8,2,0,0,0,1,1
370466,NORTH CAROLINA,NC,2,2,0,0,2,2,57,0,BANKSTON,8,6,June,2012,6,Friday,17,38,0,3,3,99999,35.98075278,-80.28420556,12,1,0,0,0,1,0
370467,NORTH CAROLINA,NC,2,2,0,0,2,2,57,0,BANKSTON,4,6,June,2012,2,Monday,12,35,0,4,4,99999,35.97296944,-80.23386944,12,1,0,0,0,1,0
370468,NORTH CAROLINA,NC,1,1,0,0,1,1,57,0,BANKSTON,16,6,June,2012,7,Saturday,19,8,0,4,4,99999,35.61160278,-80.18588889,35,1,0,0,0,1,1
370469,NORTH CAROLINA,NC,1,1,1,1,1,1,57,0,BANKSTON,20,6,June,2012,4,Wednesday,21,26,1,2,2,99999,35.81553611,-80.20015556,8,2,0,0,0,1,0
370470,NORTH CAROLINA,NC,3,3,0,0,5,5,59,0,FRANKLIN,15,6,June,2012,6,Friday,16,1,1,2,2,99999,35.86256389,-80.40374167,12,1,0,0,0,1,0
370471,NORTH CAROLINA,NC,1,1,0,0,1,1,63,0,BOLIGEE,10,6,June,2012,1,Sunday,15,10,0,6,4,99999,99.99990000,999.99990000,35,1,0,0,0,1,0
370472,NORTH CAROLINA,NC,1,1,0,0,3,3,65,0,CYPRESS,9,6,June,2012,7,Saturday,1,45,0,6,6,99999,35.98291944,-77.55787778,34,2,0,0,0,1,0
370473,NORTH CAROLINA,NC,1,1,0,0,1,1,67,0,ABBEVILLE,2,6,June,2012,7,Saturday,22,47,0,6,6,99999,36.04333611,-80.17729722,53,2,0,0,0,1,1
370474,NORTH CAROLINA,NC,2,2,0,0,3,3,67,5120,ABBEVILLE,3,6,June,2012,1,Sunday,2,29,1,12,2,99999,99.99990000,999.99990000,12,2,0,0,0,2,0
370475,NORTH CAROLINA,NC,2,2,1,1,2,2,67,5120,ABBEVILLE,7,6,June,2012,5,Thursday,7,23,1,12,2,99999,36.08377222,-80.30740556,8,1,0,0,0,1,0
370476,NORTH CAROLINA,NC,1,1,0,0,1,1,67,2430,ABBEVILLE,27,6,June,2012,4,Wednesday,6,43,1,13,2,99999,36.11599444,-80.06548333,10,1,0,0,0,1,0
370477,NORTH CAROLINA,NC,1,1,0,0,2,2,67,0,ABBEVILLE,24,6,June,2012,1,Sunday,16,29,0,3,3,99999,36.07909167,-80.17195000,32,1,0,0,0,1,0
370478,NORTH CAROLINA,NC,1,1,1,1,1,1,77,0,ANDERSON,4,6,June,2012,2,Monday,13,54,0,3,3,99999,36.08729722,-78.73414722,8,1,0,0,0,1,1
370479,NORTH CAROLINA,NC,1,1,0,0,1,1,77,0,ANDERSON,26,6,June,2012,3,Tuesday,3,55,0,3,3,99999,36.08837222,-78.60242222,42,2,0,0,0,1,1
370480,NORTH CAROLINA,NC,2,2,0,0,3,3,81,1940,AUBURN,3,6,June,2012,1,Sunday,16,39,0,16,6,99999,36.01964444,-79.82286389,12,1,0,0,0,1,0
370481,NORTH CAROLINA,NC,1,1,0,0,1,1,81,1940,AUBURN,6,6,June,2012,4,Wednesday,5,21,0,16,6,99999,36.07050278,-79.86536389,43,3,2,0,0,1,1
370482,NORTH CAROLINA,NC,1,1,0,0,1,1,81,1940,AUBURN,13,6,June,2012,4,Wednesday,16,5,0,16,6,99999,36.06466944,-79.79088611,59,1,0,0,0,1,1
370483,NORTH CAROLINA,NC,1,1,0,0,1,1,81,0,AUBURN,27,6,June,2012,4,Wednesday,22,49,0,3,3,99999,35.98520278,-79.82876389,53,2,0,0,0,1,0
370484,NORTH CAROLINA,NC,2,2,0,0,2,2,81,1940,AUBURN,1,6,June,2012,6,Friday,23,10,0,16,6,99999,36.06034167,-79.82739722,12,3,0,0,0,1,1
370485,NORTH CAROLINA,NC,2,2,0,0,3,3,83,3860,ARDMORE,2,6,June,2012,7,Saturday,21,10,1,2,2,99999,36.43767778,-77.65326111,12,3,0,0,0,1,1
370486,NORTH CAROLINA,NC,1,1,0,0,1,1,83,0,ARDMORE,14,6,June,2012,5,Thursday,17,33,1,1,1,99999,36.32636389,-77.68954722,42,1,0,0,0,1,0
370487,NORTH CAROLINA,NC,1,1,0,0,2,2,85,0,BENTON,6,6,June,2012,4,Wednesday,0,36,0,3,3,99999,35.29643333,-79.11848056,32,2,0,0,0,1,1
370488,NORTH CAROLINA,NC,1,1,0,0,1,1,89,0,BROWNSBORO,13,6,June,2012,4,Wednesday,18,32,0,3,3,99999,35.20345278,-82.45383333,23,1,0,0,0,1,1
370489,NORTH CAROLINA,NC,1,1,0,0,1,1,91,0,DAYTON,24,6,June,2012,1,Sunday,1,43,0,3,3,99999,36.37467222,-76.95475833,34,2,0,0,0,1,1
370490,NORTH CAROLINA,NC,1,1,0,0,2,2,97,0,AXIS,17,6,June,2012,1,Sunday,2,43,0,3,3,99999,35.85188056,-80.95360833,1,2,0,0,0,1,1
370491,NORTH CAROLINA,NC,1,1,0,0,1,1,97,2040,AXIS,13,6,June,2012,4,Wednesday,18,57,1,2,2,99999,35.96545833,-80.77189444,33,1,0,0,0,1,1
370492,NORTH CAROLINA,NC,1,1,0,0,1,1,97,0,AXIS,21,6,June,2012,5,Thursday,13,4,0,3,3,99999,35.72761944,-80.92832500,42,1,0,0,0,1,0
370493,NORTH CAROLINA,NC,1,1,1,1,2,2,97,0,AXIS,23,6,June,2012,7,Saturday,21,32,1,2,2,99999,35.75574722,-80.81486944,8,2,0,0,0,1,0
370494,NORTH CAROLINA,NC,1,1,0,0,1,1,99,0,BEATRICE,1,6,June,2012,6,Friday,16,26,0,3,3,99999,35.33653611,-83.19901389,39,1,0,0,0,1,0
370495,NORTH CAROLINA,NC,1,1,0,0,1,1,99,0,BEATRICE,27,6,June,2012,4,Wednesday,3,15,0,3,3,99999,35.24943611,-83.12911667,42,2,0,0,0,1,1
370496,NORTH CAROLINA,NC,2,2,0,0,2,2,101,0,BOYLSTON,3,6,June,2012,1,Sunday,17,29,0,3,3,99999,35.55858333,-78.41248056,12,1,0,0,0,1,0
370497,NORTH CAROLINA,NC,1,1,0,0,2,2,101,0,BOYLSTON,14,6,June,2012,5,Thursday,19,57,0,3,3,99999,35.58886389,-78.12955000,34,5,0,0,0,1,0
370498,NORTH CAROLINA,NC,1,1,0,0,1,1,101,0,BOYLSTON,23,6,June,2012,7,Saturday,19,7,1,1,1,99999,35.50843889,-78.31191389,1,1,0,0,0,1,1
370499,NORTH CAROLINA,NC,1,1,0,0,3,3,101,0,BOYLSTON,23,6,June,2012,7,Saturday,0,10,0,3,3,99999,35.44155000,-78.40644167,5,2,0,0,0,1,1
370500,NORTH CAROLINA,NC,1,1,0,0,1,1,101,0,BOYLSTON,28,6,June,2012,5,Thursday,21,44,1,1,1,99999,99.99990000,999.99990000,57,1,0,0,0,1,1
370501,NORTH CAROLINA,NC,2,2,0,0,3,3,103,0,DANVILLE,1,6,June,2012,6,Friday,6,16,1,2,2,99999,34.91299722,-77.23263889,12,1,0,0,0,1,0
370502,NORTH CAROLINA,NC,1,1,0,0,1,1,103,0,DANVILLE,14,6,June,2012,5,Thursday,7,2,0,3,3,99999,35.01523889,-77.66813333,30,1,0,0,0,1,0
370503,NORTH CAROLINA,NC,2,2,0,0,2,2,107,0,CARROLLTON,7,6,June,2012,5,Thursday,10,2,0,3,3,99999,35.22192500,-77.61690833,12,1,0,0,0,1,0
370504,NORTH CAROLINA,NC,1,1,0,0,1,1,109,0,ANSLEY,8,6,June,2012,6,Friday,18,0,0,3,3,99999,35.51323056,-81.45405556,42,1,0,0,0,1,1
370505,NORTH CAROLINA,NC,2,2,0,0,4,4,111,0,GRAHAM,3,6,June,2012,1,Sunday,19,22,1,2,2,99999,35.64409722,-81.98579722,12,5,0,0,0,1,1
370506,NORTH CAROLINA,NC,1,1,1,1,4,4,111,2900,GRAHAM,11,6,June,2012,2,Monday,21,43,0,16,6,99999,35.61396389,-82.05148889,8,2,0,0,0,1,0
370507,NORTH CAROLINA,NC,1,1,0,0,1,1,119,870,BELLAMY,4,6,June,2012,2,Monday,0,27,1,1,1,99999,35.30698333,-80.95281389,24,2,0,0,0,1,1
370508,NORTH CAROLINA,NC,1,1,1,1,2,2,119,870,BELLAMY,8,6,June,2012,6,Friday,22,35,0,16,6,99999,35.24118611,-80.79710833,8,3,0,0,0,1,0