ST_CASE,State Name,State Abbreviation,# of Vehicle involved,Parked_Vehicles_Involved,Pedestrains,Person_Not_in_Motor_Vehicle,Persons_in_motor_vehicle,Total_Persons_in_accident,COUNTY,CITY,City_County_Name,Calendar_DAY,MONTH,Month_name,YEAR,DAY_WEEK,Day_Week_desc,HOUR,MINUTE,NHS_Desc,trafficway,Route,MILEPT,LATITUDE,LONGITUD,First_Crash_event,Light_cond_desc,Weather_condition,School_bus_involved,Crash_cause,FATALS,DRUNK_DR
370652,NORTH CAROLINA,NC,1,1,1,1,3,3,183,1752,FORT STEWART,12,7,July,2012,5,Thursday,23,29,0,5,6,99999,35.55603056,-78.69217778,8,2,0,0,0,1,0
370653,NORTH CAROLINA,NC,2,2,0,0,3,3,183,3750,FORT STEWART,15,7,July,2012,1,Sunday,2,21,1,11,1,99999,35.72784167,-78.58607500,12,2,0,0,0,2,1
370654,NORTH CAROLINA,NC,1,1,0,0,3,3,183,3750,FORT STEWART,28,7,July,2012,7,Saturday,20,23,0,15,6,99999,35.71646389,-78.54609444,53,5,0,0,0,3,1
370655,NORTH CAROLINA,NC,1,1,1,1,2,2,187,3670,DAHLONEGA,8,7,July,2012,1,Sunday,2,15,0,4,6,99999,35.86328889,-76.74445556,9,2,0,0,0,1,0
370656,NORTH CAROLINA,NC,2,2,0,0,2,2,189,560,BONEVILLE,26,7,July,2012,5,Thursday,13,4,0,6,6,99999,36.23095556,-81.62626667,12,1,0,0,0,1,0
370657,NORTH CAROLINA,NC,2,2,0,0,3,3,191,1880,CRESCENT,21,7,July,2012,7,Saturday,10,11,0,15,6,99999,35.38479444,-77.95023611,12,1,0,0,0,1,0
370658,NORTH CAROLINA,NC,2,2,0,0,2,2,191,4147,CRESCENT,24,7,July,2012,3,Tuesday,17,7,0,4,3,99999,35.22116944,-77.85593889,12,1,0,0,0,1,1
370659,NORTH CAROLINA,NC,1,1,1,1,1,1,191,3200,CRESCENT,31,7,July,2012,3,Tuesday,22,16,0,4,2,99999,35.19767222,-78.06910000,8,2,0,0,0,1,0
370660,NORTH CAROLINA,NC,2,2,0,0,3,3,193,5040,IDEAL,2,7,July,2012,2,Monday,16,30,0,3,3,99999,36.12893333,-81.16661389,12,1,0,0,0,1,0
370661,NORTH CAROLINA,NC,1,1,0,0,2,2,25,2390,BARLOW BEND,23,7,July,2012,2,Monday,22,40,0,15,6,99999,35.45028611,-80.66712222,53,3,0,0,0,1,0
370662,NORTH CAROLINA,NC,2,2,0,0,3,3,51,1670,CENTRAL,23,7,July,2012,2,Monday,19,54,0,13,6,99999,35.02016389,-78.89540000,12,3,0,0,0,1,0
370663,NORTH CAROLINA,NC,1,1,1,1,1,1,83,4930,ARDMORE,13,7,July,2012,6,Friday,99,99,0,16,6,99999,36.42405556,-77.62313056,8,2,0,0,0,1,0
370664,NORTH CAROLINA,NC,2,2,0,0,3,3,129,5060,BIGBEE,14,7,July,2012,7,Saturday,11,2,1,13,6,99999,34.25088611,-77.87167222,12,1,0,0,0,1,0
370665,NORTH CAROLINA,NC,1,1,1,1,1,1,129,5060,BIGBEE,22,7,July,2012,1,Sunday,1,20,0,14,6,99999,34.25771111,-77.88884722,8,3,0,0,0,1,0
370666,NORTH CAROLINA,NC,2,2,0,0,3,3,183,3750,FORT STEWART,28,7,July,2012,7,Saturday,4,40,0,13,6,99999,35.91730278,-78.78896944,12,2,0,0,0,1,2
370667,NORTH CAROLINA,NC,1,1,0,0,1,1,13,0,BOLLING,22,8,August,2012,4,Wednesday,23,24,0,6,4,99999,35.50788611,-77.12181944,32,2,0,0,0,1,0
370668,NORTH CAROLINA,NC,1,1,0,0,1,1,13,4860,BOLLING,12,8,August,2012,1,Sunday,18,19,0,14,6,99999,35.56665278,-77.07344444,33,1,0,0,0,1,1
370669,NORTH CAROLINA,NC,1,1,0,0,1,1,19,0,CEDAR BLUFF,18,8,August,2012,7,Saturday,22,20,0,4,3,99999,34.07165278,-77.95516111,34,2,0,0,0,1,0
370670,NORTH CAROLINA,NC,1,1,0,0,1,1,23,0,BLADON SPRINGS,22,8,August,2012,4,Wednesday,18,0,0,5,4,99999,35.69530000,-81.44963889,34,1,0,0,0,1,1
370671,NORTH CAROLINA,NC,3,3,0,0,5,5,25,1040,BARLOW BEND,10,8,August,2012,6,Friday,13,51,1,11,1,99999,35.47388056,-80.58118056,12,1,0,0,0,1,0
370672,NORTH CAROLINA,NC,1,1,0,0,1,1,31,0,COFFEE,7,8,August,2012,3,Tuesday,17,0,0,6,4,99999,34.76642778,-77.09629722,32,1,0,0,0,1,1
370673,NORTH CAROLINA,NC,1,1,0,0,1,1,31,0,COFFEE,25,8,August,2012,7,Saturday,23,3,0,3,3,99999,34.71874722,-77.07042500,30,2,0,0,0,1,0
370674,NORTH CAROLINA,NC,2,1,2,2,1,1,39,0,ANDALUSIA,3,8,August,2012,6,Friday,14,9,0,4,3,99999,35.01711667,-84.12139167,8,1,0,0,0,2,0
370675,NORTH CAROLINA,NC,1,1,0,0,2,2,41,0,BRANTLEY,28,8,August,2012,3,Tuesday,8,15,1,2,2,99999,36.07069444,-76.62435000,57,1,0,0,0,1,0
370676,NORTH CAROLINA,NC,1,1,0,0,1,1,45,1651,ARITON,13,8,August,2012,2,Monday,23,24,0,3,3,99999,35.42347222,-81.50149444,33,3,0,0,0,1,1
370677,NORTH CAROLINA,NC,2,2,0,0,3,3,45,1651,ARITON,13,8,August,2012,2,Monday,23,24,0,3,3,99999,35.42378611,-81.50140833,12,3,0,0,0,1,1
370678,NORTH CAROLINA,NC,1,1,0,0,3,3,45,0,ARITON,17,8,August,2012,6,Friday,16,8,0,3,3,99999,35.25571111,-81.50727500,35,1,0,0,0,1,0
370679,NORTH CAROLINA,NC,2,2,0,0,6,6,47,0,BROWNS,2,8,August,2012,5,Thursday,14,19,1,2,2,99999,34.32580000,-78.98538333,12,1,0,0,0,2,0
370680,NORTH CAROLINA,NC,3,3,1,1,3,3,49,0,COLLINSVILLE,14,8,August,2012,3,Tuesday,20,31,0,6,4,99999,35.18238056,-77.28679167,8,2,0,0,0,1,0
370681,NORTH CAROLINA,NC,1,1,1,1,1,1,51,1670,CENTRAL,27,8,August,2012,2,Monday,17,3,0,16,6,99999,35.06682500,-79.01337500,8,1,0,0,0,1,0
370682,NORTH CAROLINA,NC,2,2,0,0,2,2,51,1670,CENTRAL,9,8,August,2012,5,Thursday,14,39,0,16,6,99999,35.11116111,-78.87921389,12,1,0,0,0,1,0
370683,NORTH CAROLINA,NC,1,1,1,1,5,5,55,2435,ATTALLA,7,8,August,2012,3,Tuesday,1,55,0,3,3,99999,36.01360000,-75.65715556,9,3,0,0,0,1,1
370684,NORTH CAROLINA,NC,2,2,0,0,2,2,57,0,BANKSTON,2,8,August,2012,5,Thursday,11,0,0,3,3,99999,35.66411667,-80.47450000,12,1,0,0,0,1,0
370685,NORTH CAROLINA,NC,1,1,0,0,1,1,57,0,BANKSTON,2,8,August,2012,5,Thursday,17,16,0,3,3,99999,36.01519167,-80.13900556,34,1,0,0,0,1,1
370686,NORTH CAROLINA,NC,1,1,0,0,1,1,57,0,BANKSTON,4,8,August,2012,7,Saturday,2,26,0,3,3,99999,35.98318056,-80.30467222,43,2,0,0,0,1,1
370687,NORTH CAROLINA,NC,1,1,0,0,1,1,57,0,BANKSTON,3,8,August,2012,6,Friday,12,57,0,3,3,99999,35.60376111,-80.04465556,34,1,0,0,0,1,1
370688,NORTH CAROLINA,NC,2,2,0,0,3,3,57,2620,BANKSTON,19,8,August,2012,1,Sunday,15,50,0,16,6,99999,35.81490556,-80.23285833,12,1,0,0,0,1,0
370689,NORTH CAROLINA,NC,1,1,0,0,1,1,59,0,FRANKLIN,5,8,August,2012,1,Sunday,7,42,1,2,2,99999,35.91378611,-80.58147500,1,2,0,0,0,1,1
370690,NORTH CAROLINA,NC,2,2,0,0,5,5,61,0,BELLWOOD,17,8,August,2012,6,Friday,9,18,0,3,3,99999,34.95749167,-77.97435278,12,1,0,0,0,1,0
370691,NORTH CAROLINA,NC,1,1,0,0,1,1,61,0,BELLWOOD,26,8,August,2012,1,Sunday,16,30,0,3,3,99999,34.92527500,-77.77373611,42,1,0,0,0,1,0
370692,NORTH CAROLINA,NC,1,1,1,1,1,1,63,1360,BOLIGEE,12,8,August,2012,1,Sunday,18,44,0,16,6,99999,35.97745833,-78.89747500,15,1,0,0,0,1,0
370693,NORTH CAROLINA,NC,1,1,1,1,1,1,63,1360,BOLIGEE,26,8,August,2012,1,Sunday,2,26,0,16,6,99999,35.99440556,-78.89367778,8,3,0,0,0,1,0
370694,NORTH CAROLINA,NC,1,1,1,1,1,1,65,0,CYPRESS,30,8,August,2012,5,Thursday,6,58,0,3,3,99999,99.99990000,999.99990000,8,1,0,0,0,1,0
370695,NORTH CAROLINA,NC,1,1,0,0,1,1,67,0,ABBEVILLE,17,8,August,2012,6,Friday,20,50,0,3,3,99999,36.02390556,-80.30850833,38,2,0,0,0,1,0
370696,NORTH CAROLINA,NC,2,2,0,0,2,2,67,5120,ABBEVILLE,3,8,August,2012,6,Friday,21,15,0,16,6,99999,36.07008056,-80.27741667,12,3,0,0,0,1,0
370697,NORTH CAROLINA,NC,2,2,0,0,5,5,69,0,ASHFORD,26,8,August,2012,1,Sunday,13,58,0,3,3,99999,36.08500278,-78.35209722,12,1,0,0,0,1,0
370698,NORTH CAROLINA,NC,2,2,0,0,3,3,69,0,ASHFORD,25,8,August,2012,7,Saturday,7,7,1,2,2,99999,36.01984722,-78.51381667,12,1,0,0,0,1,0
370699,NORTH CAROLINA,NC,1,1,0,0,1,1,77,0,ANDERSON,4,8,August,2012,7,Saturday,5,15,0,3,3,99999,36.29906389,-78.62154722,34,2,0,0,0,1,1
370700,NORTH CAROLINA,NC,1,1,0,0,1,1,77,0,ANDERSON,21,8,August,2012,3,Tuesday,13,50,0,3,3,99999,36.29601111,-78.59247778,52,1,0,0,0,1,1
370701,NORTH CAROLINA,NC,2,2,0,0,6,6,79,0,COURTLAND,27,8,August,2012,2,Monday,13,57,1,2,2,99999,35.47804722,-77.65491667,12,1,0,0,0,2,2
370702,NORTH CAROLINA,NC,1,1,0,0,1,1,81,0,AUBURN,2,8,August,2012,5,Thursday,14,15,0,3,3,99999,36.10971389,-79.58291944,42,1,0,0,0,1,1
370703,NORTH CAROLINA,NC,2,2,0,0,2,2,81,2170,AUBURN,14,8,August,2012,3,Tuesday,11,56,0,16,6,99999,35.96655833,-80.01098056,12,1,0,0,0,1,0
370704,NORTH CAROLINA,NC,2,2,0,0,6,6,81,2170,AUBURN,28,8,August,2012,3,Tuesday,14,39,0,16,6,99999,35.95360556,-80.00643056,12,1,0,0,0,1,0
370705,NORTH CAROLINA,NC,1,1,0,0,1,1,85,0,BENTON,25,8,August,2012,7,Saturday,5,46,0,3,3,99999,35.31000833,-78.97409722,34,2,0,0,0,1,1
370706,NORTH CAROLINA,NC,5,5,0,0,7,7,93,0,BEAR CREEK,7,8,August,2012,3,Tuesday,10,38,1,2,2,99999,35.00702778,-79.17037500,12,1,0,0,0,1,0
370707,NORTH CAROLINA,NC,1,1,0,0,2,2,93,0,BEAR CREEK,9,8,August,2012,5,Thursday,2,44,0,3,3,99999,34.97575000,-79.13303333,42,2,0,0,0,2,1
370708,NORTH CAROLINA,NC,1,1,0,0,1,1,93,0,BEAR CREEK,21,8,August,2012,3,Tuesday,0,36,0,3,3,99999,35.04350556,-79.35707500,42,2,0,0,0,1,1
370709,NORTH CAROLINA,NC,2,2,0,0,3,3,93,0,BEAR CREEK,26,8,August,2012,1,Sunday,19,40,0,3,3,99999,35.05443333,-79.38634444,12,1,0,0,0,1,0
370710,NORTH CAROLINA,NC,1,1,0,0,2,2,99,0,BEATRICE,9,8,August,2012,5,Thursday,14,56,1,2,2,99999,35.36891111,-83.25236389,1,1,0,0,0,1,0
370711,NORTH CAROLINA,NC,1,1,0,0,4,4,101,0,BOYLSTON,1,8,August,2012,4,Wednesday,7,17,1,1,1,99999,35.55097500,-78.21595833,42,1,0,0,0,1,0
370712,NORTH CAROLINA,NC,1,1,0,0,1,1,101,0,BOYLSTON,4,8,August,2012,7,Saturday,2,33,1,1,1,99999,35.54974167,-78.21901944,42,2,0,0,0,1,1
370713,NORTH CAROLINA,NC,2,2,0,0,3,3,101,0,BOYLSTON,6,8,August,2012,2,Monday,13,5,0,3,3,99999,99.99990000,999.99990000,12,1,0,0,0,1,0
370714,NORTH CAROLINA,NC,1,1,1,1,1,1,101,4230,BOYLSTON,25,8,August,2012,7,Saturday,9,51,1,12,2,99999,35.48366944,-78.36631111,8,9,0,0,0,1,0
370715,NORTH CAROLINA,NC,1,1,0,0,1,1,109,0,ANSLEY,2,8,August,2012,5,Thursday,18,14,0,3,3,99999,35.46555556,-81.26948611,53,1,0,0,0,1,0
370716,NORTH CAROLINA,NC,1,1,0,0,2,2,113,0,COTTONTON,4,8,August,2012,7,Saturday,14,41,0,3,3,99999,35.15290833,-83.21400556,35,1,0,0,0,1,0
370717,NORTH CAROLINA,NC,2,2,0,0,6,6,111,0,GRAHAM,11,8,August,2012,7,Saturday,12,37,1,2,2,99999,99.99990000,999.99990000,12,1,0,0,0,1,0
370718,NORTH CAROLINA,NC,5,5,0,0,6,6,119,870,BELLAMY,3,8,August,2012,6,Friday,7,6,0,16,6,99999,35.25817778,-80.79461944,30,1,0,0,0,1,0
370719,NORTH CAROLINA,NC,1,1,0,0,1,1,119,3095,BELLAMY,4,8,August,2012,7,Saturday,11,56,0,16,6,99999,35.18210278,-80.65652222,34,1,0,0,0,1,0
370720,NORTH CAROLINA,NC,1,1,1,1,1,1,119,3095,BELLAMY,16,8,August,2012,5,Thursday,2,57,0,16,6,99999,35.17734167,-80.69211111,8,2,0,0,0,1,0
370721,NORTH CAROLINA,NC,1,1,0,0,2,2,119,870,BELLAMY,26,8,August,2012,1,Sunday,3,14,0,16,6,99999,35.28068333,-80.92562778,43,3,0,0,0,1,1
370722,NORTH CAROLINA,NC,2,2,0,0,2,2,119,870,BELLAMY,28,8,August,2012,3,Tuesday,11,18,1,11,1,99999,35.28413056,-80.77517500,12,1,0,0,0,1,0
370723,NORTH CAROLINA,NC,1,1,1,1,1,1,119,870,BELLAMY,11,8,August,2012,7,Saturday,4,10,0,16,6,99999,35.23926944,-80.91453056,8,2,0,0,0,1,1
370724,NORTH CAROLINA,NC,1,1,0,0,1,1,119,870,BELLAMY,5,8,August,2012,1,Sunday,0,38,0,16,6,99999,35.07869444,-81.00625556,1,2,0,0,0,1,1
370725,NORTH CAROLINA,NC,1,1,1,1,1,1,119,870,BELLAMY,4,8,August,2012,7,Saturday,22,16,0,16,6,99999,35.24560556,-80.78079167,8,3,0,0,0,1,0
370726,NORTH CAROLINA,NC,2,1,0,0,1,1,119,870,BELLAMY,24,8,August,2012,6,Friday,0,55,0,16,6,99999,35.32526944,-80.95586111,14,3,0,0,0,1,1
370727,NORTH CAROLINA,NC,1,1,0,0,1,1,127,3788,BURNWELL,20,8,August,2012,2,Monday,0,51,0,14,3,99999,35.99152500,-77.86580833,43,2,0,0,0,1,0
370728,NORTH CAROLINA,NC,1,1,1,1,1,1,127,3930,BURNWELL,28,8,August,2012,3,Tuesday,20,28,0,16,6,99999,35.95272778,-77.82017222,8,3,0,0,0,1,0
370729,NORTH CAROLINA,NC,2,2,0,0,2,2,129,0,BIGBEE,2,8,August,2012,5,Thursday,20,6,1,2,2,99999,34.10695556,-77.89955556,12,5,0,0,0,1,0
370730,NORTH CAROLINA,NC,2,2,0,0,6,6,129,0,BIGBEE,6,8,August,2012,2,Monday,15,13,1,2,2,99999,99.99990000,999.99990000,12,1,0,0,0,1,0
370731,NORTH CAROLINA,NC,1,1,1,1,4,4,129,0,BIGBEE,6,8,August,2012,2,Monday,21,36,0,3,3,99999,34.31348056,-77.88008056,8,2,0,0,0,1,0
370732,NORTH CAROLINA,NC,1,1,1,1,1,1,133,0,ARLEY,9,8,August,2012,5,Thursday,18,29,0,3,3,99999,34.71851389,-77.32062778,9,1,0,0,0,1,0
370733,NORTH CAROLINA,NC,1,1,1,1,1,1,133,2330,ARLEY,29,8,August,2012,4,Wednesday,21,16,0,14,2,99999,34.76713889,-77.41082500,8,3,0,0,0,1,0
370734,NORTH CAROLINA,NC,1,1,1,1,1,1,133,2330,ARLEY,28,8,August,2012,3,Tuesday,21,21,1,12,2,99999,34.89173611,-77.23368333,8,3,0,0,0,1,0
370735,NORTH CAROLINA,NC,1,1,0,0,1,1,141,0,BEE BRANCH,11,8,August,2012,7,Saturday,23,10,0,6,6,99999,34.38559722,-77.90804722,34,2,0,0,0,1,1
370736,NORTH CAROLINA,NC,1,1,1,1,1,1,141,0,BEE BRANCH,13,8,August,2012,2,Monday,20,40,1,2,2,99999,99.99990000,999.99990000,8,3,0,0,0,1,0
370737,NORTH CAROLINA,NC,1,1,0,0,1,1,141,690,BEE BRANCH,18,8,August,2012,7,Saturday,2,45,0,3,2,99999,34.49851667,-78.05408056,1,2,0,0,0,1,0
370738,NORTH CAROLINA,NC,2,2,0,0,2,2,147,1950,AUGUSTA,1,8,August,2012,4,Wednesday,16,12,0,4,3,99999,35.45217500,-77.26382778,12,1,0,0,0,1,0
370739,NORTH CAROLINA,NC,1,1,1,1,1,1,147,1950,AUGUSTA,18,8,August,2012,7,Saturday,5,0,0,4,3,99999,35.65371667,-77.37171667,8,2,0,0,0,1,0
370740,NORTH CAROLINA,NC,2,2,0,0,2,2,147,1950,AUGUSTA,24,8,August,2012,6,Friday,6,2,0,13,2,99999,35.60826111,-77.46416667,12,2,0,0,0,1,0
370741,NORTH CAROLINA,NC,1,1,0,0,2,2,147,1950,AUGUSTA,10,8,August,2012,6,Friday,23,25,0,16,6,99999,35.61259722,-77.36878611,5,3,0,0,0,1,1
370742,NORTH CAROLINA,NC,1,1,0,0,1,1,149,9898,BELLEVILLE,14,8,August,2012,3,Tuesday,0,32,0,4,3,99999,35.19602500,-82.05054167,30,2,0,0,0,1,1
370743,NORTH CAROLINA,NC,1,1,0,0,1,1,149,1030,BELLEVILLE,14,8,August,2012,3,Tuesday,18,1,0,5,9,99999,35.27794444,-82.15281944,32,1,0,0,0,1,0
370744,NORTH CAROLINA,NC,1,1,0,0,4,4,151,3760,FLIPPEN,6,8,August,2012,2,Monday,17,40,0,6,6,99999,35.74620000,-79.64494722,35,1,0,0,0,1,1
370745,NORTH CAROLINA,NC,2,2,0,0,4,4,151,9999,FLIPPEN,31,8,August,2012,6,Friday,16,35,0,5,6,99999,35.66362778,-80.04301667,12,1,0,0,0,1,1
370746,NORTH CAROLINA,NC,1,1,0,0,1,1,155,2770,IRWIN,12,8,August,2012,1,Sunday,11,57,0,4,2,99999,34.72219444,-78.99528611,59,1,0,0,0,1,1
370747,NORTH CAROLINA,NC,2,2,0,0,5,5,155,2770,IRWIN,10,8,August,2012,6,Friday,14,13,0,6,6,99999,34.67804722,-78.92100556,12,1,0,0,0,1,1
370748,NORTH CAROLINA,NC,2,2,0,0,4,4,159,940,FARRAR,2,8,August,2012,5,Thursday,7,51,0,4,3,99999,35.65369444,-80.75420833,12,1,0,0,0,1,0
370749,NORTH CAROLINA,NC,1,1,0,0,1,1,159,1630,FARRAR,8,8,August,2012,4,Wednesday,21,52,0,4,6,99999,35.57463889,-80.48330833,32,2,0,0,0,1,0
370750,NORTH CAROLINA,NC,1,1,1,1,0,0,159,4340,FARRAR,27,8,August,2012,2,Monday,14,55,0,6,6,99999,35.72106944,-80.39761389,8,1,0,0,0,1,0
370751,NORTH CAROLINA,NC,2,2,0,0,3,3,159,4070,FARRAR,27,8,August,2012,2,Monday,14,37,0,4,6,99999,35.69474722,-80.62845556,23,1,0,0,0,2,0
370752,NORTH CAROLINA,NC,2,2,0,0,3,3,159,3920,FARRAR,30,8,August,2012,5,Thursday,17,30,0,3,6,99999,35.53435278,-80.59138889,12,1,0,0,0,1,0
370753,NORTH CAROLINA,NC,1,1,0,0,2,2,161,1680,DENTON,12,8,August,2012,1,Sunday,16,59,0,6,6,99999,35.38447500,-81.83756389,42,1,0,0,0,1,0
370754,NORTH CAROLINA,NC,2,2,0,0,2,2,161,1680,DENTON,20,8,August,2012,2,Monday,17,53,0,3,2,99999,35.22712500,-81.84286389,12,1,0,0,0,1,0
370755,NORTH CAROLINA,NC,2,2,0,0,2,2,163,970,AVERA,11,8,August,2012,7,Saturday,10,38,0,6,6,99999,35.00866944,-78.26658056,12,1,0,0,0,1,1
370756,NORTH CAROLINA,NC,1,1,1,1,1,1,169,2438,BRADLEY,12,8,August,2012,1,Sunday,1,20,0,6,6,99999,36.33530556,-80.37850000,8,2,0,0,0,1,1
370757,NORTH CAROLINA,NC,3,3,0,0,4,4,171,1270,ALDORA,31,8,August,2012,6,Friday,20,10,0,4,6,99999,36.39601667,-80.76683889,12,2,0,0,0,2,0
370758,NORTH CAROLINA,NC,2,2,0,0,3,3,175,600,CADWELL,3,8,August,2012,6,Friday,12,41,0,13,3,99999,35.27707222,-82.69936389,12,1,0,0,0,1,0
370759,NORTH CAROLINA,NC,1,1,0,0,4,4,175,600,CADWELL,18,8,August,2012,7,Saturday,2,46,0,4,2,99999,35.27564722,-82.71141111,35,2,0,0,0,1,1
370760,NORTH CAROLINA,NC,1,1,0,0,1,1,179,3100,ALLENHURST,12,8,August,2012,1,Sunday,17,41,0,13,2,99999,34.97367500,-80.51166111,59,1,0,0,0,1,0
370761,NORTH CAROLINA,NC,2,2,0,0,2,2,179,4890,ALLENHURST,14,8,August,2012,3,Tuesday,6,45,0,4,3,99999,34.99139722,-80.77273333,12,1,0,0,0,1,0
370762,NORTH CAROLINA,NC,1,1,0,0,1,1,179,3100,ALLENHURST,15,8,August,2012,4,Wednesday,15,5,0,6,6,99999,34.94393611,-80.53705278,34,1,0,0,0,1,1
370763,NORTH CAROLINA,NC,1,1,0,0,1,1,181,2120,LINCOLN,30,8,August,2012,5,Thursday,22,13,0,6,6,99999,36.41836667,-78.45205000,34,2,0,0,0,1,0
370764,NORTH CAROLINA,NC,2,2,0,0,2,2,181,2120,LINCOLN,31,8,August,2012,6,Friday,7,54,0,14,3,99999,36.25465278,-78.33646944,12,1,0,0,0,1,1
370765,NORTH CAROLINA,NC,2,2,0,0,2,2,183,4940,FORT STEWART,1,8,August,2012,4,Wednesday,0,22,1,2,2,99999,35.79611111,-78.43171389,12,2,0,0,0,1,0
370766,NORTH CAROLINA,NC,1,1,0,0,1,1,183,800,FORT STEWART,5,8,August,2012,1,Sunday,22,11,0,6,6,99999,35.70111389,-78.80828611,1,2,0,0,0,1,1
370767,NORTH CAROLINA,NC,1,1,0,0,1,1,183,2230,FORT STEWART,4,8,August,2012,7,Saturday,17,12,0,16,6,99999,35.67513889,-78.83762778,42,1,0,0,0,1,0
370768,NORTH CAROLINA,NC,2,2,0,0,5,5,183,2230,FORT STEWART,11,8,August,2012,7,Saturday,13,9,0,6,6,99999,35.70236944,-78.80301944,12,1,0,0,0,2,0
370769,NORTH CAROLINA,NC,3,3,0,0,6,6,183,5230,FORT STEWART,12,8,August,2012,1,Sunday,3,23,1,2,2,99999,35.83493611,-78.33251389,12,2,0,0,0,1,3
370770,NORTH CAROLINA,NC,2,2,0,0,3,3,183,4790,FORT STEWART,6,8,August,2012,2,Monday,21,38,1,2,6,99999,35.99038056,-78.52975000,12,2,0,0,0,1,1
370771,NORTH CAROLINA,NC,2,2,0,0,2,2,189,560,BONEVILLE,24,8,August,2012,6,Friday,1,40,0,2,3,99999,36.20700556,-81.71316111,12,2,0,0,0,1,1
370772,NORTH CAROLINA,NC,1,1,1,1,3,3,191,1880,CRESCENT,16,8,August,2012,5,Thursday,21,23,1,2,2,99999,35.33930278,-77.89823056,8,2,0,0,0,1,1
370773,NORTH CAROLINA,NC,1,1,1,1,1,1,195,5070,CARLTON,25,8,August,2012,7,Saturday,20,36,0,5,6,99999,35.76899722,-78.00885000,8,2,2,0,0,1,0
370774,NORTH CAROLINA,NC,1,1,0,0,2,2,199,710,ALVATON,24,8,August,2012,6,Friday,8,25,0,6,6,99999,35.92846944,-82.28627500,53,1,0,0,0,1,0
370775,NORTH CAROLINA,NC,1,1,0,0,2,2,1,1900,AUTAUGA,2,9,September,2012,1,Sunday,21,56,0,4,6,99999,35.90541944,-79.31550556,42,2,2,0,0,1,0
370776,NORTH CAROLINA,NC,1,1,0,0,1,1,1,1900,AUTAUGA,10,9,September,2012,2,Monday,22,20,0,2,3,99999,35.91687778,-79.31235556,32,2,0,0,0,1,0
370777,NORTH CAROLINA,NC,2,2,0,0,4,4,9,4970,BLOUNT,22,9,September,2012,7,Saturday,16,1,0,5,2,99999,36.40398056,-81.48027222,12,1,0,0,0,1,0
370778,NORTH CAROLINA,NC,1,1,0,0,1,1,11,3260,BULLOCK,30,9,September,2012,1,Sunday,1,23,0,6,6,99999,36.07052500,-81.87041389,24,2,0,0,0,1,1
370779,NORTH CAROLINA,NC,1,1,0,0,1,1,13,3490,BOLLING,9,9,September,2012,1,Sunday,1,4,0,3,2,99999,35.54395833,-76.70495556,30,2,0,0,0,1,1
370780,NORTH CAROLINA,NC,1,1,0,0,1,1,13,4860,BOLLING,7,9,September,2012,6,Friday,3,0,0,6,6,99999,35.57256667,-76.94304444,42,2,0,0,0,1,1
370781,NORTH CAROLINA,NC,2,2,0,0,5,5,15,2610,ANNISTON,2,9,September,2012,1,Sunday,5,14,0,4,3,99999,36.11516667,-77.13571111,12,2,0,0,0,1,1
370782,NORTH CAROLINA,NC,3,3,0,0,4,4,15,2610,ANNISTON,4,9,September,2012,3,Tuesday,13,18,0,3,3,99999,36.12283056,-77.17621111,12,1,0,0,0,1,0
370783,NORTH CAROLINA,NC,1,1,0,0,1,1,19,540,CEDAR BLUFF,1,9,September,2012,7,Saturday,21,46,0,2,7,99999,34.15145833,-78.09343889,1,2,0,0,0,1,0
370784,NORTH CAROLINA,NC,1,1,0,0,4,4,19,4160,CEDAR BLUFF,1,9,September,2012,7,Saturday,15,49,1,2,2,99999,33.99789167,-78.32805833,34,1,0,0,0,1,0
370785,NORTH CAROLINA,NC,1,1,1,1,1,1,19,718,CEDAR BLUFF,13,9,September,2012,5,Thursday,5,33,1,2,2,99999,33.90997222,-78.58341111,8,2,0,0,0,1,0
370786,NORTH CAROLINA,NC,2,2,0,0,2,2,19,9997,CEDAR BLUFF,17,9,September,2012,2,Monday,15,54,1,2,2,99999,33.91924444,-78.57818611,12,1,0,0,0,1,0
370787,NORTH CAROLINA,NC,1,1,0,0,1,1,21,4910,CHILTON,5,9,September,2012,4,Wednesday,7,46,1,1,1,99999,35.77522500,-82.53834722,1,1,0,0,0,1,0
370788,NORTH CAROLINA,NC,1,1,0,0,2,2,21,170,CHILTON,17,9,September,2012,2,Monday,21,24,1,2,2,99999,35.49934444,-82.52118611,30,3,0,0,0,1,1
370789,NORTH CAROLINA,NC,1,1,0,0,4,4,21,170,CHILTON,3,9,September,2012,2,Monday,9,47,1,1,1,99999,35.55819444,-82.63150833,35,1,10,0,0,1,0