ST_CASE,State Name,State Abbreviation,# of Vehicle involved,Parked_Vehicles_Involved,Pedestrains,Person_Not_in_Motor_Vehicle,Persons_in_motor_vehicle,Total_Persons_in_accident,COUNTY,CITY,City_County_Name,Calendar_DAY,MONTH,Month_name,YEAR,DAY_WEEK,Day_Week_desc,HOUR,MINUTE,NHS_Desc,trafficway,Route,MILEPT,LATITUDE,LONGITUD,First_Crash_event,Light_cond_desc,Weather_condition,School_bus_involved,Crash_cause,FATALS,DRUNK_DR
370790,NORTH CAROLINA,NC,2,2,0,0,3,3,27,1920,ASHLAND,16,9,September,2012,1,Sunday,11,46,1,2,2,99999,35.78531389,-81.40538611,12,1,0,0,0,2,0
370791,NORTH CAROLINA,NC,2,2,0,0,2,2,31,3120,COFFEE,13,9,September,2012,5,Thursday,13,18,0,2,3,99999,34.73430278,-76.86149722,12,1,0,0,0,1,0
370792,NORTH CAROLINA,NC,1,1,0,0,2,2,35,2150,BROOKLYN,9,9,September,2012,1,Sunday,2,2,0,5,6,99999,35.59107778,-81.44525278,42,2,0,0,0,2,1
370793,NORTH CAROLINA,NC,2,2,0,0,2,2,35,2150,BROOKLYN,13,9,September,2012,5,Thursday,21,48,0,13,7,99999,35.73089722,-81.35253889,12,3,0,0,0,1,2
370794,NORTH CAROLINA,NC,1,1,0,0,2,2,35,2850,BROOKLYN,28,9,September,2012,6,Friday,2,38,0,6,6,99999,35.58405000,-81.28124167,1,2,0,0,0,1,0
370795,NORTH CAROLINA,NC,1,1,0,0,1,1,47,5020,BROWNS,15,9,September,2012,7,Saturday,16,23,0,4,3,99999,34.43286389,-78.74878611,34,1,0,0,0,1,0
370796,NORTH CAROLINA,NC,2,2,0,0,7,7,47,5020,BROWNS,15,9,September,2012,7,Saturday,20,20,0,4,3,99999,34.12742500,-78.66446667,12,2,0,0,0,1,1
370797,NORTH CAROLINA,NC,1,1,1,1,3,3,47,1600,BROWNS,25,9,September,2012,3,Tuesday,19,9,0,4,6,99999,34.31395833,-79.00993056,8,2,0,0,0,1,0
370798,NORTH CAROLINA,NC,1,1,0,0,1,1,47,850,BROWNS,29,9,September,2012,7,Saturday,16,43,0,3,6,99999,34.26900278,-78.85873889,34,1,0,0,0,1,0
370799,NORTH CAROLINA,NC,1,1,0,0,1,1,49,1280,COLLINSVILLE,13,9,September,2012,5,Thursday,23,51,0,4,6,99999,35.30478611,-77.31794444,34,2,0,0,0,1,1
370800,NORTH CAROLINA,NC,1,1,0,0,1,1,51,4767,CENTRAL,2,9,September,2012,1,Sunday,18,0,1,1,1,99999,35.05371389,-78.79876944,34,1,0,0,0,1,1
370801,NORTH CAROLINA,NC,2,2,0,0,2,2,51,1670,CENTRAL,7,9,September,2012,6,Friday,16,12,0,13,6,99999,35.03151944,-79.06174444,12,1,0,0,0,1,1
370802,NORTH CAROLINA,NC,1,1,0,0,1,1,51,1670,CENTRAL,28,9,September,2012,6,Friday,19,11,1,11,1,99999,35.08401111,-78.78701389,42,5,0,0,0,1,1
370803,NORTH CAROLINA,NC,2,2,0,0,2,2,57,4803,BANKSTON,11,9,September,2012,3,Tuesday,17,53,0,15,6,99999,36.00455278,-80.18161944,12,1,0,0,0,1,0
370804,NORTH CAROLINA,NC,2,2,0,0,5,5,57,4590,BANKSTON,29,9,September,2012,7,Saturday,14,0,0,3,2,99999,35.76916944,-80.09211667,12,1,2,0,0,1,0
370805,NORTH CAROLINA,NC,2,2,0,0,3,3,63,1360,BOLIGEE,3,9,September,2012,2,Monday,12,44,0,4,6,99999,35.97556667,-78.82707778,12,1,0,0,0,1,0
370806,NORTH CAROLINA,NC,1,1,0,0,1,1,63,1360,BOLIGEE,15,9,September,2012,7,Saturday,4,45,0,6,6,99999,36.00232500,-78.83297778,42,2,0,0,0,1,1
370807,NORTH CAROLINA,NC,1,1,1,1,2,2,63,1360,BOLIGEE,25,9,September,2012,3,Tuesday,19,25,0,6,6,99999,36.06150000,-78.88890278,8,5,0,0,0,1,0
370808,NORTH CAROLINA,NC,2,2,0,0,2,2,67,2430,ABBEVILLE,24,9,September,2012,2,Monday,22,19,0,4,6,99999,36.12650278,-80.14060278,12,2,0,0,0,1,0
370809,NORTH CAROLINA,NC,1,1,0,0,1,1,71,1800,BRIDGEPORT,8,9,September,2012,7,Saturday,3,36,0,6,6,99999,35.20340278,-81.24322778,32,2,0,0,0,1,1
370810,NORTH CAROLINA,NC,1,1,0,0,1,1,71,430,BRIDGEPORT,21,9,September,2012,6,Friday,23,8,0,4,3,99999,35.27146944,-81.31747500,30,2,0,0,0,1,1
370811,NORTH CAROLINA,NC,1,1,0,0,1,1,77,713,ANDERSON,15,9,September,2012,7,Saturday,19,5,0,15,6,99999,36.15627500,-78.72635556,1,5,0,0,0,1,1
370812,NORTH CAROLINA,NC,1,1,0,0,1,1,79,4250,COURTLAND,26,9,September,2012,4,Wednesday,15,36,0,6,6,99999,35.41031944,-77.68886944,34,1,0,0,0,1,0
370813,NORTH CAROLINA,NC,2,2,0,0,2,2,81,4464,AUBURN,14,9,September,2012,6,Friday,10,5,1,2,2,99999,36.24723611,-79.92072500,12,1,0,0,0,1,0
370814,NORTH CAROLINA,NC,1,1,0,0,1,1,81,2170,AUBURN,18,9,September,2012,3,Tuesday,21,0,0,14,6,99999,35.95407778,-79.99720556,33,3,0,0,0,1,1
370815,NORTH CAROLINA,NC,1,1,1,1,1,1,81,1940,AUBURN,25,9,September,2012,3,Tuesday,20,45,0,2,6,99999,36.08747500,-79.74352222,8,2,0,0,0,1,0
370816,NORTH CAROLINA,NC,2,2,0,0,2,2,83,1990,ARDMORE,5,9,September,2012,4,Wednesday,22,45,0,5,6,99999,36.34495556,-77.77243056,12,2,0,0,0,1,0
370817,NORTH CAROLINA,NC,1,1,1,1,1,1,83,1540,ARDMORE,15,9,September,2012,7,Saturday,6,28,0,6,6,99999,36.15745278,-77.54672222,8,1,0,0,0,1,1
370818,NORTH CAROLINA,NC,1,1,0,0,2,2,83,3860,ARDMORE,23,9,September,2012,1,Sunday,1,44,0,4,6,99999,36.47254722,-77.78060000,53,2,0,0,0,1,0
370819,NORTH CAROLINA,NC,1,1,0,0,2,2,85,2650,BENTON,2,9,September,2012,1,Sunday,15,57,0,4,6,99999,35.55871389,-78.85128611,32,1,0,0,0,1,0
370820,NORTH CAROLINA,NC,1,1,1,1,1,1,85,1350,BENTON,10,9,September,2012,2,Monday,20,24,0,6,6,99999,35.32476389,-78.56778333,9,2,0,0,0,1,0
370821,NORTH CAROLINA,NC,1,1,0,0,2,2,85,2650,BENTON,29,9,September,2012,7,Saturday,1,49,0,6,6,99999,35.47177500,-78.97405278,34,2,2,0,0,1,1
370822,NORTH CAROLINA,NC,3,3,0,0,5,5,89,2130,BROWNSBORO,1,9,September,2012,7,Saturday,20,21,0,4,6,99999,35.36508889,-82.44714167,12,2,0,0,0,1,0
370823,NORTH CAROLINA,NC,2,2,0,0,3,3,89,2130,BROWNSBORO,15,9,September,2012,7,Saturday,17,6,1,2,3,99999,35.36779167,-82.52386111,12,1,0,0,0,1,0
370824,NORTH CAROLINA,NC,1,1,0,0,1,1,93,3740,BEAR CREEK,1,9,September,2012,7,Saturday,4,41,0,6,6,99999,34.95870278,-79.34697778,42,2,0,0,0,1,1
370825,NORTH CAROLINA,NC,1,1,0,0,4,4,93,3740,BEAR CREEK,14,9,September,2012,6,Friday,21,52,0,5,6,99999,34.85825000,-79.27460278,34,2,0,0,0,1,1
370826,NORTH CAROLINA,NC,1,1,0,0,1,1,93,3740,BEAR CREEK,29,9,September,2012,7,Saturday,14,25,0,6,6,99999,34.96690556,-79.29428056,42,1,0,0,0,1,0
370827,NORTH CAROLINA,NC,2,2,0,0,2,2,93,3740,BEAR CREEK,28,9,September,2012,6,Friday,1,52,0,15,6,99999,34.97843889,-79.24634722,12,2,0,0,0,1,2
370828,NORTH CAROLINA,NC,1,1,1,1,4,4,97,4430,AXIS,2,9,September,2012,1,Sunday,20,16,1,2,2,99999,35.76073333,-80.83220000,8,2,0,0,0,1,0
370829,NORTH CAROLINA,NC,1,1,1,1,1,1,99,4540,BEATRICE,17,9,September,2012,2,Monday,21,13,0,3,2,99999,35.45559722,-83.31052778,8,2,2,0,0,1,0
370830,NORTH CAROLINA,NC,1,1,0,0,1,1,99,9999,BEATRICE,7,9,September,2012,6,Friday,13,0,0,4,2,99999,35.47209722,-83.31325556,1,1,0,0,0,1,0
370831,NORTH CAROLINA,NC,2,2,0,0,3,3,101,930,BOYLSTON,7,9,September,2012,6,Friday,12,45,1,2,2,99999,35.60374444,-78.42342778,12,1,0,0,0,1,0
370832,NORTH CAROLINA,NC,1,1,0,0,1,1,105,4090,MARION,25,9,September,2012,3,Tuesday,13,11,0,6,6,99999,35.56496111,-79.06911944,53,1,0,0,0,1,0
370833,NORTH CAROLINA,NC,1,1,0,0,1,1,107,2450,CARROLLTON,9,9,September,2012,1,Sunday,10,48,0,16,5,99999,35.28436667,-77.57901944,33,1,0,0,0,1,1
370834,NORTH CAROLINA,NC,1,1,0,0,1,1,107,1210,CARROLLTON,26,9,September,2012,4,Wednesday,3,0,0,5,6,99999,35.17422778,-77.80233333,34,2,0,0,0,1,1
370835,NORTH CAROLINA,NC,1,1,0,0,2,2,109,0,ANSLEY,12,9,September,2012,4,Wednesday,12,46,0,3,3,99999,35.55727222,-81.49368889,32,1,0,0,0,2,1
370836,NORTH CAROLINA,NC,2,2,0,0,2,2,113,0,COTTONTON,24,9,September,2012,2,Monday,15,59,0,6,4,99999,35.11632222,-83.39701389,12,1,0,0,0,1,0
370837,NORTH CAROLINA,NC,2,2,0,0,3,3,115,0,ASHVILLE,13,9,September,2012,5,Thursday,22,5,0,4,3,99999,35.81953333,-82.64176667,12,2,0,0,0,1,1
370838,NORTH CAROLINA,NC,1,1,0,0,1,1,115,0,ASHVILLE,28,9,September,2012,6,Friday,0,9,0,6,4,99999,35.82334167,-82.44886389,1,2,0,0,0,1,0
370839,NORTH CAROLINA,NC,1,1,0,0,1,1,111,0,GRAHAM,24,9,September,2012,2,Monday,6,49,0,6,4,99999,99.99990000,999.99990000,38,2,0,0,0,1,0
370840,NORTH CAROLINA,NC,1,1,1,1,4,4,119,870,BELLAMY,8,9,September,2012,7,Saturday,21,48,0,13,6,99999,35.19438889,-80.87833889,8,3,0,0,0,1,0
370841,NORTH CAROLINA,NC,2,2,1,1,2,2,119,870,BELLAMY,19,9,September,2012,4,Wednesday,0,17,1,11,1,99999,35.24940278,-80.89529722,8,2,0,0,0,1,0
370842,NORTH CAROLINA,NC,1,1,1,1,4,4,119,870,BELLAMY,21,9,September,2012,6,Friday,19,58,0,14,6,99999,35.14553611,-80.97259722,8,2,0,0,0,1,0
370843,NORTH CAROLINA,NC,2,2,0,0,2,2,119,870,BELLAMY,3,10,October,2012,4,Wednesday,0,7,0,15,6,99999,35.24357778,-80.86235278,12,3,0,0,0,1,2
370844,NORTH CAROLINA,NC,1,1,1,1,1,1,127,0,BURNWELL,8,9,September,2012,7,Saturday,8,4,1,12,2,99999,35.93230278,-78.10792500,8,1,0,0,0,1,0
370845,NORTH CAROLINA,NC,1,1,0,0,1,1,129,0,BIGBEE,4,9,September,2012,3,Tuesday,21,55,0,6,4,99999,34.27955278,-77.79637222,32,2,0,0,0,1,1
370846,NORTH CAROLINA,NC,1,1,0,0,2,2,131,0,ARLINGTON,29,9,September,2012,7,Saturday,8,35,0,6,4,99999,36.53153333,-77.36658333,34,1,0,0,0,1,0
370847,NORTH CAROLINA,NC,1,1,0,0,1,1,133,0,ARLEY,13,9,September,2012,5,Thursday,22,46,0,4,3,99999,34.69457778,-77.23749167,34,2,0,0,0,1,0
370848,NORTH CAROLINA,NC,2,2,0,0,2,2,133,0,ARLEY,23,9,September,2012,1,Sunday,22,19,0,3,4,99999,34.83501111,-77.46314444,12,2,0,0,0,1,2
370849,NORTH CAROLINA,NC,1,1,0,0,1,1,133,0,ARLEY,26,9,September,2012,4,Wednesday,19,29,0,6,4,99999,34.81076944,-77.37724722,1,2,0,0,0,1,0
370850,NORTH CAROLINA,NC,1,1,1,1,1,1,135,0,ASH FLAT,16,9,September,2012,1,Sunday,2,27,0,3,3,99999,35.90793889,-79.08082500,8,2,0,0,0,1,0
370851,NORTH CAROLINA,NC,1,1,0,0,2,2,145,0,BALD KNOB,23,9,September,2012,1,Sunday,7,15,0,3,3,99999,36.44895000,-78.95793889,38,1,0,0,0,1,0
370852,NORTH CAROLINA,NC,2,2,0,0,2,2,145,0,BALD KNOB,29,9,September,2012,7,Saturday,8,10,0,3,3,99999,99.99990000,999.99990000,12,1,10,0,0,1,0
370853,NORTH CAROLINA,NC,2,2,0,0,6,6,147,0,AUGUSTA,29,9,September,2012,7,Saturday,23,15,0,3,3,99999,35.61323056,-77.59729444,12,2,10,0,0,1,2
370854,NORTH CAROLINA,NC,1,1,0,0,1,1,151,160,FLIPPEN,14,9,September,2012,6,Friday,23,52,0,13,3,99999,99.99990000,999.99990000,42,2,0,0,0,1,1
370855,NORTH CAROLINA,NC,1,1,0,0,1,1,151,0,FLIPPEN,27,9,September,2012,5,Thursday,9,30,0,3,3,99999,35.61951389,-79.82680278,42,1,0,0,0,1,0
370856,NORTH CAROLINA,NC,2,2,0,0,2,2,151,0,FLIPPEN,28,9,September,2012,6,Friday,16,11,1,2,2,99999,99.99990000,999.99990000,12,1,0,0,0,1,1
370857,NORTH CAROLINA,NC,1,1,0,0,4,4,155,0,IRWIN,2,9,September,2012,1,Sunday,2,44,0,3,3,99999,34.73039722,-79.06367500,1,2,0,0,0,1,1
370858,NORTH CAROLINA,NC,2,2,0,0,2,2,155,0,IRWIN,4,9,September,2012,3,Tuesday,16,40,0,3,3,99999,34.68058333,-79.19168611,12,1,0,0,0,1,0
370859,NORTH CAROLINA,NC,1,1,0,0,1,1,155,9997,IRWIN,10,9,September,2012,2,Monday,17,14,0,14,4,99999,34.75125000,-79.05421389,10,1,0,0,0,1,0
370860,NORTH CAROLINA,NC,2,2,0,0,5,5,155,0,IRWIN,11,9,September,2012,3,Tuesday,13,57,0,3,3,99999,34.70765556,-79.19656111,12,1,0,0,0,1,0
370861,NORTH CAROLINA,NC,1,1,1,1,1,1,155,3790,IRWIN,13,9,September,2012,5,Thursday,16,17,0,16,6,99999,34.81277222,-79.19357500,8,1,0,0,0,1,1
370862,NORTH CAROLINA,NC,1,1,0,0,1,1,155,2770,IRWIN,22,9,September,2012,7,Saturday,2,30,0,16,6,99999,34.66378611,-79.00013889,33,3,0,0,0,1,1
370863,NORTH CAROLINA,NC,1,1,0,0,1,1,157,2830,ARCADE,2,9,September,2012,1,Sunday,22,59,1,13,2,99999,99.99990000,999.99990000,30,3,0,0,0,1,0
370864,NORTH CAROLINA,NC,3,3,0,0,3,3,157,0,ARCADE,9,9,September,2012,1,Sunday,17,47,0,3,3,99999,36.36143056,-79.69955000,12,1,0,0,0,1,2
370865,NORTH CAROLINA,NC,1,1,0,0,1,1,157,0,ARCADE,22,9,September,2012,7,Saturday,1,40,1,2,2,99999,99.99990000,999.99990000,35,2,0,0,0,1,1
370866,NORTH CAROLINA,NC,2,2,0,0,2,2,157,0,ARCADE,28,9,September,2012,6,Friday,20,51,0,3,3,99999,36.47780833,-79.82434444,12,2,0,0,0,1,0
370867,NORTH CAROLINA,NC,1,1,0,0,1,1,159,0,FARRAR,2,9,September,2012,1,Sunday,19,14,0,3,3,99999,35.52574167,-80.46811944,34,5,0,0,0,1,0
370868,NORTH CAROLINA,NC,1,1,1,1,2,2,159,0,FARRAR,25,9,September,2012,3,Tuesday,6,35,1,2,2,99999,35.66432500,-80.47432778,8,2,0,0,0,1,0
370869,NORTH CAROLINA,NC,1,1,0,0,3,3,159,0,FARRAR,28,9,September,2012,6,Friday,11,56,1,1,1,99999,99.99990000,999.99990000,1,1,0,0,0,1,0
370870,NORTH CAROLINA,NC,1,1,0,0,1,1,159,0,FARRAR,28,9,September,2012,6,Friday,0,53,0,3,3,99999,99.99990000,999.99990000,42,2,0,0,0,1,1
370871,NORTH CAROLINA,NC,2,2,0,0,3,3,161,0,DENTON,17,9,September,2012,2,Monday,14,12,1,2,2,99999,35.22012500,-81.84038889,12,1,0,0,0,1,0
370872,NORTH CAROLINA,NC,2,2,0,0,3,3,165,0,HERNDON,13,9,September,2012,5,Thursday,10,35,0,3,3,99999,34.77238611,-79.40335556,12,1,0,0,0,1,0
370873,NORTH CAROLINA,NC,1,1,0,0,1,1,165,0,HERNDON,13,9,September,2012,5,Thursday,16,52,0,3,3,99999,34.76170833,-79.43028889,42,1,0,0,0,1,0
370874,NORTH CAROLINA,NC,1,1,0,0,1,1,169,2438,BRADLEY,2,10,October,2012,3,Tuesday,9,18,1,12,2,99999,36.29041111,-80.40279444,42,2,0,0,0,1,1
370875,NORTH CAROLINA,NC,1,1,0,0,1,1,171,0,ALDORA,1,9,September,2012,7,Saturday,20,15,0,3,3,99999,36.50397500,-80.67456389,38,2,0,0,0,1,1
370876,NORTH CAROLINA,NC,2,2,0,0,3,3,171,0,ALDORA,23,9,September,2012,1,Sunday,10,46,0,3,3,99999,36.43329722,-80.63518333,12,1,0,0,0,1,0
370877,NORTH CAROLINA,NC,1,1,1,1,1,1,179,0,ALLENHURST,1,9,September,2012,7,Saturday,10,40,0,6,6,99999,34.85718889,-80.72790000,8,1,0,0,0,1,0
370878,NORTH CAROLINA,NC,2,2,0,0,3,3,179,3100,ALLENHURST,25,9,September,2012,3,Tuesday,13,35,1,2,2,99999,34.97864167,-80.52060833,12,1,0,0,0,1,0
370879,NORTH CAROLINA,NC,1,1,0,0,1,1,181,0,LINCOLN,15,9,September,2012,7,Saturday,22,6,0,3,3,99999,36.51403333,-78.45986389,34,2,0,0,0,1,1
370880,NORTH CAROLINA,NC,1,1,0,0,1,1,183,0,FORT STEWART,2,9,September,2012,1,Sunday,9,45,1,2,2,99999,35.62602778,-78.72166389,59,1,0,0,0,1,0
370881,NORTH CAROLINA,NC,1,1,0,0,1,1,183,0,FORT STEWART,25,9,September,2012,3,Tuesday,18,29,0,3,3,99999,35.56592778,-78.67738889,34,1,0,0,0,1,1
370882,NORTH CAROLINA,NC,1,1,1,1,1,1,185,0,ANAKTUVUK PASS,4,9,September,2012,3,Tuesday,22,38,1,2,2,99999,36.48067778,-78.17149444,8,2,0,0,0,1,0
370883,NORTH CAROLINA,NC,1,1,1,1,2,2,187,0,DAHLONEGA,3,9,September,2012,2,Monday,5,31,1,2,2,99999,99.99990000,999.99990000,8,2,0,0,0,1,0
370884,NORTH CAROLINA,NC,1,1,0,0,2,2,191,0,CRESCENT,6,9,September,2012,5,Thursday,13,54,1,2,2,99999,99.99990000,999.99990000,35,1,0,0,0,1,0
370885,NORTH CAROLINA,NC,1,1,0,0,1,1,191,1880,CRESCENT,8,9,September,2012,7,Saturday,13,44,0,16,6,99999,35.39027500,-77.90924722,43,1,0,0,0,1,1
370886,NORTH CAROLINA,NC,1,1,0,0,1,1,191,0,CRESCENT,10,9,September,2012,2,Monday,15,32,1,1,1,99999,35.56850000,-77.98893333,34,1,0,0,0,1,0
370887,NORTH CAROLINA,NC,1,1,0,0,5,5,191,0,CRESCENT,15,9,September,2012,7,Saturday,3,7,1,1,1,99999,35.55398056,-77.98710278,35,2,0,0,0,1,1
370888,NORTH CAROLINA,NC,1,1,0,0,1,1,193,0,IDEAL,2,9,September,2012,1,Sunday,14,44,1,2,2,99999,99.99990000,999.99990000,1,1,0,0,0,1,0
370889,NORTH CAROLINA,NC,2,2,0,0,2,2,193,0,IDEAL,17,9,September,2012,2,Monday,15,42,0,3,3,99999,36.18358611,-80.98498056,12,1,0,0,0,1,0
370890,NORTH CAROLINA,NC,1,1,0,0,1,1,195,0,CARLTON,15,9,September,2012,7,Saturday,2,0,0,3,3,99999,35.77964444,-77.92904722,1,2,0,0,0,1,1
370891,NORTH CAROLINA,NC,2,1,0,1,1,2,197,0,BUENA VISTA,15,9,September,2012,7,Saturday,1,16,1,1,1,99999,36.06280833,-80.81090556,14,3,0,0,0,1,1
370892,NORTH CAROLINA,NC,2,2,0,0,2,2,197,0,BUENA VISTA,15,9,September,2012,7,Saturday,17,28,0,3,3,99999,36.07607222,-80.67860833,12,1,0,0,0,1,0
370893,NORTH CAROLINA,NC,1,1,0,0,2,2,199,0,ALVATON,7,9,September,2012,6,Friday,22,28,0,3,3,99999,35.91613611,-82.29974444,38,2,0,0,0,1,0
370894,NORTH CAROLINA,NC,1,1,0,0,1,1,199,0,ALVATON,13,9,September,2012,5,Thursday,17,11,1,2,2,99999,35.91391667,-82.40738889,35,1,0,0,0,1,0
370895,NORTH CAROLINA,NC,1,1,0,0,3,3,183,3750,FORT STEWART,20,4,April,2012,6,Friday,2,14,0,16,6,99999,35.85456389,-78.69064722,5,3,0,0,0,1,1
370896,NORTH CAROLINA,NC,1,1,1,1,1,1,49,2078,COLLINSVILLE,11,5,May,2012,6,Friday,22,28,1,12,2,99999,34.88142778,-76.90741111,9,2,0,0,0,1,0
370897,NORTH CAROLINA,NC,1,1,0,0,1,1,63,1360,BOLIGEE,30,5,May,2012,4,Wednesday,5,59,0,16,6,99999,36.02373333,-78.90143056,42,2,0,0,0,1,1
370898,NORTH CAROLINA,NC,1,1,0,0,2,2,49,2078,COLLINSVILLE,23,6,June,2012,7,Saturday,16,25,0,16,6,99999,34.88629722,-76.92334444,59,1,0,0,0,1,1
370899,NORTH CAROLINA,NC,1,1,0,0,1,1,147,1950,AUGUSTA,3,6,June,2012,1,Sunday,0,14,0,16,6,99999,35.62397222,-77.41976111,32,3,0,0,0,1,0
370900,NORTH CAROLINA,NC,1,1,0,0,1,1,155,0,IRWIN,5,6,June,2012,3,Tuesday,19,19,0,3,3,99999,99.99990000,999.99990000,42,1,0,0,0,1,1
370901,NORTH CAROLINA,NC,1,1,1,1,1,1,101,4140,BOYLSTON,18,8,August,2012,7,Saturday,21,25,0,16,6,99999,35.55272778,-78.29902778,8,6,0,0,0,1,1
370902,NORTH CAROLINA,NC,1,1,1,1,1,1,183,3750,FORT STEWART,20,8,August,2012,2,Monday,3,36,1,11,1,99999,35.75188333,-78.69885833,9,2,0,0,0,1,0
370903,NORTH CAROLINA,NC,2,2,0,0,2,2,183,3750,FORT STEWART,17,8,August,2012,6,Friday,13,31,0,16,6,99999,35.75835000,-78.42576667,12,1,0,0,0,1,0
370904,NORTH CAROLINA,NC,3,3,0,0,4,4,25,1040,BARLOW BEND,22,9,September,2012,7,Saturday,10,58,0,16,6,99999,35.40149722,-80.55813333,12,1,0,0,0,1,0
370905,NORTH CAROLINA,NC,1,1,0,0,1,1,39,3230,ANDALUSIA,18,9,September,2012,3,Tuesday,19,56,0,16,6,99999,35.09525278,-84.02667778,1,5,10,0,0,1,0
370906,NORTH CAROLINA,NC,2,2,0,0,3,3,67,5120,ABBEVILLE,27,9,September,2012,5,Thursday,21,0,0,16,6,99999,36.06964722,-80.20318056,12,3,0,0,0,1,1
370907,NORTH CAROLINA,NC,1,1,0,0,2,2,195,5070,CARLTON,6,9,September,2012,5,Thursday,8,41,0,16,6,99999,35.72246111,-77.91974722,30,1,0,0,0,1,0
370908,NORTH CAROLINA,NC,1,1,0,0,1,1,3,4570,BALDWIN,10,10,October,2012,4,Wednesday,12,59,0,16,6,99999,35.84309167,-81.31341667,1,1,0,0,0,1,0
370909,NORTH CAROLINA,NC,2,2,0,0,2,2,3,4570,BALDWIN,13,10,October,2012,7,Saturday,10,53,0,5,6,99999,35.97181667,-81.21022222,12,1,0,0,0,1,0
370910,NORTH CAROLINA,NC,1,1,0,0,2,2,7,3540,BIBB,14,10,October,2012,1,Sunday,14,30,0,6,6,99999,34.98016667,-80.27403889,34,1,0,0,0,1,1
370911,NORTH CAROLINA,NC,1,1,0,0,1,1,9,2360,BLOUNT,12,10,October,2012,6,Friday,10,0,0,4,3,99999,36.26801944,-81.50264167,1,1,0,0,0,1,0
370912,NORTH CAROLINA,NC,3,3,0,0,3,3,13,906,BOLLING,25,10,October,2012,5,Thursday,6,36,0,16,3,99999,35.51599444,-77.11781944,12,5,0,0,0,1,0
370913,NORTH CAROLINA,NC,1,1,1,1,1,1,15,9999,ANNISTON,16,10,October,2012,3,Tuesday,17,27,1,2,2,99999,36.01401667,-76.95446667,9,1,0,0,0,1,0
370914,NORTH CAROLINA,NC,2,2,0,0,5,5,17,920,CHAMBERS,26,10,October,2012,6,Friday,15,12,0,4,3,99999,34.48515833,-78.65125556,12,1,0,0,0,1,0
370915,NORTH CAROLINA,NC,2,2,0,0,7,7,19,9999,CEDAR BLUFF,5,10,October,2012,6,Friday,22,1,1,2,2,99999,33.90620000,-78.58577500,12,2,0,0,0,1,0
370916,NORTH CAROLINA,NC,1,1,0,0,2,2,19,4160,CEDAR BLUFF,5,10,October,2012,6,Friday,16,33,1,2,2,99999,33.98805833,-78.35612500,1,1,0,0,0,1,0
370917,NORTH CAROLINA,NC,1,1,1,1,2,2,19,4160,CEDAR BLUFF,11,10,October,2012,5,Thursday,14,20,0,4,3,99999,33.92019722,-78.40810000,9,1,0,0,0,1,0
370918,NORTH CAROLINA,NC,1,1,0,0,1,1,19,4160,CEDAR BLUFF,21,10,October,2012,1,Sunday,3,0,0,6,6,99999,33.96853889,-78.28226667,34,2,0,0,0,1,1
370919,NORTH CAROLINA,NC,1,1,0,0,1,1,19,4160,CEDAR BLUFF,20,10,October,2012,7,Saturday,8,8,0,6,6,99999,33.95794444,-78.33788889,35,1,0,0,0,1,0
370920,NORTH CAROLINA,NC,2,2,0,0,3,3,19,9999,CEDAR BLUFF,23,10,October,2012,3,Tuesday,10,26,0,4,3,99999,34.23366111,-77.97125833,12,1,0,0,0,1,0
370921,NORTH CAROLINA,NC,1,1,0,0,1,1,19,9999,CEDAR BLUFF,30,10,October,2012,3,Tuesday,6,46,1,2,2,99999,34.19374444,-78.07110833,1,2,0,0,0,1,1
370922,NORTH CAROLINA,NC,2,2,0,0,2,2,21,4910,CHILTON,2,10,October,2012,3,Tuesday,10,30,0,3,3,99999,35.77037500,-82.51824444,12,1,0,0,0,1,0
370923,NORTH CAROLINA,NC,1,1,0,0,1,1,25,1040,BARLOW BEND,21,10,October,2012,1,Sunday,18,0,0,15,6,99999,35.37142778,-80.62236389,1,1,0,0,0,1,1
370924,NORTH CAROLINA,NC,2,2,0,0,5,5,45,2440,ARITON,15,10,October,2012,2,Monday,14,2,0,4,2,99999,35.25057500,-81.34053333,12,1,0,0,0,1,0
370925,NORTH CAROLINA,NC,1,1,0,0,1,1,47,1992,BROWNS,27,10,October,2012,7,Saturday,16,11,0,9,9,99999,34.33123889,-78.59915000,34,1,0,0,0,1,0
370926,NORTH CAROLINA,NC,1,1,1,1,1,1,51,1670,CENTRAL,9,10,October,2012,3,Tuesday,23,11,0,4,2,99999,99.99990000,999.99990000,8,2,0,0,0,1,0