ST_CASE,State Name,State Abbreviation,# of Vehicle involved,Parked_Vehicles_Involved,Pedestrains,Person_Not_in_Motor_Vehicle,Persons_in_motor_vehicle,Total_Persons_in_accident,COUNTY,CITY,City_County_Name,Calendar_DAY,MONTH,Month_name,YEAR,DAY_WEEK,Day_Week_desc,HOUR,MINUTE,NHS_Desc,trafficway,Route,MILEPT,LATITUDE,LONGITUD,First_Crash_event,Light_cond_desc,Weather_condition,School_bus_involved,Crash_cause,FATALS,DRUNK_DR
371065,NORTH CAROLINA,NC,2,2,0,0,2,2,117,0,BIRMINGHAM,19,11,November,2012,2,Monday,10,15,1,2,2,99999,99.99990000,999.99990000,12,1,0,0,0,1,1
371066,NORTH CAROLINA,NC,3,3,0,0,5,5,119,870,BELLAMY,17,11,November,2012,7,Saturday,0,52,1,11,1,99999,35.23340556,-80.85885278,24,3,0,0,0,1,2
371067,NORTH CAROLINA,NC,1,1,0,0,1,1,119,870,BELLAMY,22,11,November,2012,5,Thursday,14,15,1,11,1,99999,35.13897500,-80.64756111,57,1,0,0,0,1,0
371068,NORTH CAROLINA,NC,2,2,0,0,2,2,123,0,ALEXANDER CITY,5,11,November,2012,2,Monday,14,2,0,3,3,99999,35.34879167,-80.16360000,12,1,0,0,0,1,0
371069,NORTH CAROLINA,NC,2,2,0,0,3,3,125,0,BROOKWOOD,27,11,November,2012,3,Tuesday,17,41,0,3,3,99999,35.25474444,-79.28597222,12,2,0,0,0,1,0
371070,NORTH CAROLINA,NC,1,1,0,0,1,1,125,4270,BROOKWOOD,21,11,November,2012,4,Wednesday,22,39,1,2,2,99999,35.18335000,-79.43863889,42,2,0,0,0,1,1
371071,NORTH CAROLINA,NC,1,1,1,1,1,1,127,0,BURNWELL,29,11,November,2012,5,Thursday,13,7,0,3,3,99999,35.77926389,-78.17575556,9,1,0,0,0,1,0
371072,NORTH CAROLINA,NC,2,1,1,1,1,1,129,0,BIGBEE,4,11,November,2012,1,Sunday,17,58,1,2,2,99999,99.99990000,999.99990000,8,2,0,0,0,1,1
371073,NORTH CAROLINA,NC,2,2,0,0,3,3,129,0,BIGBEE,10,11,November,2012,7,Saturday,11,59,1,2,2,99999,99.99990000,999.99990000,12,1,0,0,0,1,0
371074,NORTH CAROLINA,NC,1,1,0,0,1,1,129,5060,BIGBEE,17,11,November,2012,7,Saturday,21,10,0,16,6,99999,34.11863056,-77.90065000,25,3,0,0,0,1,1
371075,NORTH CAROLINA,NC,2,2,0,0,2,2,131,0,ARLINGTON,12,11,November,2012,2,Monday,17,50,1,2,2,99999,36.37686111,-77.16125000,12,1,0,0,0,1,0
371076,NORTH CAROLINA,NC,1,1,0,0,1,1,133,0,ARLEY,4,11,November,2012,1,Sunday,12,37,0,3,3,99999,34.75894444,-77.39763611,34,1,0,0,0,1,0
371077,NORTH CAROLINA,NC,1,1,0,0,1,1,135,0,ASH FLAT,18,11,November,2012,1,Sunday,2,16,0,3,3,99999,36.11956389,-79.11436944,42,2,0,0,0,1,1
371078,NORTH CAROLINA,NC,1,1,1,1,2,2,141,0,BEE BRANCH,1,11,November,2012,5,Thursday,22,40,1,2,2,99999,99.99990000,999.99990000,8,2,0,0,0,1,0
371079,NORTH CAROLINA,NC,2,2,0,0,2,2,147,1950,AUGUSTA,3,11,November,2012,7,Saturday,23,50,0,13,3,99999,35.57278889,-77.39932222,12,3,0,0,0,1,2
371080,NORTH CAROLINA,NC,2,2,0,0,3,3,147,1950,AUGUSTA,4,11,November,2012,1,Sunday,1,27,0,16,6,99999,35.53799722,-77.35031389,12,3,0,0,0,1,1
371081,NORTH CAROLINA,NC,1,1,0,0,1,1,147,0,AUGUSTA,9,11,November,2012,6,Friday,14,50,0,3,3,99999,35.70897778,-77.48275833,34,1,0,0,0,1,1
371082,NORTH CAROLINA,NC,1,1,0,0,1,1,147,0,AUGUSTA,13,11,November,2012,3,Tuesday,17,44,0,3,3,99999,35.47577778,-77.43536944,59,2,0,0,0,1,0
371083,NORTH CAROLINA,NC,1,1,0,0,2,2,151,0,FLIPPEN,11,11,November,2012,1,Sunday,16,13,0,3,3,99999,35.78435556,-79.66560278,34,1,0,0,0,1,0
371084,NORTH CAROLINA,NC,2,2,0,0,7,7,153,0,BONAIRE,16,11,November,2012,6,Friday,20,25,0,3,3,99999,34.96629444,-79.77384167,12,2,0,0,0,1,0
371085,NORTH CAROLINA,NC,2,2,0,0,6,6,153,0,BONAIRE,29,11,November,2012,5,Thursday,13,29,1,2,2,99999,34.96550833,-80.06030556,12,1,0,0,0,1,0
371086,NORTH CAROLINA,NC,2,2,0,0,3,3,155,0,IRWIN,24,11,November,2012,7,Saturday,19,4,0,3,3,99999,34.88401389,-78.97557222,12,2,0,0,0,1,0
371087,NORTH CAROLINA,NC,1,1,0,0,1,1,155,0,IRWIN,4,11,November,2012,1,Sunday,21,57,0,3,3,99999,34.60121389,-78.91403611,34,2,0,0,0,1,1
371088,NORTH CAROLINA,NC,1,1,1,1,1,1,155,0,IRWIN,29,11,November,2012,5,Thursday,17,51,0,3,3,99999,34.83511111,-79.34113056,9,2,0,0,0,1,0
371089,NORTH CAROLINA,NC,1,1,0,0,5,5,157,0,ARCADE,25,11,November,2012,1,Sunday,1,2,0,3,3,99999,36.48158889,-79.75456389,1,2,0,0,0,1,1
371090,NORTH CAROLINA,NC,2,2,0,0,4,4,157,0,ARCADE,28,11,November,2012,4,Wednesday,14,47,0,3,3,99999,99.99990000,999.99990000,12,1,0,0,0,1,0
371091,NORTH CAROLINA,NC,1,1,0,0,1,1,161,0,DENTON,7,11,November,2012,4,Wednesday,14,2,0,3,3,99999,35.51400833,-81.90286944,42,1,0,0,0,1,0
371092,NORTH CAROLINA,NC,1,1,0,0,4,4,163,0,AVERA,16,11,November,2012,6,Friday,21,16,0,3,3,99999,34.89534444,-78.47450556,34,2,0,0,0,1,0
371093,NORTH CAROLINA,NC,1,1,1,1,1,1,163,0,AVERA,24,11,November,2012,7,Saturday,17,53,0,3,3,99999,35.15575833,-78.46799722,8,2,0,0,0,1,0
371094,NORTH CAROLINA,NC,1,1,1,1,1,1,163,4060,AVERA,13,11,November,2012,3,Tuesday,18,34,0,3,3,99999,35.01738333,-78.50271667,8,3,0,0,0,1,0
371095,NORTH CAROLINA,NC,1,1,0,0,1,1,167,0,ADRIAN,3,11,November,2012,7,Saturday,2,37,0,3,3,99999,35.22896667,-80.17507778,42,2,0,0,0,1,1
371096,NORTH CAROLINA,NC,2,2,0,0,3,3,171,3170,ALDORA,1,11,November,2012,5,Thursday,21,0,0,16,6,99999,36.51049722,-80.60914444,12,3,0,0,0,1,0
371097,NORTH CAROLINA,NC,2,2,0,0,2,2,179,3100,ALLENHURST,11,11,November,2012,1,Sunday,7,51,0,16,6,99999,35.00687778,-80.51771944,12,1,0,0,0,1,0
371098,NORTH CAROLINA,NC,2,2,0,0,2,2,181,0,LINCOLN,21,11,November,2012,4,Wednesday,20,50,0,3,3,99999,36.34952778,-78.37589722,12,2,0,0,0,1,0
371099,NORTH CAROLINA,NC,2,2,0,0,4,4,183,0,FORT STEWART,13,11,November,2012,3,Tuesday,14,58,0,3,3,99999,35.92733056,-78.39856944,12,1,10,0,0,1,1
371100,NORTH CAROLINA,NC,6,6,0,0,11,11,183,3750,FORT STEWART,26,11,November,2012,2,Monday,17,25,1,11,1,99999,35.78046389,-78.57388889,12,2,0,0,0,1,0
371101,NORTH CAROLINA,NC,1,1,0,0,2,2,183,0,FORT STEWART,27,11,November,2012,3,Tuesday,3,2,0,3,3,99999,35.56409722,-78.78630278,42,2,0,0,0,2,1
371102,NORTH CAROLINA,NC,1,1,0,0,1,1,185,0,ANAKTUVUK PASS,13,11,November,2012,3,Tuesday,9,52,0,3,3,99999,36.45634722,-78.22423333,1,1,0,0,0,1,0
371103,NORTH CAROLINA,NC,1,1,0,0,1,1,185,0,ANAKTUVUK PASS,14,11,November,2012,4,Wednesday,16,37,0,3,3,99999,36.25777778,-78.21844167,34,1,0,0,0,1,1
371104,NORTH CAROLINA,NC,2,2,0,0,2,2,191,0,CRESCENT,5,11,November,2012,2,Monday,6,35,1,1,1,99999,35.55398056,-77.98718611,57,4,0,0,0,1,0
371105,NORTH CAROLINA,NC,1,1,0,0,1,1,191,0,CRESCENT,25,11,November,2012,1,Sunday,16,39,0,3,3,99999,35.32074722,-77.90387778,42,1,0,0,0,1,0
371106,NORTH CAROLINA,NC,1,1,0,0,3,3,193,0,IDEAL,30,11,November,2012,6,Friday,18,31,0,3,3,99999,36.09780278,-81.02591944,24,2,0,0,0,1,1
371107,NORTH CAROLINA,NC,2,2,0,0,3,3,57,4590,BANKSTON,3,11,November,2012,7,Saturday,11,53,0,15,6,99999,35.87496111,-80.04918889,12,1,0,0,0,1,0
371108,NORTH CAROLINA,NC,1,1,1,1,1,1,101,4230,BOYLSTON,30,11,November,2012,6,Friday,18,52,1,12,2,99999,35.50516944,-78.34211389,8,3,0,0,0,1,0
371109,NORTH CAROLINA,NC,1,1,1,1,1,1,107,0,CARROLLTON,17,11,November,2012,7,Saturday,18,5,0,3,3,99999,35.37118333,-77.45589722,8,2,0,0,0,1,0
371110,NORTH CAROLINA,NC,1,1,1,1,1,1,127,3930,BURNWELL,4,11,November,2012,1,Sunday,19,32,1,12,2,99999,35.97897778,-77.79003611,8,2,0,0,0,1,0
371111,NORTH CAROLINA,NC,1,1,0,0,1,1,127,3930,BURNWELL,26,11,November,2012,2,Monday,22,2,0,14,3,99999,35.99008333,-77.80822778,30,3,0,0,0,1,1
371112,NORTH CAROLINA,NC,1,1,0,0,2,2,153,3910,BONAIRE,27,11,November,2012,3,Tuesday,15,15,0,16,6,99999,34.94910833,-79.77293611,35,1,0,0,0,1,0
371113,NORTH CAROLINA,NC,2,2,0,0,2,2,153,0,BONAIRE,27,11,November,2012,3,Tuesday,7,39,0,4,3,99999,34.82475556,-79.65904444,12,1,0,0,0,1,0
371114,NORTH CAROLINA,NC,1,1,0,0,2,2,3,0,BALDWIN,15,12,December,2012,7,Saturday,20,27,0,6,4,99999,35.95187778,-81.14688889,35,2,0,0,0,1,0
371115,NORTH CAROLINA,NC,1,1,1,1,1,1,19,9997,CEDAR BLUFF,11,12,December,2012,3,Tuesday,6,39,0,6,4,99999,34.26321667,-78.00267778,8,2,0,0,0,1,0
371116,NORTH CAROLINA,NC,3,1,2,2,2,2,21,170,CHILTON,12,12,December,2012,4,Wednesday,16,40,0,16,6,99999,35.59120278,-82.55038056,30,1,0,0,0,1,0
371117,NORTH CAROLINA,NC,1,1,0,0,1,1,23,0,BLADON SPRINGS,30,12,December,2012,1,Sunday,11,15,1,2,2,99999,35.71076944,-81.80545278,42,1,0,0,0,1,0
371118,NORTH CAROLINA,NC,2,2,0,0,2,2,35,2150,BROOKLYN,9,12,December,2012,1,Sunday,18,3,0,16,6,99999,35.77218889,-81.29781667,12,3,0,0,0,1,2
371119,NORTH CAROLINA,NC,3,3,1,1,4,4,35,0,BROOKLYN,10,12,December,2012,2,Monday,19,17,1,1,1,99999,35.70608889,-81.38653611,8,2,0,0,0,1,0
371120,NORTH CAROLINA,NC,1,1,0,0,2,2,47,0,BROWNS,14,12,December,2012,6,Friday,22,29,0,6,4,99999,34.31111389,-78.28776667,34,2,0,0,0,1,1
371121,NORTH CAROLINA,NC,3,3,0,0,2,2,47,0,BROWNS,18,12,December,2012,3,Tuesday,0,47,1,2,2,99999,34.32426944,-78.47820278,12,2,0,0,0,1,0
371122,NORTH CAROLINA,NC,2,2,1,1,1,1,51,0,CENTRAL,12,12,December,2012,4,Wednesday,2,49,0,3,4,99999,35.14731389,-78.91109722,8,3,0,0,0,1,1
371123,NORTH CAROLINA,NC,1,1,1,1,1,1,51,0,CENTRAL,14,12,December,2012,6,Friday,18,22,0,2,3,99999,35.20125278,-78.95356667,8,2,0,0,0,1,0
371124,NORTH CAROLINA,NC,1,1,0,0,1,1,57,0,BANKSTON,22,12,December,2012,7,Saturday,4,15,0,4,3,99999,35.75163056,-80.24731389,34,2,0,0,0,1,0
371125,NORTH CAROLINA,NC,2,2,0,0,2,2,61,0,BELLWOOD,12,12,December,2012,4,Wednesday,20,57,0,4,3,99999,34.85641389,-77.72551667,12,2,2,0,0,1,0
371126,NORTH CAROLINA,NC,2,2,0,0,3,3,63,0,BOLIGEE,8,12,December,2012,7,Saturday,17,33,0,3,4,99999,36.06738611,-78.86496667,12,5,0,0,0,1,1
371127,NORTH CAROLINA,NC,1,1,1,1,1,1,63,1360,BOLIGEE,10,12,December,2012,2,Monday,15,9,0,14,3,99999,35.91437500,-78.96108889,9,1,0,0,0,1,0
371128,NORTH CAROLINA,NC,1,1,0,0,1,1,67,5120,ABBEVILLE,5,12,December,2012,4,Wednesday,2,42,0,15,6,99999,36.16704722,-80.24636667,30,3,0,0,0,1,1
371129,NORTH CAROLINA,NC,1,1,0,0,1,1,67,5120,ABBEVILLE,8,12,December,2012,7,Saturday,1,55,0,13,2,99999,36.10328611,-80.19261111,42,2,0,0,0,1,1
371130,NORTH CAROLINA,NC,1,1,1,1,1,1,67,2430,ABBEVILLE,19,12,December,2012,4,Wednesday,6,52,0,3,3,99999,36.14441944,-80.12742222,8,2,0,1,0,1,0
371131,NORTH CAROLINA,NC,2,2,0,0,6,6,67,4797,ABBEVILLE,23,12,December,2012,1,Sunday,18,2,1,2,2,99999,36.15603056,-80.14620000,12,3,0,0,0,1,0
371132,NORTH CAROLINA,NC,2,2,0,0,2,2,71,890,BRIDGEPORT,22,12,December,2012,7,Saturday,15,49,0,16,5,99999,35.38197222,-81.37386667,12,1,0,0,0,1,0
371133,NORTH CAROLINA,NC,2,2,0,0,3,3,77,1120,ANDERSON,25,12,December,2012,3,Tuesday,22,8,0,4,2,99999,36.09935556,-78.73187222,12,2,0,0,0,2,0
371134,NORTH CAROLINA,NC,2,2,0,0,3,3,81,1940,AUBURN,1,12,December,2012,7,Saturday,3,41,0,3,6,99999,35.98593056,-79.77751944,12,2,0,0,0,2,1
371135,NORTH CAROLINA,NC,1,1,1,1,3,3,81,1940,AUBURN,12,12,December,2012,4,Wednesday,17,27,0,15,6,99999,36.04346944,-79.76190000,8,5,0,0,0,1,0
371136,NORTH CAROLINA,NC,1,1,0,0,2,2,89,2130,BROWNSBORO,16,12,December,2012,1,Sunday,19,43,0,6,6,99999,35.29062778,-82.39829444,42,2,0,0,0,1,0
371137,NORTH CAROLINA,NC,1,1,1,1,2,2,89,2130,BROWNSBORO,14,12,December,2012,6,Friday,20,15,0,14,2,99999,35.39544444,-82.49666667,8,2,0,0,0,1,0
371138,NORTH CAROLINA,NC,2,2,0,0,3,3,97,4650,AXIS,8,12,December,2012,7,Saturday,12,24,0,4,6,99999,35.72650278,-80.92022500,12,1,0,0,0,1,0
371139,NORTH CAROLINA,NC,1,1,0,0,1,1,99,4540,BEATRICE,26,12,December,2012,4,Wednesday,22,12,0,3,3,99999,99.99990000,999.99990000,59,2,0,0,0,1,1
371140,NORTH CAROLINA,NC,1,1,0,0,2,2,101,410,BOYLSTON,12,12,December,2012,4,Wednesday,9,58,0,5,6,99999,35.48423889,-78.60692500,42,1,0,0,0,1,0
371141,NORTH CAROLINA,NC,2,2,0,0,3,3,113,1710,COTTONTON,6,12,December,2012,5,Thursday,12,50,0,13,2,99999,35.16218056,-83.39156667,12,1,0,0,0,1,1
371142,NORTH CAROLINA,NC,1,1,1,1,1,1,117,5050,BIRMINGHAM,14,12,December,2012,6,Friday,14,47,0,6,6,99999,35.78068333,-77.08438056,8,1,0,0,0,1,0
371143,NORTH CAROLINA,NC,1,1,0,0,1,1,119,870,BELLAMY,8,12,December,2012,7,Saturday,15,34,0,13,6,99999,35.33718611,-80.70765000,19,1,0,0,0,1,0
371144,NORTH CAROLINA,NC,1,1,1,1,1,1,119,870,BELLAMY,4,12,December,2012,3,Tuesday,22,38,0,14,6,99999,35.26533056,-80.83725000,8,3,0,0,0,1,0
371145,NORTH CAROLINA,NC,2,2,0,0,2,2,119,870,BELLAMY,7,12,December,2012,6,Friday,6,42,0,14,6,99999,35.33151389,-80.93914444,12,4,0,0,0,1,2
371146,NORTH CAROLINA,NC,1,1,0,0,2,2,119,870,BELLAMY,3,12,December,2012,2,Monday,3,0,0,15,6,99999,35.30160278,-80.93472778,30,3,0,0,0,1,1
371147,NORTH CAROLINA,NC,2,2,0,0,2,2,119,870,BELLAMY,15,12,December,2012,7,Saturday,14,3,1,1,1,99999,35.30099167,-80.76247778,12,1,0,0,0,1,1
371148,NORTH CAROLINA,NC,1,1,0,0,2,2,119,870,BELLAMY,15,12,December,2012,7,Saturday,2,36,0,6,6,99999,35.26668333,-80.92973056,42,3,0,0,0,1,1
371149,NORTH CAROLINA,NC,1,1,1,1,1,1,119,870,BELLAMY,7,12,December,2012,6,Friday,3,46,0,15,6,99999,35.36285833,-80.78470278,8,3,0,0,0,1,1
371150,NORTH CAROLINA,NC,1,1,0,0,2,2,121,270,BON AIR,8,12,December,2012,7,Saturday,0,2,0,4,3,99999,36.11692500,-82.34994444,35,2,0,0,0,1,1
371151,NORTH CAROLINA,NC,1,1,0,0,1,1,127,9997,BURNWELL,13,12,December,2012,5,Thursday,18,18,1,1,1,99999,36.01140833,-77.86424722,24,2,0,0,0,1,1
371152,NORTH CAROLINA,NC,1,1,0,0,1,1,129,5060,BIGBEE,11,12,December,2012,3,Tuesday,23,48,0,16,6,99999,34.30207778,-77.92428333,30,2,0,0,0,1,1
371153,NORTH CAROLINA,NC,1,1,0,0,1,1,133,4530,ARLEY,22,12,December,2012,7,Saturday,3,20,0,6,6,99999,34.65587500,-77.16689167,1,2,0,0,0,1,1
371154,NORTH CAROLINA,NC,1,1,1,1,1,1,133,2330,ARLEY,5,12,December,2012,4,Wednesday,16,10,0,3,6,99999,34.75953333,-77.40274722,9,1,0,0,0,1,0
371155,NORTH CAROLINA,NC,1,1,0,0,4,4,135,2190,ASH FLAT,29,12,December,2012,7,Saturday,22,33,0,6,6,99999,36.18483611,-79.06096667,53,2,0,0,0,2,0
371156,NORTH CAROLINA,NC,2,2,0,0,3,3,135,860,ASH FLAT,28,12,December,2012,6,Friday,22,7,0,3,6,99999,35.97429167,-79.00722500,12,2,0,0,0,1,1
371157,NORTH CAROLINA,NC,1,1,1,1,1,1,139,1460,CALION,17,12,December,2012,2,Monday,20,38,0,14,6,99999,36.29658333,-76.22377222,8,3,0,0,0,1,0
371158,NORTH CAROLINA,NC,1,1,0,0,2,2,145,4010,BALD KNOB,17,12,December,2012,2,Monday,20,13,0,6,6,99999,36.48110556,-78.85696389,35,2,0,0,0,1,1
371159,NORTH CAROLINA,NC,1,1,0,0,2,2,147,4210,AUGUSTA,29,12,December,2012,7,Saturday,2,53,0,6,6,99999,35.56074167,-77.23246944,42,2,0,0,0,1,1
371160,NORTH CAROLINA,NC,2,2,1,1,2,2,149,4080,BELLEVILLE,3,12,December,2012,2,Monday,17,59,1,1,1,99999,35.24976667,-82.27666111,8,2,0,0,0,1,0
371161,NORTH CAROLINA,NC,1,1,0,0,1,1,151,160,FLIPPEN,2,12,December,2012,1,Sunday,13,6,0,5,6,99999,35.64294722,-79.71264167,59,1,0,0,0,1,0
371162,NORTH CAROLINA,NC,2,2,0,0,4,4,153,3910,BONAIRE,8,12,December,2012,7,Saturday,19,21,0,13,2,99999,34.91851667,-79.74471389,12,3,0,0,0,1,0
371163,NORTH CAROLINA,NC,1,1,2,2,1,1,155,2770,IRWIN,4,12,December,2012,3,Tuesday,18,3,0,16,6,99999,34.63230000,-79.00392222,9,6,0,0,0,1,0
371164,NORTH CAROLINA,NC,1,1,0,0,1,1,155,2770,IRWIN,16,12,December,2012,1,Sunday,23,30,0,4,6,99999,34.67905278,-78.88024722,43,2,0,0,0,1,0
371165,NORTH CAROLINA,NC,1,1,1,1,3,3,155,4050,IRWIN,21,12,December,2012,6,Friday,22,45,0,4,2,99999,34.77192500,-78.98450000,8,2,0,0,0,1,0
371166,NORTH CAROLINA,NC,1,1,0,0,3,3,159,4070,FARRAR,2,12,December,2012,1,Sunday,8,32,0,6,6,99999,35.66921389,-80.62943889,35,1,0,0,0,1,1
371167,NORTH CAROLINA,NC,1,1,0,0,2,2,163,3970,AVERA,17,12,December,2012,2,Monday,22,59,0,5,6,99999,34.89943056,-78.43198889,34,2,0,0,0,1,0
371168,NORTH CAROLINA,NC,1,1,0,0,2,2,171,3170,ALDORA,2,12,December,2012,1,Sunday,16,0,0,6,6,99999,36.52506389,-80.75091944,42,1,0,0,0,1,1
371169,NORTH CAROLINA,NC,1,1,0,0,5,5,171,3580,ALDORA,10,12,December,2012,2,Monday,18,25,1,2,2,99999,36.38071389,-80.48858611,52,2,0,0,0,1,0
371170,NORTH CAROLINA,NC,1,1,0,0,1,1,173,660,LAKELAND,25,12,December,2012,3,Tuesday,19,11,0,4,2,99999,99.99990000,999.99990000,35,2,0,0,0,1,1
371171,NORTH CAROLINA,NC,2,2,0,0,2,2,175,600,CADWELL,26,12,December,2012,4,Wednesday,14,38,1,2,2,99999,35.21791667,-82.75057500,12,1,0,0,0,1,0
371173,NORTH CAROLINA,NC,2,2,0,0,2,2,179,9997,ALLENHURST,8,12,December,2012,7,Saturday,7,3,0,13,2,99999,35.09765833,-80.67512222,12,4,5,0,0,1,0
371174,NORTH CAROLINA,NC,1,1,0,0,1,1,183,3750,FORT STEWART,7,12,December,2012,6,Friday,18,51,1,13,3,99999,35.78525556,-78.64240556,21,3,0,0,0,1,1
371175,NORTH CAROLINA,NC,1,1,0,0,1,1,183,3750,FORT STEWART,1,12,December,2012,7,Saturday,0,35,0,14,6,99999,35.82046389,-78.62603056,42,3,0,0,0,1,1
371176,NORTH CAROLINA,NC,1,1,1,1,3,3,183,3750,FORT STEWART,14,12,December,2012,6,Friday,17,43,0,12,6,99999,35.73415833,-78.65053333,8,3,0,0,0,1,0
371177,NORTH CAROLINA,NC,1,1,0,0,1,1,189,560,BONEVILLE,8,12,December,2012,7,Saturday,19,45,0,4,3,99999,36.26139167,-81.65010556,35,2,0,0,0,1,0
371178,NORTH CAROLINA,NC,2,2,0,0,2,2,191,1880,CRESCENT,6,12,December,2012,5,Thursday,14,14,1,2,2,99999,35.30827222,-77.82963056,12,1,0,0,0,1,1
371179,NORTH CAROLINA,NC,1,1,1,1,1,1,191,1880,CRESCENT,20,12,December,2012,5,Thursday,17,51,0,3,6,99999,35.38685278,-77.98088056,9,5,0,0,0,1,0
371180,NORTH CAROLINA,NC,2,2,0,0,5,5,191,1880,CRESCENT,30,12,December,2012,1,Sunday,22,38,0,3,2,99999,35.42711944,-77.88502500,12,2,0,0,0,1,1
371181,NORTH CAROLINA,NC,1,1,0,0,1,1,193,3370,IDEAL,26,12,December,2012,4,Wednesday,12,15,0,4,3,99999,36.11315833,-81.08059444,24,1,0,0,0,1,0
371182,NORTH CAROLINA,NC,2,2,0,0,6,6,195,5070,CARLTON,2,12,December,2012,1,Sunday,21,5,0,13,7,99999,35.72209722,-77.91641389,12,3,0,0,0,1,0
371183,NORTH CAROLINA,NC,1,1,0,0,1,1,199,710,ALVATON,20,12,December,2012,5,Thursday,4,8,0,6,6,99999,35.91020833,-82.21265278,43,2,0,0,0,1,1
371184,NORTH CAROLINA,NC,1,1,0,0,1,1,89,2130,BROWNSBORO,26,10,October,2012,6,Friday,12,15,0,6,6,99999,35.41553333,-82.39676389,42,1,0,0,0,1,0
371185,NORTH CAROLINA,NC,3,3,0,0,4,4,183,4940,FORT STEWART,14,10,October,2012,1,Sunday,17,17,1,12,2,99999,99.99990000,999.99990000,12,1,0,0,0,1,0
371186,NORTH CAROLINA,NC,1,1,1,1,1,1,183,3750,FORT STEWART,26,10,October,2012,6,Friday,22,13,0,13,7,99999,35.77972778,-78.62099444,8,3,0,0,0,1,0
371187,NORTH CAROLINA,NC,1,1,0,0,1,1,1,700,AUTAUGA,2,11,November,2012,6,Friday,20,22,0,6,6,99999,36.10645000,-79.43147778,30,2,0,0,0,1,0
371188,NORTH CAROLINA,NC,1,1,1,1,2,2,21,170,CHILTON,15,11,November,2012,5,Thursday,15,52,0,13,2,99999,35.58652500,-82.50679722,8,1,0,0,0,1,0
371189,NORTH CAROLINA,NC,1,1,1,1,1,1,71,390,BRIDGEPORT,12,11,November,2012,2,Monday,17,59,0,13,3,99999,35.25330000,-81.02733333,8,2,0,0,0,1,0
371190,NORTH CAROLINA,NC,2,2,0,0,3,3,85,1000,BENTON,19,11,November,2012,2,Monday,16,37,0,6,6,99999,35.43078056,-78.61299444,12,1,0,0,0,1,0
371191,NORTH CAROLINA,NC,2,2,0,0,2,2,185,3320,ANAKTUVUK PASS,1,11,November,2012,5,Thursday,9,8,0,13,2,99999,36.43575278,-78.15792222,12,1,0,0,0,1,0
371192,NORTH CAROLINA,NC,1,1,0,0,1,1,183,3750,FORT STEWART,17,11,November,2012,7,Saturday,7,17,0,14,6,99999,35.73170278,-78.66261111,42,1,0,0,0,1,1
371193,NORTH CAROLINA,NC,1,1,1,1,2,2,1,1900,AUTAUGA,24,12,December,2012,2,Monday,17,57,0,14,3,99999,36.06025556,-79.38032500,8,2,0,0,0,1,1
371194,NORTH CAROLINA,NC,1,1,0,0,1,1,19,826,CEDAR BLUFF,31,12,December,2012,2,Monday,20,29,0,6,6,99999,33.89987500,-78.06434167,38,3,0,0,0,1,1
371195,NORTH CAROLINA,NC,1,1,1,1,4,4,21,170,CHILTON,22,12,December,2012,7,Saturday,18,8,0,13,3,99999,35.45030000,-82.52786389,8,2,0,0,0,1,0
371196,NORTH CAROLINA,NC,1,1,1,1,2,2,21,170,CHILTON,22,12,December,2012,7,Saturday,18,17,1,12,2,99999,35.58670833,-82.59283889,8,3,0,0,0,1,0
371197,NORTH CAROLINA,NC,1,1,0,0,2,2,47,0,BROWNS,28,12,December,2012,6,Friday,10,47,0,3,3,99999,34.05870833,-78.16923889,34,1,0,0,0,1,0
371198,NORTH CAROLINA,NC,1,1,0,0,1,1,51,0,CENTRAL,29,12,December,2012,7,Saturday,4,48,1,2,2,99999,35.04418333,-78.98338056,34,2,0,0,0,1,1
371199,NORTH CAROLINA,NC,2,2,0,0,4,4,81,1940,AUBURN,24,12,December,2012,2,Monday,15,25,0,16,6,99999,36.14391667,-79.91814167,12,1,0,0,0,1,1
371200,NORTH CAROLINA,NC,1,1,1,1,1,1,97,4430,AXIS,16,12,December,2012,1,Sunday,23,39,0,16,6,99999,35.78953611,-80.87314167,8,7,0,0,0,1,0
371201,NORTH CAROLINA,NC,1,1,0,0,1,1,119,3095,BELLAMY,21,12,December,2012,6,Friday,20,59,0,16,6,99999,35.20195000,-80.66038333,53,2,0,0,0,1,0