ST_CASE,State Name,State Abbreviation,# of Vehicle involved,Parked_Vehicles_Involved,Pedestrains,Person_Not_in_Motor_Vehicle,Persons_in_motor_vehicle,Total_Persons_in_accident,COUNTY,CITY,City_County_Name,Calendar_DAY,MONTH,Month_name,YEAR,DAY_WEEK,Day_Week_desc,HOUR,MINUTE,NHS_Desc,trafficway,Route,MILEPT,LATITUDE,LONGITUD,First_Crash_event,Light_cond_desc,Weather_condition,School_bus_involved,Crash_cause,FATALS,DRUNK_DR
371202,NORTH CAROLINA,NC,2,2,0,0,5,5,119,2940,BELLAMY,26,12,December,2012,4,Wednesday,21,33,0,13,3,99999,35.12585000,-80.70481389,12,3,0,0,0,2,1
371203,NORTH CAROLINA,NC,1,1,0,0,1,1,141,0,BEE BRANCH,30,12,December,2012,1,Sunday,23,28,0,3,3,99999,34.35418889,-77.72064722,30,2,0,0,0,1,1
371204,NORTH CAROLINA,NC,1,1,1,1,1,1,151,160,FLIPPEN,14,12,December,2012,6,Friday,19,29,1,2,2,99999,35.71044167,-79.82901389,8,3,0,0,0,1,0
371205,NORTH CAROLINA,NC,2,2,1,1,1,1,151,130,FLIPPEN,17,12,December,2012,2,Monday,15,9,1,11,1,99999,99.99990000,999.99990000,12,1,0,0,99,1,0
371206,NORTH CAROLINA,NC,1,1,1,1,1,1,157,4943,ARCADE,15,12,December,2012,7,Saturday,1,46,0,13,3,99999,36.36055278,-79.78441389,9,2,0,0,0,1,0
371207,NORTH CAROLINA,NC,1,1,0,0,2,2,171,3170,ALDORA,15,12,December,2012,7,Saturday,23,55,0,16,6,99999,36.47709167,-80.60576944,42,3,0,0,0,1,0
371208,NORTH CAROLINA,NC,2,1,0,0,1,1,183,3750,FORT STEWART,22,12,December,2012,7,Saturday,3,40,0,16,6,99999,35.87333333,-78.65421667,14,3,0,0,0,1,1
371209,NORTH CAROLINA,NC,2,2,0,0,2,2,187,0,DAHLONEGA,8,12,December,2012,7,Saturday,17,49,0,3,3,99999,99.99990000,999.99990000,12,2,0,0,0,1,0
371210,NORTH CAROLINA,NC,1,1,0,0,3,3,197,0,BUENA VISTA,29,12,December,2012,7,Saturday,3,3,0,3,3,99999,36.21151667,-80.84171667,32,2,0,0,0,1,1
371211,NORTH CAROLINA,NC,1,1,0,0,1,1,197,570,BUENA VISTA,30,9,September,2012,1,Sunday,1,49,0,6,5,99999,36.23265278,-80.70433333,42,3,0,0,0,1,1
371212,NORTH CAROLINA,NC,3,3,0,0,5,5,61,0,BELLWOOD,10,11,November,2012,7,Saturday,19,18,0,4,3,99999,34.96311389,-77.94255278,12,2,0,0,0,1,0
371213,NORTH CAROLINA,NC,1,1,0,0,1,1,19,9997,CEDAR BLUFF,21,12,December,2012,6,Friday,5,8,0,6,5,99999,33.97010833,-78.13146111,1,2,0,0,0,1,1
371214,NORTH CAROLINA,NC,1,1,1,1,2,2,131,1780,ARLINGTON,14,12,December,2012,6,Friday,17,30,1,2,2,99999,36.45200278,-77.55830556,8,2,0,0,0,1,0
371215,NORTH CAROLINA,NC,2,2,1,1,2,2,51,1670,CENTRAL,18,10,October,2012,5,Thursday,19,6,0,13,7,99999,35.05358056,-78.86642778,8,3,0,0,0,1,0
371216,NORTH CAROLINA,NC,1,1,0,0,1,1,1,700,AUTAUGA,26,11,November,2012,2,Monday,23,49,0,13,7,99999,36.08940278,-79.43117222,59,3,0,0,0,1,0
371217,NORTH CAROLINA,NC,1,1,0,0,1,1,21,170,CHILTON,30,12,December,2012,1,Sunday,22,32,0,3,2,99999,35.54467500,-82.52167778,42,2,0,0,0,1,0
371218,NORTH CAROLINA,NC,2,2,0,0,2,2,51,1670,CENTRAL,21,12,December,2012,6,Friday,8,21,0,13,7,99999,35.06415833,-78.89475556,12,1,0,0,0,1,1
371219,NORTH CAROLINA,NC,1,1,1,1,1,1,179,5110,ALLENHURST,1,12,December,2012,7,Saturday,18,20,0,13,2,99999,99.99990000,999.99990000,8,3,0,0,0,1,0
371220,NORTH CAROLINA,NC,1,1,0,0,1,1,163,970,AVERA,22,12,December,2012,7,Saturday,20,34,0,2,3,99999,34.99384167,-78.27852222,34,2,0,0,0,1,0
371221,NORTH CAROLINA,NC,1,1,1,1,1,1,51,1670,CENTRAL,5,8,August,2012,1,Sunday,1,59,0,13,7,99999,35.02718889,-78.92727778,8,3,0,0,0,1,0
371222,NORTH CAROLINA,NC,1,1,0,0,2,2,51,1670,CENTRAL,9,12,December,2012,1,Sunday,0,30,0,4,6,99999,35.04997778,-79.01106111,42,3,0,0,0,1,1
371223,NORTH CAROLINA,NC,2,2,1,1,2,2,195,2750,CARLTON,14,12,December,2012,6,Friday,18,12,0,13,2,99999,35.64990000,-78.00202222,8,2,0,0,0,1,0
371224,NORTH CAROLINA,NC,1,1,1,1,1,1,51,1670,CENTRAL,2,12,December,2012,1,Sunday,17,48,0,14,6,0,35.06013333,-79.01240556,8,6,0,0,0,1,0
371225,NORTH CAROLINA,NC,1,1,1,1,2,2,51,1670,CENTRAL,29,7,July,2012,1,Sunday,5,39,0,14,6,0,35.01088056,-78.83167222,8,3,0,0,0,1,0
371226,NORTH CAROLINA,NC,1,1,0,0,1,1,101,0,BOYLSTON,17,9,September,2012,2,Monday,17,50,0,6,6,0,35.51984444,-78.15025556,34,1,0,0,0,1,0
371227,NORTH CAROLINA,NC,1,1,0,0,1,1,107,2490,CARROLLTON,14,7,July,2012,7,Saturday,17,30,0,16,6,0,35.30938056,-77.78748889,30,1,0,0,0,1,0
371228,NORTH CAROLINA,NC,2,2,1,1,2,2,77,713,ANDERSON,26,9,September,2012,4,Wednesday,21,45,0,15,3,99999,36.14043611,-78.71724167,12,3,0,0,0,1,0
371229,NORTH CAROLINA,NC,3,3,0,0,5,5,51,1670,CENTRAL,12,10,October,2012,6,Friday,14,58,0,14,6,0,35.05991667,-78.97603889,12,1,0,0,0,1,1
371230,NORTH CAROLINA,NC,1,1,1,1,1,1,51,1670,CENTRAL,1,12,December,2012,7,Saturday,23,44,0,13,7,0,35.12611111,-78.87931389,8,3,0,0,0,1,0
371231,NORTH CAROLINA,NC,2,2,0,0,4,4,51,1670,CENTRAL,1,12,December,2012,7,Saturday,23,43,0,14,6,0,35.06288056,-79.03943333,12,3,0,0,0,1,1
371232,NORTH CAROLINA,NC,1,1,1,1,1,1,97,4430,AXIS,26,9,September,2012,4,Wednesday,20,10,0,16,6,0,35.78053611,-80.87777500,8,3,0,0,0,1,0
371233,NORTH CAROLINA,NC,1,1,0,0,2,2,51,1670,CENTRAL,15,1,January,2012,1,Sunday,3,3,0,13,6,0,35.08441389,-78.95198056,5,3,0,0,0,1,0
371234,NORTH CAROLINA,NC,1,1,0,0,1,1,51,1670,CENTRAL,25,2,February,2012,7,Saturday,5,5,0,15,6,0,35.09346389,-78.88733889,42,3,0,0,0,1,0
371235,NORTH CAROLINA,NC,1,1,0,0,4,4,51,1670,CENTRAL,17,3,March,2012,7,Saturday,2,21,0,13,6,0,35.09026389,-78.92115000,33,3,0,0,0,1,1
371236,NORTH CAROLINA,NC,1,1,0,0,1,1,51,1670,CENTRAL,18,3,March,2012,1,Sunday,0,0,0,16,6,0,34.99741667,-78.99736944,34,2,0,0,0,1,1
371237,NORTH CAROLINA,NC,1,1,1,1,1,1,51,1670,CENTRAL,26,5,May,2012,7,Saturday,21,17,0,13,6,0,35.09939722,-78.91390833,8,3,0,0,0,1,0
371238,NORTH CAROLINA,NC,1,1,2,2,1,1,51,1670,CENTRAL,29,11,November,2012,5,Thursday,18,36,0,13,6,0,35.07555556,-78.88093889,8,3,0,0,0,1,0
380001,NORTH DAKOTA,ND,1,1,0,0,3,3,105,0,MARION,5,1,January,2012,5,Thursday,1,45,0,4,4,0,48.24130000,-103.48300000,34,2,0,0,0,1,1
380002,NORTH DAKOTA,ND,2,2,0,0,2,2,89,0,BROWNSBORO,13,1,January,2012,6,Friday,19,47,1,1,1,675,46.88390000,-102.66680000,12,2,0,0,0,1,0
380003,NORTH DAKOTA,ND,1,1,0,0,4,4,35,0,BROOKLYN,17,1,January,2012,3,Tuesday,23,40,0,3,3,1256,47.77380000,-97.26061944,35,2,0,0,0,1,0
380004,NORTH DAKOTA,ND,1,1,1,1,1,1,57,330,BANKSTON,5,2,February,2012,1,Sunday,21,7,0,4,6,0,47.27070000,-101.76700000,15,2,0,0,0,1,0
380005,NORTH DAKOTA,ND,1,1,0,0,1,1,73,0,ARGO,11,2,February,2012,7,Saturday,23,15,0,3,3,279,46.44310000,-97.49010000,42,2,0,0,0,1,1
380006,NORTH DAKOTA,ND,2,2,0,0,5,5,105,0,MARION,14,2,February,2012,3,Tuesday,16,56,0,6,4,0,48.28418889,-102.87145000,12,1,0,0,0,1,0
380007,NORTH DAKOTA,ND,2,2,0,0,6,6,53,0,ATMORE,14,2,February,2012,3,Tuesday,21,58,1,2,2,1530,47.80490000,-103.51300000,12,2,0,0,0,1,0
380008,NORTH DAKOTA,ND,1,1,0,0,1,1,101,830,BOYLSTON,19,2,February,2012,1,Sunday,2,12,0,4,4,0,47.86010000,-101.50210000,35,2,0,0,0,1,1
380009,NORTH DAKOTA,ND,2,2,0,0,6,6,3,0,BALDWIN,20,2,February,2012,2,Monday,12,47,0,2,3,652,46.83090000,-98.08100000,12,1,0,0,0,1,0
380010,NORTH DAKOTA,ND,3,3,0,0,3,3,53,0,ATMORE,21,2,February,2012,3,Tuesday,10,51,0,3,3,1332,47.67490000,-102.72760000,12,1,0,0,0,1,0
380011,NORTH DAKOTA,ND,2,2,0,0,5,5,87,0,ARMSTRONG,23,2,February,2012,5,Thursday,8,37,1,2,2,310,46.36050000,-103.36310000,12,1,0,0,0,1,0
380012,NORTH DAKOTA,ND,1,1,0,0,1,1,3,3160,BALDWIN,23,2,February,2012,5,Thursday,23,47,0,14,4,0,46.90810000,-98.00730000,31,2,0,0,0,1,1
380013,NORTH DAKOTA,ND,3,3,0,0,6,6,35,1280,BROOKLYN,8,2,February,2012,4,Wednesday,17,7,1,13,2,3563,47.93311111,-97.07676944,12,1,0,0,0,1,1
380014,NORTH DAKOTA,ND,2,2,0,0,6,6,15,0,ANNISTON,1,3,March,2012,5,Thursday,6,37,0,4,3,839,46.88150000,-100.79340000,12,2,0,0,0,3,0
380015,NORTH DAKOTA,ND,2,2,0,0,4,4,7,0,BIBB,1,3,March,2012,5,Thursday,16,57,1,2,2,954,47.17410000,-103.22260000,12,1,10,0,0,1,1
380016,NORTH DAKOTA,ND,1,1,0,0,2,2,85,0,BENTON,2,3,March,2012,6,Friday,8,35,0,3,3,340,46.37248889,-100.71451944,1,1,0,0,0,1,1
380017,NORTH DAKOTA,ND,2,2,0,0,2,2,105,0,MARION,3,3,March,2012,7,Saturday,23,1,1,2,2,125,48.13990000,-103.77680000,12,2,0,0,0,1,0
380018,NORTH DAKOTA,ND,1,1,0,0,1,1,105,0,MARION,19,3,March,2012,2,Monday,21,30,0,4,4,0,48.26110000,-103.35580000,1,2,0,0,0,1,1
380019,NORTH DAKOTA,ND,1,1,0,0,1,1,59,0,FRANKLIN,21,3,March,2012,4,Wednesday,20,38,0,6,4,0,46.91478056,-101.23991944,1,5,0,0,0,1,1
380020,NORTH DAKOTA,ND,2,2,0,0,2,2,55,0,ATTALLA,22,3,March,2012,5,Thursday,15,12,0,3,3,584,47.64690000,-101.36690000,12,1,0,0,0,1,0
380021,NORTH DAKOTA,ND,1,1,0,0,1,1,53,0,ATMORE,24,3,March,2012,7,Saturday,23,40,0,6,4,0,47.38671111,-103.09136944,1,2,0,0,0,1,1
380022,NORTH DAKOTA,ND,1,1,0,0,2,2,95,0,ALBERTVILLE,30,3,March,2012,6,Friday,3,26,0,4,4,0,48.88840000,-99.24310000,1,2,0,0,0,1,1
380023,NORTH DAKOTA,ND,2,2,0,0,2,2,105,0,MARION,30,3,March,2012,6,Friday,17,4,1,2,2,24,48.14040000,-103.99320000,12,1,0,0,0,1,1
380024,NORTH DAKOTA,ND,1,1,0,0,1,1,15,370,ANNISTON,30,3,March,2012,6,Friday,1,30,0,13,6,0,46.80900000,-100.80556111,33,3,0,0,0,1,1
380025,NORTH DAKOTA,ND,2,2,0,0,2,2,61,0,BELLWOOD,31,3,March,2012,7,Saturday,19,10,0,3,3,2750,48.21180000,-102.77970000,12,1,0,0,0,1,0
380026,NORTH DAKOTA,ND,1,1,0,0,1,1,101,2840,BOYLSTON,3,4,April,2012,3,Tuesday,12,29,0,6,6,0,48.08921111,-101.04580000,10,1,0,0,0,1,0
380027,NORTH DAKOTA,ND,2,2,0,0,3,3,55,0,ATTALLA,6,4,April,2012,6,Friday,16,41,1,2,2,1928,47.45840000,-101.12510000,12,1,0,0,0,1,0
380028,NORTH DAKOTA,ND,1,1,0,0,1,1,105,0,MARION,8,4,April,2012,1,Sunday,15,35,0,6,4,0,48.19280000,-103.64450000,1,1,0,0,0,1,1
380029,NORTH DAKOTA,ND,2,2,0,0,3,3,63,0,BOLIGEE,12,4,April,2012,5,Thursday,13,36,0,3,3,673,47.80260000,-98.43990000,12,1,0,0,0,1,0
380030,NORTH DAKOTA,ND,1,1,0,0,1,1,5,0,BAKER HILL,13,4,April,2012,6,Friday,5,0,0,5,3,897,47.95786944,-98.82250000,1,6,0,0,0,1,1
380031,NORTH DAKOTA,ND,2,2,0,0,3,3,53,0,ATMORE,14,4,April,2012,7,Saturday,1,49,0,3,3,1450,47.83003056,-102.72490000,12,2,0,0,0,2,2
380032,NORTH DAKOTA,ND,1,1,0,0,1,1,25,0,BARLOW BEND,15,4,April,2012,1,Sunday,8,30,0,6,4,0,47.00730000,-102.69400000,35,1,0,0,0,1,1
380033,NORTH DAKOTA,ND,2,2,0,0,6,6,53,0,ATMORE,20,4,April,2012,6,Friday,16,28,0,2,3,412,47.97620000,-102.66430000,12,1,0,0,0,1,1
380034,NORTH DAKOTA,ND,2,2,0,0,2,2,53,0,ATMORE,21,4,April,2012,7,Saturday,0,42,1,2,2,1555,47.80490000,-103.56590000,12,2,0,0,0,1,1
380035,NORTH DAKOTA,ND,2,2,0,0,2,2,105,0,MARION,22,4,April,2012,1,Sunday,20,13,1,2,2,224,48.19770000,-103.62610000,12,1,0,0,0,1,1
380036,NORTH DAKOTA,ND,2,2,0,0,2,2,61,0,BELLWOOD,27,4,April,2012,6,Friday,5,47,1,2,2,745,48.31470000,-102.72250000,12,2,0,0,0,1,0
380037,NORTH DAKOTA,ND,2,2,0,0,3,3,15,370,ANNISTON,28,4,April,2012,7,Saturday,22,2,1,13,2,9023,46.82811111,-100.77281944,12,3,0,0,0,1,0
380038,NORTH DAKOTA,ND,2,2,0,0,3,3,101,2170,BOYLSTON,3,5,May,2012,5,Thursday,9,47,1,13,2,1449,48.21325000,-101.32625000,12,1,0,0,0,1,0
380039,NORTH DAKOTA,ND,2,2,0,0,2,2,19,0,CEDAR BLUFF,4,5,May,2012,6,Friday,18,7,0,6,4,0,48.79020000,-98.34300000,12,1,0,0,0,1,1
380040,NORTH DAKOTA,ND,1,1,0,0,1,1,63,1960,BOLIGEE,7,5,May,2012,2,Monday,20,16,0,3,3,810,47.76140000,-98.16960000,32,2,0,0,0,1,1
380041,NORTH DAKOTA,ND,1,1,0,0,2,2,101,0,BOYLSTON,9,5,May,2012,4,Wednesday,12,11,1,2,2,1563,48.23990000,-101.10135000,43,1,0,0,0,1,0
380042,NORTH DAKOTA,ND,1,1,0,0,2,2,53,0,ATMORE,12,5,May,2012,7,Saturday,1,20,1,2,2,1770,48.05720000,-103.65990000,31,2,0,0,0,1,1
380043,NORTH DAKOTA,ND,1,1,0,0,1,1,53,0,ATMORE,19,5,May,2012,7,Saturday,16,30,0,3,3,1426,47.79930000,-102.71870000,1,1,0,0,0,1,1
380044,NORTH DAKOTA,ND,2,2,0,0,3,3,105,3350,MARION,21,5,May,2012,2,Monday,10,38,1,2,2,149,48.13990000,-103.72340000,12,1,0,0,0,1,0
380045,NORTH DAKOTA,ND,1,1,0,0,2,2,93,0,BEAR CREEK,22,5,May,2012,3,Tuesday,19,7,1,2,2,2560,47.03250000,-98.79960000,32,1,0,0,0,2,0
380046,NORTH DAKOTA,ND,1,1,1,1,3,3,93,1600,BEAR CREEK,2,6,June,2012,7,Saturday,22,8,1,11,1,2589,46.88490000,-98.70020000,8,2,0,0,0,1,0
380047,NORTH DAKOTA,ND,2,2,0,0,2,2,53,0,ATMORE,4,6,June,2012,2,Monday,2,0,0,3,3,1493,47.88590000,-102.73250000,12,2,0,0,0,1,1
380048,NORTH DAKOTA,ND,2,2,0,0,3,3,17,1020,CHAMBERS,4,6,June,2012,2,Monday,7,0,0,13,6,0,46.84421944,-96.81978889,12,1,0,0,0,1,0
380049,NORTH DAKOTA,ND,1,1,0,0,1,1,35,0,BROOKLYN,4,6,June,2012,2,Monday,13,55,0,6,4,0,47.97868889,-97.26063889,34,1,0,0,0,1,1
380050,NORTH DAKOTA,ND,1,1,0,0,1,1,57,0,BANKSTON,5,6,June,2012,3,Tuesday,20,38,0,2,3,1760,47.50493056,-101.42911944,24,1,0,0,0,1,1
380051,NORTH DAKOTA,ND,2,2,0,0,4,4,49,0,COLLINSVILLE,16,6,June,2012,7,Saturday,13,50,0,3,3,782,48.12400000,-100.92890000,12,1,0,0,0,1,0
380052,NORTH DAKOTA,ND,1,1,0,0,2,2,69,0,ASHFORD,17,6,June,2012,1,Sunday,3,30,0,6,4,0,48.43045000,-100.08071944,1,2,0,0,0,2,1
380053,NORTH DAKOTA,ND,2,2,0,0,2,2,99,20,BEATRICE,21,6,June,2012,5,Thursday,17,30,0,6,6,0,48.42210000,-98.07381111,12,1,0,0,0,1,0
380054,NORTH DAKOTA,ND,1,1,0,0,2,2,5,0,BAKER HILL,23,6,June,2012,7,Saturday,4,30,0,3,3,868,47.92051111,-98.80046944,34,2,0,0,0,1,1
380055,NORTH DAKOTA,ND,2,2,0,0,4,4,105,0,MARION,24,6,June,2012,1,Sunday,12,7,1,2,2,470,48.34250000,-103.31020000,12,1,0,0,0,3,0
380056,NORTH DAKOTA,ND,3,3,0,0,3,3,105,3350,MARION,12,6,June,2012,3,Tuesday,20,0,0,13,6,0,48.16510000,-103.62570000,12,1,0,0,0,1,0
380057,NORTH DAKOTA,ND,1,1,0,0,1,1,53,1991,ATMORE,13,6,June,2012,4,Wednesday,20,42,0,6,5,0,47.73193056,-102.67381111,1,1,0,0,99,1,1
380058,NORTH DAKOTA,ND,2,2,0,0,3,3,101,0,BOYLSTON,27,6,June,2012,4,Wednesday,11,53,1,2,2,1390,48.26678889,-101.42153889,12,1,0,0,0,2,0
380059,NORTH DAKOTA,ND,1,1,0,0,1,1,69,0,ASHFORD,1,7,July,2012,1,Sunday,23,10,0,6,4,0,48.40028056,-99.89030000,11,2,0,0,0,1,0
380060,NORTH DAKOTA,ND,2,2,0,0,4,4,93,0,BEAR CREEK,6,7,July,2012,6,Friday,19,16,1,1,1,2448,46.87540000,-99.41600000,12,1,0,0,0,4,1
380061,NORTH DAKOTA,ND,1,1,4,4,3,3,9,0,BLOUNT,8,7,July,2012,1,Sunday,1,10,0,6,8,0,48.97051111,-100.36445000,8,2,0,0,0,2,1
380062,NORTH DAKOTA,ND,1,1,0,0,2,2,17,0,CHAMBERS,12,7,July,2012,5,Thursday,14,53,0,4,4,0,46.95356111,-97.36661111,1,1,0,0,0,1,0
380063,NORTH DAKOTA,ND,1,1,0,0,1,1,59,1990,FRANKLIN,12,7,July,2012,5,Thursday,16,33,1,13,6,0,46.82938889,-100.86838056,24,1,0,0,0,1,0
380064,NORTH DAKOTA,ND,1,1,0,0,2,2,105,0,MARION,14,7,July,2012,7,Saturday,4,33,0,4,3,98,47.99910000,-104.00660000,59,2,0,0,0,2,1
380065,NORTH DAKOTA,ND,1,1,0,0,3,3,43,0,BAILEYTON,20,7,July,2012,6,Friday,21,25,0,4,4,0,46.86480000,-99.84680000,1,5,0,0,0,1,1
380066,NORTH DAKOTA,ND,1,1,0,0,2,2,105,0,MARION,23,7,July,2012,2,Monday,21,10,1,2,2,119,48.14013889,-103.79066111,1,5,0,0,0,1,1
380067,NORTH DAKOTA,ND,1,1,0,0,1,1,19,0,CEDAR BLUFF,28,7,July,2012,7,Saturday,18,0,0,6,4,0,48.66550000,-98.15520000,1,1,0,0,0,1,1
380068,NORTH DAKOTA,ND,1,1,0,0,2,2,29,0,BORDEN SPRINGS,29,7,July,2012,1,Sunday,22,50,0,5,3,2000,46.25791944,-100.23281111,1,3,0,0,0,1,0
380069,NORTH DAKOTA,ND,1,1,0,0,2,2,101,0,BOYLSTON,31,7,July,2012,3,Tuesday,1,30,0,4,4,0,48.25460000,-101.48740000,35,2,0,0,0,1,1
380070,NORTH DAKOTA,ND,1,1,0,0,1,1,5,0,BAKER HILL,2,8,August,2012,5,Thursday,22,45,0,4,4,0,48.02050000,-99.76951111,1,2,0,0,0,1,1
380071,NORTH DAKOTA,ND,2,1,0,0,1,1,17,1020,CHAMBERS,4,8,August,2012,7,Saturday,13,31,0,16,6,0,46.82886944,-96.80396944,30,1,0,0,0,1,0
380072,NORTH DAKOTA,ND,1,1,0,0,1,1,99,0,BEATRICE,4,8,August,2012,7,Saturday,17,51,1,1,1,1717,48.35390000,-97.18970000,1,1,0,0,0,1,0
380073,NORTH DAKOTA,ND,1,1,0,0,1,1,93,0,BEAR CREEK,4,8,August,2012,7,Saturday,23,35,0,4,4,0,46.98070000,-98.50920000,1,2,0,0,0,1,1
380074,NORTH DAKOTA,ND,2,2,0,0,2,2,89,0,BROWNSBORO,6,8,August,2012,2,Monday,9,15,1,1,1,877,46.85770000,-102.25110000,12,1,0,0,0,1,0
380075,NORTH DAKOTA,ND,2,2,0,0,2,2,93,0,BEAR CREEK,6,8,August,2012,2,Monday,16,23,0,4,4,0,47.11451111,-98.50976944,12,1,0,0,0,1,2
380076,NORTH DAKOTA,ND,1,1,0,0,1,1,99,1270,BEATRICE,6,8,August,2012,2,Monday,5,35,0,13,6,0,48.41700000,-97.41730000,33,4,0,0,0,1,0
380077,NORTH DAKOTA,ND,2,2,0,0,2,2,105,0,MARION,9,8,August,2012,5,Thursday,5,43,1,2,2,1827,48.12530000,-103.72340000,12,2,0,0,0,1,0
380078,NORTH DAKOTA,ND,2,2,0,0,2,2,89,0,BROWNSBORO,9,8,August,2012,5,Thursday,23,23,1,2,2,590,46.65430000,-103.18980000,12,2,0,0,0,1,0
380079,NORTH DAKOTA,ND,1,1,0,0,2,2,15,0,ANNISTON,11,8,August,2012,7,Saturday,0,12,0,4,4,0,46.75906111,-100.77370000,1,2,0,0,0,1,1
380080,NORTH DAKOTA,ND,1,1,0,0,1,1,61,0,BELLWOOD,13,8,August,2012,2,Monday,7,20,0,6,4,0,48.38891944,-102.86216944,10,1,0,0,0,1,0
380081,NORTH DAKOTA,ND,1,1,0,0,3,3,101,0,BOYLSTON,16,8,August,2012,5,Thursday,21,5,0,4,4,0,48.09550000,-101.26830000,1,5,0,0,0,1,1
380082,NORTH DAKOTA,ND,2,2,0,0,2,2,101,0,BOYLSTON,22,8,August,2012,4,Wednesday,16,16,1,2,2,2099,48.37170000,-101.29640000,12,1,0,0,0,1,0
380083,NORTH DAKOTA,ND,1,1,0,0,1,1,105,0,MARION,23,8,August,2012,5,Thursday,1,50,0,6,4,0,48.15350000,-103.82130000,1,2,0,0,0,1,1
380084,NORTH DAKOTA,ND,1,1,0,0,1,1,3,0,BALDWIN,26,8,August,2012,1,Sunday,2,0,0,4,4,0,47.18270000,-98.28870000,1,2,0,0,0,1,1
380085,NORTH DAKOTA,ND,2,2,0,0,2,2,105,0,MARION,27,8,August,2012,2,Monday,1,19,1,2,2,321,48.33800000,-103.62540000,12,2,0,0,0,1,1
380086,NORTH DAKOTA,ND,1,1,0,0,2,2,59,0,FRANKLIN,28,8,August,2012,3,Tuesday,19,20,0,4,3,529,46.63420000,-100.69060000,1,1,0,0,0,1,1
380087,NORTH DAKOTA,ND,1,1,0,0,1,1,53,0,ATMORE,30,8,August,2012,5,Thursday,2,30,0,2,3,70,47.80680000,-103.14240000,1,2,0,0,0,1,1
380088,NORTH DAKOTA,ND,1,1,0,0,1,1,103,0,DANVILLE,2,9,September,2012,1,Sunday,6,50,0,3,3,1085,47.68430000,-99.51190000,35,4,0,0,0,1,1
380089,NORTH DAKOTA,ND,1,1,0,0,2,2,99,0,BEATRICE,5,9,September,2012,4,Wednesday,7,50,0,4,4,0,48.29620000,-97.50300000,35,1,0,0,0,1,0
380090,NORTH DAKOTA,ND,1,1,0,0,1,1,29,0,BORDEN SPRINGS,5,9,September,2012,4,Wednesday,16,38,0,4,3,460,46.49470000,-100.56570000,1,1,0,0,0,1,0
380091,NORTH DAKOTA,ND,1,1,0,0,1,1,17,0,CHAMBERS,8,9,September,2012,7,Saturday,23,12,1,1,1,3414,46.87740000,-96.99690000,21,2,0,0,0,1,1
380092,NORTH DAKOTA,ND,1,1,0,0,1,1,97,0,AXIS,8,9,September,2012,7,Saturday,23,30,0,4,4,0,47.60531944,-96.87648889,1,2,0,0,0,1,1
380093,NORTH DAKOTA,ND,1,1,0,0,1,1,105,0,MARION,9,9,September,2012,1,Sunday,20,58,1,2,2,656,48.34200000,-102.90570000,1,2,0,0,0,1,1
380094,NORTH DAKOTA,ND,2,2,0,0,2,2,79,0,COURTLAND,12,9,September,2012,4,Wednesday,23,57,1,2,2,2400,48.82880000,-99.77330000,12,2,0,0,0,1,2
380095,NORTH DAKOTA,ND,1,1,0,0,4,4,71,780,BRIDGEPORT,13,9,September,2012,5,Thursday,0,1,0,13,3,1028,48.10370000,-98.86410000,42,3,0,0,0,2,1
380096,NORTH DAKOTA,ND,3,3,0,0,3,3,89,800,BROWNSBORO,13,9,September,2012,5,Thursday,6,10,0,13,3,723,46.89885000,-102.78980000,12,1,0,0,0,1,0
380097,NORTH DAKOTA,ND,1,1,0,0,1,1,87,0,ARMSTRONG,14,9,September,2012,6,Friday,16,30,0,6,4,0,46.50276111,-103.71780000,1,1,0,0,0,1,1
380098,NORTH DAKOTA,ND,1,1,0,0,2,2,9,0,BLOUNT,15,9,September,2012,7,Saturday,13,0,0,6,4,0,48.73943056,-100.62118056,1,1,0,0,0,1,0
380099,NORTH DAKOTA,ND,4,2,9,9,2,2,53,0,ATMORE,17,9,September,2012,2,Monday,12,5,0,2,3,164,47.80420000,-102.94160000,12,1,0,1,0,1,0
380100,NORTH DAKOTA,ND,1,1,0,0,1,1,5,0,BAKER HILL,18,9,September,2012,3,Tuesday,23,30,1,2,2,1533,47.97955000,-99.21145000,1,2,0,0,0,1,1
380101,NORTH DAKOTA,ND,1,1,0,0,1,1,75,3080,BEAVERTON,21,9,September,2012,6,Friday,9,35,0,4,4,0,48.72716944,-101.82448889,10,1,0,0,0,1,0
380102,NORTH DAKOTA,ND,1,1,0,0,1,1,97,0,AXIS,23,9,September,2012,1,Sunday,1,10,0,4,4,0,47.59943889,-96.97235000,35,2,0,0,0,1,1
380103,NORTH DAKOTA,ND,2,2,0,0,5,5,69,0,ASHFORD,25,9,September,2012,3,Tuesday,8,55,0,3,3,253,48.48693056,-99.49730000,12,1,0,0,0,2,0
380104,NORTH DAKOTA,ND,1,1,0,0,3,3,105,0,MARION,25,9,September,2012,3,Tuesday,23,35,0,6,4,0,48.31318056,-102.84986111,1,2,0,0,0,1,1
380105,NORTH DAKOTA,ND,2,2,0,0,3,3,53,0,ATMORE,30,9,September,2012,1,Sunday,6,27,0,3,3,1353,47.70108889,-102.70985000,12,2,0,0,0,1,0
380106,NORTH DAKOTA,ND,2,2,0,0,2,2,61,0,BELLWOOD,30,9,September,2012,1,Sunday,14,14,0,3,3,2520,48.03306111,-102.53248889,12,1,0,0,0,1,0