ST_CASE,State Name,State Abbreviation,# of Vehicle involved,Parked_Vehicles_Involved,Pedestrains,Person_Not_in_Motor_Vehicle,Persons_in_motor_vehicle,Total_Persons_in_accident,COUNTY,CITY,City_County_Name,Calendar_DAY,MONTH,Month_name,YEAR,DAY_WEEK,Day_Week_desc,HOUR,MINUTE,NHS_Desc,trafficway,Route,MILEPT,LATITUDE,LONGITUD,First_Crash_event,Light_cond_desc,Weather_condition,School_bus_involved,Crash_cause,FATALS,DRUNK_DR
380107,NORTH DAKOTA,ND,2,2,0,0,2,2,53,0,ATMORE,5,10,October,2012,6,Friday,2,4,1,2,2,1593,47.80648889,-103.64560000,12,2,0,0,0,1,0
380108,NORTH DAKOTA,ND,2,2,0,0,2,2,105,0,MARION,6,10,October,2012,7,Saturday,22,35,0,4,3,13,48.36068889,-102.93673889,12,2,0,0,0,1,1
380109,NORTH DAKOTA,ND,2,2,0,0,4,4,53,0,ATMORE,7,10,October,2012,1,Sunday,20,32,1,2,2,1593,47.80648889,-103.64560000,12,2,0,0,0,1,1
380110,NORTH DAKOTA,ND,2,2,0,0,2,2,5,0,BAKER HILL,12,10,October,2012,6,Friday,0,15,0,2,3,46,47.97813056,-99.02651111,12,6,0,0,0,1,1
380111,NORTH DAKOTA,ND,1,1,0,0,1,1,17,0,CHAMBERS,16,10,October,2012,3,Tuesday,11,0,0,4,4,0,47.15085000,-96.86985000,1,1,0,0,0,1,0
380112,NORTH DAKOTA,ND,1,1,0,0,2,2,105,0,MARION,21,10,October,2012,1,Sunday,18,19,0,6,4,0,48.25578889,-103.90665000,1,1,0,0,0,1,0
380113,NORTH DAKOTA,ND,1,1,0,0,1,1,49,0,COLLINSVILLE,22,10,October,2012,2,Monday,12,20,0,4,4,0,47.93161944,-100.24101944,35,1,0,0,0,1,1
380114,NORTH DAKOTA,ND,1,1,1,1,2,2,89,800,BROWNSBORO,22,10,October,2012,2,Monday,18,20,0,13,3,719,46.89226111,-102.78976111,8,5,0,0,0,1,0
380115,NORTH DAKOTA,ND,3,3,0,0,3,3,61,0,BELLWOOD,23,10,October,2012,3,Tuesday,12,45,0,3,3,1533,48.26796944,-102.37516944,12,1,0,0,0,1,1
380116,NORTH DAKOTA,ND,1,1,1,1,1,1,89,0,BROWNSBORO,25,10,October,2012,5,Thursday,18,30,0,3,3,600,46.80850000,-102.78980000,8,2,0,0,0,1,0
380117,NORTH DAKOTA,ND,2,2,0,0,4,4,105,0,MARION,27,10,October,2012,7,Saturday,0,5,1,2,2,145,48.14016111,-103.73358056,12,2,0,0,0,1,2
380118,NORTH DAKOTA,ND,1,1,2,2,2,2,79,0,COURTLAND,27,10,October,2012,7,Saturday,1,12,1,2,2,2420,48.81610000,-99.80901111,8,2,0,0,0,2,1
380119,NORTH DAKOTA,ND,1,1,0,0,1,1,105,0,MARION,27,10,October,2012,7,Saturday,6,57,0,4,4,0,48.37258333,-103.17658889,1,3,0,0,0,1,1
380120,NORTH DAKOTA,ND,1,1,0,0,2,2,75,0,BEAVERTON,28,10,October,2012,1,Sunday,17,14,1,2,2,2185,48.49455000,-101.29940000,34,1,0,0,0,1,0
380121,NORTH DAKOTA,ND,1,1,1,1,2,2,17,1020,CHAMBERS,31,10,October,2012,4,Wednesday,23,49,0,13,6,0,46.83266944,-96.84671944,8,3,0,0,0,1,0
380122,NORTH DAKOTA,ND,2,2,0,0,3,3,101,2840,BOYLSTON,2,11,November,2012,6,Friday,11,1,1,2,2,1105,48.08648889,-101.05698056,12,1,0,0,0,1,0
380123,NORTH DAKOTA,ND,1,1,0,0,1,1,15,0,ANNISTON,2,11,November,2012,6,Friday,20,16,0,6,4,0,46.88666944,-100.66686111,1,2,0,0,0,1,1
380124,NORTH DAKOTA,ND,2,2,0,0,3,3,5,0,BAKER HILL,3,11,November,2012,7,Saturday,22,35,0,3,3,870,47.92373889,-98.80238056,12,2,0,0,0,1,2
380125,NORTH DAKOTA,ND,2,2,0,0,2,2,105,0,MARION,6,11,November,2012,3,Tuesday,9,0,0,3,3,3320,48.06433056,-103.85008056,12,1,0,0,0,1,0
380126,NORTH DAKOTA,ND,1,1,0,0,3,3,85,0,BENTON,8,11,November,2012,5,Thursday,11,53,0,2,3,367,46.38436944,-100.76598889,1,1,0,0,0,1,1
380127,NORTH DAKOTA,ND,1,1,0,0,1,1,55,0,ATTALLA,9,11,November,2012,6,Friday,14,59,1,2,2,1605,47.65983889,-101.29046944,1,1,0,0,0,1,0
380128,NORTH DAKOTA,ND,1,1,0,0,2,2,51,0,CENTRAL,9,11,November,2012,6,Friday,18,30,0,3,3,405,46.02693056,-99.26951944,1,2,0,0,0,1,0
380129,NORTH DAKOTA,ND,2,2,0,0,3,3,53,0,ATMORE,13,11,November,2012,3,Tuesday,0,52,1,2,2,1543,47.80501944,-103.54028889,12,2,0,0,0,1,1
380130,NORTH DAKOTA,ND,2,2,0,0,2,2,105,0,MARION,13,11,November,2012,3,Tuesday,22,0,1,2,2,2064,48.41635000,-103.62466111,12,2,0,0,0,1,0
380131,NORTH DAKOTA,ND,2,2,0,0,2,2,103,0,DANVILLE,16,11,November,2012,6,Friday,16,30,0,2,3,1323,47.41465000,-99.96906111,12,1,0,0,0,1,1
380132,NORTH DAKOTA,ND,2,2,0,0,2,2,53,0,ATMORE,22,11,November,2012,5,Thursday,2,30,1,2,2,1153,47.43536111,-103.24818056,12,2,0,0,0,1,0
380133,NORTH DAKOTA,ND,1,1,0,0,3,3,55,0,ATTALLA,23,11,November,2012,6,Friday,2,5,0,4,4,0,47.69756111,-101.50763056,1,2,0,0,0,1,1
380134,NORTH DAKOTA,ND,2,2,0,0,2,2,13,0,BOLLING,24,11,November,2012,7,Saturday,10,0,0,4,4,0,48.77420000,-102.56908056,12,1,0,0,0,1,0
380135,NORTH DAKOTA,ND,1,1,0,0,1,1,25,0,BARLOW BEND,24,11,November,2012,7,Saturday,17,10,0,3,3,1205,47.42653889,-102.30555000,1,5,0,0,0,1,1
380136,NORTH DAKOTA,ND,2,2,0,0,2,2,59,0,FRANKLIN,26,11,November,2012,2,Monday,16,0,0,2,3,665,46.79743056,-100.90848056,12,1,0,0,0,1,1
380137,NORTH DAKOTA,ND,1,1,0,0,1,1,101,2170,BOYLSTON,28,11,November,2012,4,Wednesday,23,21,0,16,6,0,48.22545000,-101.27861944,35,3,0,0,0,1,1
380138,NORTH DAKOTA,ND,3,2,0,0,2,2,53,0,ATMORE,1,12,December,2012,7,Saturday,20,37,0,4,3,106,47.77891944,-102.73203056,12,2,0,0,0,1,0
380139,NORTH DAKOTA,ND,1,1,1,1,1,1,17,3300,CHAMBERS,7,12,December,2012,6,Friday,7,35,0,14,6,0,46.84088889,-96.90718056,8,2,0,0,0,1,0
380140,NORTH DAKOTA,ND,2,2,0,0,2,2,35,0,BROOKLYN,7,12,December,2012,6,Friday,16,0,0,4,4,0,47.79983889,-97.04615000,12,1,0,0,0,2,0
380141,NORTH DAKOTA,ND,2,2,0,0,5,5,105,0,MARION,10,12,December,2012,2,Monday,10,15,1,2,2,124,48.13990000,-103.77681111,12,1,0,0,0,1,0
380142,NORTH DAKOTA,ND,2,2,0,0,2,2,71,0,BRIDGEPORT,12,12,December,2012,4,Wednesday,17,19,1,2,2,2760,48.05016111,-98.74998889,12,2,0,0,0,1,0
380143,NORTH DAKOTA,ND,2,2,0,0,2,2,9,0,BLOUNT,22,12,December,2012,7,Saturday,10,20,0,6,4,0,48.57456944,-101.23380000,12,1,0,0,0,1,1
380144,NORTH DAKOTA,ND,2,2,0,0,3,3,49,0,COLLINSVILLE,22,12,December,2012,7,Saturday,19,38,1,2,2,1633,48.23971944,-100.94868889,12,2,0,0,0,1,0
380145,NORTH DAKOTA,ND,2,2,0,0,7,7,93,1600,BEAR CREEK,26,12,December,2012,4,Wednesday,10,55,1,11,1,2575,46.88853889,-98.72831944,12,1,0,0,0,6,0
380146,NORTH DAKOTA,ND,1,1,0,0,3,3,27,0,ASHLAND,30,12,December,2012,1,Sunday,3,23,0,4,4,0,47.83301944,-98.75991944,1,2,0,0,0,2,1
380147,NORTH DAKOTA,ND,1,1,0,0,2,2,79,0,COURTLAND,19,7,July,2012,5,Thursday,14,9,1,2,2,2413,48.82016111,-99.79511944,35,1,0,0,0,1,0
390001,OHIO,OH,1,1,0,0,1,1,65,0,CYPRESS,1,1,January,2012,1,Sunday,19,23,0,5,4,0,40.64357778,-83.65597778,34,2,0,0,0,1,1
390002,OHIO,OH,2,2,0,0,6,6,79,0,COURTLAND,2,1,January,2012,2,Monday,11,23,1,2,2,59,39.12687222,-82.70113056,12,1,0,0,0,1,0
390003,OHIO,OH,2,2,0,0,2,2,95,8120,ALBERTVILLE,3,1,January,2012,3,Tuesday,17,51,0,15,6,0,41.64552778,-83.61766389,12,3,0,0,0,1,0
390005,OHIO,OH,3,3,0,0,5,5,49,2270,COLLINSVILLE,5,1,January,2012,5,Thursday,15,17,1,11,1,170,40.09852500,-83.13466389,12,1,0,0,0,1,0
390006,OHIO,OH,1,1,1,1,1,1,29,0,BORDEN SPRINGS,6,1,January,2012,6,Friday,20,59,0,5,3,167,40.86558056,-80.56094722,8,2,0,0,0,1,0
390007,OHIO,OH,2,2,0,0,2,2,93,2480,BEAR CREEK,7,1,January,2012,7,Saturday,13,35,0,14,6,0,41.36582500,-82.11778333,12,1,0,0,0,1,0
390008,OHIO,OH,2,2,0,0,2,2,37,0,BRADFORD,10,1,January,2012,3,Tuesday,9,8,0,4,4,0,40.24057778,-84.48414167,12,1,0,0,0,1,0
390009,OHIO,OH,1,1,0,0,1,1,139,0,CALION,16,1,January,2012,2,Monday,9,15,1,1,1,184,40.78138611,-82.41598611,59,1,0,0,0,1,0
390010,OHIO,OH,2,2,0,0,2,2,145,6700,BALD KNOB,21,1,January,2012,7,Saturday,1,5,1,13,2,20,38.75339722,-82.99163889,12,3,0,0,0,1,1
390011,OHIO,OH,1,1,0,0,1,1,61,1610,BELLWOOD,4,2,February,2012,7,Saturday,0,12,0,14,6,0,39.16121667,-84.60084722,33,3,0,0,0,1,1
390012,OHIO,OH,2,1,0,0,1,1,61,1610,BELLWOOD,6,1,January,2012,6,Friday,21,27,0,19,6,0,39.15548056,-84.39073611,14,3,0,0,0,1,0
390013,OHIO,OH,2,2,0,0,3,3,169,0,BRADLEY,17,1,January,2012,3,Tuesday,16,36,0,6,4,0,40.82402778,-81.71283056,12,1,0,0,0,1,0
390014,OHIO,OH,2,2,0,0,3,3,101,0,BOYLSTON,21,1,January,2012,7,Saturday,18,46,0,4,3,62,40.54923611,-83.04997778,12,3,0,0,0,1,0
390015,OHIO,OH,2,2,0,0,2,2,71,0,BRIDGEPORT,23,1,January,2012,2,Monday,9,51,0,3,2,208,39.21634167,-83.48561111,12,1,0,0,0,1,0
390016,OHIO,OH,2,2,0,0,3,3,155,0,IRWIN,23,1,January,2012,2,Monday,16,53,0,6,4,0,41.22636944,-80.88760000,12,1,0,0,0,1,0
390017,OHIO,OH,4,1,3,3,1,1,143,0,CANEHILL,24,1,January,2012,3,Tuesday,10,28,1,1,1,119,41.40632222,-83.13018056,45,1,0,0,0,1,0
390018,OHIO,OH,1,1,0,0,4,4,155,0,IRWIN,26,1,January,2012,5,Thursday,23,57,1,12,3,192,41.22742222,-80.71477222,59,3,0,0,0,1,1
390019,OHIO,OH,1,1,0,0,1,1,53,2810,ATMORE,2,2,February,2012,5,Thursday,23,5,0,16,4,0,38.82750278,-82.18472500,43,2,0,0,0,1,0
390020,OHIO,OH,1,1,0,0,2,2,17,0,CHAMBERS,28,1,January,2012,7,Saturday,5,10,0,16,5,0,39.30604167,-84.44258611,42,2,0,0,0,2,1
390021,OHIO,OH,2,2,0,0,2,2,49,9150,COLLINSVILLE,12,1,January,2012,5,Thursday,10,14,0,13,2,226,40.10668056,-83.01665833,12,1,0,0,0,1,0
390022,OHIO,OH,1,1,1,1,1,1,95,8120,ALBERTVILLE,30,1,January,2012,2,Monday,18,38,0,15,6,0,41.63077778,-83.55068056,8,3,0,0,0,1,0
390023,OHIO,OH,2,2,0,0,2,2,95,8120,ALBERTVILLE,1,2,February,2012,4,Wednesday,11,26,0,13,3,47,41.72117500,-83.60047222,12,1,0,0,0,1,0
390024,OHIO,OH,2,2,0,0,2,2,17,0,CHAMBERS,5,2,February,2012,1,Sunday,14,44,0,3,3,130,39.48431111,-84.51226944,12,1,0,0,0,1,1
390025,OHIO,OH,1,1,0,0,1,1,141,0,BEE BRANCH,8,2,February,2012,4,Wednesday,9,45,0,6,5,0,39.23498889,-82.77335833,43,1,0,0,0,1,0
390026,OHIO,OH,1,1,0,0,1,1,109,0,ANSLEY,9,2,February,2012,5,Thursday,4,26,0,6,5,0,40.02487500,-84.11308056,1,2,0,0,0,1,1
390027,OHIO,OH,2,2,0,0,2,2,77,0,ANDERSON,31,1,January,2012,3,Tuesday,22,46,1,2,3,241,41.20083333,-82.41746111,12,2,0,0,0,1,0
390028,OHIO,OH,2,2,0,0,2,2,61,0,BELLWOOD,10,2,February,2012,6,Friday,7,43,1,13,3,198,39.22377778,-84.36746111,12,1,0,0,0,1,0
390029,OHIO,OH,1,1,0,0,1,1,61,855,BELLWOOD,11,2,February,2012,7,Saturday,4,17,0,16,6,0,39.27725278,-84.36690278,40,3,0,0,0,1,0
390030,OHIO,OH,1,1,0,0,1,1,65,0,CYPRESS,13,1,January,2012,6,Friday,6,35,0,4,3,170,40.74765278,-83.82314444,42,2,0,0,0,1,0
390031,OHIO,OH,2,2,0,0,3,3,49,1800,COLLINSVILLE,15,1,January,2012,1,Sunday,0,6,1,12,3,91,39.91582778,-82.99330278,12,3,0,0,0,2,1
390032,OHIO,OH,7,7,1,1,9,9,49,1800,COLLINSVILLE,17,1,January,2012,3,Tuesday,21,15,0,13,3,72,39.97671111,-82.86924444,8,2,0,0,0,1,0
390033,OHIO,OH,4,4,0,0,5,5,49,1800,COLLINSVILLE,27,1,January,2012,6,Friday,11,32,1,11,1,244,39.93232778,-82.82114444,24,1,0,0,0,1,0
390034,OHIO,OH,1,1,0,0,2,2,61,0,BELLWOOD,7,2,February,2012,3,Tuesday,17,45,0,16,6,0,39.22121111,-84.71463889,33,1,0,0,0,1,1
390035,OHIO,OH,2,2,0,0,3,3,175,0,CADWELL,14,2,February,2012,3,Tuesday,16,36,1,2,2,121,40.84667222,-83.25597222,12,1,0,0,0,1,0
390036,OHIO,OH,1,1,1,1,1,1,99,0,BEATRICE,25,1,January,2012,4,Wednesday,22,25,0,3,3,51,40.97343611,-80.66117222,8,3,0,0,0,1,0
390037,OHIO,OH,4,4,0,0,4,4,25,0,BARLOW BEND,31,1,January,2012,3,Tuesday,14,25,0,2,2,65,38.94061389,-84.27013333,12,1,0,0,0,2,0
390038,OHIO,OH,1,1,0,0,1,1,101,0,BOYLSTON,31,1,January,2012,3,Tuesday,23,21,0,6,4,0,40.47051111,-83.16673333,35,2,0,0,0,1,1
390039,OHIO,OH,2,2,0,0,2,2,11,0,BULLOCK,1,2,February,2012,4,Wednesday,22,24,0,4,3,25,40.61571111,-83.89824722,12,2,0,0,0,1,2
390040,OHIO,OH,1,1,0,0,1,1,7,0,BIBB,11,2,February,2012,7,Saturday,2,20,1,1,1,3,41.76489722,-80.99495278,59,3,0,0,0,1,1
390041,OHIO,OH,5,5,0,0,9,9,95,8120,ALBERTVILLE,16,2,February,2012,5,Thursday,12,55,0,14,6,0,41.65497222,-83.53015833,12,1,0,0,0,1,0
390042,OHIO,OH,1,1,0,0,1,1,49,1800,COLLINSVILLE,23,2,February,2012,5,Thursday,1,2,1,11,1,162,39.95332222,-82.95626944,30,3,0,0,0,1,1
390043,OHIO,OH,3,3,0,0,4,4,173,0,LAKELAND,17,2,February,2012,6,Friday,16,13,1,1,1,112,41.32700278,-83.62590000,12,1,0,0,0,1,0
390044,OHIO,OH,2,2,1,1,4,4,97,0,AXIS,3,2,February,2012,6,Friday,14,37,0,6,4,0,39.97447500,-83.39418611,12,1,0,0,0,1,1
390045,OHIO,OH,2,2,0,0,4,4,101,0,BOYLSTON,6,2,February,2012,2,Monday,16,37,0,4,4,0,40.57058333,-83.40787778,12,1,0,1,0,1,1
390046,OHIO,OH,1,1,1,1,1,1,139,0,CALION,12,2,February,2012,1,Sunday,18,1,0,14,3,23,40.79271667,-82.49229722,9,1,0,0,0,1,0
390047,OHIO,OH,2,2,0,0,2,2,21,0,CHILTON,13,2,February,2012,2,Monday,8,48,0,6,4,0,40.10224167,-83.59445000,12,1,0,0,0,1,0
390048,OHIO,OH,2,2,0,0,7,7,159,0,FARRAR,4,2,February,2012,7,Saturday,10,28,0,4,4,0,40.25927222,-83.45469167,12,1,0,0,0,2,0
390049,OHIO,OH,1,1,0,0,4,4,47,0,BROWNS,12,2,February,2012,1,Sunday,20,40,0,15,4,0,39.49940556,-83.29704722,35,2,0,0,0,1,0
390050,OHIO,OH,2,2,0,0,2,2,75,0,BEAVERTON,14,2,February,2012,3,Tuesday,6,0,0,4,2,124,40.49003056,-81.97899444,12,2,0,0,0,1,0
390051,OHIO,OH,1,1,1,1,1,1,35,4870,BROOKLYN,9,2,February,2012,5,Thursday,10,33,0,13,3,124,41.52653611,-81.43880000,8,1,0,0,0,1,0
390052,OHIO,OH,2,2,0,0,3,3,61,0,BELLWOOD,13,2,February,2012,2,Monday,17,19,0,4,6,0,39.23452222,-84.62628056,12,1,0,0,0,1,0
390053,OHIO,OH,1,1,1,1,1,1,61,0,BELLWOOD,22,2,February,2012,4,Wednesday,20,15,1,13,2,102,39.20549167,-84.58123056,8,2,0,0,0,1,0
390054,OHIO,OH,1,1,0,0,1,1,93,0,BEAR CREEK,15,2,February,2012,4,Wednesday,9,33,0,4,6,0,41.37446389,-82.33170556,42,1,0,0,0,1,0
390055,OHIO,OH,1,1,1,1,1,1,17,2535,CHAMBERS,17,2,February,2012,6,Friday,21,34,0,15,6,0,39.36256111,-84.49091667,8,2,0,0,0,1,0
390056,OHIO,OH,1,1,2,2,2,2,113,2090,COTTONTON,19,2,February,2012,1,Sunday,20,46,0,15,6,0,39.73762778,-84.22201944,8,3,0,0,0,2,1
390057,OHIO,OH,2,2,2,2,2,2,7,0,BIBB,21,2,February,2012,3,Tuesday,20,33,0,4,3,67,41.59138056,-80.95303889,8,2,0,0,0,1,1
390058,OHIO,OH,1,1,0,0,1,1,7,0,BIBB,24,2,February,2012,6,Friday,3,15,0,4,3,71,41.77131111,-80.86849722,32,2,0,0,0,1,1
390059,OHIO,OH,1,1,0,0,1,1,5,0,BAKER HILL,24,2,February,2012,6,Friday,21,30,1,2,2,1,41.02905833,-82.43276667,35,2,0,0,0,1,0
390060,OHIO,OH,1,1,0,0,1,1,13,0,BOLLING,25,2,February,2012,7,Saturday,23,0,0,4,3,87,40.00223889,-81.11943889,1,2,0,0,0,1,1
390061,OHIO,OH,1,1,0,0,2,2,39,0,ANDALUSIA,26,2,February,2012,1,Sunday,9,40,0,6,4,0,41.33479167,-84.70912500,53,1,0,0,0,2,1
390062,OHIO,OH,1,1,0,0,3,3,95,8120,ALBERTVILLE,27,2,February,2012,2,Monday,22,7,0,6,6,0,41.61238611,-83.58657778,30,3,0,0,0,1,1
390063,OHIO,OH,2,2,0,0,2,2,113,0,COTTONTON,28,2,February,2012,3,Tuesday,22,4,0,6,5,0,39.65746111,-84.41239722,12,2,0,0,0,1,0
390064,OHIO,OH,2,2,0,0,3,3,35,2040,BROOKLYN,28,2,February,2012,3,Tuesday,12,38,1,11,1,107,41.26254722,-81.63451389,12,1,0,0,0,1,0
390065,OHIO,OH,1,1,1,1,1,1,49,1800,COLLINSVILLE,29,2,February,2012,4,Wednesday,19,46,0,14,6,0,39.92835833,-83.09479722,8,3,0,0,0,1,0
390066,OHIO,OH,2,2,0,0,4,4,141,0,BEE BRANCH,1,3,March,2012,5,Thursday,17,35,0,14,3,45,39.39743611,-82.96477778,12,1,0,0,0,1,1
390067,OHIO,OH,2,2,0,0,4,4,169,0,BRADLEY,4,3,March,2012,1,Sunday,17,45,0,3,3,110,40.91646944,-81.78221944,12,1,0,0,0,1,0
390068,OHIO,OH,1,1,0,0,2,2,135,0,ASH FLAT,4,3,March,2012,1,Sunday,8,40,1,1,1,151,39.83732222,-84.53195000,35,1,0,0,0,1,0
390069,OHIO,OH,2,2,0,0,4,4,49,1800,COLLINSVILLE,5,3,March,2012,2,Monday,21,17,0,14,6,0,39.96781667,-82.91378333,12,3,0,0,0,1,1
390070,OHIO,OH,2,2,0,0,2,2,169,0,BRADLEY,6,3,March,2012,3,Tuesday,5,32,0,5,4,0,40.78082222,-81.78772222,12,2,0,0,0,1,0
390071,OHIO,OH,1,1,0,0,3,3,139,0,CALION,6,3,March,2012,3,Tuesday,5,50,0,15,6,0,40.78238611,-82.49400278,38,4,0,0,0,1,0
390072,OHIO,OH,2,2,0,0,5,5,165,0,HERNDON,7,3,March,2012,4,Wednesday,18,45,0,13,2,32,39.32115556,-84.25086389,12,3,0,0,0,1,0
390073,OHIO,OH,1,1,0,0,1,1,129,0,BIGBEE,10,3,March,2012,7,Saturday,15,36,0,4,3,31,39.68527222,-83.20759444,30,1,0,0,0,1,0
390074,OHIO,OH,1,1,1,1,1,1,95,6213,ALBERTVILLE,13,3,March,2012,3,Tuesday,18,45,0,14,6,0,41.63069167,-83.41637222,8,1,0,0,0,1,0
390075,OHIO,OH,2,2,0,0,3,3,61,1610,BELLWOOD,14,3,March,2012,4,Wednesday,12,18,0,13,2,80,39.13118611,-84.70759444,12,1,0,0,0,1,0
390076,OHIO,OH,1,1,0,0,2,2,61,1610,BELLWOOD,17,3,March,2012,7,Saturday,20,10,0,14,6,0,39.09375833,-84.42802500,38,5,0,0,0,1,1
390077,OHIO,OH,2,2,0,0,3,3,99,9230,BEATRICE,14,2,February,2012,3,Tuesday,15,10,0,16,6,0,41.10546111,-80.65291111,12,1,0,0,0,1,0
390078,OHIO,OH,1,1,0,0,1,1,17,0,CHAMBERS,7,3,March,2012,4,Wednesday,17,40,0,4,3,2,39.55741389,-84.48355278,59,1,0,0,0,1,1
390079,OHIO,OH,1,1,0,0,1,1,173,0,LAKELAND,8,3,March,2012,5,Thursday,22,44,0,6,5,0,41.18256111,-83.68814722,10,2,0,0,0,1,0
390080,OHIO,OH,1,1,0,0,3,3,61,0,BELLWOOD,9,3,March,2012,6,Friday,4,36,0,14,4,0,39.16944167,-84.42469444,30,3,0,0,0,1,1
390081,OHIO,OH,2,2,0,0,6,6,17,0,CHAMBERS,16,3,March,2012,6,Friday,22,56,0,15,3,49,39.37371389,-84.45478333,12,2,0,0,0,1,0
390082,OHIO,OH,2,2,0,0,3,3,91,0,DAYTON,17,3,March,2012,7,Saturday,18,55,0,4,3,39,40.25689444,-83.71731389,12,1,0,0,0,2,1
390083,OHIO,OH,1,1,0,0,2,2,17,0,CHAMBERS,18,3,March,2012,1,Sunday,12,59,0,6,5,0,39.46062222,-84.55933611,42,1,0,0,0,1,0
390084,OHIO,OH,1,1,0,0,1,1,49,0,COLLINSVILLE,22,3,March,2012,5,Thursday,12,48,1,11,1,288,40.09997500,-82.92268056,1,1,0,0,0,1,0
390085,OHIO,OH,2,2,0,0,3,3,145,0,BALD KNOB,9,3,March,2012,6,Friday,14,30,0,6,5,0,38.86315556,-82.89986111,12,1,0,0,0,1,0
390086,OHIO,OH,1,1,0,0,1,1,7,0,BIBB,12,3,March,2012,2,Monday,17,23,0,4,3,12,41.50672500,-80.94014167,42,1,0,0,0,1,1
390087,OHIO,OH,3,3,0,0,4,4,29,0,BORDEN SPRINGS,13,3,March,2012,3,Tuesday,11,12,0,5,3,176,40.76008056,-80.63598889,12,1,0,0,0,1,0
390088,OHIO,OH,1,1,0,0,1,1,23,0,BLADON SPRINGS,14,3,March,2012,4,Wednesday,22,30,0,6,6,0,40.00730833,-83.60403056,1,2,0,0,0,1,1
390089,OHIO,OH,1,1,0,0,1,1,7,0,BIBB,18,3,March,2012,1,Sunday,5,30,0,6,4,0,41.58570278,-80.79106667,1,2,0,0,0,1,1
390090,OHIO,OH,1,1,0,0,2,2,89,0,BROWNSBORO,1,1,January,2012,1,Sunday,17,40,0,5,4,0,40.01916667,-82.38805556,30,2,0,0,0,1,1
390091,OHIO,OH,2,2,0,0,3,3,95,0,ALBERTVILLE,1,1,January,2012,1,Sunday,1,10,0,6,4,0,41.49503333,-83.85552778,12,2,0,0,0,1,2
390092,OHIO,OH,1,1,0,0,3,3,109,0,ANSLEY,2,1,January,2012,2,Monday,13,25,0,6,5,0,39.98961944,-84.26394722,34,1,4,0,0,1,0
390093,OHIO,OH,2,2,0,0,2,2,127,0,BURNWELL,3,1,January,2012,3,Tuesday,6,58,0,3,2,103,39.83370000,-82.23348889,12,2,0,0,0,2,0
390094,OHIO,OH,2,2,0,0,2,2,35,2520,BROOKLYN,3,1,January,2012,3,Tuesday,13,35,0,13,2,290,41.57786389,-81.51510278,12,1,0,0,0,1,0
390095,OHIO,OH,1,1,0,0,2,2,99,9230,BEATRICE,4,1,January,2012,4,Wednesday,15,44,0,14,3,14,41.10079167,-80.64223889,5,1,0,0,0,1,0
390096,OHIO,OH,2,2,0,0,3,3,169,6970,BRADLEY,4,1,January,2012,4,Wednesday,10,0,0,13,3,120,40.97066667,-81.76230556,12,1,0,0,0,2,0
390097,OHIO,OH,1,1,0,0,1,1,59,0,FRANKLIN,6,1,January,2012,6,Friday,14,0,0,5,4,0,39.99563611,-81.56148333,52,1,0,0,0,1,0
390098,OHIO,OH,1,1,1,1,3,3,141,1580,BEE BRANCH,6,1,January,2012,6,Friday,18,22,0,15,6,0,39.33996944,-83.00228889,8,3,0,0,0,1,1
390099,OHIO,OH,1,1,2,2,2,2,145,0,BALD KNOB,7,1,January,2012,7,Saturday,21,45,0,4,3,244,38.75083889,-83.02643056,8,2,0,0,0,1,0
390100,OHIO,OH,1,1,0,0,1,1,119,0,BELLAMY,8,1,January,2012,1,Sunday,1,39,0,6,4,0,40.10911389,-82.00691389,43,3,0,0,0,1,1
390101,OHIO,OH,1,1,0,0,2,2,153,0,BONAIRE,9,1,January,2012,2,Monday,23,57,0,15,6,0,41.09103333,-81.52505556,42,3,0,0,0,1,1
390102,OHIO,OH,1,1,0,0,1,1,159,0,FARRAR,10,1,January,2012,3,Tuesday,13,19,0,4,3,5,40.22763611,-83.51920000,35,1,0,0,0,1,0
390103,OHIO,OH,2,2,0,0,2,2,95,6213,ALBERTVILLE,12,1,January,2012,5,Thursday,14,27,1,13,3,245,41.63773611,-83.42791389,12,1,2,0,0,1,0
390105,OHIO,OH,2,1,0,0,2,2,31,1920,COFFEE,12,1,January,2012,5,Thursday,3,29,0,16,5,0,40.24674167,-81.85412222,32,2,0,0,0,1,1
390106,OHIO,OH,1,1,0,0,4,4,165,0,HERNDON,14,1,January,2012,7,Saturday,4,6,1,1,1,10,39.30324167,-84.30276389,32,2,0,0,0,2,1
390107,OHIO,OH,1,1,0,0,1,1,153,70,BONAIRE,15,1,January,2012,1,Sunday,6,5,0,14,6,0,41.08467778,-81.49038889,30,3,0,0,0,1,1
390108,OHIO,OH,2,2,0,0,4,4,19,0,CEDAR BLUFF,17,1,January,2012,3,Tuesday,18,20,0,3,3,229,40.67696944,-81.02883889,12,2,0,0,0,1,0
390109,OHIO,OH,1,1,0,0,1,1,87,0,ARMSTRONG,17,1,January,2012,3,Tuesday,9,5,0,4,3,134,38.55790833,-82.35538611,53,1,0,0,0,1,0
390110,OHIO,OH,2,2,1,1,2,2,113,2090,COTTONTON,18,1,January,2012,4,Wednesday,13,5,0,14,6,0,39.76396667,-84.24013889,12,1,0,0,0,1,0
390111,OHIO,OH,2,1,0,0,1,1,61,1610,BELLWOOD,19,1,January,2012,5,Thursday,6,30,0,14,6,0,39.15227222,-84.51818333,14,3,0,0,0,1,1