ST_CASE,State Name,State Abbreviation,# of Vehicle involved,Parked_Vehicles_Involved,Pedestrains,Person_Not_in_Motor_Vehicle,Persons_in_motor_vehicle,Total_Persons_in_accident,COUNTY,CITY,City_County_Name,Calendar_DAY,MONTH,Month_name,YEAR,DAY_WEEK,Day_Week_desc,HOUR,MINUTE,NHS_Desc,trafficway,Route,MILEPT,LATITUDE,LONGITUD,First_Crash_event,Light_cond_desc,Weather_condition,School_bus_involved,Crash_cause,FATALS,DRUNK_DR
390439,OHIO,OH,1,1,0,0,1,1,155,0,IRWIN,2,7,July,2012,2,Monday,1,50,0,14,4,0,41.25232222,-80.77387500,42,2,0,0,0,1,1
390440,OHIO,OH,1,1,1,1,1,1,35,1680,BROOKLYN,5,2,February,2012,1,Sunday,22,35,0,16,6,0,41.47572778,-81.74071111,8,3,0,0,0,1,0
390441,OHIO,OH,1,1,0,0,1,1,51,0,CENTRAL,5,7,July,2012,5,Thursday,2,35,0,3,2,28,41.57231389,-84.31061389,42,2,0,0,0,1,0
390442,OHIO,OH,3,3,0,0,5,5,61,0,BELLWOOD,3,6,June,2012,1,Sunday,13,34,0,14,4,0,39.18944722,-84.58246944,12,1,0,0,0,1,0
390443,OHIO,OH,2,2,0,0,2,2,93,0,BEAR CREEK,20,6,June,2012,4,Wednesday,21,0,0,5,4,0,41.28738056,-82.00161667,11,5,0,0,0,1,2
390444,OHIO,OH,1,1,0,0,3,3,75,0,BEAVERTON,17,6,June,2012,1,Sunday,12,45,0,4,3,77,40.52664444,-81.80552500,18,1,0,0,0,1,0
390445,OHIO,OH,1,1,0,0,1,1,49,1800,COLLINSVILLE,20,5,May,2012,1,Sunday,20,29,0,14,6,0,40.06291667,-82.91450833,33,1,0,0,0,1,0
390446,OHIO,OH,2,2,0,0,2,2,133,7875,ARLEY,16,6,June,2012,7,Saturday,18,39,0,15,4,0,41.20765833,-81.37771944,12,1,0,0,0,1,0
390447,OHIO,OH,3,3,0,0,5,5,49,1800,COLLINSVILLE,1,8,August,2012,4,Wednesday,15,57,0,15,6,0,39.93271111,-83.11533056,12,1,0,0,0,1,0
390448,OHIO,OH,1,1,0,0,3,3,49,1800,COLLINSVILLE,13,5,May,2012,1,Sunday,19,25,0,16,6,0,40.01384444,-82.97168889,33,1,0,0,0,1,1
390449,OHIO,OH,1,1,0,0,1,1,85,4920,BENTON,19,5,May,2012,7,Saturday,1,10,0,15,4,22,41.74888056,-81.29699167,34,2,0,0,0,1,1
390450,OHIO,OH,3,2,0,0,2,2,29,0,BORDEN SPRINGS,9,7,July,2012,2,Monday,16,3,0,4,3,25,40.83076111,-80.58796944,12,1,0,0,0,1,0
390451,OHIO,OH,2,2,0,0,5,5,17,0,CHAMBERS,26,7,July,2012,5,Thursday,15,59,1,13,3,263,39.58383611,-84.37446389,12,1,0,0,0,2,0
390452,OHIO,OH,1,1,0,0,1,1,7,1850,BIBB,28,7,July,2012,7,Saturday,21,40,0,6,6,0,41.93741667,-80.56377500,43,2,0,0,0,1,1
390453,OHIO,OH,2,2,0,0,2,2,131,0,ARLINGTON,12,7,July,2012,5,Thursday,7,30,0,2,3,167,39.05172500,-82.99558333,12,1,0,0,0,1,0
390454,OHIO,OH,1,1,0,0,1,1,139,0,CALION,12,7,July,2012,5,Thursday,0,14,0,14,4,0,40.74682778,-82.60721111,35,2,0,0,0,1,1
390455,OHIO,OH,1,1,0,0,1,1,151,0,FLIPPEN,13,7,July,2012,6,Friday,11,43,0,14,4,0,40.88170000,-81.42524167,18,1,0,0,0,1,0
390456,OHIO,OH,1,1,0,0,1,1,93,0,BEAR CREEK,13,7,July,2012,6,Friday,5,16,0,3,3,5,41.07198333,-82.22046667,34,2,0,0,0,1,0
390457,OHIO,OH,1,1,0,0,2,2,135,0,ASH FLAT,14,7,July,2012,7,Saturday,19,11,0,5,4,0,39.78012222,-84.50251111,42,1,0,0,0,1,1
390458,OHIO,OH,2,2,0,0,4,4,85,0,BENTON,15,7,July,2012,1,Sunday,14,40,0,13,2,205,41.76622778,-81.18098889,12,1,0,0,0,1,0
390459,OHIO,OH,2,2,0,0,5,5,23,0,BLADON SPRINGS,17,7,July,2012,3,Tuesday,17,38,0,4,4,0,40.01210833,-83.79191111,12,1,0,0,0,1,0
390460,OHIO,OH,1,1,0,0,3,3,145,0,BALD KNOB,17,7,July,2012,3,Tuesday,14,30,0,4,3,44,38.86216389,-83.21180833,59,1,0,0,0,1,0
390461,OHIO,OH,2,2,0,0,4,4,41,0,BRANTLEY,20,7,July,2012,6,Friday,22,51,1,1,1,100,40.27228333,-82.92661389,12,2,0,0,0,1,0
390462,OHIO,OH,3,3,0,0,4,4,165,0,HERNDON,22,7,July,2012,1,Sunday,8,53,0,4,3,43,39.28418333,-84.01677222,12,1,0,0,0,1,0
390463,OHIO,OH,1,1,0,0,3,3,87,0,ARMSTRONG,29,7,July,2012,1,Sunday,19,52,0,16,4,0,38.51953889,-82.33173056,42,1,0,0,0,3,1
390464,OHIO,OH,2,1,0,0,1,1,35,4685,BROOKLYN,31,3,March,2012,7,Saturday,22,38,0,6,6,0,41.42105278,-81.55997778,33,3,0,0,0,1,1
390465,OHIO,OH,1,1,0,0,1,1,59,0,FRANKLIN,15,5,May,2012,3,Tuesday,1,51,1,11,1,96,39.99792778,-81.56283333,59,2,0,0,0,1,0
390466,OHIO,OH,1,1,0,0,2,2,13,0,BOLLING,22,7,July,2012,1,Sunday,0,10,0,4,2,66,40.05752222,-81.11778056,1,2,0,0,0,1,1
390467,OHIO,OH,2,2,0,0,3,3,153,9997,BONAIRE,24,7,July,2012,3,Tuesday,12,30,0,13,3,23,40.94286111,-81.56854722,12,1,0,0,0,1,0
390468,OHIO,OH,1,1,1,1,1,1,151,0,FLIPPEN,24,7,July,2012,3,Tuesday,1,10,0,3,3,14,40.68043611,-81.26120556,8,2,0,0,0,1,0
390469,OHIO,OH,1,1,1,1,1,1,41,0,BRANTLEY,28,7,July,2012,7,Saturday,22,37,1,2,2,166,40.26911667,-82.95186944,8,2,0,0,0,1,0
390470,OHIO,OH,1,1,0,0,1,1,39,0,ANDALUSIA,29,7,July,2012,1,Sunday,4,0,0,6,6,0,41.26744167,-84.57064167,53,2,0,0,0,1,1
390471,OHIO,OH,1,1,0,0,1,1,49,0,COLLINSVILLE,30,7,July,2012,2,Monday,6,20,1,11,1,39,39.91000833,-83.10375278,35,4,0,0,0,1,0
390472,OHIO,OH,1,1,0,0,2,2,77,0,ANDERSON,30,7,July,2012,2,Monday,17,10,0,16,4,0,41.06644722,-82.52747222,1,1,0,0,0,2,1
390473,OHIO,OH,2,2,0,0,4,4,89,0,BROWNSBORO,2,8,August,2012,5,Thursday,16,40,0,6,4,0,39.93934444,-82.62931667,12,1,0,0,0,1,0
390474,OHIO,OH,1,1,0,0,1,1,43,0,BAILEYTON,3,8,August,2012,6,Friday,18,26,0,6,4,0,41.32551944,-82.79888611,31,1,0,0,0,1,0
390475,OHIO,OH,4,1,0,0,2,2,87,3700,ARMSTRONG,12,8,August,2012,1,Sunday,8,2,0,15,6,0,38.51828333,-82.66420000,14,1,0,0,0,1,0
390476,OHIO,OH,1,1,0,0,1,1,155,5900,IRWIN,9,6,June,2012,7,Saturday,3,30,0,13,3,19,41.16258611,-80.76755556,43,2,0,0,0,1,0
390477,OHIO,OH,1,1,0,0,1,1,75,0,BEAVERTON,6,7,July,2012,6,Friday,12,0,0,5,3,99,40.50997500,-82.02915833,1,1,0,0,0,1,0
390478,OHIO,OH,1,1,0,0,1,1,93,2480,BEAR CREEK,25,3,March,2012,1,Sunday,3,22,0,15,6,0,41.37520833,-82.14061944,33,2,0,0,0,1,1
390479,OHIO,OH,1,1,0,0,4,4,57,558,BANKSTON,28,5,May,2012,2,Monday,4,1,0,13,6,0,39.75050000,-84.06161944,42,2,0,0,0,1,1
390480,OHIO,OH,2,2,0,0,2,2,135,0,ASH FLAT,4,8,August,2012,7,Saturday,22,39,0,4,3,168,39.64343333,-84.50570556,12,2,0,0,0,1,1
390481,OHIO,OH,2,2,0,0,2,2,23,5640,BLADON SPRINGS,8,8,August,2012,4,Wednesday,9,0,0,15,3,6,39.93564722,-84.03437222,12,7,0,0,0,1,0
390482,OHIO,OH,2,2,0,0,2,2,99,9230,BEATRICE,13,8,August,2012,2,Monday,18,5,0,15,6,0,41.12623333,-80.59129444,12,1,0,0,0,1,0
390483,OHIO,OH,2,2,0,0,4,4,129,0,BIGBEE,15,8,August,2012,4,Wednesday,12,17,0,6,4,0,39.68220278,-83.11192778,12,1,0,0,0,1,1
390484,OHIO,OH,1,1,0,0,1,1,43,0,BAILEYTON,1,6,June,2012,6,Friday,15,31,0,16,5,3,41.42680000,-82.69781944,30,1,0,0,0,1,0
390485,OHIO,OH,2,2,0,0,5,5,37,0,BRADFORD,1,6,June,2012,6,Friday,18,28,1,2,3,45,39.97258611,-84.48710833,12,1,0,0,0,1,0
390486,OHIO,OH,2,2,0,0,3,3,41,0,BRANTLEY,2,6,June,2012,7,Saturday,20,17,0,15,4,26,40.13126111,-82.88318889,12,5,0,0,0,1,1
390488,OHIO,OH,1,1,0,0,5,5,93,0,BEAR CREEK,3,6,June,2012,1,Sunday,0,11,0,16,5,7,41.27508333,-81.88528889,34,2,0,0,0,4,0
390489,OHIO,OH,1,1,0,0,1,1,25,0,BARLOW BEND,5,6,June,2012,3,Tuesday,11,45,0,4,3,145,38.95421944,-84.16938056,59,1,0,0,0,1,0
390490,OHIO,OH,2,2,0,0,3,3,113,2090,COTTONTON,6,6,June,2012,4,Wednesday,8,48,0,14,4,65,39.76146111,-84.25333889,12,1,0,0,0,1,0
390491,OHIO,OH,1,1,0,0,1,1,123,0,ALEXANDER CITY,20,7,July,2012,6,Friday,3,34,0,6,5,0,41.64560833,-82.83044167,1,2,0,0,0,1,0
390492,OHIO,OH,1,1,0,0,1,1,61,7795,BELLWOOD,6,6,June,2012,4,Wednesday,17,35,1,11,1,244,39.29480000,-84.46555278,24,1,0,0,0,1,0
390493,OHIO,OH,1,1,0,0,2,2,141,0,BEE BRANCH,7,6,June,2012,5,Thursday,19,58,0,6,5,2,39.29995833,-82.86495556,42,1,0,0,0,1,1
390494,OHIO,OH,2,2,0,0,2,2,155,0,IRWIN,7,6,June,2012,5,Thursday,23,20,1,2,3,42,41.27111944,-80.70585000,12,2,0,0,0,1,1
390495,OHIO,OH,2,2,0,0,2,2,37,0,BRADFORD,9,6,June,2012,7,Saturday,21,14,0,6,9,16,40.20833333,-84.59972222,12,5,0,0,0,1,2
390496,OHIO,OH,1,1,0,0,1,1,61,0,BELLWOOD,9,6,June,2012,7,Saturday,2,5,0,13,2,79,39.18555556,-84.46496667,33,3,0,0,0,1,0
390497,OHIO,OH,1,1,0,0,2,2,155,0,IRWIN,10,6,June,2012,1,Sunday,1,48,0,3,3,171,41.36935278,-80.86527778,11,2,0,0,0,1,1
390498,OHIO,OH,1,1,0,0,1,1,1,0,AUTAUGA,10,6,June,2012,1,Sunday,15,29,0,4,3,206,38.97619444,-83.57690278,34,1,0,0,0,1,0
390499,OHIO,OH,2,2,0,0,2,2,61,1610,BELLWOOD,11,6,June,2012,2,Monday,7,23,1,11,1,41,39.13740000,-84.48897778,12,1,0,0,0,1,0
390500,OHIO,OH,2,2,0,0,2,2,165,2710,HERNDON,12,6,June,2012,3,Tuesday,16,49,0,6,5,10,39.53833333,-84.30583333,12,1,0,0,0,1,0
390502,OHIO,OH,2,2,0,0,3,3,37,3180,BRADFORD,12,6,June,2012,3,Tuesday,10,12,1,13,2,146,40.12145556,-84.60608889,12,1,0,0,0,1,0
390503,OHIO,OH,1,1,1,1,3,3,111,0,GRAHAM,13,6,June,2012,4,Wednesday,22,30,0,3,3,236,39.74927222,-80.98126667,8,2,0,0,0,1,0
390504,OHIO,OH,2,2,0,0,2,2,133,2460,ARLEY,14,6,June,2012,5,Thursday,8,24,0,2,3,161,41.11838056,-81.17290833,12,1,0,0,0,1,0
390505,OHIO,OH,1,1,0,0,1,1,157,0,ARCADE,14,6,June,2012,5,Thursday,23,30,0,2,3,40,40.63841111,-81.44015000,43,2,0,0,0,1,1
390506,OHIO,OH,1,1,0,0,1,1,99,0,BEATRICE,14,6,June,2012,5,Thursday,22,15,1,11,1,32,41.11187222,-80.69171389,30,3,0,0,0,1,1
390507,OHIO,OH,2,2,0,0,3,3,119,7750,BELLAMY,15,6,June,2012,6,Friday,12,14,1,2,2,91,39.90325278,-82.02030278,12,1,0,0,0,1,0
390508,OHIO,OH,1,1,0,0,1,1,153,3139,BONAIRE,15,6,June,2012,6,Friday,18,49,0,6,6,0,40.96393056,-81.44338333,32,1,0,0,0,1,1
390509,OHIO,OH,1,1,0,0,1,1,155,8530,IRWIN,16,6,June,2012,7,Saturday,22,33,0,15,4,73,41.21406389,-80.81638333,30,2,0,0,0,1,1
390510,OHIO,OH,1,1,0,0,1,1,141,0,BEE BRANCH,16,6,June,2012,7,Saturday,2,18,0,3,3,45,39.40026389,-82.96233611,30,2,0,0,0,1,1
390511,OHIO,OH,1,1,0,0,1,1,25,0,BARLOW BEND,16,6,June,2012,7,Saturday,10,25,0,6,4,31,38.94527778,-84.09666667,42,1,0,0,0,1,0
390512,OHIO,OH,1,1,0,0,1,1,79,0,COURTLAND,26,7,July,2012,5,Thursday,20,11,0,4,3,20,38.86015833,-82.60728611,42,1,0,0,0,1,0
390513,OHIO,OH,2,2,0,0,4,4,25,0,BARLOW BEND,29,7,July,2012,1,Sunday,19,2,0,13,3,6,39.10614167,-84.29884167,12,1,0,0,0,2,0
390514,OHIO,OH,1,1,0,0,1,1,103,0,DANVILLE,2,8,August,2012,5,Thursday,23,25,0,5,4,0,41.13644167,-82.06830833,34,2,0,0,0,1,0
390515,OHIO,OH,1,1,0,0,6,6,99,7890,BEATRICE,10,6,June,2012,1,Sunday,22,47,1,13,3,33,41.06139444,-80.58036111,33,3,0,0,0,1,0
390516,OHIO,OH,1,1,0,0,2,2,173,0,LAKELAND,17,6,June,2012,1,Sunday,3,0,0,6,5,21,41.21838611,-83.55498611,1,2,0,0,0,1,1
390517,OHIO,OH,1,1,0,0,4,4,149,0,BELLEVILLE,17,6,June,2012,1,Sunday,2,25,0,6,4,143,40.45416111,-84.06686944,5,2,0,0,0,1,1
390518,OHIO,OH,2,2,0,0,2,2,11,0,BULLOCK,4,8,August,2012,7,Saturday,0,55,1,1,1,107,40.63238889,-84.13619722,12,2,0,0,0,1,1
390519,OHIO,OH,2,2,0,0,3,3,161,0,DENTON,5,8,August,2012,1,Sunday,11,38,0,6,4,0,40.87831667,-84.48571667,12,1,0,0,0,1,0
390520,OHIO,OH,2,2,0,0,2,2,29,0,BORDEN SPRINGS,6,8,August,2012,2,Monday,8,53,0,4,4,0,40.83472222,-81.03093333,12,1,0,0,0,1,0
390521,OHIO,OH,1,1,1,1,1,1,27,0,ASHLAND,6,8,August,2012,2,Monday,22,19,0,4,2,66,39.44492778,-83.87117222,8,2,0,0,0,1,0
390522,OHIO,OH,1,1,0,0,5,5,49,0,COLLINSVILLE,8,8,August,2012,4,Wednesday,17,0,0,15,6,0,40.01085000,-83.24849167,38,1,0,0,0,1,0
390523,OHIO,OH,5,5,0,0,8,8,113,2090,COTTONTON,11,8,August,2012,7,Saturday,23,55,1,11,1,166,39.81076667,-84.18884444,12,3,0,0,0,1,1
390524,OHIO,OH,1,1,0,0,1,1,87,0,ARMSTRONG,11,8,August,2012,7,Saturday,16,50,0,15,4,0,38.42208056,-82.48624722,1,1,0,0,0,1,0
390525,OHIO,OH,2,2,0,0,4,4,83,0,ARDMORE,12,8,August,2012,1,Sunday,11,32,0,6,5,0,40.37413889,-82.55899167,12,1,0,0,0,1,0
390526,OHIO,OH,1,1,0,0,1,1,21,0,CHILTON,12,8,August,2012,1,Sunday,22,25,0,4,3,98,40.06127778,-83.86108333,35,2,0,0,0,1,0
390527,OHIO,OH,1,1,0,0,1,1,41,0,BRANTLEY,18,8,August,2012,7,Saturday,20,58,0,14,6,0,40.20796389,-82.90527778,42,2,0,0,0,1,1
390528,OHIO,OH,1,1,0,0,2,2,49,0,COLLINSVILLE,19,8,August,2012,1,Sunday,14,53,0,15,3,14,39.82516667,-83.03261667,1,1,0,0,0,1,0
390529,OHIO,OH,1,1,1,1,1,1,61,1610,BELLWOOD,28,8,August,2012,3,Tuesday,6,10,0,15,6,0,39.10971389,-84.42083889,9,3,0,0,0,1,0
390530,OHIO,OH,1,1,1,1,1,1,49,1800,COLLINSVILLE,20,5,May,2012,1,Sunday,22,23,0,2,3,69,39.97611111,-82.87305556,9,2,0,0,0,1,0
390531,OHIO,OH,2,1,2,2,1,1,125,0,BROOKWOOD,17,6,June,2012,1,Sunday,14,2,0,3,2,74,41.09853056,-84.57338333,8,1,0,0,0,1,0
390532,OHIO,OH,2,2,0,0,3,3,49,2270,COLLINSVILLE,18,6,June,2012,2,Monday,16,12,0,5,3,12,40.11755000,-83.10940833,12,1,0,0,0,1,0
390533,OHIO,OH,2,2,0,0,2,2,131,0,ARLINGTON,19,6,June,2012,3,Tuesday,13,53,0,4,3,60,39.12986111,-83.01326944,12,1,0,0,0,1,0
390534,OHIO,OH,2,2,0,0,3,3,143,0,CANEHILL,20,6,June,2012,4,Wednesday,2,0,1,2,2,83,41.34135000,-83.25467222,12,2,0,0,0,1,1
390535,OHIO,OH,3,3,0,0,4,4,49,0,COLLINSVILLE,21,6,June,2012,5,Thursday,23,19,1,13,2,21,39.83307778,-83.00020278,12,2,0,0,0,1,0
390536,OHIO,OH,2,2,0,0,2,2,135,0,ASH FLAT,23,6,June,2012,7,Saturday,5,15,0,6,4,60,39.65762778,-84.57487778,12,4,0,0,0,1,0
390537,OHIO,OH,1,1,0,0,2,2,7,3327,BIBB,23,6,June,2012,7,Saturday,14,43,0,4,3,22,41.75953056,-80.95951111,31,1,0,0,0,1,0
390539,OHIO,OH,2,2,0,0,4,4,57,0,BANKSTON,23,6,June,2012,7,Saturday,19,59,0,4,3,90,39.67905278,-83.73925000,12,1,0,0,0,2,0
390540,OHIO,OH,1,1,1,1,1,1,23,7800,BLADON SPRINGS,24,6,June,2012,1,Sunday,18,23,0,16,4,4,39.92887222,-83.79947778,33,1,0,0,0,1,1
390541,OHIO,OH,2,2,0,0,3,3,155,1025,IRWIN,26,6,June,2012,3,Tuesday,12,33,0,2,3,86,41.22880833,-80.56803611,1,1,0,0,0,2,0
390542,OHIO,OH,2,2,0,0,2,2,63,0,BOLIGEE,26,6,June,2012,3,Tuesday,23,9,0,4,4,0,41.11460278,-83.59292222,12,2,0,0,0,1,0
390543,OHIO,OH,1,1,0,0,1,1,49,1800,COLLINSVILLE,26,6,June,2012,3,Tuesday,2,56,1,11,1,259,40.07972222,-82.98750000,52,3,0,0,0,1,0
390544,OHIO,OH,2,2,0,0,2,2,49,1800,COLLINSVILLE,18,7,July,2012,4,Wednesday,1,57,1,11,1,143,39.93931944,-83.00951944,12,3,0,0,0,1,1
390545,OHIO,OH,1,1,0,0,1,1,139,4680,CALION,4,8,August,2012,7,Saturday,7,46,1,13,2,110,40.77726111,-82.52853611,23,1,0,0,0,1,0
390546,OHIO,OH,1,1,1,1,2,2,57,0,BANKSTON,4,8,August,2012,7,Saturday,23,5,0,13,3,36,39.80230278,-84.03690000,9,2,0,0,0,1,0
390547,OHIO,OH,1,1,0,0,2,2,93,0,BEAR CREEK,17,8,August,2012,6,Friday,0,4,0,14,3,34,41.32253889,-81.90928333,24,2,0,0,0,1,1
390548,OHIO,OH,1,1,0,0,1,1,95,0,ALBERTVILLE,23,8,August,2012,5,Thursday,21,45,0,6,6,0,41.66107222,-83.27978333,35,2,0,0,0,1,1
390549,OHIO,OH,1,1,1,1,1,1,49,1800,COLLINSVILLE,27,8,August,2012,2,Monday,5,15,0,13,6,0,39.99598333,-82.86847500,9,2,0,0,0,1,0
390550,OHIO,OH,1,1,0,0,2,2,173,0,LAKELAND,29,8,August,2012,4,Wednesday,21,50,0,6,6,0,41.47790000,-83.59055833,42,2,0,0,0,1,1
390551,OHIO,OH,2,2,0,0,2,2,43,0,BAILEYTON,1,9,September,2012,7,Saturday,6,54,0,4,4,0,41.39671667,-82.71300833,12,4,0,0,0,1,1
390552,OHIO,OH,2,2,0,0,2,2,5,0,BAKER HILL,27,6,June,2012,4,Wednesday,19,0,0,3,3,22,40.66228611,-82.23052500,12,1,0,0,0,1,0
390553,OHIO,OH,2,2,0,0,2,2,113,0,COTTONTON,28,6,June,2012,5,Thursday,1,47,1,1,1,36,39.64401667,-84.23284167,12,3,0,0,0,1,1
390554,OHIO,OH,2,2,0,0,4,4,149,0,BELLEVILLE,29,6,June,2012,6,Friday,9,54,0,6,4,9,40.34568611,-84.18882778,12,1,0,0,0,1,0
390555,OHIO,OH,3,3,0,0,3,3,151,0,FLIPPEN,29,6,June,2012,6,Friday,14,30,0,3,3,37,40.70691944,-81.34568056,12,1,0,0,0,1,0
390556,OHIO,OH,1,1,0,0,2,2,119,9260,BELLAMY,29,6,June,2012,6,Friday,8,17,1,11,1,114,39.94817500,-82.02010833,30,1,0,0,0,2,0
390557,OHIO,OH,1,1,0,0,1,1,27,0,ASHLAND,30,6,June,2012,7,Saturday,16,26,1,1,1,80,39.51609444,-83.85405833,38,1,0,0,0,1,0
390558,OHIO,OH,2,2,0,0,2,2,103,0,DANVILLE,30,6,June,2012,7,Saturday,3,20,0,4,2,8,41.00239167,-82.06606111,12,2,0,0,0,1,1
390559,OHIO,OH,2,2,0,0,5,5,5,0,BAKER HILL,30,6,June,2012,7,Saturday,16,56,0,4,2,147,40.91421389,-82.19342778,12,1,0,0,0,1,1
390560,OHIO,OH,2,2,0,0,2,2,49,6890,COLLINSVILLE,1,7,July,2012,1,Sunday,7,20,1,2,2,241,39.95527778,-82.80277778,12,1,0,0,0,2,1
390561,OHIO,OH,2,2,0,0,5,5,151,0,FLIPPEN,1,7,July,2012,1,Sunday,19,12,0,15,5,0,40.82931389,-81.43409722,12,1,0,0,0,2,0
390562,OHIO,OH,1,1,0,0,1,1,131,0,ARLINGTON,2,7,July,2012,2,Monday,18,17,0,4,3,7,39.07255556,-83.36970556,24,1,0,0,0,1,0
390563,OHIO,OH,2,2,0,0,6,6,99,0,BEATRICE,2,7,July,2012,2,Monday,12,10,0,6,4,153,40.95795833,-80.57673889,12,1,0,0,0,1,0
390564,OHIO,OH,2,2,0,0,3,3,151,6565,FLIPPEN,2,7,July,2012,2,Monday,21,32,0,14,4,0,40.87338333,-81.32283056,12,2,0,0,0,1,1
390565,OHIO,OH,2,2,0,0,3,3,35,1680,BROOKLYN,22,5,May,2012,3,Tuesday,5,45,1,13,3,49,41.45118056,-81.63048056,12,4,0,0,0,1,1
390566,OHIO,OH,1,1,0,0,2,2,155,0,IRWIN,3,7,July,2012,3,Tuesday,10,4,0,3,4,10,41.18429722,-80.69641389,53,1,0,0,0,1,0
390567,OHIO,OH,1,1,0,0,1,1,165,4810,HERNDON,3,7,July,2012,3,Tuesday,20,2,0,16,6,999,39.34416667,-84.29750000,33,1,0,0,0,1,0
390568,OHIO,OH,2,2,0,0,2,2,155,2950,IRWIN,5,7,July,2012,5,Thursday,13,25,1,11,1,31,41.14836111,-80.68361944,25,1,0,0,0,1,0
390569,OHIO,OH,2,2,0,0,3,3,5,0,BAKER HILL,5,7,July,2012,5,Thursday,12,53,0,4,3,223,40.99291389,-82.31055278,12,1,0,0,0,1,0
390570,OHIO,OH,2,2,0,0,2,2,129,0,BIGBEE,5,7,July,2012,5,Thursday,6,58,0,3,2,18,39.75269444,-83.24801944,12,1,0,0,0,1,0
390571,OHIO,OH,1,1,0,0,1,1,153,70,BONAIRE,5,7,July,2012,5,Thursday,11,8,0,15,4,38,41.13751111,-81.54750278,42,1,0,0,0,1,0
390572,OHIO,OH,2,2,0,0,3,3,27,0,ASHLAND,6,7,July,2012,6,Friday,16,34,1,2,2,128,39.45786944,-83.76590000,12,1,0,0,0,1,0
390573,OHIO,OH,1,1,0,0,1,1,135,3120,ASH FLAT,7,7,July,2012,7,Saturday,23,20,0,4,4,135,39.58937222,-84.53114444,34,2,0,0,0,1,1
390574,OHIO,OH,1,1,1,1,1,1,151,1320,FLIPPEN,7,7,July,2012,7,Saturday,1,45,0,12,3,262,40.83902778,-81.31850278,8,2,0,0,0,1,0
390575,OHIO,OH,2,2,0,0,2,2,133,7065,ARLEY,7,7,July,2012,7,Saturday,20,50,0,4,4,73,41.09937778,-81.25258889,12,1,0,0,0,1,1
390576,OHIO,OH,2,2,0,0,4,4,89,0,BROWNSBORO,9,7,July,2012,2,Monday,13,55,1,2,3,221,40.22153889,-82.44750833,12,1,0,0,0,1,0
390577,OHIO,OH,2,2,0,0,2,2,17,2535,CHAMBERS,9,7,July,2012,2,Monday,17,51,0,3,4,11,39.38027222,-84.53457222,12,1,0,0,0,1,1
390578,OHIO,OH,1,1,2,2,4,4,35,7040,BROOKLYN,19,8,August,2012,1,Sunday,1,15,1,11,1,72,41.47186389,-81.82277500,8,3,0,0,0,1,0
390579,OHIO,OH,1,1,0,0,1,1,117,0,BIRMINGHAM,25,8,August,2012,7,Saturday,0,20,1,1,1,71,40.44281111,-82.79994167,42,2,0,0,0,1,1
390580,OHIO,OH,1,1,1,1,1,1,101,0,BOYLSTON,1,9,September,2012,7,Saturday,0,14,0,14,4,0,40.60009167,-83.10191944,9,2,0,0,0,1,0
390581,OHIO,OH,1,1,0,0,1,1,153,70,BONAIRE,10,7,July,2012,3,Tuesday,14,30,1,12,3,11,41.08703056,-81.51465556,1,1,0,0,0,1,0
390582,OHIO,OH,1,1,0,0,5,5,173,0,LAKELAND,10,7,July,2012,3,Tuesday,20,38,0,4,4,42,41.58279167,-83.52751111,34,1,0,0,0,1,0
390583,OHIO,OH,1,1,0,0,1,1,1,0,AUTAUGA,12,7,July,2012,5,Thursday,15,21,0,4,3,205,38.97631944,-83.57718056,34,1,0,0,0,1,0
390584,OHIO,OH,2,2,0,0,2,2,93,0,BEAR CREEK,12,7,July,2012,5,Thursday,22,48,0,3,3,99,41.20638889,-82.21861111,12,2,0,0,0,1,1
390585,OHIO,OH,2,2,0,0,5,5,113,8710,COTTONTON,13,7,July,2012,6,Friday,3,12,1,11,1,62,39.67801667,-84.23190556,12,2,0,0,0,1,0
390586,OHIO,OH,3,3,0,0,4,4,15,0,ANNISTON,13,7,July,2012,6,Friday,17,14,1,2,3,208,38.66142778,-83.76145833,12,1,0,0,0,2,0
390587,OHIO,OH,2,2,0,0,3,3,89,0,BROWNSBORO,13,7,July,2012,6,Friday,13,11,0,4,3,192,40.02085833,-82.52446111,12,1,0,0,0,1,0
390588,OHIO,OH,1,1,0,0,1,1,63,0,BOLIGEE,13,7,July,2012,6,Friday,5,37,1,2,2,178,41.05773889,-83.57601111,43,2,0,0,0,1,0
390589,OHIO,OH,2,2,0,0,4,4,61,1610,BELLWOOD,12,9,September,2012,4,Wednesday,12,33,0,5,2,76,39.17124444,-84.55981944,12,1,0,0,0,1,0
390590,OHIO,OH,1,1,1,1,1,1,173,0,LAKELAND,15,2,February,2012,4,Wednesday,6,13,1,1,1,141,41.17255278,-83.65068333,8,2,0,0,0,1,0
390591,OHIO,OH,2,1,0,1,3,4,93,0,BEAR CREEK,20,4,April,2012,6,Friday,22,52,1,11,1,60,41.37707222,-82.24133889,14,2,0,0,0,1,0
390592,OHIO,OH,1,1,0,0,1,1,25,0,BARLOW BEND,14,7,July,2012,7,Saturday,6,28,1,2,2,88,38.91388889,-84.24833333,42,4,0,0,0,1,0
390593,OHIO,OH,3,3,0,0,5,5,113,2090,COTTONTON,15,7,July,2012,1,Sunday,11,40,1,12,2,141,39.74914444,-84.23057222,33,1,0,0,0,1,1
390594,OHIO,OH,1,1,0,0,2,2,145,0,BALD KNOB,15,7,July,2012,1,Sunday,16,25,0,4,4,6,38.87183056,-82.95443889,34,1,0,0,0,1,0
390595,OHIO,OH,2,2,0,0,2,2,61,0,BELLWOOD,16,7,July,2012,2,Monday,8,11,0,4,3,20,39.20074444,-84.75526111,12,1,0,0,0,1,1
390596,OHIO,OH,2,2,0,0,2,2,57,0,BANKSTON,17,7,July,2012,3,Tuesday,18,58,1,1,1,33,39.58389444,-83.67528333,12,1,0,0,0,1,1
390597,OHIO,OH,2,2,0,0,5,5,101,4740,BOYLSTON,17,7,July,2012,3,Tuesday,21,5,0,4,4,33,40.63021944,-83.07337778,12,2,0,0,0,1,0