ST_CASE,State Name,State Abbreviation,# of Vehicle involved,Parked_Vehicles_Involved,Pedestrains,Person_Not_in_Motor_Vehicle,Persons_in_motor_vehicle,Total_Persons_in_accident,COUNTY,CITY,City_County_Name,Calendar_DAY,MONTH,Month_name,YEAR,DAY_WEEK,Day_Week_desc,HOUR,MINUTE,NHS_Desc,trafficway,Route,MILEPT,LATITUDE,LONGITUD,First_Crash_event,Light_cond_desc,Weather_condition,School_bus_involved,Crash_cause,FATALS,DRUNK_DR
390598,OHIO,OH,1,1,1,1,2,2,153,0,BONAIRE,17,7,July,2012,3,Tuesday,21,30,0,15,6,0,41.04125556,-81.41757778,8,2,0,0,0,1,0
390599,OHIO,OH,2,2,0,0,3,3,71,0,BRIDGEPORT,18,7,July,2012,4,Wednesday,14,25,1,2,2,128,39.17670000,-83.62000556,12,1,0,0,0,3,0
390600,OHIO,OH,1,1,0,0,2,2,91,0,DAYTON,14,8,August,2012,3,Tuesday,22,15,0,4,4,0,40.32290833,-83.74052500,34,2,0,0,0,1,0
390601,OHIO,OH,1,1,1,1,1,1,61,1610,BELLWOOD,11,9,September,2012,3,Tuesday,20,29,0,16,6,0,39.17612500,-84.47575000,9,3,0,0,0,1,0
390602,OHIO,OH,2,2,0,0,3,3,135,0,ASH FLAT,19,7,July,2012,5,Thursday,13,4,0,4,3,142,39.76023889,-84.53411111,12,1,0,0,0,2,0
390603,OHIO,OH,1,1,0,0,1,1,61,2533,BELLWOOD,19,7,July,2012,5,Thursday,22,14,0,2,4,4,39.13890000,-84.40419722,33,3,0,0,0,1,1
390604,OHIO,OH,1,1,2,2,1,1,95,8120,ALBERTVILLE,21,7,July,2012,7,Saturday,20,20,0,14,3,4,41.62036111,-83.54077500,40,1,0,0,0,1,0
390605,OHIO,OH,2,2,0,0,3,3,165,2710,HERNDON,21,7,July,2012,7,Saturday,16,37,0,16,5,13,39.58049722,-84.26520278,12,1,0,0,0,1,1
390606,OHIO,OH,2,2,0,0,2,2,157,0,ARCADE,20,8,August,2012,2,Monday,20,25,1,2,2,267,40.40148611,-81.27613333,12,5,0,0,0,1,1
390607,OHIO,OH,1,1,0,0,1,1,9,0,BLOUNT,1,9,September,2012,7,Saturday,1,30,0,4,3,69,39.32623333,-82.19950000,59,2,0,0,0,1,1
390608,OHIO,OH,2,2,0,0,2,2,51,0,CENTRAL,4,9,September,2012,3,Tuesday,11,28,0,4,3,81,41.67162500,-84.03636944,12,1,0,0,0,1,0
390609,OHIO,OH,2,2,0,0,4,4,145,0,BALD KNOB,5,9,September,2012,4,Wednesday,13,5,0,4,3,122,38.88233056,-83.02046667,12,1,0,0,0,1,0
390611,OHIO,OH,1,1,0,0,4,4,107,0,CARROLLTON,14,7,July,2012,7,Saturday,2,58,0,4,3,108,40.40716667,-84.60989722,34,2,0,0,0,2,1
390612,OHIO,OH,2,2,1,1,5,5,35,1680,BROOKLYN,20,7,July,2012,6,Friday,0,45,0,14,6,0,41.46262778,-81.73877222,8,3,0,0,0,1,0
390613,OHIO,OH,1,1,0,0,1,1,107,0,CARROLLTON,21,7,July,2012,7,Saturday,18,57,0,6,4,0,40.63350556,-84.75638056,30,1,0,0,0,1,1
390614,OHIO,OH,1,1,0,0,2,2,49,1800,COLLINSVILLE,8,9,September,2012,7,Saturday,8,17,0,13,6,0,40.05725556,-82.90489167,59,1,0,0,0,2,1
390615,OHIO,OH,1,1,0,0,1,1,107,0,CARROLLTON,22,7,July,2012,1,Sunday,0,50,0,4,3,188,40.61677222,-84.78486111,11,2,0,0,0,1,0
390616,OHIO,OH,1,1,0,0,1,1,49,1800,COLLINSVILLE,9,9,September,2012,1,Sunday,2,38,0,13,6,0,39.91646667,-82.99541111,59,3,0,0,0,1,0
390618,OHIO,OH,1,1,1,1,2,2,141,0,BEE BRANCH,3,9,September,2012,2,Monday,23,22,0,6,4,0,39.24347778,-83.02538889,8,2,0,0,0,1,0
390619,OHIO,OH,1,1,1,1,1,1,95,8120,ALBERTVILLE,4,9,September,2012,3,Tuesday,22,32,0,13,3,45,41.59195833,-83.81602500,8,2,0,0,0,1,0
390620,OHIO,OH,2,2,0,0,2,2,93,170,BEAR CREEK,6,9,September,2012,5,Thursday,22,12,0,14,3,90,41.36856944,-82.18065833,1,2,0,0,0,1,1
390621,OHIO,OH,1,1,0,0,2,2,79,0,COURTLAND,12,9,September,2012,4,Wednesday,1,30,0,6,5,0,39.14628611,-82.60041667,42,2,0,0,0,2,0
390622,OHIO,OH,2,2,0,0,3,3,145,0,BALD KNOB,14,9,September,2012,6,Friday,16,24,0,4,3,34,38.69921111,-82.83031667,1,1,0,0,0,1,0
390623,OHIO,OH,1,1,0,0,1,1,35,1680,BROOKLYN,18,5,May,2012,6,Friday,17,12,1,11,1,131,41.44506667,-81.77960833,25,1,0,0,0,1,0
390624,OHIO,OH,1,1,1,1,1,1,47,0,BROWNS,3,9,September,2012,2,Monday,20,57,0,4,3,167,39.58513889,-83.49202778,9,2,0,0,0,1,0
390625,OHIO,OH,2,2,0,0,3,3,47,0,BROWNS,4,9,September,2012,3,Tuesday,19,35,0,3,2,114,39.54344722,-83.37755000,12,1,0,0,0,1,0
390626,OHIO,OH,2,2,0,0,2,2,153,70,BONAIRE,12,7,July,2012,5,Thursday,14,1,1,11,1,76,41.05990833,-81.56021944,12,1,0,0,0,1,0
390627,OHIO,OH,2,2,0,0,2,2,157,3055,ARCADE,13,9,September,2012,5,Thursday,8,2,0,3,3,179,40.49509722,-81.38873333,12,1,0,0,0,1,0
390628,OHIO,OH,1,1,0,0,1,1,133,0,ARLEY,16,9,September,2012,1,Sunday,21,15,0,6,4,0,41.34292778,-81.16980278,34,2,0,0,0,1,1
390629,OHIO,OH,1,1,0,0,4,4,49,1800,COLLINSVILLE,22,7,July,2012,1,Sunday,1,7,0,15,6,0,39.99457500,-83.08602778,42,3,0,0,0,2,1
390630,OHIO,OH,1,1,0,0,1,1,153,0,BONAIRE,22,7,July,2012,1,Sunday,16,42,1,13,3,57,40.99228056,-81.55816944,59,1,0,0,0,1,0
390631,OHIO,OH,1,1,0,0,1,1,171,0,ALDORA,22,7,July,2012,1,Sunday,8,50,1,2,2,165,41.66568056,-84.51036944,34,1,0,0,0,1,0
390632,OHIO,OH,1,1,1,1,2,2,49,1800,COLLINSVILLE,22,7,July,2012,1,Sunday,22,53,0,14,6,0,39.97295833,-83.14643056,9,3,0,0,0,1,1
390633,OHIO,OH,2,2,0,0,3,3,3,0,BALDWIN,23,7,July,2012,2,Monday,16,46,0,6,6,0,40.66436111,-84.18443611,12,1,0,0,0,1,1
390634,OHIO,OH,1,1,0,0,1,1,49,0,COLLINSVILLE,23,7,July,2012,2,Monday,18,56,0,16,6,0,39.96756389,-83.22749722,33,1,0,0,0,1,0
390635,OHIO,OH,2,2,0,0,6,6,103,0,DANVILLE,24,7,July,2012,3,Tuesday,11,2,1,1,1,20,40.99721111,-81.99920000,12,1,0,0,0,1,0
390636,OHIO,OH,2,2,0,0,4,4,171,0,ALDORA,24,7,July,2012,3,Tuesday,9,5,0,4,3,190,41.67981944,-84.63123889,12,1,0,0,0,1,0
390637,OHIO,OH,1,1,0,0,1,1,175,7970,CADWELL,24,7,July,2012,3,Tuesday,14,14,0,4,3,265,40.95328611,-83.17460278,10,1,0,0,0,1,0
390638,OHIO,OH,3,1,1,1,1,1,113,0,COTTONTON,22,7,July,2012,1,Sunday,12,57,0,13,3,164,39.80456667,-84.22154722,33,1,0,0,0,1,1
390639,OHIO,OH,1,1,0,0,1,1,41,0,BRANTLEY,25,7,July,2012,4,Wednesday,22,41,0,4,3,39,40.41464167,-83.01405556,30,2,0,0,0,1,1
390640,OHIO,OH,1,1,0,0,1,1,155,0,IRWIN,26,7,July,2012,5,Thursday,23,30,1,13,3,176,41.23251111,-80.74811944,32,2,0,0,0,1,0
390641,OHIO,OH,1,1,0,0,3,3,117,0,BIRMINGHAM,26,7,July,2012,5,Thursday,15,46,0,6,4,0,40.59828056,-82.74776944,30,1,0,0,0,1,0
390642,OHIO,OH,2,2,0,0,2,2,157,0,ARCADE,26,7,July,2012,5,Thursday,16,58,0,15,4,0,40.61313333,-81.48576389,12,1,0,0,0,1,1
390643,OHIO,OH,1,1,0,0,3,3,145,0,BALD KNOB,26,7,July,2012,5,Thursday,19,57,0,15,3,38,38.76181944,-82.82236111,42,1,0,0,0,2,0
390644,OHIO,OH,1,1,0,0,1,1,153,70,BONAIRE,22,7,July,2012,1,Sunday,20,55,0,14,6,0,41.11543056,-81.54064167,42,5,0,0,0,1,1
390646,OHIO,OH,2,2,0,0,3,3,33,0,CHEROKEE,30,8,August,2012,5,Thursday,9,46,0,6,4,0,40.83410000,-83.01648056,12,1,0,0,0,1,0
390647,OHIO,OH,1,1,0,0,2,2,129,0,BIGBEE,28,7,July,2012,7,Saturday,16,15,0,4,3,299,39.51398889,-82.78458889,30,1,0,0,0,1,0
390648,OHIO,OH,1,1,0,0,1,1,7,382,BIBB,28,7,July,2012,7,Saturday,21,23,0,6,4,0,41.73086389,-80.88926944,1,2,0,0,0,1,0
390649,OHIO,OH,2,2,0,0,4,4,17,2535,CHAMBERS,28,7,July,2012,7,Saturday,13,19,0,14,4,0,39.33865556,-84.56837222,12,1,0,0,0,1,0
390650,OHIO,OH,2,2,0,0,2,2,139,0,CALION,30,7,July,2012,2,Monday,9,26,0,4,3,49,40.82430000,-82.48061389,12,1,0,0,0,1,0
390651,OHIO,OH,2,2,0,0,3,3,19,0,CEDAR BLUFF,1,8,August,2012,4,Wednesday,11,30,0,3,3,216,40.68831944,-81.15545833,12,1,0,0,0,1,0
390652,OHIO,OH,2,2,0,0,3,3,151,0,FLIPPEN,1,8,August,2012,4,Wednesday,13,20,0,3,3,23,40.69324722,-81.26432778,12,1,0,0,0,1,0
390654,OHIO,OH,1,1,0,0,1,1,37,0,BRADFORD,4,8,August,2012,7,Saturday,6,11,0,6,4,0,39.96144167,-84.52971667,34,2,0,0,0,1,0
390655,OHIO,OH,1,1,0,0,1,1,13,0,BOLLING,4,8,August,2012,7,Saturday,20,40,0,4,4,0,40.10720556,-81.02952500,43,2,0,0,0,1,1
390657,OHIO,OH,2,2,0,0,2,2,63,0,BOLIGEE,6,8,August,2012,2,Monday,14,43,0,6,5,0,40.86248611,-83.58547778,12,1,0,0,0,1,0
390658,OHIO,OH,6,6,0,0,6,6,165,0,HERNDON,6,8,August,2012,2,Monday,9,50,1,1,1,137,39.41388889,-84.13500000,12,1,0,0,0,1,0
390659,OHIO,OH,2,2,0,0,3,3,95,0,ALBERTVILLE,7,8,August,2012,3,Tuesday,14,43,0,6,6,0,41.59566111,-83.69799167,12,1,0,0,0,1,0
390660,OHIO,OH,1,1,0,0,1,1,143,0,CANEHILL,8,8,August,2012,4,Wednesday,14,38,1,11,1,121,41.40283889,-83.11695000,59,1,0,0,0,1,0
390661,OHIO,OH,1,1,1,1,1,1,13,0,BOLLING,8,8,August,2012,4,Wednesday,1,30,0,14,2,219,40.07148611,-80.84870278,8,2,0,0,0,1,1
390662,OHIO,OH,2,2,0,0,3,3,49,0,COLLINSVILLE,10,8,August,2012,6,Friday,20,55,0,14,6,0,39.91732500,-83.01535000,12,5,0,0,0,2,1
390663,OHIO,OH,1,1,0,0,4,4,131,0,ARLINGTON,25,8,August,2012,7,Saturday,22,20,0,4,3,217,39.15660000,-82.91362500,43,2,0,0,0,1,1
390664,OHIO,OH,2,2,0,0,2,2,173,0,LAKELAND,31,8,August,2012,6,Friday,5,26,1,1,1,87,41.52392500,-83.45794722,12,3,0,0,0,1,0
390665,OHIO,OH,3,3,0,0,3,3,51,8600,CENTRAL,6,9,September,2012,5,Thursday,7,50,0,13,3,30,41.52968889,-84.13423056,12,1,0,0,0,1,0
390666,OHIO,OH,1,1,0,0,2,2,155,4937,IRWIN,9,9,September,2012,1,Sunday,3,42,0,4,3,248,41.47323611,-80.95129167,11,3,0,0,0,2,1
390668,OHIO,OH,1,1,0,0,1,1,25,0,BARLOW BEND,11,8,August,2012,7,Saturday,18,5,0,14,3,29,39.18773056,-84.25243056,1,1,0,0,0,1,0
390669,OHIO,OH,2,2,1,1,2,2,99,865,BEATRICE,13,8,August,2012,2,Monday,23,30,0,14,3,134,41.06070278,-80.63613889,8,3,0,0,0,1,1
390671,OHIO,OH,1,1,0,0,1,1,133,0,ARLEY,14,8,August,2012,3,Tuesday,13,39,0,4,3,143,41.31280000,-81.09818333,24,1,0,0,0,1,0
390672,OHIO,OH,1,1,0,0,2,2,113,3895,COTTONTON,17,8,August,2012,6,Friday,4,20,1,11,1,8,39.59808889,-84.23866111,59,3,1,0,0,2,1
390673,OHIO,OH,1,1,0,0,1,1,173,6490,LAKELAND,17,8,August,2012,6,Friday,18,59,0,15,4,0,41.49265556,-83.60713333,43,1,0,0,0,1,1
390674,OHIO,OH,1,1,1,1,1,1,113,2090,COTTONTON,18,8,August,2012,7,Saturday,21,5,0,13,6,0,39.74723889,-84.17183056,8,3,0,0,0,1,0
390675,OHIO,OH,1,1,0,0,1,1,49,0,COLLINSVILLE,19,8,August,2012,1,Sunday,2,28,0,14,6,0,40.11833333,-83.13194444,30,2,0,0,0,1,1
390676,OHIO,OH,2,2,0,0,2,2,143,0,CANEHILL,19,8,August,2012,1,Sunday,12,50,0,6,4,0,41.41733611,-83.24003889,12,1,0,0,0,1,1
390677,OHIO,OH,3,3,0,0,3,3,27,0,ASHLAND,20,8,August,2012,2,Monday,19,33,0,3,3,189,39.37345000,-83.73605000,12,1,0,0,0,1,1
390678,OHIO,OH,1,1,0,0,2,2,21,0,CHILTON,15,7,July,2012,1,Sunday,2,10,0,4,3,56,40.14620556,-83.52920556,1,2,0,0,0,1,1
390679,OHIO,OH,2,2,0,0,2,2,77,0,ANDERSON,20,9,September,2012,5,Thursday,1,2,1,2,2,182,41.24906944,-82.53248056,12,3,0,0,0,1,1
390680,OHIO,OH,1,1,0,0,1,1,23,0,BLADON SPRINGS,23,9,September,2012,1,Sunday,1,51,0,4,2,233,39.92689722,-83.61676667,34,2,0,0,0,1,1
390682,OHIO,OH,1,1,0,0,1,1,43,0,BAILEYTON,22,8,August,2012,4,Wednesday,16,40,0,3,3,77,41.39694444,-82.73225833,1,1,0,0,0,1,0
390683,OHIO,OH,1,1,0,0,1,1,103,0,DANVILLE,24,8,August,2012,6,Friday,12,2,1,2,2,8,41.02745000,-82.14803611,34,1,0,0,0,1,0
390684,OHIO,OH,1,1,0,0,1,1,7,6230,BIBB,26,8,August,2012,1,Sunday,19,20,0,3,3,47,41.57787222,-80.86548889,34,1,0,0,0,1,0
390685,OHIO,OH,3,3,0,0,6,6,123,0,ALEXANDER CITY,26,8,August,2012,1,Sunday,13,42,0,15,3,0,41.60195000,-83.41561667,12,1,0,0,0,1,0
390686,OHIO,OH,1,1,0,0,4,4,163,0,AVERA,27,8,August,2012,2,Monday,14,31,0,6,4,0,39.06596111,-82.42838889,34,1,0,0,0,1,1
390687,OHIO,OH,1,1,0,0,1,1,41,0,BRANTLEY,27,8,August,2012,2,Monday,9,4,0,6,5,0,40.22876944,-83.11341111,42,1,0,0,0,1,0
390688,OHIO,OH,2,2,0,0,3,3,129,0,BIGBEE,28,8,August,2012,3,Tuesday,11,19,0,4,3,83,39.65595556,-83.11947222,12,1,0,0,0,2,0
390689,OHIO,OH,2,2,0,0,4,4,55,4980,ATTALLA,31,8,August,2012,6,Friday,10,0,0,13,3,74,41.47156111,-81.05123889,12,1,0,0,0,1,0
390690,OHIO,OH,2,2,0,0,2,2,155,0,IRWIN,30,8,August,2012,5,Thursday,15,20,0,4,3,134,41.32481944,-80.65571111,12,1,0,0,0,1,0
390691,OHIO,OH,1,1,0,0,1,1,7,382,BIBB,29,8,August,2012,4,Wednesday,19,42,0,6,4,0,41.78205000,-80.88853889,30,1,0,0,0,1,0
390692,OHIO,OH,2,2,0,0,4,4,109,0,ANSLEY,29,8,August,2012,4,Wednesday,9,57,0,15,3,133,40.60720278,-84.34426389,12,1,0,0,0,1,0
390693,OHIO,OH,1,1,0,0,1,1,93,0,BEAR CREEK,25,8,August,2012,7,Saturday,14,34,0,4,4,0,41.31548333,-82.15188333,34,1,0,0,0,1,1
390694,OHIO,OH,1,1,1,1,2,2,95,8120,ALBERTVILLE,10,9,September,2012,2,Monday,20,44,0,13,3,54,41.72124167,-83.58708611,9,3,0,0,0,1,0
390695,OHIO,OH,3,3,0,0,5,5,35,6040,BROOKLYN,14,6,June,2012,5,Thursday,17,32,0,15,6,0,41.27657222,-81.77143889,12,1,0,0,0,1,0
390697,OHIO,OH,1,1,0,0,1,1,25,0,BARLOW BEND,17,9,September,2012,2,Monday,8,47,0,4,3,322,39.19225000,-84.05572778,34,1,0,0,0,1,0
390698,OHIO,OH,2,2,0,0,4,4,89,0,BROWNSBORO,25,9,September,2012,3,Tuesday,10,47,0,4,2,149,40.22686389,-82.51963889,12,1,0,0,0,2,0
390699,OHIO,OH,2,2,0,0,3,3,23,5273,BLADON SPRINGS,25,9,September,2012,3,Tuesday,14,55,0,13,3,180,39.95553333,-83.76307500,12,1,0,0,0,1,0
390700,OHIO,OH,1,1,0,0,1,1,43,5060,BAILEYTON,28,9,September,2012,6,Friday,19,57,0,6,5,0,41.32689167,-82.63007500,11,2,0,0,0,1,1
390701,OHIO,OH,2,2,0,0,2,2,35,6360,BROOKLYN,29,4,April,2012,1,Sunday,14,12,0,14,3,94,41.40954722,-81.71045833,12,1,0,0,0,1,0
390702,OHIO,OH,1,1,1,1,5,5,145,6700,BALD KNOB,2,7,July,2012,2,Monday,23,7,0,6,6,0,38.73583333,-82.97388889,8,3,0,0,0,1,0
390703,OHIO,OH,2,2,0,0,2,2,31,0,COFFEE,8,7,July,2012,1,Sunday,20,14,1,2,2,174,40.29981111,-81.89416944,12,1,0,0,0,1,0
390704,OHIO,OH,1,1,0,0,1,1,149,0,BELLEVILLE,15,7,July,2012,1,Sunday,10,25,0,4,3,205,40.27753889,-84.09369167,1,1,0,0,0,1,0
390705,OHIO,OH,1,1,0,0,2,2,59,0,FRANKLIN,22,7,July,2012,1,Sunday,3,23,0,6,5,4,39.97046667,-81.60674444,30,2,0,0,0,1,1
390706,OHIO,OH,1,1,0,0,1,1,35,970,BROOKLYN,29,7,July,2012,1,Sunday,3,33,0,14,3,133,41.32001389,-81.62681389,33,3,0,0,0,1,0
390707,OHIO,OH,2,2,0,0,3,3,21,8300,CHILTON,10,6,June,2012,1,Sunday,13,4,0,14,2,167,40.10590833,-83.71794444,12,1,0,0,0,1,0
390708,OHIO,OH,2,2,0,0,5,5,91,0,DAYTON,3,8,August,2012,6,Friday,13,35,1,2,2,35,40.29222222,-83.76027778,34,1,0,0,0,2,0
390709,OHIO,OH,2,2,0,0,3,3,109,0,ANSLEY,12,8,August,2012,1,Sunday,14,7,0,4,3,168,40.16106389,-84.35551389,12,1,0,0,0,1,0
390710,OHIO,OH,1,1,1,1,1,1,99,9230,BEATRICE,19,8,August,2012,1,Sunday,3,38,0,16,3,21,41.09185000,-80.66399167,8,3,0,0,0,1,0
390711,OHIO,OH,2,2,0,0,3,3,49,0,COLLINSVILLE,21,8,August,2012,3,Tuesday,12,25,1,2,2,21,39.83305556,-83.00027778,12,1,0,0,0,1,0
390712,OHIO,OH,2,2,0,0,4,4,113,5275,COTTONTON,27,8,August,2012,2,Monday,12,17,1,11,1,87,39.71057778,-84.22793611,34,1,0,0,0,2,0
390713,OHIO,OH,1,1,4,4,1,1,35,1680,BROOKLYN,29,7,July,2012,1,Sunday,19,0,0,13,2,110,41.48723889,-81.76736667,26,1,0,0,0,2,1
390714,OHIO,OH,1,1,1,1,1,1,35,1680,BROOKLYN,9,8,August,2012,5,Thursday,2,15,0,14,6,15,41.46155833,-81.62146111,8,2,0,0,0,1,1
390715,OHIO,OH,2,2,0,0,3,3,61,0,BELLWOOD,18,8,August,2012,7,Saturday,9,53,1,2,2,137,39.25138611,-84.59801111,12,1,0,0,0,1,0
390716,OHIO,OH,1,1,0,0,2,2,107,0,CARROLLTON,26,8,August,2012,1,Sunday,3,57,0,6,4,37,40.45056944,-84.67310833,34,2,0,0,0,1,1
390717,OHIO,OH,1,1,0,0,1,1,57,2530,BANKSTON,27,8,August,2012,2,Monday,16,25,0,15,4,35,40.35250000,-84.05500000,33,1,0,0,0,1,1
390718,OHIO,OH,1,1,0,0,1,1,5,0,BAKER HILL,2,9,September,2012,1,Sunday,22,21,0,3,3,43,40.71972222,-82.18027778,34,2,0,0,0,1,1
390719,OHIO,OH,2,2,0,0,2,2,173,0,LAKELAND,2,9,September,2012,1,Sunday,16,47,1,2,2,192,41.36203333,-83.52973333,12,1,0,0,0,1,0
390720,OHIO,OH,1,1,0,0,3,3,83,0,ARDMORE,3,9,September,2012,2,Monday,9,58,0,4,2,138,40.46322222,-82.19629444,24,1,0,0,0,1,1
390721,OHIO,OH,2,2,0,0,2,2,77,0,ANDERSON,4,9,September,2012,3,Tuesday,9,56,0,3,2,114,41.03091111,-82.60785278,12,1,10,0,0,1,0
390722,OHIO,OH,2,2,0,0,3,3,23,0,BLADON SPRINGS,4,9,September,2012,3,Tuesday,3,37,1,1,1,99999,39.87752500,-83.96379167,12,2,0,0,0,1,0
390723,OHIO,OH,1,1,0,0,1,1,71,0,BRIDGEPORT,7,9,September,2012,6,Friday,21,15,0,6,4,11,39.20956111,-83.48398056,30,2,0,0,0,1,1
390724,OHIO,OH,2,2,1,1,4,4,35,2040,BROOKLYN,2,9,September,2012,1,Sunday,21,47,1,1,1,111,41.43625833,-81.64965556,8,3,0,0,0,1,0
390725,OHIO,OH,4,3,0,0,5,5,49,1800,COLLINSVILLE,2,9,September,2012,1,Sunday,17,54,0,14,4,50,39.92772778,-83.09052500,12,1,1,0,0,1,0
390726,OHIO,OH,1,1,1,1,0,0,143,1740,CANEHILL,4,9,September,2012,3,Tuesday,17,37,0,5,6,6,41.30163889,-82.98050000,8,1,0,0,0,1,0
390727,OHIO,OH,2,2,0,0,3,3,119,3602,BELLAMY,8,9,September,2012,7,Saturday,19,8,1,1,1,21,39.95083333,-82.17500000,24,1,0,0,0,1,0
390728,OHIO,OH,2,2,0,0,6,6,131,0,ARLINGTON,8,9,September,2012,7,Saturday,1,36,0,2,3,151,39.04527778,-83.02694444,12,2,0,0,0,1,1
390729,OHIO,OH,1,1,0,0,2,2,113,0,COTTONTON,9,9,September,2012,1,Sunday,1,56,0,15,5,5,39.83442222,-84.21751667,30,2,0,0,0,1,1
390730,OHIO,OH,1,1,0,0,4,4,141,0,BEE BRANCH,9,9,September,2012,1,Sunday,5,30,0,6,4,70,39.35930000,-83.16448056,42,2,0,0,0,1,0
390731,OHIO,OH,2,1,0,0,1,1,29,0,BORDEN SPRINGS,10,9,September,2012,2,Monday,22,5,0,15,4,35,40.66251667,-80.63760278,52,2,0,0,0,1,1
390732,OHIO,OH,2,2,0,0,2,2,23,0,BLADON SPRINGS,11,9,September,2012,3,Tuesday,16,10,0,15,3,8,39.88935556,-84.04746944,12,1,0,0,0,1,0
390733,OHIO,OH,2,2,0,0,3,3,169,0,BRADLEY,12,9,September,2012,4,Wednesday,13,25,0,3,3,85,40.89859444,-81.80622500,12,1,0,0,0,1,0
390734,OHIO,OH,3,3,0,0,4,4,27,0,ASHLAND,13,9,September,2012,5,Thursday,4,8,1,1,1,45,39.49528056,-83.91431667,12,3,0,0,0,1,0
390735,OHIO,OH,1,1,0,0,2,2,129,0,BIGBEE,15,9,September,2012,7,Saturday,2,40,0,6,5,10,39.78089722,-83.18151667,53,2,0,0,0,1,1
390736,OHIO,OH,2,2,0,0,8,8,169,1285,BRADLEY,15,9,September,2012,7,Saturday,19,0,0,3,3,231,40.91558889,-81.91027778,12,1,0,0,0,1,0
390737,OHIO,OH,2,2,0,0,2,2,113,5275,COTTONTON,11,9,September,2012,3,Tuesday,15,53,1,13,3,72,39.67789444,-84.30876389,12,1,0,0,0,1,0
390738,OHIO,OH,2,2,0,0,3,3,25,0,BARLOW BEND,21,9,September,2012,6,Friday,15,11,0,16,4,0,39.21895833,-84.30193056,12,1,0,0,0,1,0
390739,OHIO,OH,2,2,0,0,3,3,13,0,BOLLING,22,9,September,2012,7,Saturday,0,48,1,12,3,182,40.04770000,-80.73336944,12,3,0,0,0,1,1
390740,OHIO,OH,2,2,0,0,4,4,83,0,ARDMORE,23,9,September,2012,1,Sunday,16,20,0,3,3,218,40.44170833,-82.44468889,12,1,0,0,0,2,0
390741,OHIO,OH,1,1,0,0,1,1,15,0,ANNISTON,26,9,September,2012,4,Wednesday,2,43,0,5,3,12,38.80553889,-83.95773056,35,2,0,0,0,1,1
390742,OHIO,OH,2,1,1,1,1,1,49,1800,COLLINSVILLE,29,9,September,2012,7,Saturday,3,45,1,11,1,241,40.05872500,-82.99823333,14,3,0,0,0,1,1
390743,OHIO,OH,2,2,0,0,6,6,97,0,AXIS,18,9,September,2012,3,Tuesday,14,23,0,3,3,122,39.96101389,-83.25606389,12,1,0,0,0,1,0
390744,OHIO,OH,2,1,0,0,1,1,155,0,IRWIN,19,9,September,2012,4,Wednesday,16,35,0,3,4,7,41.13891944,-80.72820000,24,1,0,0,0,1,0
390745,OHIO,OH,2,2,0,0,2,2,55,3648,ATTALLA,19,9,September,2012,4,Wednesday,16,25,0,6,4,19,41.52859167,-81.07120278,12,1,0,0,0,1,0
390746,OHIO,OH,1,1,0,0,1,1,61,5260,BELLWOOD,20,9,September,2012,5,Thursday,3,45,1,11,1,175,39.27085278,-84.35123056,32,2,0,0,0,1,1
390747,OHIO,OH,1,1,0,0,1,1,49,1800,COLLINSVILLE,23,9,September,2012,1,Sunday,4,17,0,15,4,9,39.90536667,-82.98055833,42,2,0,0,0,1,1
390748,OHIO,OH,1,1,0,0,5,5,61,1610,BELLWOOD,23,9,September,2012,1,Sunday,3,15,0,13,2,19,39.11007222,-84.50440833,33,3,0,0,0,1,1
390749,OHIO,OH,2,2,0,0,3,3,165,0,HERNDON,24,9,September,2012,2,Monday,8,50,0,6,4,21,39.47551944,-84.22664167,12,1,0,0,0,1,0
390750,OHIO,OH,1,1,0,0,2,2,127,0,BURNWELL,29,9,September,2012,7,Saturday,0,54,0,5,3,12,39.85861111,-82.45416667,24,2,0,0,0,1,1
390751,OHIO,OH,2,2,0,0,2,2,109,0,ANSLEY,4,10,October,2012,5,Thursday,13,45,0,6,4,16,40.14119722,-84.39898889,12,1,0,0,0,1,0
390752,OHIO,OH,1,1,0,0,1,1,109,0,ANSLEY,9,10,October,2012,3,Tuesday,2,46,0,2,4,33,40.06805556,-84.15916667,34,2,0,0,0,1,0
390753,OHIO,OH,1,1,0,0,1,1,49,1800,COLLINSVILLE,30,9,September,2012,1,Sunday,4,53,0,14,6,0,39.98515278,-82.95565556,30,3,0,0,0,1,1
390754,OHIO,OH,2,2,0,0,2,2,99,0,BEATRICE,3,10,October,2012,4,Wednesday,21,5,0,3,3,27,40.93832778,-80.65415278,12,2,0,0,0,1,1
390755,OHIO,OH,2,2,0,0,2,2,29,0,BORDEN SPRINGS,2,10,October,2012,3,Tuesday,12,13,0,4,4,0,40.84301667,-80.99424167,12,1,0,0,0,1,0
390756,OHIO,OH,1,1,0,0,2,2,77,0,ANDERSON,7,10,October,2012,1,Sunday,11,33,0,4,3,222,41.27254722,-82.56635000,53,1,0,0,0,1,0
390757,OHIO,OH,1,1,0,0,1,1,61,1610,BELLWOOD,12,10,October,2012,6,Friday,2,0,0,13,6,0,39.13371111,-84.45880000,59,3,0,0,0,1,0
390758,OHIO,OH,1,1,0,0,3,3,169,0,BRADLEY,12,8,August,2012,1,Sunday,13,12,1,2,2,7,40.84420278,-82.11161111,35,1,0,0,0,1,1
390759,OHIO,OH,1,1,1,1,2,2,95,8120,ALBERTVILLE,7,7,July,2012,7,Saturday,22,9,0,14,6,0,41.63851667,-83.67714444,8,2,0,0,0,1,0