ST_CASE,State Name,State Abbreviation,# of Vehicle involved,Parked_Vehicles_Involved,Pedestrains,Person_Not_in_Motor_Vehicle,Persons_in_motor_vehicle,Total_Persons_in_accident,COUNTY,CITY,City_County_Name,Calendar_DAY,MONTH,Month_name,YEAR,DAY_WEEK,Day_Week_desc,HOUR,MINUTE,NHS_Desc,trafficway,Route,MILEPT,LATITUDE,LONGITUD,First_Crash_event,Light_cond_desc,Weather_condition,School_bus_involved,Crash_cause,FATALS,DRUNK_DR
390760,OHIO,OH,1,1,0,0,1,1,61,2652,BELLWOOD,23,9,September,2012,1,Sunday,13,6,0,16,6,0,39.29240278,-84.56361667,33,1,0,0,0,1,0
390762,OHIO,OH,2,2,0,0,2,2,129,0,BIGBEE,26,9,September,2012,4,Wednesday,23,56,0,4,4,0,39.79336389,-83.07507778,12,2,0,0,0,1,1
390763,OHIO,OH,2,2,0,0,6,6,113,0,COTTONTON,6,10,October,2012,7,Saturday,16,49,0,6,6,0,39.67290833,-84.33468056,12,1,0,0,0,1,0
390764,OHIO,OH,2,2,0,0,2,2,43,0,BAILEYTON,9,10,October,2012,3,Tuesday,12,35,0,3,3,26,41.32475556,-82.76673056,12,1,0,0,0,1,0
390765,OHIO,OH,2,2,0,0,4,4,21,0,CHILTON,10,10,October,2012,4,Wednesday,9,45,0,4,2,194,40.10696389,-83.66773889,12,1,0,0,0,1,0
390766,OHIO,OH,2,2,0,0,2,2,61,0,BELLWOOD,24,9,September,2012,2,Monday,19,31,0,13,3,83,39.15287778,-84.62803056,12,5,0,0,0,1,0
390767,OHIO,OH,1,1,0,0,2,2,127,0,BURNWELL,16,7,July,2012,2,Monday,21,6,0,6,5,0,39.91181667,-82.41109167,5,2,0,0,0,1,0
390768,OHIO,OH,2,2,0,0,3,3,61,1610,BELLWOOD,19,10,October,2012,6,Friday,18,53,0,15,6,0,39.18128611,-84.55711111,12,3,0,0,0,2,0
390769,OHIO,OH,3,3,0,0,4,4,169,0,BRADLEY,5,10,October,2012,6,Friday,5,20,0,3,3,239,40.96926389,-81.99596111,12,2,0,0,0,1,1
390770,OHIO,OH,2,2,0,0,2,2,151,0,FLIPPEN,5,10,October,2012,6,Friday,12,4,0,3,3,139,40.83420000,-81.11534444,12,1,0,0,0,1,0
390771,OHIO,OH,2,2,0,0,3,3,7,0,BIBB,11,10,October,2012,5,Thursday,14,0,1,1,1,162,41.84353056,-80.71888611,12,1,0,0,0,2,0
390772,OHIO,OH,3,3,0,0,3,3,151,0,FLIPPEN,6,6,June,2012,4,Wednesday,20,48,0,16,6,0,40.88505278,-81.44120833,12,5,0,0,0,1,1
390773,OHIO,OH,1,1,0,0,1,1,35,1050,BROOKLYN,15,7,July,2012,1,Sunday,4,29,0,16,6,0,41.39572778,-81.80657222,30,3,0,0,0,1,1
390774,OHIO,OH,4,4,0,0,5,5,49,0,COLLINSVILLE,23,7,July,2012,2,Monday,18,22,0,14,2,239,39.20046667,-83.61196667,12,1,0,0,0,1,1
390775,OHIO,OH,2,2,0,0,2,2,125,0,BROOKWOOD,19,9,September,2012,4,Wednesday,7,31,0,4,3,231,41.19461667,-84.45299167,12,1,0,0,0,1,0
390776,OHIO,OH,1,1,0,0,2,2,61,7450,BELLWOOD,15,9,September,2012,7,Saturday,20,58,1,11,1,172,39.29073056,-84.43820556,25,3,0,0,0,2,0
390777,OHIO,OH,3,3,0,0,3,3,41,0,BRANTLEY,15,10,October,2012,2,Monday,16,35,0,4,3,65,40.22668333,-83.06471944,12,1,0,0,0,1,0
390778,OHIO,OH,1,1,0,0,1,1,155,0,IRWIN,11,10,October,2012,5,Thursday,1,29,0,3,3,261,41.38830556,-80.67171389,42,2,0,0,0,1,1
390779,OHIO,OH,2,2,0,0,7,7,9,0,BLOUNT,12,10,October,2012,6,Friday,16,15,1,13,2,122,39.36801389,-82.11957500,12,1,0,0,0,1,0
390780,OHIO,OH,2,2,0,0,2,2,15,0,ANNISTON,12,10,October,2012,6,Friday,19,20,0,2,3,160,38.97374167,-83.74044722,12,2,0,0,0,1,0
390781,OHIO,OH,1,1,0,0,1,1,165,0,HERNDON,14,10,October,2012,1,Sunday,1,11,0,16,6,0,39.30356111,-84.08796944,1,2,0,0,0,1,1
390782,OHIO,OH,2,2,0,0,5,5,49,1800,COLLINSVILLE,25,8,August,2012,7,Saturday,1,11,0,16,6,0,39.93193056,-82.92738333,12,3,0,0,0,1,1
390783,OHIO,OH,2,2,1,1,2,2,113,2090,COTTONTON,14,10,October,2012,1,Sunday,20,10,0,13,3,153,39.78915000,-84.21331389,12,3,0,0,0,1,0
390784,OHIO,OH,2,2,0,0,5,5,19,0,CEDAR BLUFF,27,9,September,2012,5,Thursday,15,29,0,3,3,161,40.61707778,-81.10347778,12,1,0,0,0,1,0
390785,OHIO,OH,2,2,0,0,4,4,5,0,BAKER HILL,16,10,October,2012,3,Tuesday,14,20,0,4,2,147,40.91397500,-82.19366944,12,1,0,0,0,1,0
390786,OHIO,OH,1,1,0,0,1,1,31,0,COFFEE,23,6,June,2012,7,Saturday,23,8,0,6,4,0,40.34068889,-81.68319444,34,2,0,0,0,1,1
390787,OHIO,OH,2,2,0,0,3,3,11,0,BULLOCK,15,10,October,2012,2,Monday,11,18,1,11,1,47,40.55162500,-84.16965556,57,1,0,0,0,2,1
390788,OHIO,OH,2,2,0,0,3,3,37,0,BRADFORD,27,10,October,2012,7,Saturday,13,27,0,3,2,59,40.00108611,-84.63313333,12,1,0,0,0,1,0
390789,OHIO,OH,2,2,0,0,2,2,165,0,HERNDON,21,10,October,2012,1,Sunday,19,29,0,14,4,0,39.51584167,-84.33145833,12,2,0,0,0,1,0
390790,OHIO,OH,1,1,0,0,1,1,49,1800,COLLINSVILLE,26,10,October,2012,6,Friday,22,21,0,15,6,0,39.89321111,-82.85208333,3,3,0,0,0,1,0
390791,OHIO,OH,1,1,1,1,2,2,49,1800,COLLINSVILLE,27,10,October,2012,7,Saturday,4,0,0,14,6,0,39.98508889,-82.93048889,8,3,0,0,0,1,0
390792,OHIO,OH,2,2,0,0,2,2,45,0,ARITON,29,10,October,2012,2,Monday,7,54,0,4,3,97,39.90251667,-82.63036667,12,1,0,0,0,1,0
390793,OHIO,OH,1,1,0,0,1,1,3,4220,BALDWIN,13,6,June,2012,4,Wednesday,15,41,0,16,6,0,40.73725000,-84.10516944,59,1,0,0,0,1,0
390794,OHIO,OH,2,2,0,0,2,2,147,0,AUGUSTA,22,9,September,2012,7,Saturday,13,52,0,6,4,0,41.18479167,-83.14209722,12,1,0,0,0,1,0
390795,OHIO,OH,1,1,1,1,1,1,49,0,COLLINSVILLE,25,10,October,2012,5,Thursday,22,8,0,14,2,59,39.95246389,-83.12366667,8,3,0,0,0,1,0
390796,OHIO,OH,1,1,0,0,1,1,49,0,COLLINSVILLE,16,4,April,2012,2,Monday,20,40,1,2,2,45,40.09114444,-83.10863056,24,5,0,0,0,1,0
390797,OHIO,OH,2,2,0,0,5,5,99,865,BEATRICE,13,6,June,2012,4,Wednesday,16,6,0,15,4,14,41.00798611,-80.65328056,12,1,0,0,0,2,0
390798,OHIO,OH,1,1,0,0,1,1,57,558,BANKSTON,21,7,July,2012,7,Saturday,21,51,0,16,4,1,39.70583333,-84.05611111,53,2,0,0,0,1,1
390799,OHIO,OH,2,2,0,0,2,2,35,2520,BROOKLYN,24,7,July,2012,3,Tuesday,0,24,0,13,2,229,41.56732222,-81.53700000,12,3,0,0,0,1,1
390800,OHIO,OH,2,2,0,0,2,2,153,6065,BONAIRE,2,8,August,2012,5,Thursday,13,26,0,13,3,13,41.04959444,-81.66217500,12,1,0,0,0,1,0
390801,OHIO,OH,2,2,0,0,2,2,113,2910,COTTONTON,4,8,August,2012,7,Saturday,16,47,0,3,3,59,39.82550556,-84.12246667,12,1,0,0,0,1,0
390802,OHIO,OH,3,3,0,0,7,7,113,0,COTTONTON,5,8,August,2012,1,Sunday,15,31,0,4,2,31,39.86622500,-84.42610000,12,1,0,0,0,1,0
390803,OHIO,OH,1,1,0,0,1,1,45,4050,ARITON,7,8,August,2012,3,Tuesday,14,29,0,16,6,0,39.73613611,-82.62727222,33,1,0,0,0,1,0
390804,OHIO,OH,1,1,0,0,3,3,141,0,BEE BRANCH,28,8,August,2012,3,Tuesday,10,6,0,6,4,18,39.24351944,-83.02631944,32,1,0,0,0,1,0
390805,OHIO,OH,1,1,0,0,1,1,61,7450,BELLWOOD,29,8,August,2012,4,Wednesday,15,0,1,11,1,298,39.27472222,-84.35636111,25,1,0,0,0,1,0
390806,OHIO,OH,1,1,0,0,2,2,67,0,ABBEVILLE,15,9,September,2012,7,Saturday,20,20,0,6,5,6,40.28693611,-80.88569722,1,5,0,0,0,1,1
390807,OHIO,OH,2,2,0,0,5,5,85,9010,BENTON,21,9,September,2012,6,Friday,21,35,0,16,3,4,41.62120833,-81.42913333,12,3,0,0,0,1,1
390808,OHIO,OH,2,2,0,0,3,3,155,0,IRWIN,21,9,September,2012,6,Friday,22,30,0,6,4,12,41.15095000,-80.99490833,12,2,0,0,0,2,1
390809,OHIO,OH,3,3,0,0,5,5,153,70,BONAIRE,6,9,September,2012,5,Thursday,22,10,1,11,1,131,41.06260278,-81.47581667,12,3,0,0,0,1,1
390810,OHIO,OH,2,2,1,1,4,4,111,0,GRAHAM,13,9,September,2012,5,Thursday,21,9,0,2,3,110,39.63320833,-80.87569444,8,2,0,0,0,1,0
390811,OHIO,OH,1,1,0,0,2,2,85,0,BENTON,24,9,September,2012,2,Monday,1,18,1,1,1,162,41.67831944,-81.22673333,43,3,0,0,0,1,1
390812,OHIO,OH,1,1,0,0,2,2,77,0,ANDERSON,25,9,September,2012,3,Tuesday,2,20,0,3,3,67,41.26734722,-82.79383056,32,2,0,0,0,1,1
390813,OHIO,OH,2,2,0,0,2,2,141,0,BEE BRANCH,26,9,September,2012,4,Wednesday,15,0,0,3,3,147,39.36016667,-83.00282500,12,1,0,0,0,1,0
390814,OHIO,OH,2,2,0,0,4,4,147,0,AUGUSTA,29,9,September,2012,7,Saturday,1,13,1,2,2,249,41.07680000,-83.44010278,12,2,0,0,0,1,1
390815,OHIO,OH,2,2,0,0,4,4,45,0,ARITON,29,9,September,2012,7,Saturday,15,0,0,15,4,106,39.91015278,-82.72793056,12,1,0,0,0,2,0
390816,OHIO,OH,2,2,0,0,2,2,63,0,BOLIGEE,30,9,September,2012,1,Sunday,23,12,1,1,1,62,40.93500556,-83.78748056,12,2,0,0,0,1,1
390817,OHIO,OH,1,1,1,1,1,1,95,0,ALBERTVILLE,2,10,October,2012,3,Tuesday,6,25,0,2,4,108,41.67673056,-83.66863333,8,6,0,0,0,1,0
390818,OHIO,OH,3,3,0,0,3,3,37,0,BRADFORD,2,10,October,2012,3,Tuesday,7,5,1,2,3,55,40.64716389,-84.84469167,12,2,0,0,0,1,0
390819,OHIO,OH,1,1,1,1,2,2,59,1260,FRANKLIN,3,10,October,2012,4,Wednesday,20,48,1,1,1,75,39.99786667,-81.55549722,8,3,0,0,0,1,0
390820,OHIO,OH,1,1,0,0,1,1,95,0,ALBERTVILLE,6,10,October,2012,7,Saturday,2,50,0,6,4,17,41.56019444,-83.83729444,42,2,0,0,0,1,1
390821,OHIO,OH,2,2,0,0,2,2,55,0,ATTALLA,8,10,October,2012,2,Monday,7,25,0,15,4,72,41.53695833,-81.24342222,12,4,0,0,0,1,0
390822,OHIO,OH,1,1,0,0,1,1,155,3380,IRWIN,10,10,October,2012,4,Wednesday,17,55,0,4,4,213,41.31123611,-80.61767778,24,1,0,0,0,1,1
390823,OHIO,OH,2,2,0,0,2,2,49,0,COLLINSVILLE,11,10,October,2012,5,Thursday,9,1,0,3,4,23,39.86331389,-82.93720000,12,1,0,0,0,1,0
390824,OHIO,OH,1,1,1,1,1,1,49,1800,COLLINSVILLE,12,10,October,2012,6,Friday,19,56,0,15,4,14,39.92882222,-83.06448611,8,3,0,0,0,1,0
390825,OHIO,OH,1,1,0,0,1,1,143,0,CANEHILL,13,10,October,2012,7,Saturday,19,20,0,4,4,25,41.31303611,-83.36868056,34,2,10,0,0,1,0
390827,OHIO,OH,1,1,2,2,1,1,49,1800,COLLINSVILLE,11,10,October,2012,5,Thursday,19,52,0,13,4,31,40.05493611,-82.86352222,8,3,0,0,0,1,0
390828,OHIO,OH,1,1,1,1,1,1,17,2535,CHAMBERS,11,10,October,2012,5,Thursday,2,47,1,13,3,10,39.31600833,-84.48955833,8,2,0,0,0,1,0
390829,OHIO,OH,3,3,0,0,4,4,45,0,ARITON,14,10,October,2012,1,Sunday,10,0,0,5,4,19,39.81621944,-82.67742222,12,1,0,0,0,1,0
390830,OHIO,OH,1,1,0,0,2,2,61,1610,BELLWOOD,16,10,October,2012,3,Tuesday,0,58,0,16,6,8,39.08385278,-84.57252222,33,3,0,0,0,1,1
390831,OHIO,OH,1,1,1,1,1,1,113,2090,COTTONTON,16,10,October,2012,3,Tuesday,16,35,0,2,4,12,39.73040278,-84.14121667,9,1,0,0,0,1,0
390832,OHIO,OH,1,1,0,0,1,1,155,8440,IRWIN,16,10,October,2012,3,Tuesday,13,58,1,2,3,142,41.27163611,-80.70196111,30,1,0,0,0,1,0
390833,OHIO,OH,2,2,0,0,2,2,155,0,IRWIN,17,10,October,2012,4,Wednesday,20,38,0,16,5,4,41.17749444,-80.61666944,1,2,0,0,0,1,2
390834,OHIO,OH,1,1,0,0,2,2,75,0,BEAVERTON,19,10,October,2012,6,Friday,19,35,0,3,3,107,40.57757500,-81.91905000,17,2,0,0,0,1,0
390835,OHIO,OH,2,2,0,0,2,2,119,0,BELLAMY,22,10,October,2012,2,Monday,11,0,0,2,4,83,40.01880556,-81.80441111,12,1,0,0,0,1,0
390836,OHIO,OH,2,2,0,0,2,2,61,1610,BELLWOOD,22,10,October,2012,2,Monday,19,0,0,2,4,79,39.16145000,-84.40561111,12,5,0,0,0,1,1
390837,OHIO,OH,2,2,0,0,2,2,37,0,BRADFORD,27,10,October,2012,7,Saturday,5,29,0,3,2,59,40.22279444,-84.57515556,12,2,0,0,0,1,0
390838,OHIO,OH,1,1,0,0,3,3,37,0,BRADFORD,27,10,October,2012,7,Saturday,17,16,0,6,5,30,40.04099167,-84.66658333,1,1,0,0,0,3,0
390839,OHIO,OH,1,1,0,0,2,2,49,1800,COLLINSVILLE,27,10,October,2012,7,Saturday,0,52,1,11,1,191,39.93175833,-82.91982500,23,3,0,0,0,2,0
390840,OHIO,OH,1,1,0,0,1,1,161,0,DENTON,10,8,August,2012,6,Friday,14,20,0,6,4,0,40.73119722,-84.51360000,59,1,0,0,0,1,0
390841,OHIO,OH,1,1,0,0,1,1,165,0,HERNDON,1,11,November,2012,5,Thursday,6,22,0,4,3,127,39.51454444,-84.23710556,34,2,0,0,0,1,0
390842,OHIO,OH,2,2,0,0,2,2,153,70,BONAIRE,14,5,May,2012,2,Monday,16,20,1,12,3,11,41.07536389,-81.50422778,12,1,0,0,0,1,1
390843,OHIO,OH,1,1,0,0,1,1,61,0,BELLWOOD,19,10,October,2012,6,Friday,16,22,0,3,4,35,39.09060278,-84.34414444,35,1,0,0,0,1,0
390844,OHIO,OH,2,2,0,0,2,2,151,0,FLIPPEN,22,10,October,2012,2,Monday,20,0,0,2,2,320,40.87740000,-81.23013333,12,2,0,0,0,1,0
390845,OHIO,OH,3,3,0,0,3,3,173,0,LAKELAND,10,11,November,2012,7,Saturday,15,52,0,4,3,104,41.48575833,-83.72361667,12,1,0,0,0,1,1
390846,OHIO,OH,1,1,0,0,3,3,157,0,ARCADE,21,10,October,2012,1,Sunday,0,51,1,1,1,144,40.41813056,-81.54474722,1,2,0,0,0,1,1
390847,OHIO,OH,1,1,1,1,2,2,151,1320,FLIPPEN,24,10,October,2012,4,Wednesday,20,0,0,13,3,134,40.79969167,-81.39833889,8,2,0,0,0,1,0
390848,OHIO,OH,2,2,0,0,2,2,169,0,BRADLEY,25,10,October,2012,5,Thursday,8,50,1,2,2,282,40.68589444,-81.67970000,12,1,0,0,0,1,1
390849,OHIO,OH,2,2,0,0,3,3,145,0,BALD KNOB,3,11,November,2012,7,Saturday,18,36,0,4,3,205,38.79806667,-83.00980000,12,2,0,0,0,1,1
390850,OHIO,OH,2,2,0,0,2,2,165,2105,HERNDON,25,10,October,2012,5,Thursday,19,20,0,15,4,16,39.31195833,-84.28304722,12,2,0,0,0,1,0
390851,OHIO,OH,1,1,0,0,1,1,93,0,BEAR CREEK,6,11,November,2012,3,Tuesday,23,5,0,4,4,53,41.33746389,-82.27419444,11,2,0,0,0,1,0
390852,OHIO,OH,1,1,1,1,2,2,35,1680,BROOKLYN,14,10,October,2012,1,Sunday,16,0,0,15,6,0,41.54010000,-81.61156111,8,1,0,0,0,1,0
390853,OHIO,OH,2,2,0,0,2,2,129,0,BIGBEE,22,10,October,2012,2,Monday,19,1,0,3,2,232,39.62765000,-82.84788889,12,5,0,0,0,1,0
390854,OHIO,OH,2,2,0,0,2,2,133,0,ARLEY,30,10,October,2012,3,Tuesday,16,3,0,4,3,142,41.31949167,-81.09417778,12,1,0,0,0,1,0
390855,OHIO,OH,2,2,0,0,2,2,5,0,BAKER HILL,1,11,November,2012,5,Thursday,4,30,1,1,1,104,40.87501111,-82.21305000,12,2,0,0,0,1,0
390856,OHIO,OH,2,2,0,0,2,2,159,0,FARRAR,6,11,November,2012,3,Tuesday,16,15,0,6,4,0,40.46737222,-83.51229167,12,1,0,0,0,1,0
390857,OHIO,OH,1,1,0,0,2,2,85,9011,BENTON,6,11,November,2012,3,Tuesday,0,29,0,15,3,13,41.58768611,-81.41586389,42,2,0,0,0,1,1
390858,OHIO,OH,1,1,0,0,1,1,45,0,ARITON,12,11,November,2012,2,Monday,18,0,0,6,4,0,39.87808889,-82.53644167,53,2,0,0,0,1,0
390859,OHIO,OH,3,3,0,0,4,4,61,0,BELLWOOD,26,10,October,2012,6,Friday,10,52,0,3,2,36,39.17129167,-84.76154444,12,1,0,0,0,1,0
390860,OHIO,OH,1,1,0,0,6,6,57,0,BANKSTON,4,11,November,2012,1,Sunday,0,41,0,15,6,0,39.68258333,-84.10213333,59,2,0,0,0,3,0
390861,OHIO,OH,1,1,1,1,1,1,29,7260,BORDEN SPRINGS,9,11,November,2012,6,Friday,21,20,0,13,3,148,40.90096389,-80.85341667,8,3,0,0,0,1,1
390862,OHIO,OH,1,1,0,0,1,1,99,9230,BEATRICE,11,11,November,2012,1,Sunday,18,50,1,11,1,65,41.08718611,-80.65035556,59,2,0,0,0,1,1
390863,OHIO,OH,2,2,0,0,4,4,49,3500,COLLINSVILLE,20,11,November,2012,3,Tuesday,8,44,0,14,6,0,40.01689444,-83.15653889,12,1,0,0,0,1,0
390864,OHIO,OH,1,1,0,0,1,1,167,0,ADRIAN,8,11,November,2012,5,Thursday,18,56,0,2,2,33,39.28035000,-81.68460833,1,2,0,0,0,1,1
390865,OHIO,OH,2,2,0,0,2,2,133,0,ARLEY,9,11,November,2012,6,Friday,0,50,1,13,3,59,41.15133611,-81.17486111,12,2,0,0,0,1,1
390866,OHIO,OH,2,2,0,0,2,2,25,0,BARLOW BEND,9,11,November,2012,6,Friday,14,59,0,4,3,296,39.15909444,-84.06342778,12,1,0,0,0,1,0
390867,OHIO,OH,1,1,0,0,1,1,17,5010,CHAMBERS,28,9,September,2012,6,Friday,2,42,0,13,5,53,39.53127778,-84.37348889,42,2,0,0,0,1,1
390868,OHIO,OH,1,1,0,0,1,1,35,1680,BROOKLYN,14,10,October,2012,1,Sunday,7,58,0,6,4,29,41.76436111,-81.94721111,30,1,0,0,0,1,0
390869,OHIO,OH,2,2,0,0,2,2,67,0,ABBEVILLE,16,10,October,2012,3,Tuesday,14,35,0,5,2,7,40.39111667,-81.26193889,12,1,0,0,0,1,0
390870,OHIO,OH,1,1,0,0,2,2,95,4840,ALBERTVILLE,19,10,October,2012,6,Friday,22,50,1,12,2,193,41.58187778,-83.61948611,42,3,0,0,0,1,1
390871,OHIO,OH,1,1,0,0,1,1,129,0,BIGBEE,9,11,November,2012,6,Friday,22,57,0,6,5,41,39.76948889,-82.90432222,34,2,0,0,0,1,1
390872,OHIO,OH,1,1,0,0,2,2,17,0,CHAMBERS,9,11,November,2012,6,Friday,3,55,0,4,4,39,39.46255556,-84.58317778,34,2,0,0,0,2,1
390873,OHIO,OH,1,1,0,0,1,1,117,0,BIRMINGHAM,10,11,November,2012,7,Saturday,20,5,0,6,4,54,40.41364167,-82.85973889,34,2,0,0,0,1,1
390874,OHIO,OH,2,2,0,0,5,5,151,0,FLIPPEN,24,9,September,2012,2,Monday,20,26,0,15,4,18,40.87673889,-81.44135000,12,3,0,0,0,1,1
390875,OHIO,OH,1,1,1,1,4,4,133,0,ARLEY,6,11,November,2012,3,Tuesday,16,21,0,4,3,65,41.22373056,-81.16131389,8,1,0,0,0,1,0
390876,OHIO,OH,4,4,0,0,7,7,41,2150,BRANTLEY,8,11,November,2012,5,Thursday,20,42,1,2,2,88,40.25556111,-83.06278889,12,2,0,0,0,1,1
390877,OHIO,OH,3,3,0,0,5,5,49,8940,COLLINSVILLE,15,11,November,2012,5,Thursday,7,50,0,13,3,134,39.95111111,-82.87722222,12,1,0,0,0,1,0
390878,OHIO,OH,2,2,0,0,2,2,49,1800,COLLINSVILLE,12,11,November,2012,2,Monday,16,31,0,3,4,7,39.93269167,-82.91575556,12,1,0,0,0,1,1
390879,OHIO,OH,1,1,0,0,2,2,13,0,BOLLING,17,11,November,2012,7,Saturday,17,5,0,6,5,1,39.97310278,-80.96487222,11,5,0,0,0,1,1
390880,OHIO,OH,3,3,0,0,4,4,25,0,BARLOW BEND,21,10,October,2012,1,Sunday,16,28,0,6,5,0,39.16253056,-84.20710556,12,1,0,0,0,1,1
390881,OHIO,OH,2,2,0,0,7,7,25,0,BARLOW BEND,5,11,November,2012,2,Monday,20,8,1,1,1,54,39.18196111,-84.26504722,12,3,0,0,0,1,0
390882,OHIO,OH,5,5,0,0,7,7,3,0,BALDWIN,13,11,November,2012,3,Tuesday,8,30,1,1,1,87,40.75530278,-84.07513611,59,1,0,0,0,1,0
390883,OHIO,OH,1,1,1,1,1,1,11,5210,BULLOCK,15,8,August,2012,4,Wednesday,11,30,0,6,6,0,40.40408056,-84.37668333,9,1,0,0,0,1,0
390884,OHIO,OH,1,1,0,0,1,1,57,0,BANKSTON,17,11,November,2012,7,Saturday,20,34,0,5,4,0,39.59778889,-83.82699444,1,2,0,0,0,1,1
390885,OHIO,OH,1,1,1,1,1,1,141,0,BEE BRANCH,20,11,November,2012,3,Tuesday,18,20,0,4,3,143,39.30725833,-82.99365000,8,2,0,0,0,1,0
390886,OHIO,OH,1,1,0,0,1,1,25,0,BARLOW BEND,20,11,November,2012,3,Tuesday,20,16,0,15,3,41,38.98498889,-84.22246111,53,2,0,0,0,1,1
390887,OHIO,OH,1,1,0,0,3,3,29,0,BORDEN SPRINGS,24,11,November,2012,7,Saturday,7,53,0,4,4,0,40.69318611,-80.65418611,35,1,0,0,0,1,0
390888,OHIO,OH,1,1,0,0,1,1,29,0,BORDEN SPRINGS,25,11,November,2012,1,Sunday,4,13,0,4,3,15,40.70327778,-80.85813889,24,2,0,0,0,1,1
390889,OHIO,OH,1,1,0,0,1,1,123,0,ALEXANDER CITY,25,11,November,2012,1,Sunday,15,24,0,6,5,0,41.54293056,-83.37805000,43,1,0,0,0,1,0
390890,OHIO,OH,1,1,1,1,1,1,23,7800,BLADON SPRINGS,29,11,November,2012,5,Thursday,19,10,0,6,6,0,39.92297222,-83.75174167,8,2,0,0,0,1,0
390891,OHIO,OH,1,1,0,0,1,1,97,0,AXIS,2,12,December,2012,1,Sunday,15,47,0,5,4,0,40.07455556,-83.23121667,34,1,0,0,0,1,0
390892,OHIO,OH,2,2,0,0,2,2,141,0,BEE BRANCH,4,12,December,2012,3,Tuesday,11,1,0,6,5,0,39.40250556,-83.23043056,12,1,0,0,0,1,1
390893,OHIO,OH,1,1,1,1,1,1,95,8120,ALBERTVILLE,9,11,November,2012,6,Friday,18,5,0,13,3,87,41.68731111,-83.61803333,8,3,0,0,0,1,0
390894,OHIO,OH,1,1,0,0,2,2,69,0,ASHFORD,11,11,November,2012,1,Sunday,0,1,0,13,3,184,41.42474444,-84.13253611,1,2,0,0,0,2,0
390896,OHIO,OH,1,1,0,0,1,1,141,0,BEE BRANCH,30,11,November,2012,6,Friday,23,40,0,3,2,2,39.23111667,-83.33978889,24,2,0,0,0,1,1
390897,OHIO,OH,1,1,1,1,1,1,145,0,BALD KNOB,3,12,December,2012,2,Monday,18,0,0,14,3,11,38.70321111,-82.85781111,9,2,0,0,0,1,0
390898,OHIO,OH,2,2,0,0,2,2,23,7800,BLADON SPRINGS,3,12,December,2012,2,Monday,10,59,0,14,6,0,39.91991111,-83.82801111,12,1,0,0,0,1,0
390899,OHIO,OH,1,1,0,0,1,1,119,0,BELLAMY,5,12,December,2012,4,Wednesday,20,10,0,3,3,265,40.06040000,-82.06037778,1,2,0,0,0,1,1
390900,OHIO,OH,1,1,0,0,1,1,93,4360,BEAR CREEK,2,8,August,2012,5,Thursday,1,30,1,13,2,67,41.44441944,-82.22896944,52,3,0,0,0,1,1
390901,OHIO,OH,1,1,0,0,2,2,65,7124,CYPRESS,27,10,October,2012,7,Saturday,22,24,0,4,3,32,40.57120556,-83.83753333,1,2,0,0,0,1,1
390902,OHIO,OH,1,1,1,1,1,1,63,4520,BOLIGEE,17,11,November,2012,7,Saturday,1,48,0,4,3,35,41.10629444,-83.78439444,8,3,0,0,0,1,0
390903,OHIO,OH,3,3,0,0,3,3,157,2240,ARCADE,20,11,November,2012,3,Tuesday,11,50,1,1,1,247,40.54451111,-81.50121944,12,1,0,0,0,1,0
390904,OHIO,OH,1,1,0,0,4,4,165,0,HERNDON,21,11,November,2012,4,Wednesday,4,45,0,6,4,19,39.46611111,-83.99444444,1,3,0,0,0,4,1
390905,OHIO,OH,1,1,0,0,1,1,69,0,ASHFORD,24,11,November,2012,7,Saturday,6,44,0,16,5,0,41.35604444,-84.10293611,34,2,0,0,0,1,1
390907,OHIO,OH,5,5,0,0,6,6,35,1680,BROOKLYN,8,9,September,2012,7,Saturday,16,19,1,12,1,264,41.57914444,-81.54473611,12,1,0,0,0,1,0
390908,OHIO,OH,2,2,0,0,3,3,23,3325,BLADON SPRINGS,1,12,December,2012,7,Saturday,12,5,0,4,3,31,39.89635556,-83.61131111,12,1,0,0,0,1,0
390909,OHIO,OH,2,2,0,0,2,2,113,2090,COTTONTON,1,12,December,2012,7,Saturday,9,35,0,15,6,0,39.77624444,-84.24371944,12,1,0,0,0,1,0
390910,OHIO,OH,2,2,0,0,3,3,155,0,IRWIN,3,12,December,2012,2,Monday,10,27,0,3,3,25,41.39046389,-80.95476111,12,1,0,0,0,1,0
390911,OHIO,OH,2,1,0,0,2,2,139,4680,CALION,19,10,October,2012,6,Friday,19,42,0,15,6,0,40.76331944,-82.49599167,14,3,0,0,0,1,0
390912,OHIO,OH,1,1,0,0,1,1,155,0,IRWIN,11,12,December,2012,3,Tuesday,22,25,0,4,3,96,41.16942222,-80.52560833,34,2,0,0,0,1,1
390913,OHIO,OH,1,1,1,1,1,1,113,0,COTTONTON,12,12,December,2012,4,Wednesday,18,33,1,13,3,60,39.67269722,-84.22203056,8,2,0,0,0,1,0
390914,OHIO,OH,2,2,0,0,4,4,89,0,BROWNSBORO,12,12,December,2012,4,Wednesday,4,55,1,2,3,123,40.08327222,-82.60896944,12,2,0,0,0,1,0