ST_CASE,State Name,State Abbreviation,# of Vehicle involved,Parked_Vehicles_Involved,Pedestrains,Person_Not_in_Motor_Vehicle,Persons_in_motor_vehicle,Total_Persons_in_accident,COUNTY,CITY,City_County_Name,Calendar_DAY,MONTH,Month_name,YEAR,DAY_WEEK,Day_Week_desc,HOUR,MINUTE,NHS_Desc,trafficway,Route,MILEPT,LATITUDE,LONGITUD,First_Crash_event,Light_cond_desc,Weather_condition,School_bus_involved,Crash_cause,FATALS,DRUNK_DR
400163,OKLAHOMA,OK,2,2,0,0,3,3,17,3550,CHAMBERS,22,4,April,2012,1,Sunday,1,57,0,16,6,0,35.46436111,-97.72471667,12,3,0,0,0,1,0
400164,OKLAHOMA,OK,2,2,0,0,2,2,17,3320,CHAMBERS,23,4,April,2012,2,Monday,12,19,0,13,3,95,35.39162778,-97.76835833,12,1,0,0,0,1,0
400165,OKLAHOMA,OK,2,2,0,0,7,7,109,3550,ANSLEY,14,3,March,2012,4,Wednesday,14,33,0,16,6,0,35.40708333,-97.54793056,12,1,0,0,0,1,0
400166,OKLAHOMA,OK,1,1,0,0,2,2,99,0,BEATRICE,15,4,April,2012,1,Sunday,5,14,1,1,1,84,34.48864722,-97.16136111,1,2,0,0,0,1,1
400167,OKLAHOMA,OK,1,1,0,0,1,1,111,0,GRAHAM,24,4,April,2012,3,Tuesday,23,44,1,11,1,42,35.43343333,-96.01362778,42,3,0,0,0,1,0
400168,OKLAHOMA,OK,1,1,0,0,1,1,11,0,BULLOCK,26,4,April,2012,5,Thursday,20,29,0,6,4,0,35.78594444,-98.31320833,1,2,0,0,0,1,1
400169,OKLAHOMA,OK,1,1,0,0,1,1,125,4300,BROOKWOOD,24,3,March,2012,7,Saturday,16,1,0,16,6,0,35.33870833,-96.91346111,1,1,0,0,0,1,0
400170,OKLAHOMA,OK,1,1,0,0,1,1,143,4780,CANEHILL,7,4,April,2012,7,Saturday,3,29,1,11,1,125,36.16177778,-95.88344722,59,3,0,0,0,1,1
400171,OKLAHOMA,OK,2,1,0,1,2,3,85,0,BENTON,10,4,April,2012,3,Tuesday,5,13,1,1,1,40,33.77708889,-97.13473333,14,2,0,0,0,1,0
400172,OKLAHOMA,OK,1,1,0,0,2,2,143,0,CANEHILL,15,4,April,2012,1,Sunday,18,28,1,2,8,2,36.00890556,-96.02512778,1,1,0,0,0,1,0
400173,OKLAHOMA,OK,1,1,0,0,1,1,27,3430,ASHLAND,18,4,April,2012,4,Wednesday,10,6,1,11,1,67,35.28114722,-97.48422222,1,1,0,0,0,1,0
400174,OKLAHOMA,OK,2,2,0,0,2,2,23,0,BLADON SPRINGS,19,4,April,2012,5,Thursday,20,22,1,2,2,101,34.02402778,-95.76400833,12,2,0,0,0,1,0
400175,OKLAHOMA,OK,2,2,0,0,2,2,101,3310,BOYLSTON,26,4,April,2012,5,Thursday,21,45,1,13,2,16,35.77832500,-95.40243611,12,2,0,0,0,1,0
400176,OKLAHOMA,OK,1,1,0,0,3,3,115,0,ASHVILLE,2,5,May,2012,4,Wednesday,2,8,1,1,1,13,36.70680833,-94.97836389,11,2,0,0,0,1,0
400177,OKLAHOMA,OK,2,2,0,0,4,4,35,0,BROOKLYN,22,4,April,2012,1,Sunday,9,40,0,6,4,0,36.58272222,-95.02370833,12,1,0,0,0,1,0
400178,OKLAHOMA,OK,1,1,0,0,3,3,111,0,GRAHAM,9,3,March,2012,6,Friday,16,55,0,6,4,0,35.82356389,-96.08617222,1,1,0,0,0,1,0
400179,OKLAHOMA,OK,1,1,1,1,4,4,135,3290,ASH FLAT,15,3,March,2012,5,Thursday,20,40,0,4,2,146,35.40536944,-94.55766944,8,2,0,0,0,1,0
400180,OKLAHOMA,OK,2,2,0,0,2,2,71,3800,BRIDGEPORT,27,3,March,2012,3,Tuesday,12,21,1,13,2,37,36.73398056,-97.06723056,12,1,0,0,0,1,0
400181,OKLAHOMA,OK,2,2,0,0,2,2,27,3430,ASHLAND,20,2,February,2012,2,Monday,18,29,0,3,3,85,35.18936389,-97.26940000,12,5,0,0,0,1,0
400182,OKLAHOMA,OK,1,1,0,0,1,1,145,0,BALD KNOB,22,4,April,2012,1,Sunday,16,49,0,6,4,0,36.06068889,-95.59016111,1,1,0,0,0,1,1
400183,OKLAHOMA,OK,1,1,1,1,2,2,89,0,BROWNSBORO,29,4,April,2012,1,Sunday,3,2,1,2,2,29,33.95719167,-94.75540556,8,2,0,0,0,1,0
400184,OKLAHOMA,OK,2,2,0,0,3,3,1,0,AUTAUGA,3,5,May,2012,5,Thursday,20,27,1,2,2,51,35.89948611,-94.62993333,12,2,0,0,0,1,0
400185,OKLAHOMA,OK,2,2,0,0,4,4,153,0,BONAIRE,6,5,May,2012,1,Sunday,15,39,0,6,4,0,36.34804444,-99.31782778,12,1,0,0,0,1,1
400186,OKLAHOMA,OK,3,1,0,0,1,1,95,3470,ALBERTVILLE,1,5,May,2012,3,Tuesday,20,20,0,6,6,0,34.09883056,-96.79248889,42,5,0,0,0,1,1
400187,OKLAHOMA,OK,1,1,0,0,1,1,119,0,BELLAMY,9,4,April,2012,2,Monday,13,3,0,4,3,60,36.20431944,-96.92560000,32,1,0,0,0,1,0
400188,OKLAHOMA,OK,1,1,0,0,1,1,83,0,ARDMORE,2,5,May,2012,4,Wednesday,17,38,0,3,3,4,35.84224722,-97.66713889,38,1,0,0,0,1,0
400189,OKLAHOMA,OK,1,1,0,0,1,1,125,0,BROOKWOOD,5,5,May,2012,7,Saturday,21,10,0,6,4,0,35.39534167,-96.96511944,59,2,0,0,0,1,0
400190,OKLAHOMA,OK,1,1,0,0,1,1,127,0,BURNWELL,28,4,April,2012,7,Saturday,10,0,0,4,3,124,34.38914444,-95.60267222,35,1,0,0,0,1,0
400191,OKLAHOMA,OK,1,1,0,0,1,1,17,0,CHAMBERS,5,5,May,2012,7,Saturday,7,9,0,4,4,0,35.53696944,-98.06988889,31,2,0,0,0,1,1
400192,OKLAHOMA,OK,1,1,0,0,1,1,63,0,BOLIGEE,7,5,May,2012,2,Monday,23,6,0,4,4,0,35.10571667,-96.35331111,1,2,0,0,0,1,1
400193,OKLAHOMA,OK,2,2,0,0,3,3,131,0,ARLINGTON,6,5,May,2012,1,Sunday,17,52,1,2,2,149,36.56538889,-95.68249722,12,1,0,0,0,1,0
400194,OKLAHOMA,OK,2,2,0,0,3,3,27,3550,ASHLAND,12,5,May,2012,7,Saturday,15,48,1,11,1,134,35.37698611,-97.49490833,12,1,0,0,0,1,0
400195,OKLAHOMA,OK,1,1,0,0,2,2,109,3550,ANSLEY,14,5,May,2012,2,Monday,12,16,1,11,1,22,35.46035833,-97.63267778,1,1,0,0,0,1,0
400196,OKLAHOMA,OK,1,1,0,0,4,4,89,0,BROWNSBORO,15,4,April,2012,1,Sunday,4,0,1,2,2,152,33.84611944,-94.82648333,35,2,0,0,0,1,0
400197,OKLAHOMA,OK,1,1,0,0,1,1,143,4780,CANEHILL,18,5,May,2012,6,Friday,22,47,1,11,1,126,36.16201111,-95.88077778,52,3,0,0,0,1,1
400198,OKLAHOMA,OK,1,1,0,0,1,1,11,0,BULLOCK,28,4,April,2012,7,Saturday,17,29,0,6,4,0,35.72815278,-98.41942500,32,1,0,0,0,1,0
400199,OKLAHOMA,OK,2,2,0,0,2,2,23,4208,BLADON SPRINGS,1,5,May,2012,3,Tuesday,7,45,1,2,2,0,34.02520278,-95.34779167,12,1,0,0,0,1,0
400200,OKLAHOMA,OK,1,1,1,1,1,1,29,1040,BORDEN SPRINGS,2,5,May,2012,4,Wednesday,5,56,0,4,3,0,34.54164722,-96.21768889,15,2,0,0,0,1,0
400201,OKLAHOMA,OK,1,1,0,0,1,1,119,4460,BELLAMY,2,5,May,2012,4,Wednesday,13,55,0,14,6,0,36.13050278,-97.03585000,33,1,0,0,0,1,0
400202,OKLAHOMA,OK,1,1,0,0,1,1,79,0,COURTLAND,17,5,May,2012,5,Thursday,9,41,0,6,4,0,35.11192778,-94.70141111,42,1,0,0,0,1,0
400203,OKLAHOMA,OK,1,1,0,0,1,1,145,0,BALD KNOB,24,4,April,2012,3,Tuesday,16,10,0,4,3,139,35.85612778,-95.48020556,1,1,0,0,0,1,0
400204,OKLAHOMA,OK,1,1,1,1,1,1,47,1550,BROWNS,15,4,April,2012,1,Sunday,22,48,1,13,2,104,36.39076667,-97.91672500,8,3,0,0,0,1,0
400205,OKLAHOMA,OK,2,2,0,0,2,2,109,2080,ANSLEY,17,4,April,2012,3,Tuesday,16,28,0,16,6,0,35.49301667,-97.17356111,12,1,0,0,0,1,0
400206,OKLAHOMA,OK,1,1,0,0,1,1,109,3550,ANSLEY,10,4,April,2012,3,Tuesday,10,11,0,16,6,0,35.50842778,-97.42569722,5,1,0,0,0,1,0
400207,OKLAHOMA,OK,2,2,0,0,4,4,9,1510,BLOUNT,4,5,May,2012,6,Friday,23,0,0,16,6,0,35.39287222,-99.41733889,12,3,0,0,0,1,1
400208,OKLAHOMA,OK,2,2,0,0,3,3,131,870,ARLINGTON,8,5,May,2012,3,Tuesday,17,11,0,4,3,26,36.20008611,-95.75842222,12,1,0,0,0,1,1
400209,OKLAHOMA,OK,1,1,0,0,1,1,41,0,BRANTLEY,19,5,May,2012,7,Saturday,21,22,0,4,3,21,36.47066944,-94.97420278,32,2,0,0,0,1,1
400210,OKLAHOMA,OK,1,1,0,0,1,1,97,0,AXIS,22,5,May,2012,3,Tuesday,14,21,0,4,3,55,36.45076111,-95.17980000,42,1,0,0,0,1,0
400211,OKLAHOMA,OK,1,1,0,0,1,1,79,0,COURTLAND,23,5,May,2012,4,Wednesday,13,50,0,4,3,192,34.71324444,-94.66883611,24,1,0,0,0,1,0
400212,OKLAHOMA,OK,1,1,0,0,1,1,71,0,BRIDGEPORT,26,5,May,2012,7,Saturday,6,20,0,6,4,0,36.92686389,-97.12968333,1,2,0,0,0,1,1
400213,OKLAHOMA,OK,1,1,0,0,1,1,39,0,ANDALUSIA,26,5,May,2012,7,Saturday,10,24,1,11,1,114,35.52099722,-98.71819444,1,1,0,0,0,1,0
400214,OKLAHOMA,OK,1,1,0,0,1,1,23,0,BLADON SPRINGS,27,5,May,2012,1,Sunday,3,10,0,6,4,0,33.93471389,-95.50566389,35,2,0,0,0,1,1
400215,OKLAHOMA,OK,2,2,0,0,2,2,109,3550,ANSLEY,12,4,April,2012,5,Thursday,9,32,1,1,1,142,35.39563889,-97.32549722,12,1,0,0,0,1,0
400216,OKLAHOMA,OK,3,3,0,0,3,3,109,3550,ANSLEY,28,4,April,2012,7,Saturday,16,49,0,16,6,0,35.60834167,-97.44285000,12,1,0,0,0,1,0
400217,OKLAHOMA,OK,1,1,1,1,2,2,109,3550,ANSLEY,9,5,May,2012,4,Wednesday,21,20,0,16,6,0,35.40636111,-97.50792778,8,3,0,0,0,1,0
400218,OKLAHOMA,OK,2,2,0,0,3,3,41,0,BRANTLEY,2,4,April,2012,2,Monday,16,42,0,4,3,59,36.41631667,-94.69322778,12,1,0,0,0,1,0
400219,OKLAHOMA,OK,2,2,0,0,3,3,53,0,ATMORE,15,5,May,2012,3,Tuesday,13,30,0,4,3,58,36.73778056,-98.03770833,12,1,0,0,0,1,0
400220,OKLAHOMA,OK,2,2,0,0,2,2,125,0,BROOKWOOD,19,5,May,2012,7,Saturday,10,6,0,4,3,69,35.33306389,-96.78982500,12,1,0,0,0,1,0
400221,OKLAHOMA,OK,2,2,0,0,2,2,125,0,BROOKWOOD,13,4,April,2012,6,Friday,6,25,0,3,2,24,35.41901944,-97.00060000,12,2,0,0,0,1,0
400222,OKLAHOMA,OK,2,2,0,0,4,4,111,3560,GRAHAM,22,4,April,2012,1,Sunday,13,55,1,13,2,31,35.65352500,-95.96187222,12,1,0,0,0,1,0
400223,OKLAHOMA,OK,1,1,0,0,4,4,89,0,BROWNSBORO,6,5,May,2012,1,Sunday,3,30,1,2,2,23,34.06036667,-94.73917500,24,2,0,0,0,1,1
400224,OKLAHOMA,OK,1,1,0,0,1,1,91,0,DAYTON,23,5,May,2012,4,Wednesday,19,40,0,6,4,0,35.34821667,-95.42991667,1,1,0,0,0,1,1
400225,OKLAHOMA,OK,1,1,0,0,1,1,97,0,AXIS,26,5,May,2012,7,Saturday,4,39,0,6,4,0,36.31746111,-95.13955833,42,2,0,0,0,1,1
400226,OKLAHOMA,OK,1,1,0,0,1,1,75,0,BEAVERTON,26,5,May,2012,7,Saturday,14,0,0,3,3,16,34.87805278,-99.29365278,25,1,0,0,0,1,0
400227,OKLAHOMA,OK,1,1,1,1,1,1,13,0,BOLLING,2,5,May,2012,4,Wednesday,0,2,0,4,3,30,33.85296667,-96.55538056,8,2,0,0,0,1,1
400228,OKLAHOMA,OK,1,1,1,1,1,1,109,3550,ANSLEY,6,5,May,2012,1,Sunday,0,48,0,16,6,0,35.40811944,-97.50794167,8,3,0,0,0,1,0
400229,OKLAHOMA,OK,2,2,1,1,3,3,65,0,CYPRESS,9,5,May,2012,4,Wednesday,17,30,0,4,3,15,34.50723056,-99.30716944,12,1,0,0,0,1,0
400230,OKLAHOMA,OK,2,2,0,0,5,5,125,0,BROOKWOOD,16,5,May,2012,4,Wednesday,3,6,0,3,2,19,35.42716667,-96.66567222,12,2,0,0,0,1,0
400231,OKLAHOMA,OK,1,1,0,0,1,1,111,0,GRAHAM,18,5,May,2012,6,Friday,15,25,0,4,4,0,35.59399722,-96.01523611,17,1,0,0,0,1,0
400232,OKLAHOMA,OK,1,1,0,0,1,1,29,0,BORDEN SPRINGS,21,5,May,2012,2,Monday,12,0,1,2,2,78,34.68663889,-96.26440833,38,1,0,0,0,1,1
400233,OKLAHOMA,OK,1,1,0,0,1,1,143,4780,CANEHILL,24,5,May,2012,5,Thursday,21,0,1,13,2,136,36.15673611,-96.02705000,34,3,0,0,0,1,0
400234,OKLAHOMA,OK,1,1,0,0,1,1,51,0,CENTRAL,25,5,May,2012,6,Friday,16,51,1,1,1,248,35.15130833,-97.80386667,24,1,0,0,0,1,0
400235,OKLAHOMA,OK,1,1,0,0,1,1,129,0,BIGBEE,25,5,May,2012,6,Friday,23,29,0,3,2,59,35.69329167,-99.69325556,43,2,0,0,0,1,1
400236,OKLAHOMA,OK,2,2,0,0,3,3,19,0,CEDAR BLUFF,28,5,May,2012,2,Monday,16,28,0,4,3,0,34.07118889,-97.42204444,12,1,0,0,0,1,1
400237,OKLAHOMA,OK,2,2,0,0,5,5,53,0,ATMORE,28,5,May,2012,2,Monday,18,20,0,3,3,161,36.81082222,-97.81913056,1,1,0,0,0,2,1
400238,OKLAHOMA,OK,2,2,0,0,4,4,109,3550,ANSLEY,22,5,May,2012,3,Tuesday,2,42,0,16,6,0,35.47867778,-97.43956111,12,2,0,0,0,1,2
400239,OKLAHOMA,OK,1,1,0,0,2,2,143,4780,CANEHILL,2,6,June,2012,7,Saturday,2,32,0,16,6,0,35.99488611,-95.93586389,1,3,0,0,0,2,1
400240,OKLAHOMA,OK,1,1,0,0,4,4,13,0,BOLLING,25,5,May,2012,6,Friday,2,0,0,6,4,0,33.96857222,-96.35558333,42,2,0,0,0,1,1
400241,OKLAHOMA,OK,1,1,0,0,1,1,129,0,BIGBEE,5,6,June,2012,3,Tuesday,18,52,0,3,2,104,35.75358611,-99.71114722,43,1,0,0,0,1,0
400242,OKLAHOMA,OK,1,1,0,0,6,6,9,0,BLOUNT,7,6,June,2012,5,Thursday,2,30,1,1,1,20,35.33939722,-99.59103611,34,2,0,0,0,1,0
400243,OKLAHOMA,OK,1,1,0,0,1,1,21,0,CHILTON,27,5,May,2012,1,Sunday,21,6,0,4,3,104,36.01985278,-95.04007500,42,2,0,0,0,1,0
400244,OKLAHOMA,OK,1,1,0,0,1,1,17,1540,CHAMBERS,3,6,June,2012,1,Sunday,7,23,1,11,1,189,35.51045833,-97.98186667,52,1,0,0,0,1,1
400245,OKLAHOMA,OK,1,1,1,1,1,1,31,2750,COFFEE,10,4,April,2012,3,Tuesday,4,31,1,12,2,34,34.63794167,-98.45381111,8,2,0,0,0,1,0
400246,OKLAHOMA,OK,1,1,0,0,2,2,111,0,GRAHAM,17,5,May,2012,5,Thursday,16,4,0,4,4,0,35.53354722,-96.03466389,1,1,0,0,0,1,0
400247,OKLAHOMA,OK,2,2,0,0,3,3,133,0,ARLEY,11,6,June,2012,2,Monday,7,51,0,4,3,88,35.08720833,-96.75792778,12,1,0,0,0,1,0
400248,OKLAHOMA,OK,1,1,1,1,1,1,89,0,BROWNSBORO,3,6,June,2012,1,Sunday,4,0,0,6,4,0,34.02181667,-94.70481667,8,2,0,0,0,1,0
400249,OKLAHOMA,OK,1,1,0,0,3,3,3,0,BALDWIN,11,6,June,2012,2,Monday,23,5,0,6,4,0,36.55000278,-98.28344722,34,2,0,0,0,1,0
400250,OKLAHOMA,OK,1,1,0,0,1,1,143,4780,CANEHILL,13,6,June,2012,4,Wednesday,19,53,0,16,6,0,36.16693889,-95.97563611,38,6,0,0,0,1,0
400251,OKLAHOMA,OK,2,2,0,0,3,3,119,4460,BELLAMY,4,5,May,2012,6,Friday,13,24,1,13,2,15,36.13838889,-97.05158889,12,1,0,0,0,1,0
400252,OKLAHOMA,OK,2,2,0,0,2,2,151,130,FLIPPEN,15,5,May,2012,3,Tuesday,0,10,1,13,2,129,36.79754167,-98.64914167,12,3,0,0,0,1,0
400253,OKLAHOMA,OK,2,2,0,0,2,2,143,590,CANEHILL,17,5,May,2012,5,Thursday,17,15,0,16,6,0,36.08016389,-95.79739444,12,1,0,0,0,2,0
400254,OKLAHOMA,OK,2,2,0,0,2,2,145,4910,BALD KNOB,17,4,April,2012,3,Tuesday,21,28,1,13,2,93,35.94486389,-95.39519444,12,3,0,0,0,1,0
400255,OKLAHOMA,OK,1,1,1,1,1,1,107,0,CARROLLTON,16,6,June,2012,7,Saturday,0,8,0,4,3,7,35.48198056,-96.38834722,8,2,0,0,0,1,0
400256,OKLAHOMA,OK,2,2,0,0,2,2,109,3550,ANSLEY,14,6,June,2012,5,Thursday,7,53,0,16,6,0,35.51720833,-97.51214722,12,1,0,0,0,1,0
400257,OKLAHOMA,OK,1,1,0,0,1,1,13,0,BOLLING,20,5,May,2012,1,Sunday,4,20,0,4,3,181,33.86301667,-96.37376944,32,2,0,0,0,1,1
400258,OKLAHOMA,OK,2,2,0,0,2,2,151,0,FLIPPEN,11,6,June,2012,2,Monday,5,10,0,3,2,35,36.79776667,-98.81847500,12,2,0,0,0,1,0
400259,OKLAHOMA,OK,2,2,0,0,2,2,31,3123,COFFEE,15,6,June,2012,6,Friday,10,10,0,4,3,10,34.73610556,-98.47243889,12,1,0,0,0,1,0
400260,OKLAHOMA,OK,1,1,0,0,1,1,15,0,ANNISTON,17,6,June,2012,1,Sunday,2,2,0,3,2,45,35.04124444,-98.28387222,53,2,0,0,0,1,1
400261,OKLAHOMA,OK,2,2,0,0,6,6,39,0,ANDALUSIA,1,6,June,2012,6,Friday,14,15,1,11,1,94,35.49676389,-98.98836667,12,1,0,0,0,1,0
400262,OKLAHOMA,OK,1,1,0,0,2,2,87,3870,ARMSTRONG,9,6,June,2012,7,Saturday,10,28,1,1,1,178,35.09333333,-97.42126944,57,1,0,0,0,1,0
400263,OKLAHOMA,OK,1,1,0,0,1,1,59,0,FRANKLIN,10,6,June,2012,1,Sunday,0,15,0,3,2,193,36.82716111,-99.67175000,31,2,0,0,0,1,0
400264,OKLAHOMA,OK,1,1,0,0,1,1,109,3170,ANSLEY,8,4,April,2012,1,Sunday,23,2,1,11,1,41,35.43734444,-97.41245556,25,3,0,0,0,1,1
400265,OKLAHOMA,OK,1,1,0,0,3,3,101,0,BOYLSTON,3,6,June,2012,1,Sunday,17,38,1,2,8,183,35.70685278,-95.30963056,1,1,0,0,0,1,0
400266,OKLAHOMA,OK,1,1,0,0,1,1,125,0,BROOKWOOD,23,6,June,2012,7,Saturday,0,49,0,4,4,0,34.93938611,-97.03654444,35,2,0,0,0,1,1
400267,OKLAHOMA,OK,1,1,0,0,2,2,81,0,AUBURN,26,6,June,2012,3,Tuesday,20,47,0,4,2,38,35.49982500,-97.07773056,1,5,0,0,0,1,1
400268,OKLAHOMA,OK,1,1,0,0,1,1,143,0,CANEHILL,20,5,May,2012,1,Sunday,13,43,0,6,4,0,36.29304444,-95.95925278,34,1,0,0,0,1,0
400269,OKLAHOMA,OK,1,1,0,0,4,4,139,0,CALION,14,6,June,2012,5,Thursday,14,25,1,2,2,87,36.94433333,-101.08339722,1,1,0,0,0,1,0
400270,OKLAHOMA,OK,1,1,0,0,1,1,41,0,BRANTLEY,20,6,June,2012,4,Wednesday,0,45,0,4,3,96,36.49819722,-94.83172500,1,2,0,0,0,1,1
400271,OKLAHOMA,OK,1,1,0,0,1,1,61,0,BELLWOOD,25,6,June,2012,2,Monday,9,31,0,4,3,39,35.28371944,-95.37202222,58,1,0,0,0,1,0
400272,OKLAHOMA,OK,1,1,0,0,1,1,35,0,BROOKLYN,2,6,June,2012,7,Saturday,10,0,1,1,1,35,36.54708611,-95.22868056,38,1,0,0,0,1,0
400273,OKLAHOMA,OK,2,2,0,0,8,8,143,4780,CANEHILL,3,6,June,2012,1,Sunday,21,5,1,11,1,110,36.16280000,-95.90908889,12,3,0,0,0,1,1
400274,OKLAHOMA,OK,3,3,0,0,3,3,145,590,BALD KNOB,29,5,May,2012,3,Tuesday,12,9,1,13,3,35,36.02152500,-95.71596667,12,1,0,0,0,1,0
400275,OKLAHOMA,OK,3,3,0,0,6,6,47,1550,BROWNS,22,5,May,2012,3,Tuesday,7,40,1,13,2,7,36.39087500,-97.87831111,12,1,0,0,0,1,0
400276,OKLAHOMA,OK,2,2,0,0,3,3,15,0,ANNISTON,30,5,May,2012,4,Wednesday,8,10,1,1,1,54,35.53002778,-98.52869722,12,1,0,0,0,1,0
400277,OKLAHOMA,OK,2,2,0,0,2,2,41,0,BRANTLEY,14,6,June,2012,5,Thursday,16,30,0,4,3,55,36.63079722,-94.71040556,12,1,0,0,0,1,0
400278,OKLAHOMA,OK,2,2,0,0,3,3,35,0,BROOKLYN,25,6,June,2012,2,Monday,15,24,1,11,1,112,36.62773889,-95.13966389,12,1,0,0,0,1,0
400279,OKLAHOMA,OK,2,2,0,0,3,3,143,4780,CANEHILL,26,6,June,2012,3,Tuesday,17,5,0,16,6,0,36.13346944,-95.77959722,12,1,0,0,0,1,1
400280,OKLAHOMA,OK,1,1,0,0,2,2,41,0,BRANTLEY,30,6,June,2012,7,Saturday,20,54,0,6,4,0,36.51913333,-94.94534167,42,2,0,0,0,1,1
400281,OKLAHOMA,OK,2,2,0,0,3,3,41,0,BRANTLEY,9,6,June,2012,7,Saturday,14,35,0,4,3,23,36.59793889,-94.72826667,12,1,0,0,0,1,0
400282,OKLAHOMA,OK,1,1,0,0,1,1,15,0,ANNISTON,20,6,June,2012,4,Wednesday,6,47,0,4,4,0,35.28342778,-98.34194167,32,2,0,0,0,1,0
400283,OKLAHOMA,OK,1,1,0,0,1,1,51,0,CENTRAL,23,6,June,2012,7,Saturday,0,29,0,4,2,29,34.80492500,-97.96666389,33,2,0,0,0,1,1
400284,OKLAHOMA,OK,1,1,0,0,3,3,63,0,BOLIGEE,29,6,June,2012,6,Friday,5,46,0,3,2,117,34.93148056,-96.24838611,1,2,0,0,0,2,0
400285,OKLAHOMA,OK,2,2,0,0,2,2,39,1030,ANDALUSIA,15,5,May,2012,3,Tuesday,18,30,0,4,3,36,35.51445000,-98.94099444,12,1,0,0,0,1,0
400286,OKLAHOMA,OK,1,1,0,0,1,1,79,2150,COURTLAND,17,6,June,2012,1,Sunday,18,12,0,6,6,0,34.88296944,-94.59333056,42,1,0,0,0,1,1
400287,OKLAHOMA,OK,2,2,0,0,3,3,109,3550,ANSLEY,18,6,June,2012,2,Monday,21,14,0,16,6,0,35.49321389,-97.44162222,12,5,0,0,0,1,1
400288,OKLAHOMA,OK,1,1,0,0,1,1,63,0,BOLIGEE,1,7,July,2012,1,Sunday,6,22,0,6,4,0,35.04316389,-96.41839444,32,2,0,0,0,1,1
400289,OKLAHOMA,OK,1,1,0,0,1,1,47,0,BROWNS,6,7,July,2012,6,Friday,19,48,0,4,3,35,36.58551667,-97.58648889,1,1,0,0,0,1,0
400290,OKLAHOMA,OK,2,2,0,0,2,2,71,0,BRIDGEPORT,13,6,June,2012,4,Wednesday,16,33,0,6,4,0,36.78225833,-97.17489444,12,1,0,0,0,1,1
400291,OKLAHOMA,OK,1,1,0,0,1,1,51,4800,CENTRAL,26,4,April,2012,5,Thursday,22,20,0,6,6,0,35.31986111,-97.77146944,1,2,0,0,0,1,0
400292,OKLAHOMA,OK,2,2,0,0,2,2,147,1340,AUGUSTA,5,7,July,2012,5,Thursday,17,33,1,13,2,45,36.79366667,-95.93556667,12,1,0,0,0,1,1
400293,OKLAHOMA,OK,1,1,0,0,4,4,99,0,BEATRICE,27,6,June,2012,4,Wednesday,20,7,0,4,3,32,34.55021111,-96.84483333,31,1,0,0,0,1,1
400294,OKLAHOMA,OK,4,4,1,1,6,6,143,4170,CANEHILL,11,7,July,2012,4,Wednesday,16,23,0,15,3,3,36.12379444,-96.11610833,12,1,0,0,0,1,0
400295,OKLAHOMA,OK,2,2,0,0,8,8,51,4120,CENTRAL,4,6,June,2012,2,Monday,19,3,1,2,2,71,34.78245278,-97.96628889,33,1,0,0,0,2,0
400296,OKLAHOMA,OK,1,1,0,0,1,1,13,0,BOLLING,23,6,June,2012,7,Saturday,19,49,0,6,4,0,33.79479444,-96.44686389,35,1,0,0,0,1,1
400297,OKLAHOMA,OK,1,1,0,0,2,2,5,0,BAKER HILL,2,7,July,2012,2,Monday,12,45,0,6,4,0,34.56030000,-95.77673333,1,1,0,0,0,1,0
400298,OKLAHOMA,OK,2,2,0,0,3,3,27,3550,ASHLAND,3,7,July,2012,3,Tuesday,19,10,0,4,3,50,35.33435833,-97.42467222,12,1,0,0,0,2,0
400299,OKLAHOMA,OK,1,1,0,0,2,2,89,0,BROWNSBORO,12,7,July,2012,5,Thursday,20,40,0,6,4,0,33.82438611,-94.62650000,1,2,0,0,0,1,1
400300,OKLAHOMA,OK,2,2,0,0,3,3,59,0,FRANKLIN,6,7,July,2012,6,Friday,16,39,0,3,2,67,36.81213056,-99.89166667,12,1,0,0,0,1,0
400301,OKLAHOMA,OK,1,1,0,0,1,1,117,0,BIRMINGHAM,7,7,July,2012,7,Saturday,10,2,0,3,2,110,36.24970000,-96.41697500,35,1,0,0,0,1,0
400302,OKLAHOMA,OK,1,1,0,0,3,3,19,0,CEDAR BLUFF,1,7,July,2012,1,Sunday,13,46,1,1,1,27,34.10990833,-97.15206111,1,1,0,0,0,2,0
400303,OKLAHOMA,OK,2,2,0,0,2,2,101,0,BOYLSTON,6,7,July,2012,6,Friday,15,43,0,4,2,120,35.73482222,-95.64216111,12,1,0,0,0,2,1
400304,OKLAHOMA,OK,1,1,0,0,2,2,1,0,AUTAUGA,8,7,July,2012,1,Sunday,11,4,1,2,2,97,35.76517778,-94.62782222,42,1,0,0,0,1,0
400305,OKLAHOMA,OK,1,1,1,1,2,2,43,0,BAILEYTON,11,7,July,2012,4,Wednesday,22,13,0,4,2,142,36.14416944,-99.04633611,8,2,0,0,0,1,0
400306,OKLAHOMA,OK,1,1,0,0,1,1,135,0,ASH FLAT,20,7,July,2012,6,Friday,13,40,0,6,4,0,35.34698611,-94.51338611,34,1,0,0,0,1,1
400307,OKLAHOMA,OK,1,1,0,0,1,1,61,0,BELLWOOD,20,7,July,2012,6,Friday,20,36,0,3,3,43,35.25359722,-95.16110278,42,5,0,0,0,1,1
400308,OKLAHOMA,OK,1,1,0,0,2,2,75,0,BEAVERTON,30,6,June,2012,7,Saturday,11,1,0,3,3,52,35.08995278,-98.77895833,1,1,0,0,0,1,0
400309,OKLAHOMA,OK,1,1,0,0,1,1,37,0,BRADFORD,6,7,July,2012,6,Friday,22,28,0,4,4,0,35.89208333,-96.10393333,34,2,0,0,0,1,1
400310,OKLAHOMA,OK,1,1,0,0,1,1,109,3550,ANSLEY,7,7,July,2012,7,Saturday,3,24,0,14,6,0,35.55616111,-97.49591389,42,2,0,0,0,1,0
400311,OKLAHOMA,OK,1,1,0,0,1,1,109,3550,ANSLEY,14,7,July,2012,7,Saturday,1,49,1,12,3,40,35.42305833,-97.62772500,1,2,0,0,0,1,1
400312,OKLAHOMA,OK,1,1,0,0,1,1,125,2950,BROOKWOOD,16,7,July,2012,2,Monday,0,0,1,1,1,26,35.38377500,-97.09522778,1,2,0,0,0,1,0
400313,OKLAHOMA,OK,1,1,0,0,1,1,143,4780,CANEHILL,17,7,July,2012,3,Tuesday,20,35,1,12,3,129,36.15853056,-96.03816111,32,3,0,0,0,1,0
400314,OKLAHOMA,OK,1,1,2,2,1,1,87,1877,ARMSTRONG,9,6,June,2012,7,Saturday,9,26,1,1,1,203,35.12183889,-97.44771111,8,1,0,0,0,2,0