ST_CASE,State Name,State Abbreviation,# of Vehicle involved,Parked_Vehicles_Involved,Pedestrains,Person_Not_in_Motor_Vehicle,Persons_in_motor_vehicle,Total_Persons_in_accident,COUNTY,CITY,City_County_Name,Calendar_DAY,MONTH,Month_name,YEAR,DAY_WEEK,Day_Week_desc,HOUR,MINUTE,NHS_Desc,trafficway,Route,MILEPT,LATITUDE,LONGITUD,First_Crash_event,Light_cond_desc,Weather_condition,School_bus_involved,Crash_cause,FATALS,DRUNK_DR
400315,OKLAHOMA,OK,2,1,0,1,7,8,111,0,GRAHAM,25,6,June,2012,2,Monday,12,35,1,11,1,70,35.43105833,-95.93113611,14,1,0,0,0,1,0
400316,OKLAHOMA,OK,1,1,1,1,1,1,137,0,ALCO,17,7,July,2012,3,Tuesday,3,45,1,2,2,91,34.62205000,-97.96700278,8,2,0,0,0,1,0
400317,OKLAHOMA,OK,2,2,0,0,3,3,139,0,CALION,12,7,July,2012,5,Thursday,16,5,0,6,4,0,36.80540000,-101.11573611,12,1,0,0,0,1,0
400318,OKLAHOMA,OK,2,2,0,0,2,2,47,1550,BROWNS,9,6,June,2012,7,Saturday,1,30,1,12,2,99,36.39065278,-97.92574722,12,3,0,0,0,1,1
400319,OKLAHOMA,OK,1,1,0,0,1,1,31,2750,COFFEE,30,6,June,2012,7,Saturday,2,17,0,16,6,0,34.60888889,-98.38136944,33,2,0,0,0,1,1
400320,OKLAHOMA,OK,1,1,0,0,2,2,83,0,ARDMORE,4,7,July,2012,4,Wednesday,12,7,0,16,6,0,35.73958333,-97.38936389,1,1,0,0,0,1,0
400321,OKLAHOMA,OK,1,1,0,0,1,1,121,0,BON AIR,14,7,July,2012,7,Saturday,0,52,1,2,2,163,35.21405556,-95.61331389,1,2,0,0,0,1,1
400322,OKLAHOMA,OK,3,3,0,0,4,4,143,4780,CANEHILL,20,7,July,2012,6,Friday,16,55,0,14,6,0,36.06621111,-95.86853611,12,1,0,0,0,1,1
400323,OKLAHOMA,OK,1,1,0,0,1,1,47,0,BROWNS,25,7,July,2012,4,Wednesday,7,0,0,6,4,0,36.47778333,-97.88135000,1,1,0,0,0,1,0
400324,OKLAHOMA,OK,1,1,0,0,2,2,109,0,ANSLEY,26,7,July,2012,5,Thursday,2,39,0,14,6,0,35.50747778,-97.34420278,53,2,0,0,0,1,1
400325,OKLAHOMA,OK,2,2,0,0,3,3,137,0,ALCO,4,7,July,2012,4,Wednesday,18,1,1,2,2,93,34.42142222,-97.97409444,12,1,0,0,0,1,1
400326,OKLAHOMA,OK,1,1,0,0,2,2,51,0,CENTRAL,15,7,July,2012,1,Sunday,11,2,0,4,3,165,34.87600000,-97.69912222,24,1,0,0,0,1,0
400327,OKLAHOMA,OK,1,1,0,0,1,1,111,0,GRAHAM,9,7,July,2012,2,Monday,11,10,0,4,2,48,35.60936389,-95.87649167,1,1,0,0,0,1,0
400329,OKLAHOMA,OK,1,1,0,0,1,1,143,4780,CANEHILL,17,7,July,2012,3,Tuesday,22,30,1,13,2,21,36.18418889,-95.96233611,42,3,0,0,0,1,1
400330,OKLAHOMA,OK,1,1,0,0,1,1,51,0,CENTRAL,23,7,July,2012,2,Monday,2,15,0,4,3,91,34.92677500,-97.81291389,1,2,0,0,0,1,1
400331,OKLAHOMA,OK,2,2,0,0,5,5,119,0,BELLAMY,1,8,August,2012,4,Wednesday,17,30,0,3,3,96,36.12388889,-96.76742500,12,1,0,0,0,1,0
400332,OKLAHOMA,OK,1,1,0,0,1,1,49,0,COLLINSVILLE,2,8,August,2012,5,Thursday,5,29,0,3,3,48,34.62311389,-97.48040278,42,2,0,0,0,1,0
400333,OKLAHOMA,OK,1,1,0,0,2,2,27,0,ASHLAND,29,7,July,2012,1,Sunday,15,14,1,2,2,31,35.04459444,-97.33556111,1,1,0,0,0,1,1
400334,OKLAHOMA,OK,1,1,0,0,1,1,41,0,BRANTLEY,7,7,July,2012,7,Saturday,21,58,0,4,4,0,36.53231111,-94.71593611,1,2,0,0,0,1,1
400335,OKLAHOMA,OK,1,1,0,0,1,1,37,0,BRADFORD,21,7,July,2012,7,Saturday,23,17,0,3,3,80,35.99155278,-96.39244444,32,2,0,0,0,1,1
400336,OKLAHOMA,OK,1,1,0,0,1,1,17,5290,CHAMBERS,6,8,August,2012,2,Monday,21,10,0,4,3,82,35.50780556,-97.79181944,23,2,0,0,0,1,0
400337,OKLAHOMA,OK,1,1,0,0,1,1,81,0,AUBURN,29,6,June,2012,6,Friday,15,29,1,2,3,8,35.47244444,-96.68082500,1,1,0,0,0,1,1
400338,OKLAHOMA,OK,1,1,0,0,1,1,133,0,ARLEY,25,7,July,2012,4,Wednesday,13,35,0,4,4,0,35.28973056,-96.73559722,38,1,0,0,0,1,1
400339,OKLAHOMA,OK,1,1,0,0,3,3,41,0,BRANTLEY,25,7,July,2012,4,Wednesday,19,12,0,6,4,0,36.20656667,-94.87433889,5,5,0,0,0,1,1
400340,OKLAHOMA,OK,1,1,0,0,1,1,113,0,COTTONTON,6,8,August,2012,2,Monday,22,23,0,4,3,9,36.56795556,-96.14774444,35,2,0,0,0,1,1
400341,OKLAHOMA,OK,2,2,0,0,3,3,143,4410,CANEHILL,1,7,July,2012,1,Sunday,2,11,0,3,3,118,36.26276111,-95.97368611,12,3,0,0,0,2,1
400342,OKLAHOMA,OK,2,2,0,0,2,2,147,300,AUGUSTA,3,6,June,2012,1,Sunday,17,17,1,13,2,27,36.76759167,-95.93546111,12,1,0,0,0,1,0
400343,OKLAHOMA,OK,2,2,0,0,4,4,37,0,BRADFORD,22,7,July,2012,1,Sunday,15,42,0,4,3,80,35.90197778,-96.54278056,12,1,0,0,0,2,0
400344,OKLAHOMA,OK,1,1,0,0,2,2,37,0,BRADFORD,27,7,July,2012,6,Friday,13,43,0,3,3,141,36.07866389,-96.38735833,53,1,0,0,0,1,0
400345,OKLAHOMA,OK,2,2,0,0,2,2,27,3220,ASHLAND,1,8,August,2012,4,Wednesday,21,0,0,16,6,0,35.31989167,-97.48525556,1,3,0,0,0,1,0
400346,OKLAHOMA,OK,1,1,0,0,1,1,35,0,BROOKLYN,4,8,August,2012,7,Saturday,5,25,0,4,2,19,36.87450000,-95.03337500,35,2,0,0,0,1,1
400347,OKLAHOMA,OK,1,1,0,0,2,2,149,0,BELLEVILLE,29,7,July,2012,1,Sunday,14,13,1,1,1,122,35.45000833,-99.16011111,59,1,0,0,0,1,0
400348,OKLAHOMA,OK,2,2,0,0,2,2,49,0,COLLINSVILLE,10,7,July,2012,3,Tuesday,7,27,0,3,3,137,34.79658333,-97.00881944,12,1,0,0,0,1,0
400349,OKLAHOMA,OK,1,1,0,0,2,2,49,0,COLLINSVILLE,2,8,August,2012,5,Thursday,0,18,0,4,4,0,34.70281944,-97.27226111,34,2,0,0,0,1,0
400351,OKLAHOMA,OK,1,1,0,0,1,1,109,3550,ANSLEY,29,7,July,2012,1,Sunday,2,36,0,14,6,0,35.58242500,-97.58486389,33,3,0,0,0,1,1
400352,OKLAHOMA,OK,1,1,0,0,1,1,111,320,GRAHAM,8,6,June,2012,6,Friday,12,54,0,4,3,7,35.74078333,-96.01799167,42,1,0,0,0,1,0
400353,OKLAHOMA,OK,1,1,0,0,2,2,125,4300,BROOKWOOD,16,6,June,2012,7,Saturday,8,38,1,11,1,124,35.38381667,-96.92585000,1,1,0,0,0,1,0
400354,OKLAHOMA,OK,2,2,0,0,2,2,143,590,CANEHILL,3,7,July,2012,3,Tuesday,17,15,0,16,6,0,36.01738056,-95.83223889,1,1,0,0,0,1,0
400355,OKLAHOMA,OK,2,2,0,0,2,2,65,0,CYPRESS,12,7,July,2012,5,Thursday,10,17,0,4,3,0,34.41275833,-99.73563333,12,1,0,0,0,1,0
400356,OKLAHOMA,OK,1,1,0,0,2,2,95,2970,ALBERTVILLE,10,8,August,2012,6,Friday,1,45,0,3,2,149,34.07096667,-96.79436667,1,3,0,0,0,1,1
400357,OKLAHOMA,OK,1,1,0,0,1,1,113,0,COTTONTON,13,8,August,2012,2,Monday,15,7,0,6,4,0,36.46882222,-96.07596667,1,1,0,0,0,1,0
400358,OKLAHOMA,OK,2,2,0,0,6,6,115,0,ASHVILLE,14,8,August,2012,3,Tuesday,19,28,0,15,4,0,36.84448333,-94.90191389,1,5,0,0,0,1,1
400359,OKLAHOMA,OK,1,1,0,0,1,1,17,3550,CHAMBERS,21,7,July,2012,7,Saturday,15,2,1,11,1,330,35.47666667,-97.74256111,5,1,0,0,0,1,0
400360,OKLAHOMA,OK,1,1,0,0,1,1,45,0,ARITON,1,8,August,2012,4,Wednesday,16,55,0,3,2,174,36.10656389,-99.75705000,42,1,0,0,0,1,0
400361,OKLAHOMA,OK,1,1,0,0,1,1,137,0,ALCO,19,8,August,2012,1,Sunday,21,21,0,15,4,0,34.47225278,-97.94750278,32,2,0,0,0,1,0
400362,OKLAHOMA,OK,2,2,0,0,3,3,119,0,BELLAMY,14,8,August,2012,3,Tuesday,19,9,0,3,2,2,35.94473611,-97.01755833,12,1,0,0,0,2,0
400363,OKLAHOMA,OK,2,2,0,0,2,2,49,0,COLLINSVILLE,15,8,August,2012,4,Wednesday,8,49,0,3,3,204,34.65170556,-97.22301389,12,1,0,0,0,1,0
400364,OKLAHOMA,OK,2,2,0,0,2,2,153,0,BONAIRE,15,8,August,2012,4,Wednesday,18,58,0,6,4,0,36.33268056,-99.38942500,12,1,0,0,0,1,0
400365,OKLAHOMA,OK,2,2,0,0,5,5,109,3550,ANSLEY,18,8,August,2012,7,Saturday,1,45,0,16,6,0,35.47877778,-97.67081389,12,3,0,0,0,2,2
400366,OKLAHOMA,OK,2,2,0,0,2,2,17,3550,CHAMBERS,8,8,August,2012,4,Wednesday,7,53,1,13,8,39,35.55714167,-97.68888333,12,1,0,0,0,1,0
400367,OKLAHOMA,OK,1,1,0,0,2,2,37,0,BRADFORD,10,8,August,2012,6,Friday,17,20,0,4,3,55,35.80150833,-96.53784167,1,1,0,0,0,1,1
400368,OKLAHOMA,OK,1,1,0,0,1,1,119,0,BELLAMY,20,8,August,2012,2,Monday,12,31,0,3,3,60,35.98567222,-96.82167500,31,1,0,0,0,1,1
400369,OKLAHOMA,OK,1,1,0,0,1,1,115,0,ASHVILLE,22,8,August,2012,4,Wednesday,19,24,1,1,1,229,36.92667778,-94.73842222,35,1,0,0,0,1,0
400370,OKLAHOMA,OK,1,1,1,1,1,1,109,3550,ANSLEY,26,8,August,2012,1,Sunday,0,58,1,11,1,36,35.44506944,-97.56977500,8,3,0,0,0,1,0
400371,OKLAHOMA,OK,2,2,0,0,2,2,37,0,BRADFORD,1,8,August,2012,4,Wednesday,7,16,0,3,3,99,36.01785556,-96.38712778,12,1,0,0,0,1,0
400372,OKLAHOMA,OK,1,1,1,1,1,1,73,0,ARGO,19,8,August,2012,1,Sunday,3,0,0,6,4,0,36.00055833,-97.87202222,8,2,0,0,0,1,0
400373,OKLAHOMA,OK,2,2,0,0,3,3,143,4780,CANEHILL,18,5,May,2012,6,Friday,18,15,0,16,6,0,36.14784722,-95.88663611,12,1,0,0,0,1,0
400374,OKLAHOMA,OK,15,15,0,0,19,19,9,0,BLOUNT,31,3,March,2012,7,Saturday,8,30,1,1,1,10,35.22866944,-99.98260556,12,1,0,0,0,2,1
400375,OKLAHOMA,OK,1,1,0,0,1,1,17,1540,CHAMBERS,13,6,June,2012,4,Wednesday,11,44,0,16,6,0,35.52261111,-97.90161944,10,1,0,0,0,1,0
400376,OKLAHOMA,OK,2,2,0,0,3,3,17,3780,CHAMBERS,9,6,June,2012,7,Saturday,11,35,0,4,6,0,35.65298611,-97.70961944,12,1,0,0,0,1,0
400377,OKLAHOMA,OK,1,1,1,1,2,2,109,3550,ANSLEY,7,7,July,2012,7,Saturday,22,26,0,16,6,0,35.54413889,-97.63016667,8,3,0,0,0,1,0
400378,OKLAHOMA,OK,3,3,0,0,7,7,109,3550,ANSLEY,17,8,August,2012,6,Friday,13,23,0,13,6,0,35.47151111,-97.65425278,12,1,0,0,0,1,0
400379,OKLAHOMA,OK,1,1,0,0,3,3,37,0,BRADFORD,2,8,August,2012,5,Thursday,15,48,0,6,4,0,36.03635833,-96.10118056,1,1,0,0,0,2,0
400380,OKLAHOMA,OK,1,1,0,0,1,1,109,3550,ANSLEY,10,8,August,2012,6,Friday,13,40,1,11,1,100,35.46227778,-97.49554444,18,1,0,0,0,1,0
400381,OKLAHOMA,OK,2,2,0,0,2,2,91,0,DAYTON,15,8,August,2012,4,Wednesday,2,44,1,1,1,187,35.45828333,-95.55062778,12,2,0,0,0,1,0
400382,OKLAHOMA,OK,1,1,0,0,1,1,67,0,ABBEVILLE,6,9,September,2012,5,Thursday,7,26,0,6,4,0,34.11480833,-98.01746667,38,4,0,0,0,1,0
400383,OKLAHOMA,OK,2,2,0,0,6,6,53,0,ATMORE,14,8,August,2012,3,Tuesday,14,25,0,4,3,10,36.82524167,-97.92987778,12,1,0,0,0,2,0
400384,OKLAHOMA,OK,1,1,0,0,1,1,109,3550,ANSLEY,25,8,August,2012,7,Saturday,2,4,0,14,6,0,35.66436944,-97.53173056,32,2,0,0,0,1,1
400385,OKLAHOMA,OK,1,1,0,0,1,1,129,0,BIGBEE,9,9,September,2012,1,Sunday,12,3,0,3,2,43,35.48293611,-99.66236111,1,1,0,0,0,1,1
400386,OKLAHOMA,OK,2,2,0,0,5,5,17,3320,CHAMBERS,12,8,August,2012,1,Sunday,13,16,0,13,3,141,35.39164444,-97.68541944,12,1,0,0,0,1,0
400387,OKLAHOMA,OK,2,2,0,0,3,3,109,3550,ANSLEY,13,8,August,2012,2,Monday,17,38,0,13,6,0,35.47219444,-97.52868056,12,1,0,0,0,1,0
400388,OKLAHOMA,OK,1,1,0,0,1,1,49,0,COLLINSVILLE,4,9,September,2012,3,Tuesday,1,36,1,1,1,185,34.75608056,-97.27941389,32,2,0,0,0,1,1
400389,OKLAHOMA,OK,2,2,0,0,2,2,51,960,CENTRAL,14,7,July,2012,7,Saturday,19,34,0,14,6,0,35.03907222,-97.94402222,12,1,0,0,0,1,0
400390,OKLAHOMA,OK,3,3,0,0,3,3,27,3430,ASHLAND,21,3,March,2012,4,Wednesday,19,52,1,11,1,32,35.23111111,-97.48542222,12,3,0,0,0,1,0
400391,OKLAHOMA,OK,1,1,0,0,1,1,83,2730,ARDMORE,21,7,July,2012,7,Saturday,4,4,0,4,4,0,35.94313611,-97.27024722,1,2,0,0,0,1,1
400392,OKLAHOMA,OK,2,2,0,0,2,2,143,590,CANEHILL,29,7,July,2012,1,Sunday,18,34,0,16,6,0,36.07544444,-95.83320556,12,1,0,0,0,1,1
400393,OKLAHOMA,OK,2,2,0,0,2,2,145,590,BALD KNOB,6,8,August,2012,2,Monday,5,43,0,13,3,11,36.04369444,-95.74899167,12,4,0,0,0,1,0
400394,OKLAHOMA,OK,1,1,1,1,1,1,109,3550,ANSLEY,15,7,July,2012,1,Sunday,0,19,0,16,6,0,35.43023056,-97.51648611,8,2,0,0,0,1,0
400396,OKLAHOMA,OK,1,1,1,1,2,2,125,4300,BROOKWOOD,21,8,August,2012,3,Tuesday,0,45,1,11,1,72,35.38078611,-97.01718889,8,3,0,0,0,1,0
400397,OKLAHOMA,OK,1,1,0,0,1,1,109,3170,ANSLEY,23,8,August,2012,5,Thursday,17,50,1,11,1,49,35.43419444,-97.39922778,1,1,0,0,0,1,0
400398,OKLAHOMA,OK,1,1,0,0,4,4,49,0,COLLINSVILLE,24,8,August,2012,6,Friday,16,26,1,1,1,173,34.74245556,-97.26551389,38,1,0,0,0,1,0
400399,OKLAHOMA,OK,1,1,0,0,1,1,81,0,AUBURN,4,8,August,2012,7,Saturday,6,51,0,4,4,0,35.92029167,-96.76709444,34,4,0,0,0,1,1
400400,OKLAHOMA,OK,2,2,0,0,2,2,119,0,BELLAMY,27,8,August,2012,2,Monday,14,18,0,3,3,89,36.11489444,-97.34498056,12,1,0,0,0,1,0
400401,OKLAHOMA,OK,1,1,0,0,2,2,121,0,BON AIR,14,9,September,2012,6,Friday,21,36,1,2,2,164,35.21501389,-95.61222500,1,2,0,0,0,2,0
400402,OKLAHOMA,OK,1,1,0,0,1,1,109,3550,ANSLEY,1,8,August,2012,4,Wednesday,23,57,0,15,6,0,35.56571667,-97.38206111,34,3,0,0,0,1,0
400403,OKLAHOMA,OK,2,2,0,0,3,3,75,0,BEAVERTON,6,8,August,2012,2,Monday,11,28,0,6,4,0,34.97234722,-99.32525278,12,1,0,0,0,1,0
400404,OKLAHOMA,OK,1,1,0,0,1,1,117,0,BIRMINGHAM,6,9,September,2012,5,Thursday,18,6,0,4,2,57,36.28634167,-96.68780833,34,1,0,0,0,1,0
400405,OKLAHOMA,OK,2,2,0,0,2,2,145,0,BALD KNOB,30,7,July,2012,2,Monday,11,20,0,4,4,0,36.06059444,-95.65103333,12,1,0,0,0,1,0
400406,OKLAHOMA,OK,3,3,0,0,5,5,109,3550,ANSLEY,19,8,August,2012,1,Sunday,0,44,1,11,1,70,35.42904722,-97.36309167,12,2,0,0,0,1,1
400407,OKLAHOMA,OK,3,3,0,0,4,4,135,0,ASH FLAT,28,8,August,2012,3,Tuesday,18,20,0,4,2,129,35.46359167,-94.87267778,12,1,0,0,0,1,0
400408,OKLAHOMA,OK,1,1,0,0,1,1,143,4780,CANEHILL,25,8,August,2012,7,Saturday,2,53,0,16,6,0,36.20305000,-95.94027500,32,3,0,0,0,1,0
400409,OKLAHOMA,OK,2,2,0,0,2,2,83,2000,ARDMORE,3,9,September,2012,2,Monday,16,17,0,4,2,20,35.90921111,-97.42534722,12,1,0,0,0,1,1
400410,OKLAHOMA,OK,1,1,0,0,5,5,115,0,ASHVILLE,3,9,September,2012,2,Monday,19,55,0,4,4,0,36.96702500,-94.61940556,34,5,0,0,0,1,1
400411,OKLAHOMA,OK,2,2,0,0,2,2,109,3550,ANSLEY,29,8,August,2012,4,Wednesday,1,56,1,11,1,42,35.39195278,-97.50106111,12,2,0,0,0,1,1
400412,OKLAHOMA,OK,2,2,0,0,2,2,51,3200,CENTRAL,6,9,September,2012,5,Thursday,15,33,1,2,2,216,35.36469722,-97.92913889,12,1,0,0,0,1,0
400413,OKLAHOMA,OK,4,4,0,0,6,6,83,0,ARDMORE,8,9,September,2012,7,Saturday,2,2,1,1,1,92,35.85287222,-97.39410833,12,2,0,0,0,2,2
400414,OKLAHOMA,OK,2,2,0,0,3,3,147,300,AUGUSTA,9,9,September,2012,1,Sunday,13,58,0,14,6,0,36.71933056,-95.96243333,24,1,0,0,0,1,0
400415,OKLAHOMA,OK,1,1,0,0,1,1,37,4190,BRADFORD,9,9,September,2012,1,Sunday,23,0,1,13,8,350,36.02383611,-96.09396944,1,2,0,0,0,1,0
400416,OKLAHOMA,OK,1,1,0,0,1,1,131,0,ARLINGTON,10,9,September,2012,2,Monday,9,46,0,4,3,92,36.41881667,-95.67627500,1,1,0,0,0,1,0
400417,OKLAHOMA,OK,2,2,0,0,6,6,81,0,AUBURN,14,9,September,2012,6,Friday,6,32,0,3,2,20,35.71024722,-97.01744167,12,2,0,0,0,2,0
400418,OKLAHOMA,OK,1,1,0,0,1,1,61,0,BELLWOOD,14,9,September,2012,6,Friday,9,55,0,4,3,99,35.23800000,-95.12369722,42,1,0,0,0,1,0
400419,OKLAHOMA,OK,1,1,0,0,1,1,147,0,AUGUSTA,14,9,September,2012,6,Friday,12,12,0,4,4,0,36.69173333,-95.99158056,42,1,0,0,0,1,0
400420,OKLAHOMA,OK,1,1,0,0,1,1,71,0,BRIDGEPORT,19,9,September,2012,4,Wednesday,22,45,0,6,4,0,36.68073333,-97.35985833,24,1,0,0,0,1,1
400421,OKLAHOMA,OK,1,1,0,0,1,1,143,4780,CANEHILL,20,9,September,2012,5,Thursday,1,56,1,13,2,102,36.09216111,-96.00652222,24,2,0,0,0,1,1
400422,OKLAHOMA,OK,1,1,0,0,1,1,21,0,CHILTON,20,9,September,2012,5,Thursday,5,4,0,3,3,9,35.92946111,-95.25491944,43,2,0,0,0,1,0
400423,OKLAHOMA,OK,3,3,0,0,3,3,37,0,BRADFORD,20,9,September,2012,5,Thursday,23,50,1,1,1,331,36.00896389,-96.12078889,12,2,0,0,0,2,1
400424,OKLAHOMA,OK,1,1,0,0,1,1,67,0,ABBEVILLE,14,9,September,2012,6,Friday,3,2,0,4,3,9,33.99410000,-97.56968333,1,2,0,0,0,1,0
400425,OKLAHOMA,OK,2,2,0,0,3,3,15,0,ANNISTON,17,9,September,2012,2,Monday,20,0,0,4,3,140,34.89875833,-98.39110278,12,5,0,0,0,1,1
400426,OKLAHOMA,OK,1,1,0,0,1,1,143,0,CANEHILL,21,9,September,2012,6,Friday,2,5,0,6,4,0,36.34232778,-95.97343611,42,2,0,0,0,1,1
400427,OKLAHOMA,OK,1,1,0,0,1,1,73,0,ARGO,21,9,September,2012,6,Friday,20,48,1,2,2,41,35.92119444,-97.93385556,1,2,0,0,0,1,1
400428,OKLAHOMA,OK,2,2,0,0,5,5,103,0,DANVILLE,22,9,September,2012,7,Saturday,1,7,0,6,4,0,36.53596389,-97.04651944,12,2,0,0,0,1,1
400429,OKLAHOMA,OK,2,2,0,0,2,2,143,4780,CANEHILL,23,7,July,2012,2,Monday,0,8,0,14,6,0,36.14799444,-95.83745833,12,3,0,0,0,1,1
400430,OKLAHOMA,OK,1,1,1,1,1,1,131,0,ARLINGTON,21,9,September,2012,6,Friday,21,24,0,13,3,26,36.32181944,-95.76496944,8,2,0,0,0,1,0
400431,OKLAHOMA,OK,1,1,0,0,1,1,145,590,BALD KNOB,23,9,September,2012,1,Sunday,1,55,0,13,3,28,36.02557500,-95.72756111,32,2,0,0,0,1,1
400432,OKLAHOMA,OK,2,2,0,0,2,2,47,0,BROWNS,12,9,September,2012,4,Wednesday,7,29,1,2,2,71,36.39750278,-97.71115556,12,1,0,0,0,1,0
400433,OKLAHOMA,OK,1,1,0,0,1,1,77,0,ANDERSON,24,9,September,2012,2,Monday,15,30,0,4,4,0,34.92597778,-95.51987500,34,1,0,0,0,1,0
400434,OKLAHOMA,OK,1,1,0,0,1,1,9,0,BLOUNT,27,9,September,2012,5,Thursday,2,4,0,4,3,121,35.37360556,-99.91140278,43,2,0,0,0,1,0
400435,OKLAHOMA,OK,2,2,0,0,2,2,47,0,BROWNS,27,9,September,2012,5,Thursday,15,14,1,2,2,45,36.39746111,-97.75763333,12,1,0,0,0,1,0
400436,OKLAHOMA,OK,2,2,0,0,3,3,19,210,CEDAR BLUFF,10,8,August,2012,6,Friday,15,2,1,11,1,47,34.13893056,-97.15549444,12,1,0,0,0,1,0
400437,OKLAHOMA,OK,1,1,0,0,1,1,79,0,COURTLAND,22,9,September,2012,7,Saturday,7,47,0,4,4,0,35.07267778,-94.57042500,34,1,0,0,0,1,0
400438,OKLAHOMA,OK,1,1,0,0,1,1,49,0,COLLINSVILLE,2,9,September,2012,1,Sunday,7,11,0,3,2,8,34.64842500,-96.96761389,1,1,0,0,0,1,0
400439,OKLAHOMA,OK,1,1,0,0,2,2,31,0,COFFEE,5,9,September,2012,4,Wednesday,21,10,0,4,4,0,34.75930556,-98.45752222,32,2,0,0,0,1,1
400440,OKLAHOMA,OK,1,1,1,1,1,1,109,3550,ANSLEY,28,9,September,2012,6,Friday,20,33,0,14,6,0,35.39258056,-97.54787500,8,3,0,0,0,1,0
400441,OKLAHOMA,OK,1,1,0,0,2,2,89,2370,BROWNSBORO,11,8,August,2012,7,Saturday,14,42,1,13,2,49,33.91926667,-94.77306389,59,1,0,0,0,1,0
400442,OKLAHOMA,OK,1,1,0,0,1,1,95,0,ALBERTVILLE,7,9,September,2012,6,Friday,17,42,0,4,3,42,34.04824167,-96.84791944,31,1,0,0,0,1,0
400443,OKLAHOMA,OK,1,1,0,0,1,1,125,367,BROOKWOOD,18,9,September,2012,3,Tuesday,16,42,0,6,4,0,35.25207500,-97.01872222,34,1,0,0,0,1,1
400444,OKLAHOMA,OK,2,2,0,0,2,2,51,0,CENTRAL,26,9,September,2012,4,Wednesday,14,33,1,2,2,32,35.10588889,-97.96133056,12,1,0,0,0,1,0
400445,OKLAHOMA,OK,1,1,1,1,5,5,115,0,ASHVILLE,27,9,September,2012,5,Thursday,5,36,0,3,2,36,36.96194167,-94.78215556,8,2,0,0,0,1,0
400446,OKLAHOMA,OK,1,1,0,0,1,1,19,0,CEDAR BLUFF,5,10,October,2012,6,Friday,20,22,0,4,2,52,34.25021389,-97.14301667,1,2,0,0,0,1,0
400447,OKLAHOMA,OK,1,1,0,0,1,1,51,0,CENTRAL,6,10,October,2012,7,Saturday,18,46,0,4,4,0,34.81193056,-97.71225833,11,1,0,0,0,1,1
400448,OKLAHOMA,OK,1,1,0,0,1,1,43,0,BAILEYTON,7,10,October,2012,1,Sunday,8,50,0,3,3,90,35.93167500,-99.30989167,43,1,0,0,0,1,0
400449,OKLAHOMA,OK,2,2,0,0,4,4,95,0,ALBERTVILLE,21,8,August,2012,3,Tuesday,14,18,1,2,2,70,34.09993056,-96.84510278,12,1,0,0,0,3,0
400450,OKLAHOMA,OK,1,1,0,0,1,1,115,0,ASHVILLE,7,9,September,2012,6,Friday,16,7,1,1,1,92,36.78493611,-94.88768611,51,1,0,0,0,1,0
400451,OKLAHOMA,OK,1,1,0,0,1,1,109,3550,ANSLEY,11,9,September,2012,3,Tuesday,99,99,0,14,6,0,35.35987778,-97.65364722,35,9,0,0,0,1,0
400452,OKLAHOMA,OK,2,2,0,0,2,2,27,3430,ASHLAND,30,7,July,2012,2,Monday,5,54,0,14,6,0,35.23294722,-97.45523889,12,3,0,0,0,1,0
400453,OKLAHOMA,OK,2,2,0,0,4,4,147,0,AUGUSTA,28,9,September,2012,6,Friday,8,51,0,4,4,0,36.66991944,-95.86351389,12,1,0,0,0,1,0
400454,OKLAHOMA,OK,2,2,0,0,2,2,47,0,BROWNS,5,10,October,2012,6,Friday,17,10,0,6,4,0,36.30363611,-98.08675278,12,1,0,0,0,1,0
400455,OKLAHOMA,OK,1,1,0,0,3,3,87,0,ARMSTRONG,28,6,June,2012,5,Thursday,15,58,0,4,3,12,34.87267222,-97.40637222,1,1,0,0,0,2,0
400456,OKLAHOMA,OK,1,1,0,0,1,1,109,3550,ANSLEY,6,9,September,2012,5,Thursday,2,9,1,12,3,26,35.54404167,-97.57511944,57,2,0,0,0,1,0
400457,OKLAHOMA,OK,4,4,0,0,9,9,143,4780,CANEHILL,11,10,October,2012,5,Thursday,18,54,0,16,6,0,36.08764722,-95.94017778,33,1,0,0,0,1,0
400458,OKLAHOMA,OK,2,2,0,0,8,8,7,0,BIBB,26,9,September,2012,4,Wednesday,6,29,1,2,2,105,36.61636667,-100.64025000,12,2,0,0,0,7,0
400459,OKLAHOMA,OK,2,2,0,0,2,2,7,0,BIBB,2,10,October,2012,3,Tuesday,22,55,0,3,2,199,36.77344722,-100.85386389,12,2,0,0,0,2,1
400460,OKLAHOMA,OK,2,1,0,0,2,2,143,4780,CANEHILL,20,9,September,2012,5,Thursday,2,7,0,16,6,0,36.09480000,-95.87130278,1,2,0,0,0,2,1
400461,OKLAHOMA,OK,2,2,0,0,3,3,117,0,BIRMINGHAM,14,9,September,2012,6,Friday,18,30,0,3,3,28,36.37666667,-96.79302222,12,5,0,0,0,1,0
400462,OKLAHOMA,OK,2,2,0,0,3,3,11,0,BULLOCK,5,10,October,2012,6,Friday,17,30,0,4,3,99,35.99941111,-98.47628889,12,1,0,0,0,1,0
400463,OKLAHOMA,OK,1,1,1,1,4,4,17,5290,CHAMBERS,12,10,October,2012,6,Friday,4,44,1,11,1,319,35.48557778,-97.75826944,8,2,0,0,0,1,0
400464,OKLAHOMA,OK,1,1,0,0,1,1,23,4370,BLADON SPRINGS,8,10,October,2012,2,Monday,7,20,1,2,2,144,34.03291389,-95.69150556,42,2,0,0,0,1,1
400465,OKLAHOMA,OK,1,1,0,0,1,1,77,0,ANDERSON,15,10,October,2012,2,Monday,2,0,0,4,4,0,34.89970000,-95.29643611,35,2,0,0,0,1,1
400466,OKLAHOMA,OK,1,1,0,0,1,1,135,1900,ASH FLAT,15,10,October,2012,2,Monday,18,38,0,4,3,19,35.55637222,-95.09855833,1,1,0,0,0,1,0
400467,OKLAHOMA,OK,1,1,0,0,1,1,109,3550,ANSLEY,29,9,September,2012,7,Saturday,14,20,0,16,6,0,35.42072500,-97.56920833,33,1,0,0,0,1,0