ST_CASE,State Name,State Abbreviation,# of Vehicle involved,Parked_Vehicles_Involved,Pedestrains,Person_Not_in_Motor_Vehicle,Persons_in_motor_vehicle,Total_Persons_in_accident,COUNTY,CITY,City_County_Name,Calendar_DAY,MONTH,Month_name,YEAR,DAY_WEEK,Day_Week_desc,HOUR,MINUTE,NHS_Desc,trafficway,Route,MILEPT,LATITUDE,LONGITUD,First_Crash_event,Light_cond_desc,Weather_condition,School_bus_involved,Crash_cause,FATALS,DRUNK_DR
400616,OKLAHOMA,OK,2,2,0,0,6,6,25,0,BARLOW BEND,30,12,December,2012,1,Sunday,8,40,1,2,2,136,36.76271667,-102.24949722,12,1,0,0,0,1,0
400617,OKLAHOMA,OK,2,2,0,0,2,2,127,0,BURNWELL,17,12,December,2012,2,Monday,19,51,1,2,3,121,34.20038056,-95.40671389,12,3,0,0,0,1,0
400619,OKLAHOMA,OK,1,1,0,0,1,1,109,3550,ANSLEY,25,11,November,2012,1,Sunday,2,46,0,16,6,0,35.51106389,-97.59225833,19,2,0,0,0,1,1
400620,OKLAHOMA,OK,2,2,0,0,5,5,109,3550,ANSLEY,23,12,December,2012,1,Sunday,14,37,1,11,7,86,35.39079444,-97.42310833,12,1,0,0,0,1,0
400621,OKLAHOMA,OK,2,2,0,0,3,3,37,0,BRADFORD,15,12,December,2012,7,Saturday,8,37,1,13,3,54,36.07508056,-96.11938889,12,1,0,0,0,1,0
400622,OKLAHOMA,OK,1,1,0,0,1,1,109,4406,ANSLEY,1,12,December,2012,7,Saturday,20,31,0,16,6,0,35.52742222,-97.32846667,1,2,0,0,0,1,0
400623,OKLAHOMA,OK,1,1,0,0,1,1,17,3550,CHAMBERS,16,12,December,2012,1,Sunday,12,12,1,11,1,346,35.46446111,-97.71849167,18,1,0,0,0,1,0
400624,OKLAHOMA,OK,2,2,0,0,3,3,143,1870,CANEHILL,17,11,November,2012,7,Saturday,14,40,1,13,2,13,35.96323056,-96.01167500,12,1,0,0,0,1,0
400625,OKLAHOMA,OK,2,2,0,0,4,4,39,0,ANDALUSIA,22,12,December,2012,7,Saturday,9,41,0,3,3,22,35.55241944,-98.72083889,12,1,0,0,0,1,0
400626,OKLAHOMA,OK,1,1,0,0,2,2,83,0,ARDMORE,5,12,December,2012,4,Wednesday,2,44,0,4,4,0,35.74026389,-97.53183333,35,2,0,0,0,2,1
400627,OKLAHOMA,OK,2,2,0,0,2,2,145,1150,BALD KNOB,21,11,November,2012,4,Wednesday,21,56,1,12,8,121,35.95200278,-95.58920556,12,3,0,0,0,1,0
400628,OKLAHOMA,OK,3,3,0,0,4,4,31,2750,COFFEE,24,11,November,2012,7,Saturday,18,42,0,13,6,0,34.62345833,-98.49311667,12,2,0,0,0,1,0
400629,OKLAHOMA,OK,2,2,0,0,2,2,31,2750,COFFEE,28,11,November,2012,4,Wednesday,10,6,0,14,6,0,34.58812778,-98.45722222,12,1,0,0,0,1,0
400630,OKLAHOMA,OK,2,2,0,0,7,7,147,3940,AUGUSTA,7,12,December,2012,6,Friday,22,12,1,2,2,74,36.52991389,-95.92800000,12,2,0,0,0,1,0
400631,OKLAHOMA,OK,2,2,0,0,2,2,101,0,BOYLSTON,22,12,December,2012,7,Saturday,21,52,0,3,3,107,35.75386111,-95.45621944,12,2,0,0,0,1,1
400632,OKLAHOMA,OK,1,1,0,0,1,1,93,0,BEAR CREEK,27,12,December,2012,5,Thursday,0,15,1,2,2,110,36.39105833,-98.24426111,59,2,0,0,0,1,1
400633,OKLAHOMA,OK,1,1,1,1,2,2,49,0,COLLINSVILLE,17,12,December,2012,2,Monday,22,39,0,4,4,0,34.74647222,-97.37901667,8,2,0,0,0,1,0
400634,OKLAHOMA,OK,1,1,1,1,1,1,123,0,ALEXANDER CITY,20,12,December,2012,5,Thursday,5,13,0,4,4,0,34.84665556,-96.58056944,8,2,0,0,0,1,0
400635,OKLAHOMA,OK,2,2,0,0,5,5,83,0,ARDMORE,29,12,December,2012,7,Saturday,19,23,0,6,4,0,36.14510278,-97.65752500,12,2,0,0,0,1,1
400636,OKLAHOMA,OK,2,2,1,1,2,2,13,0,BOLLING,4,12,December,2012,3,Tuesday,18,0,1,13,2,16,33.99763333,-96.34552500,8,3,0,0,0,1,0
400637,OKLAHOMA,OK,1,1,0,0,4,4,1,0,AUTAUGA,15,12,December,2012,7,Saturday,4,35,0,4,3,56,35.79732500,-94.73121111,1,2,0,0,0,1,1
400638,OKLAHOMA,OK,1,1,0,0,1,1,51,960,CENTRAL,17,11,November,2012,7,Saturday,14,51,0,15,6,0,35.03986111,-97.93253056,1,1,0,0,0,1,0
400639,OKLAHOMA,OK,1,1,1,1,1,1,135,4080,ASH FLAT,8,12,December,2012,7,Saturday,20,2,0,4,2,150,35.40530278,-94.55023611,8,2,0,0,0,1,0
400640,OKLAHOMA,OK,2,2,0,0,4,4,145,1150,BALD KNOB,14,12,December,2012,6,Friday,10,42,1,13,3,87,35.96682500,-95.65686389,12,1,0,0,0,1,0
400641,OKLAHOMA,OK,2,2,0,0,2,2,27,3430,ASHLAND,6,12,December,2012,5,Thursday,15,46,0,3,3,87,35.18934444,-97.26586944,12,1,0,0,0,1,0
400642,OKLAHOMA,OK,1,1,0,0,1,1,51,0,CENTRAL,31,12,December,2012,2,Monday,3,53,1,1,1,88,34.98133333,-97.98614722,43,2,0,0,0,1,0
400643,OKLAHOMA,OK,1,1,0,0,1,1,109,2470,ANSLEY,1,12,December,2012,7,Saturday,16,55,0,15,6,0,35.53668611,-97.26685000,42,1,0,0,0,1,1
400644,OKLAHOMA,OK,6,6,0,0,6,6,27,3430,ASHLAND,11,12,December,2012,3,Tuesday,6,55,0,13,2,0,35.26834167,-97.47898333,12,3,0,0,0,2,0
400646,OKLAHOMA,OK,1,1,0,0,2,2,31,2750,COFFEE,10,12,December,2012,2,Monday,22,27,0,16,6,0,34.60817500,-98.39846667,33,3,0,0,0,2,1
400647,OKLAHOMA,OK,2,2,0,0,2,2,137,4847,ALCO,8,12,December,2012,7,Saturday,20,0,1,2,3,183,34.44901111,-97.66906111,12,2,0,0,0,1,1
400648,OKLAHOMA,OK,2,2,0,0,3,3,37,4190,BRADFORD,17,12,December,2012,2,Monday,10,47,0,3,3,31,35.98840833,-96.05861389,12,1,0,0,0,1,0
400649,OKLAHOMA,OK,1,1,0,0,1,1,109,3550,ANSLEY,11,12,December,2012,3,Tuesday,6,0,0,14,6,0,35.48596389,-97.47669167,33,2,0,0,0,1,1
400650,OKLAHOMA,OK,1,1,0,0,1,1,113,0,COTTONTON,7,12,December,2012,6,Friday,7,42,1,2,2,20,36.68054722,-97.03197778,42,1,0,0,0,1,0
400651,OKLAHOMA,OK,2,2,0,0,6,6,109,3550,ANSLEY,10,8,August,2012,6,Friday,1,2,1,11,1,61,35.46216944,-97.48795556,12,2,0,0,0,5,0
400652,OKLAHOMA,OK,1,1,0,0,2,2,125,2950,BROOKWOOD,20,12,December,2012,5,Thursday,18,30,1,1,1,21,35.38382222,-97.10545556,20,2,0,0,0,1,0
400653,OKLAHOMA,OK,2,2,0,0,2,2,27,3430,ASHLAND,21,11,November,2012,4,Wednesday,16,5,0,3,3,102,35.19768333,-97.24331667,12,1,0,0,0,1,0
400655,OKLAHOMA,OK,5,5,0,0,10,10,19,1352,CEDAR BLUFF,28,9,September,2012,6,Friday,21,32,0,3,3,70,34.18721111,-97.03513333,12,2,0,0,0,1,0
410001,OREGON,OR,2,2,0,0,2,2,39,0,ANDALUSIA,2,1,January,2012,2,Monday,20,27,0,3,4,0,44.20094444,-123.17187500,12,2,0,0,0,2,1
410002,OREGON,OR,1,1,1,1,2,2,51,1650,CENTRAL,6,1,January,2012,6,Friday,19,44,0,13,3,15,45.48111667,-122.67339722,8,3,2,0,0,1,0
410003,OREGON,OR,2,2,0,0,3,3,51,1650,CENTRAL,12,1,January,2012,5,Thursday,22,59,1,13,3,39,45.47268056,-122.64008333,12,3,0,0,0,1,1
410004,OREGON,OR,2,2,0,0,6,6,39,0,ANDALUSIA,15,1,January,2012,1,Sunday,17,47,1,2,3,419,44.06760833,-123.45865278,12,2,0,0,0,1,0
410006,OREGON,OR,2,2,0,0,3,3,27,0,ASHLAND,6,1,January,2012,6,Friday,12,4,1,2,3,781,45.46926667,-121.56264722,12,1,0,0,0,2,2
410007,OREGON,OR,1,1,1,1,1,1,29,1770,BORDEN SPRINGS,19,1,January,2012,5,Thursday,9,58,0,4,6,0,42.43275278,-123.16348889,8,1,2,0,0,1,0
410008,OREGON,OR,1,1,1,1,1,1,53,0,ATMORE,27,1,January,2012,6,Friday,10,49,0,4,4,13,45.05774722,-123.09005000,9,1,0,0,0,1,0
410009,OREGON,OR,1,1,1,1,1,1,51,1650,CENTRAL,28,1,January,2012,7,Saturday,18,59,0,15,6,0,45.48736667,-122.59127222,8,2,0,0,0,1,0
410010,OREGON,OR,2,2,0,0,12,12,47,0,BROWNS,1,1,January,2012,1,Sunday,3,0,0,3,3,443,45.00684444,-122.97575556,12,2,0,0,0,2,1
410011,OREGON,OR,1,1,0,0,1,1,33,0,CHEROKEE,3,1,January,2012,3,Tuesday,99,99,0,5,4,120,42.65062500,-123.58491111,42,9,0,0,0,1,0
410012,OREGON,OR,1,1,0,0,3,3,31,0,COFFEE,6,1,January,2012,6,Friday,21,36,1,2,2,1129,44.70799167,-121.17785278,1,3,0,0,0,1,1
410013,OREGON,OR,3,3,0,0,8,8,67,180,ABBEVILLE,8,1,January,2012,1,Sunday,19,48,0,13,3,13,45.49855833,-122.76166111,12,2,5,0,0,1,1
410014,OREGON,OR,1,1,1,1,3,3,39,0,ANDALUSIA,12,1,January,2012,5,Thursday,14,52,1,2,3,143,44.07569167,-122.77945000,8,1,0,0,0,1,0
410015,OREGON,OR,1,1,1,1,3,3,39,0,ANDALUSIA,21,1,January,2012,7,Saturday,21,44,1,1,1,1766,43.82846389,-123.03172500,9,2,0,0,0,1,0
410016,OREGON,OR,1,1,1,1,1,1,41,1225,BRANTLEY,22,1,January,2012,1,Sunday,18,40,1,13,2,1134,44.98670833,-124.00621944,8,3,0,0,0,1,0
410017,OREGON,OR,1,1,0,0,1,1,1,0,AUTAUGA,24,1,January,2012,3,Tuesday,12,30,1,1,1,2951,44.91278889,-117.81954167,59,1,11,0,0,1,0
410018,OREGON,OR,1,1,1,1,1,1,47,1030,BROWNS,25,1,January,2012,4,Wednesday,16,16,0,3,3,293,45.18126389,-122.80484444,8,1,0,0,0,1,0
410019,OREGON,OR,1,1,0,0,1,1,33,0,CHEROKEE,31,1,January,2012,3,Tuesday,0,33,1,2,2,148,42.34372500,-123.56808333,42,2,0,0,0,1,0
410020,OREGON,OR,1,1,0,0,3,3,53,1810,ATMORE,29,1,January,2012,1,Sunday,1,3,0,14,6,0,44.96048333,-123.08104167,42,3,0,0,0,1,1
410021,OREGON,OR,1,1,1,1,1,1,67,2065,ABBEVILLE,1,2,February,2012,4,Wednesday,20,43,0,13,6,0,45.44379722,-122.80438611,8,2,0,0,0,1,0
410022,OREGON,OR,1,1,0,0,3,3,33,0,CHEROKEE,4,2,February,2012,7,Saturday,22,55,0,3,3,75,42.34223333,-123.31542778,35,2,0,0,0,1,1
410023,OREGON,OR,3,3,0,0,6,6,17,1720,CHAMBERS,6,2,February,2012,2,Monday,7,4,1,13,2,1196,44.29663889,-121.16645278,12,4,0,0,0,2,0
410024,OREGON,OR,1,1,0,0,1,1,71,0,BRIDGEPORT,10,2,February,2012,6,Friday,23,30,0,3,3,275,45.41678333,-123.13383611,30,2,0,0,0,1,0
410025,OREGON,OR,1,1,0,0,1,1,3,0,BALDWIN,11,2,February,2012,7,Saturday,0,22,0,3,3,558,44.51503056,-123.42981667,1,2,0,0,0,1,1
410026,OREGON,OR,1,1,1,1,1,1,7,80,BIBB,13,2,February,2012,2,Monday,10,28,1,14,2,982,46.18901944,-123.83018611,8,1,0,0,0,1,0
410027,OREGON,OR,2,2,0,0,3,3,35,0,BROOKLYN,14,2,February,2012,3,Tuesday,19,5,1,2,2,2906,42.01787500,-121.88324722,12,2,0,0,0,1,0
410028,OREGON,OR,2,2,0,0,2,2,39,0,ANDALUSIA,9,2,February,2012,5,Thursday,17,30,0,3,3,1144,44.14812778,-123.20047222,12,5,0,0,0,1,0
410029,OREGON,OR,2,2,0,0,4,4,35,0,BROOKLYN,14,2,February,2012,3,Tuesday,17,30,1,2,2,1864,43.44958333,-121.70541944,12,1,0,0,0,2,1
410030,OREGON,OR,1,1,0,0,1,1,29,0,BORDEN SPRINGS,16,2,February,2012,5,Thursday,8,1,0,6,4,9,42.43980833,-122.80193611,42,1,0,0,0,1,1
410031,OREGON,OR,1,1,1,1,1,1,17,1205,CHAMBERS,16,2,February,2012,5,Thursday,19,25,1,2,2,1666,43.68706944,-121.49003889,8,2,0,0,0,1,0
410032,OREGON,OR,1,1,0,0,1,1,39,0,ANDALUSIA,18,2,February,2012,7,Saturday,5,35,1,1,1,1811,43.89191944,-123.01433611,1,2,0,0,0,1,0
410033,OREGON,OR,1,1,0,0,1,1,47,0,BROWNS,26,2,February,2012,1,Sunday,21,2,0,4,4,11,45.18018056,-122.75733333,35,2,0,0,0,1,1
410034,OREGON,OR,1,1,0,0,1,1,59,0,FRANKLIN,27,2,February,2012,2,Monday,6,50,1,2,3,338,45.97938333,-118.38729167,1,1,0,0,0,1,0
410035,OREGON,OR,1,1,1,1,1,1,51,880,CENTRAL,8,2,February,2012,4,Wednesday,18,8,0,13,6,0,45.50498056,-122.42361667,15,2,0,0,0,1,0
410036,OREGON,OR,1,1,0,0,1,1,71,0,BRIDGEPORT,28,2,February,2012,3,Tuesday,99,99,0,3,3,305,45.40216111,-123.12413056,5,2,0,0,0,1,0
410038,OREGON,OR,1,1,1,1,2,2,47,1810,BROWNS,29,2,February,2012,4,Wednesday,18,48,0,14,6,0,44.90892500,-123.07646944,8,2,0,0,0,1,0
410039,OREGON,OR,2,1,1,3,1,3,61,0,BELLWOOD,28,2,February,2012,3,Tuesday,13,38,0,4,4,30,45.60706389,-117.91670833,8,1,0,0,0,1,0
410040,OREGON,OR,1,1,1,1,1,1,51,1650,CENTRAL,29,2,February,2012,4,Wednesday,12,5,0,14,6,0,45.52288056,-122.64355833,8,1,0,0,0,1,0
410041,OREGON,OR,1,1,0,0,1,1,53,0,ATMORE,1,3,March,2012,5,Thursday,5,55,1,2,3,120,44.96426944,-123.29180278,1,2,0,0,0,1,0
410042,OREGON,OR,1,1,1,1,1,1,9,2178,BLOUNT,6,3,March,2012,3,Tuesday,22,55,1,2,2,231,45.78928889,-122.87060833,8,2,0,0,0,1,0
410043,OREGON,OR,1,1,1,1,1,1,3,0,BALDWIN,9,3,March,2012,6,Friday,18,48,0,4,4,22,44.51822500,-123.36705278,8,2,0,0,0,1,0
410044,OREGON,OR,1,1,0,0,3,3,59,0,FRANKLIN,10,3,March,2012,7,Saturday,22,53,1,2,2,42,45.63022222,-118.81249167,11,2,0,0,0,1,0
410045,OREGON,OR,1,1,0,0,4,4,51,1650,CENTRAL,12,3,March,2012,2,Monday,16,16,0,14,6,0,45.54615000,-122.49583611,42,1,0,0,0,2,1
410046,OREGON,OR,1,1,1,1,1,1,51,1650,CENTRAL,16,3,March,2012,6,Friday,2,42,0,13,2,29,45.49732500,-122.62264722,8,3,0,0,0,1,1
410047,OREGON,OR,2,2,0,0,3,3,53,0,ATMORE,17,3,March,2012,7,Saturday,12,25,1,2,3,86,44.99371667,-123.34869444,12,1,0,0,0,1,0
410048,OREGON,OR,2,2,0,0,3,3,17,0,CHAMBERS,17,3,March,2012,7,Saturday,18,45,1,2,2,92,44.18513889,-121.38490833,12,1,0,0,0,2,2
410049,OREGON,OR,2,2,0,0,2,2,5,485,BAKER HILL,23,3,March,2012,6,Friday,8,15,0,14,6,0,45.42287778,-122.45891389,12,1,0,0,0,1,0
410050,OREGON,OR,2,2,0,0,2,2,39,0,ANDALUSIA,30,3,March,2012,6,Friday,12,0,1,2,3,597,43.59268611,-122.02456389,12,1,0,0,0,1,0
410051,OREGON,OR,1,1,1,1,2,2,51,670,CENTRAL,26,1,January,2012,5,Thursday,19,36,0,15,6,0,45.53426667,-122.42789167,8,3,0,0,0,1,0
410052,OREGON,OR,2,2,0,0,2,2,19,0,CEDAR BLUFF,29,2,February,2012,4,Wednesday,9,40,1,2,2,2061,43.77038056,-124.13824444,12,1,0,0,0,1,0
410053,OREGON,OR,1,1,1,1,2,2,51,1650,CENTRAL,31,3,March,2012,7,Saturday,23,19,0,14,6,0,45.52387500,-122.70749444,8,3,0,0,0,1,1
410054,OREGON,OR,3,3,0,0,5,5,39,660,ANDALUSIA,7,3,March,2012,4,Wednesday,0,34,0,13,6,0,44.04798889,-123.16243889,12,3,0,0,0,2,0
410055,OREGON,OR,2,2,0,0,2,2,67,0,ABBEVILLE,4,1,January,2012,4,Wednesday,7,7,1,2,2,502,45.62630556,-123.08733056,12,2,0,0,0,1,0
410056,OREGON,OR,2,2,0,0,3,3,39,0,ANDALUSIA,3,4,April,2012,3,Tuesday,14,40,1,2,3,372,44.12368611,-122.38585278,12,1,0,0,0,1,0
410057,OREGON,OR,1,1,1,1,4,4,67,180,ABBEVILLE,8,4,April,2012,1,Sunday,0,51,1,12,2,698,45.50743056,-122.77456111,8,3,0,0,0,1,0
410058,OREGON,OR,1,1,1,1,3,3,43,0,BAILEYTON,17,2,February,2012,6,Friday,20,13,0,13,2,13,44.62981111,-123.05884167,8,2,0,0,0,1,0
410059,OREGON,OR,2,2,0,0,3,3,5,0,BAKER HILL,5,2,February,2012,1,Sunday,18,25,0,3,3,76,45.15098889,-122.68137778,12,2,0,0,0,2,0
410060,OREGON,OR,1,1,0,0,1,1,47,1810,BROWNS,7,3,March,2012,4,Wednesday,15,17,0,13,6,0,44.95828056,-122.98360556,1,1,0,0,0,1,0
410061,OREGON,OR,2,2,0,0,3,3,59,0,FRANKLIN,7,4,April,2012,7,Saturday,10,56,0,4,6,0,45.78055833,-119.20501111,12,1,0,0,0,1,0
410062,OREGON,OR,2,2,0,0,2,2,39,0,ANDALUSIA,8,4,April,2012,1,Sunday,3,0,0,4,3,125,43.82322778,-123.04579444,12,2,0,0,0,1,1
410063,OREGON,OR,2,2,0,0,2,2,29,320,BORDEN SPRINGS,8,4,April,2012,1,Sunday,11,2,0,15,6,0,42.38282500,-122.89976389,12,1,0,0,0,1,0
410064,OREGON,OR,1,1,0,0,1,1,7,0,BIBB,15,4,April,2012,1,Sunday,11,28,0,4,3,296,45.93528056,-123.49928889,30,1,0,0,0,1,0
410065,OREGON,OR,2,2,0,0,2,2,47,0,BROWNS,17,4,April,2012,3,Tuesday,12,59,0,2,4,24,45.22786944,-122.86459167,53,1,0,0,0,1,0
410066,OREGON,OR,1,1,0,0,2,2,57,0,BANKSTON,17,4,April,2012,3,Tuesday,17,2,0,3,3,62,45.47343611,-123.73134722,1,1,0,0,0,1,0
410067,OREGON,OR,2,2,0,0,3,3,45,0,ARITON,22,4,April,2012,1,Sunday,15,35,1,2,2,2485,44.42173889,-118.11542500,12,1,0,0,0,3,1
410068,OREGON,OR,1,1,1,1,1,1,5,1580,BAKER HILL,25,4,April,2012,4,Wednesday,22,10,0,14,6,0,45.33346944,-122.59666389,8,2,0,0,0,1,0
410069,OREGON,OR,1,1,0,0,1,1,39,0,ANDALUSIA,28,4,April,2012,7,Saturday,20,32,0,5,4,5,44.19576389,-123.23969444,34,5,0,0,0,1,1
410070,OREGON,OR,2,2,0,0,2,2,7,0,BIBB,2,5,May,2012,4,Wednesday,5,25,1,2,2,20,46.21956944,-123.86408056,12,4,0,0,0,1,0
410071,OREGON,OR,1,1,0,0,1,1,29,1770,BORDEN SPRINGS,2,5,May,2012,4,Wednesday,3,20,0,4,6,0,42.43537500,-123.18068056,42,2,0,0,0,1,1
410072,OREGON,OR,1,1,0,0,3,3,29,0,BORDEN SPRINGS,7,5,May,2012,2,Monday,16,0,0,6,4,4,42.31552778,-122.98430833,35,1,0,0,0,1,1
410074,OREGON,OR,2,2,0,0,2,2,45,0,ARITON,9,5,May,2012,4,Wednesday,23,31,0,3,3,225,44.08701667,-116.97923611,12,2,0,0,0,1,0
410075,OREGON,OR,1,1,0,0,1,1,9,0,BLOUNT,10,5,May,2012,5,Thursday,14,35,0,4,3,658,45.83454167,-123.22560556,42,1,0,0,0,1,0
410076,OREGON,OR,1,1,1,1,1,1,53,0,ATMORE,31,3,March,2012,7,Saturday,11,22,0,2,3,627,44.86309444,-123.22912778,9,1,0,0,0,1,0
410077,OREGON,OR,2,2,0,0,2,2,39,660,ANDALUSIA,20,4,April,2012,6,Friday,13,25,0,14,6,0,44.05958333,-123.06324444,12,1,0,0,0,1,0
410078,OREGON,OR,1,1,0,0,2,2,37,0,BRADFORD,4,5,May,2012,6,Friday,13,53,0,3,3,1071,42.60674444,-120.41828333,1,1,0,0,0,1,0
410079,OREGON,OR,1,1,0,0,2,2,29,0,BORDEN SPRINGS,5,5,May,2012,7,Saturday,10,55,0,5,4,0,42.42831389,-123.11366111,5,1,0,0,0,1,0
410080,OREGON,OR,1,1,0,0,4,4,67,0,ABBEVILLE,13,5,May,2012,1,Sunday,17,42,0,6,4,0,45.76128889,-123.13159444,35,1,0,0,0,1,0
410081,OREGON,OR,2,2,0,0,2,2,5,485,BAKER HILL,14,5,May,2012,2,Monday,15,55,0,15,6,0,45.44230833,-122.45446944,12,1,0,0,0,1,1
410082,OREGON,OR,1,1,1,1,1,1,19,0,CEDAR BLUFF,11,4,April,2012,4,Wednesday,23,15,0,4,4,8,42.97445000,-123.32889722,8,2,0,0,0,1,0
410083,OREGON,OR,1,1,0,0,1,1,57,0,BANKSTON,13,4,April,2012,6,Friday,18,40,1,2,2,532,45.56888056,-123.94201944,1,1,0,0,0,1,1
410084,OREGON,OR,3,1,0,0,2,2,51,1650,CENTRAL,16,5,May,2012,4,Wednesday,1,56,0,14,6,0,45.52239167,-122.51068056,30,3,0,0,0,1,1
410085,OREGON,OR,1,1,1,1,2,2,51,1650,CENTRAL,16,5,May,2012,4,Wednesday,20,32,0,15,6,0,45.51491667,-122.67737222,9,5,0,0,0,1,0
410086,OREGON,OR,1,1,0,0,1,1,47,0,BROWNS,19,5,May,2012,7,Saturday,0,0,1,1,1,2650,45.07608056,-122.95670000,42,2,0,0,0,1,0
410087,OREGON,OR,1,1,1,1,4,4,53,0,ATMORE,19,5,May,2012,7,Saturday,14,25,1,2,3,240,45.06092500,-123.55656389,9,1,0,0,0,1,0
410088,OREGON,OR,2,2,0,0,3,3,67,0,ABBEVILLE,19,5,May,2012,7,Saturday,15,27,0,4,4,0,45.42041111,-123.06508333,1,1,0,0,0,1,0
410089,OREGON,OR,1,1,0,0,1,1,59,0,FRANKLIN,19,5,May,2012,7,Saturday,2,29,0,4,3,250,45.73596111,-118.80762778,35,2,0,0,0,1,1
410090,OREGON,OR,2,2,0,0,4,4,67,1000,ABBEVILLE,23,5,May,2012,4,Wednesday,7,50,1,13,3,93,45.49966111,-122.92328611,12,1,0,0,0,1,0
410091,OREGON,OR,2,2,0,0,2,2,55,0,ATTALLA,24,5,May,2012,5,Thursday,9,0,1,2,2,73,45.64736389,-120.80859444,12,1,0,0,0,1,0
410092,OREGON,OR,1,1,1,1,3,3,17,0,CHAMBERS,26,5,May,2012,7,Saturday,0,1,1,13,2,1653,43.70586667,-121.47581389,8,2,0,0,0,1,0
410093,OREGON,OR,1,1,1,1,1,1,39,0,ANDALUSIA,26,5,May,2012,7,Saturday,23,2,0,3,4,10,44.01694167,-123.05123889,9,2,0,0,0,1,0
410094,OREGON,OR,3,3,0,0,3,3,1,0,AUTAUGA,28,5,May,2012,2,Monday,12,27,0,3,3,400,44.65058056,-117.90417222,12,1,0,0,0,1,0
410095,OREGON,OR,1,1,1,1,1,1,5,0,BAKER HILL,10,4,April,2012,3,Tuesday,22,53,1,13,3,51,45.40743333,-122.56721667,8,2,0,0,0,1,0
410096,OREGON,OR,1,1,0,0,1,1,51,1650,CENTRAL,31,5,May,2012,5,Thursday,19,33,1,13,6,0,45.58921667,-122.69863056,42,8,0,0,0,1,1
410097,OREGON,OR,2,2,0,0,7,7,59,0,FRANKLIN,29,5,May,2012,3,Tuesday,15,55,0,6,4,55,45.68841111,-118.58098056,12,1,0,0,0,5,0
410098,OREGON,OR,1,1,0,0,3,3,7,80,BIBB,2,6,June,2012,7,Saturday,0,10,1,13,2,989,46.19058889,-123.84608889,30,3,0,0,0,1,1
410099,OREGON,OR,1,1,0,0,3,3,17,0,CHAMBERS,4,6,June,2012,2,Monday,2,10,1,2,2,1320,44.13621111,-121.27594167,35,2,0,0,0,1,0
410100,OREGON,OR,1,1,1,1,1,1,7,1870,BIBB,6,6,June,2012,4,Wednesday,9,35,1,13,2,211,45.99310000,-123.92057778,8,1,0,0,0,1,0
410101,OREGON,OR,1,1,0,0,1,1,33,0,CHEROKEE,6,6,June,2012,4,Wednesday,0,30,0,6,4,8,42.11461111,-123.57718333,1,2,0,0,0,1,1
410102,OREGON,OR,1,1,1,1,1,1,39,0,ANDALUSIA,6,6,June,2012,4,Wednesday,22,11,0,3,4,18,44.01467222,-123.04180833,8,3,0,0,0,1,0
410104,OREGON,OR,1,1,1,1,1,1,51,1650,CENTRAL,10,6,June,2012,1,Sunday,21,28,0,13,3,46,45.49908611,-122.57872778,8,3,0,0,0,1,0
410105,OREGON,OR,2,2,0,0,2,2,51,1650,CENTRAL,11,6,June,2012,2,Monday,8,15,1,13,6,0,45.58878056,-122.69715000,12,1,0,0,0,1,1
410106,OREGON,OR,2,2,0,0,2,2,7,0,BIBB,14,6,June,2012,5,Thursday,9,10,1,2,2,850,46.16451389,-123.63834444,12,1,0,0,0,1,0
410107,OREGON,OR,1,1,0,0,1,1,67,180,ABBEVILLE,15,6,June,2012,6,Friday,21,25,0,14,6,0,45.49226944,-122.85184444,33,3,0,0,0,1,1
410108,OREGON,OR,1,1,0,0,1,1,51,1650,CENTRAL,15,6,June,2012,6,Friday,5,14,0,13,2,75,45.57298889,-122.63321667,33,4,0,0,0,1,1
410109,OREGON,OR,1,1,0,0,1,1,35,0,BROOKLYN,21,6,June,2012,5,Thursday,8,52,1,2,2,2704,42.27981389,-121.81298889,43,1,0,0,0,1,0
410110,OREGON,OR,1,1,1,1,1,1,43,2030,BAILEYTON,21,6,June,2012,5,Thursday,15,23,1,13,2,300,44.40635556,-122.67835000,15,1,0,0,0,1,0
410111,OREGON,OR,1,1,0,0,4,4,57,0,BANKSTON,21,6,June,2012,5,Thursday,21,2,0,6,4,5,45.54657500,-123.60959167,1,1,0,0,0,1,1
410112,OREGON,OR,2,2,0,0,2,2,57,0,BANKSTON,22,6,June,2012,6,Friday,19,36,1,2,2,519,45.59748056,-123.94654444,12,5,0,0,0,1,0
410113,OREGON,OR,3,3,0,0,3,3,51,1650,CENTRAL,22,6,June,2012,6,Friday,17,38,0,14,6,0,45.57027778,-122.61939167,12,1,0,0,0,1,0
410114,OREGON,OR,3,3,0,0,4,4,19,1780,CEDAR BLUFF,22,6,June,2012,6,Friday,14,56,0,14,6,0,43.23983889,-123.36701667,12,1,0,0,0,1,0
410115,OREGON,OR,1,1,0,0,1,1,47,1810,BROWNS,24,6,June,2012,1,Sunday,1,59,0,15,6,0,44.90034722,-123.07336111,42,2,0,0,0,1,1
410116,OREGON,OR,2,2,0,0,2,2,71,0,BRIDGEPORT,24,6,June,2012,1,Sunday,15,13,1,2,3,356,45.10327222,-123.33706111,12,1,0,0,0,1,0