ST_CASE,State Name,State Abbreviation,# of Vehicle involved,Parked_Vehicles_Involved,Pedestrains,Person_Not_in_Motor_Vehicle,Persons_in_motor_vehicle,Total_Persons_in_accident,COUNTY,CITY,City_County_Name,Calendar_DAY,MONTH,Month_name,YEAR,DAY_WEEK,Day_Week_desc,HOUR,MINUTE,NHS_Desc,trafficway,Route,MILEPT,LATITUDE,LONGITUD,First_Crash_event,Light_cond_desc,Weather_condition,School_bus_involved,Crash_cause,FATALS,DRUNK_DR
410117,OREGON,OR,2,2,0,0,3,3,19,0,CEDAR BLUFF,25,6,June,2012,2,Monday,7,48,1,2,3,249,43.66743056,-123.69727778,12,1,0,0,0,1,0
410118,OREGON,OR,2,2,0,0,4,4,3,0,BALDWIN,25,6,June,2012,2,Monday,9,43,0,4,3,20,44.28533056,-123.29540556,12,1,0,0,0,1,0
410121,OREGON,OR,1,1,0,0,1,1,59,0,FRANKLIN,24,6,June,2012,1,Sunday,11,58,0,4,3,277,45.71455000,-118.80766111,1,1,0,0,0,1,0
410122,OREGON,OR,1,1,0,0,1,1,39,0,ANDALUSIA,23,6,June,2012,7,Saturday,12,30,0,5,4,0,44.06720833,-123.32230278,34,1,0,0,0,1,0
410123,OREGON,OR,2,2,0,0,4,4,33,0,CHEROKEE,23,6,June,2012,7,Saturday,18,24,1,2,2,268,42.19174722,-123.64920000,12,1,0,0,0,1,0
410124,OREGON,OR,1,1,1,1,1,1,51,1650,CENTRAL,25,6,June,2012,2,Monday,13,30,0,15,6,0,45.53239722,-122.63708333,8,1,0,0,0,1,0
410125,OREGON,OR,2,1,0,0,1,1,17,190,CHAMBERS,25,6,June,2012,2,Monday,9,50,0,16,6,0,44.07011944,-121.26172500,14,1,0,0,0,1,0
410126,OREGON,OR,1,1,1,1,1,1,51,1650,CENTRAL,2,7,July,2012,2,Monday,21,9,0,13,3,57,45.48351667,-122.57893611,8,3,0,0,0,1,0
410127,OREGON,OR,1,1,0,0,2,2,33,0,CHEROKEE,6,7,July,2012,6,Friday,20,11,0,4,4,33,42.63191944,-123.31728611,1,1,0,0,0,1,1
410128,OREGON,OR,1,1,0,0,1,1,33,0,CHEROKEE,6,7,July,2012,6,Friday,9,0,1,2,2,137,42.35469167,-123.55153889,11,1,0,0,0,1,0
410129,OREGON,OR,3,3,0,0,5,5,47,0,BROWNS,8,7,July,2012,1,Sunday,13,24,1,1,1,2442,44.78788611,-123.03713056,5,1,0,0,0,1,0
410131,OREGON,OR,1,1,0,0,2,2,33,0,CHEROKEE,13,7,July,2012,6,Friday,20,15,1,2,2,400,42.01816944,-123.72881389,42,1,0,0,0,1,0
410132,OREGON,OR,1,1,0,0,1,1,29,0,BORDEN SPRINGS,15,7,July,2012,1,Sunday,17,30,0,14,4,10,42.39663611,-122.90774722,42,1,0,0,0,1,0
410133,OREGON,OR,1,1,0,0,2,2,65,0,CYPRESS,15,7,July,2012,1,Sunday,18,27,0,4,4,14,45.12275556,-121.27089444,17,1,0,0,0,1,0
410134,OREGON,OR,1,1,1,1,1,1,47,1810,BROWNS,16,7,July,2012,2,Monday,20,14,1,13,3,83,44.91825556,-122.99759722,8,1,0,0,0,1,0
410135,OREGON,OR,2,2,0,0,2,2,51,0,CENTRAL,6,7,July,2012,6,Friday,23,55,1,1,1,233,45.53008889,-122.27988333,12,2,0,0,0,1,1
410136,OREGON,OR,1,1,0,0,3,3,43,0,BAILEYTON,19,7,July,2012,5,Thursday,20,6,0,6,4,5,44.76126111,-122.65893056,42,1,0,0,0,1,1
410138,OREGON,OR,1,1,0,0,1,1,39,1960,ANDALUSIA,20,5,May,2012,1,Sunday,22,26,1,13,3,28,44.04454444,-122.99882500,42,3,0,0,0,1,0
410139,OREGON,OR,1,1,0,0,1,1,13,0,BOLLING,2,6,June,2012,7,Saturday,11,14,0,4,4,8,44.08125556,-120.78401667,1,1,0,0,0,1,0
410140,OREGON,OR,2,2,0,0,5,5,3,0,BALDWIN,20,6,June,2012,4,Wednesday,16,9,1,2,2,390,44.60037778,-123.55298889,12,1,0,0,0,1,0
410141,OREGON,OR,1,1,1,1,1,1,5,0,BAKER HILL,10,7,July,2012,3,Tuesday,19,39,0,4,4,0,45.29021667,-122.65545833,8,1,0,0,0,1,0
410143,OREGON,OR,2,2,0,0,2,2,39,0,ANDALUSIA,22,7,July,2012,1,Sunday,12,12,0,4,4,118,43.84093889,-123.22200278,12,1,0,0,0,1,0
410144,OREGON,OR,2,2,0,0,8,8,29,1310,BORDEN SPRINGS,23,7,July,2012,2,Monday,3,44,0,13,3,1,42.34525833,-122.88159722,12,2,0,0,0,1,0
410145,OREGON,OR,1,1,0,0,1,1,19,0,CEDAR BLUFF,24,7,July,2012,3,Tuesday,9,10,1,2,3,458,42.96577500,-123.78594167,35,1,0,0,0,1,0
410146,OREGON,OR,1,1,0,0,1,1,29,0,BORDEN SPRINGS,26,7,July,2012,5,Thursday,23,8,1,1,1,70,42.12136111,-122.62471389,1,2,0,0,0,1,0
410147,OREGON,OR,2,2,0,0,4,4,67,0,ABBEVILLE,27,7,July,2012,6,Friday,23,51,0,14,4,0,45.44985833,-122.85680278,12,2,0,0,0,2,1
410148,OREGON,OR,1,1,0,0,1,1,19,0,CEDAR BLUFF,29,7,July,2012,1,Sunday,18,39,0,5,4,155,43.35172500,-123.48751944,42,1,0,0,0,1,0
410149,OREGON,OR,1,1,0,0,2,2,71,0,BRIDGEPORT,28,7,July,2012,7,Saturday,99,99,0,6,4,7,45.31034167,-122.89016111,35,1,0,0,0,2,1
410150,OREGON,OR,1,1,0,0,1,1,35,0,BROOKLYN,30,7,July,2012,2,Monday,99,99,0,4,4,80,42.24693056,-122.11788333,17,1,0,0,0,1,0
410151,OREGON,OR,2,2,0,0,3,3,45,0,ARITON,3,8,August,2012,6,Friday,22,43,1,2,2,2247,43.86181944,-117.58625556,12,2,0,0,0,1,0
410152,OREGON,OR,1,1,0,0,2,2,43,0,BAILEYTON,4,8,August,2012,7,Saturday,15,14,0,2,2,346,44.40860278,-122.59380833,24,1,0,0,0,2,0
410153,OREGON,OR,1,1,0,0,4,4,1,0,AUTAUGA,4,8,August,2012,7,Saturday,19,15,0,4,3,250,44.81949167,-117.40200278,1,1,0,0,0,1,0
410154,OREGON,OR,1,1,0,0,2,2,33,0,CHEROKEE,4,8,August,2012,7,Saturday,21,39,1,2,2,169,42.33858889,-123.57829444,42,2,0,0,0,1,0
410155,OREGON,OR,1,1,0,0,3,3,29,0,BORDEN SPRINGS,7,8,August,2012,3,Tuesday,23,52,0,15,4,30,42.25995833,-122.83626389,38,2,0,0,0,1,1
410156,OREGON,OR,2,2,0,0,2,2,17,190,CHAMBERS,9,8,August,2012,5,Thursday,20,24,0,14,2,26,44.05490556,-121.26366111,12,1,0,0,0,1,1
410157,OREGON,OR,2,2,0,0,2,2,41,0,BRANTLEY,10,8,August,2012,6,Friday,14,10,1,2,2,290,44.61932222,-123.67704722,12,1,0,0,0,1,0
410158,OREGON,OR,1,1,0,0,1,1,53,0,ATMORE,11,8,August,2012,7,Saturday,11,52,1,2,3,55,45.04997500,-123.48254444,24,1,0,0,0,1,0
410159,OREGON,OR,2,2,0,0,2,2,43,0,BAILEYTON,15,8,August,2012,4,Wednesday,10,33,0,3,3,91,44.37745833,-122.92856944,12,1,0,0,0,1,0
410160,OREGON,OR,2,2,0,0,3,3,51,1650,CENTRAL,16,8,August,2012,5,Thursday,13,5,1,13,2,49,45.56136111,-122.74294167,12,1,0,0,0,1,0
410161,OREGON,OR,2,2,0,0,2,2,19,0,CEDAR BLUFF,17,8,August,2012,6,Friday,9,30,0,15,6,0,43.16151111,-123.39769444,12,1,0,0,0,1,0
410162,OREGON,OR,2,2,0,0,4,4,39,0,ANDALUSIA,18,8,August,2012,7,Saturday,13,26,1,2,3,140,44.01627222,-123.92642222,12,1,0,0,0,1,0
410163,OREGON,OR,1,1,1,1,1,1,5,800,BAKER HILL,19,8,August,2012,1,Sunday,3,4,1,11,1,109,45.41624167,-122.57409444,8,3,0,0,0,1,0
410164,OREGON,OR,2,2,0,0,4,4,19,0,CEDAR BLUFF,19,8,August,2012,1,Sunday,10,35,0,3,3,84,43.59382500,-123.57185278,12,1,0,0,0,2,0
410165,OREGON,OR,3,3,0,0,9,9,5,0,BAKER HILL,17,6,June,2012,1,Sunday,13,37,0,4,3,499,45.08867500,-122.06135278,12,1,0,0,0,1,0
410166,OREGON,OR,1,1,0,0,1,1,1,0,AUTAUGA,22,8,August,2012,4,Wednesday,9,25,1,2,2,2151,44.43000833,-118.13990556,1,1,0,0,0,1,0
410167,OREGON,OR,1,1,1,1,2,2,17,1720,CHAMBERS,9,5,May,2012,4,Wednesday,22,0,0,13,3,1202,44.28779722,-121.17396111,8,2,0,0,0,1,0
410168,OREGON,OR,2,2,0,0,2,2,51,0,CENTRAL,21,4,April,2012,7,Saturday,16,47,0,15,3,35,45.51835278,-122.34716111,12,1,0,0,0,1,1
410169,OREGON,OR,2,2,0,0,3,3,5,0,BAKER HILL,3,6,June,2012,1,Sunday,18,44,0,3,3,87,45.14892500,-122.64381389,12,1,0,0,0,1,1
410170,OREGON,OR,5,5,0,0,6,6,11,0,BULLOCK,17,7,July,2012,3,Tuesday,16,55,1,2,2,2230,43.57583889,-124.19332222,12,1,0,0,0,1,1
410171,OREGON,OR,1,1,0,0,1,1,47,0,BROWNS,2,8,August,2012,5,Thursday,18,47,0,6,4,9,44.81482778,-123.00509444,42,1,0,0,0,1,0
410172,OREGON,OR,1,1,0,0,1,1,71,0,BRIDGEPORT,4,8,August,2012,7,Saturday,18,35,0,4,4,35,45.29138611,-123.25225833,34,1,0,0,0,1,1
410173,OREGON,OR,1,1,0,0,1,1,47,1810,BROWNS,11,8,August,2012,7,Saturday,1,0,0,13,3,47,44.94748056,-123.03877500,33,3,0,0,0,1,1
410174,OREGON,OR,2,2,0,0,3,3,17,0,CHAMBERS,9,8,August,2012,5,Thursday,21,25,1,2,3,1090,44.27277778,-121.23206111,12,2,0,0,0,1,0
410175,OREGON,OR,1,1,0,0,1,1,39,1960,ANDALUSIA,12,8,August,2012,1,Sunday,8,53,0,14,6,0,44.04129167,-123.04233889,42,1,0,0,0,1,0
410176,OREGON,OR,2,2,0,0,2,2,43,0,BAILEYTON,12,8,August,2012,1,Sunday,21,8,0,4,4,0,44.64643056,-123.06296389,12,3,0,0,0,1,0
410177,OREGON,OR,1,1,0,0,1,1,5,0,BAKER HILL,17,8,August,2012,6,Friday,18,30,0,5,8,0,45.09326944,-121.92596111,1,1,0,0,0,1,1
410178,OREGON,OR,1,1,0,0,1,1,23,0,BLADON SPRINGS,23,8,August,2012,5,Thursday,10,15,0,4,4,137,44.66778333,-118.71704444,42,1,0,0,0,1,0
410179,OREGON,OR,2,2,0,0,2,2,51,0,CENTRAL,25,8,August,2012,7,Saturday,19,44,0,4,4,0,45.46984167,-122.26311389,12,1,0,0,0,1,1
410180,OREGON,OR,1,1,0,0,1,1,59,0,FRANKLIN,25,8,August,2012,7,Saturday,13,30,0,6,8,0,45.01779167,-118.67186667,33,1,0,0,0,1,0
410181,OREGON,OR,1,1,1,1,1,1,51,1650,CENTRAL,27,8,August,2012,2,Monday,20,30,0,13,6,0,45.50437778,-122.50298889,8,3,0,0,0,1,0
410182,OREGON,OR,1,1,1,1,1,1,29,70,BORDEN SPRINGS,29,8,August,2012,4,Wednesday,8,30,0,13,3,191,42.19793333,-122.71561111,8,1,0,0,0,1,0
410183,OREGON,OR,1,1,0,0,3,3,5,0,BAKER HILL,1,9,September,2012,7,Saturday,12,51,1,1,1,45,45.35874722,-122.66706944,1,1,0,0,0,1,0
410184,OREGON,OR,1,1,0,0,3,3,37,0,BRADFORD,2,9,September,2012,1,Sunday,0,34,0,3,3,512,43.12846944,-120.96896389,1,2,0,0,0,1,0
410185,OREGON,OR,3,3,0,0,3,3,43,0,BAILEYTON,5,9,September,2012,4,Wednesday,14,39,0,2,3,22,44.56407222,-123.21407500,12,1,0,0,0,1,0
410186,OREGON,OR,1,1,0,0,1,1,51,1650,CENTRAL,5,9,September,2012,4,Wednesday,22,34,0,15,6,0,45.50371389,-122.67817500,33,2,0,0,0,1,1
410187,OREGON,OR,1,1,0,0,1,1,39,1960,ANDALUSIA,28,8,August,2012,3,Tuesday,14,15,0,16,6,0,44.05626667,-123.02445556,5,1,0,0,0,1,0
410188,OREGON,OR,2,2,0,0,3,3,63,0,BOLIGEE,3,9,September,2012,2,Monday,5,35,0,2,3,346,45.61763611,-117.70644722,12,2,0,0,0,1,0
410189,OREGON,OR,1,1,0,0,1,1,37,1200,BRADFORD,6,9,September,2012,5,Thursday,6,0,0,6,6,0,42.19965000,-120.35105833,38,4,0,0,0,1,1
410190,OREGON,OR,1,1,0,0,2,2,53,0,ATMORE,8,9,September,2012,7,Saturday,0,49,0,13,3,5,44.94698611,-123.29075833,34,2,0,0,0,1,1
410191,OREGON,OR,1,1,1,1,2,2,51,880,CENTRAL,8,9,September,2012,7,Saturday,19,36,0,13,2,143,45.49333056,-122.40405556,8,5,0,0,0,1,0
410192,OREGON,OR,1,1,0,0,1,1,31,0,COFFEE,9,9,September,2012,1,Sunday,2,0,1,2,2,1108,44.72150000,-121.17739722,1,8,0,0,0,1,0
410193,OREGON,OR,1,1,1,1,1,1,67,0,ABBEVILLE,11,9,September,2012,3,Tuesday,14,30,0,13,4,0,45.50753889,-122.86741389,8,1,0,0,0,1,0
410195,OREGON,OR,1,1,1,1,1,1,41,0,BRANTLEY,14,9,September,2012,6,Friday,5,30,1,2,2,1585,44.39685000,-124.08608056,8,8,0,0,0,1,0
410196,OREGON,OR,2,2,0,0,4,4,29,0,BORDEN SPRINGS,14,9,September,2012,6,Friday,13,30,1,1,1,475,42.41175000,-123.14908333,12,1,0,0,0,1,0
410197,OREGON,OR,1,1,1,1,1,1,39,690,ANDALUSIA,16,9,September,2012,1,Sunday,20,20,1,2,2,1901,43.98163056,-124.10126389,8,3,0,0,0,1,0
410198,OREGON,OR,1,1,0,0,1,1,33,0,CHEROKEE,16,9,September,2012,1,Sunday,11,49,0,4,3,59,42.48725833,-123.47306667,42,1,0,0,0,1,0
410199,OREGON,OR,1,1,0,0,1,1,17,0,CHAMBERS,17,9,September,2012,2,Monday,1,42,0,4,4,0,44.18853056,-121.28395833,42,2,0,0,0,1,1
410200,OREGON,OR,1,1,0,0,1,1,37,0,BRADFORD,17,9,September,2012,2,Monday,19,30,0,4,4,368,43.21021389,-120.29865278,1,5,0,0,0,1,1
410201,OREGON,OR,2,2,0,0,2,2,51,1650,CENTRAL,17,9,September,2012,2,Monday,10,51,0,13,2,48,45.49741944,-122.58361667,12,1,0,0,0,1,0
410202,OREGON,OR,1,1,0,0,1,1,17,0,CHAMBERS,18,9,September,2012,3,Tuesday,3,9,1,2,2,1555,43.83813056,-121.42194167,42,2,0,0,0,1,0
410203,OREGON,OR,2,2,0,0,2,2,53,0,ATMORE,20,9,September,2012,5,Thursday,8,45,1,2,3,140,44.97148611,-123.30495000,12,1,0,0,0,1,0
410204,OREGON,OR,2,2,0,0,3,3,5,0,BAKER HILL,21,9,September,2012,6,Friday,18,58,1,2,2,269,45.37782222,-122.22520556,12,2,0,0,0,1,0
410205,OREGON,OR,1,1,0,0,1,1,69,0,ASHFORD,21,9,September,2012,6,Friday,17,25,1,2,2,521,44.52176389,-120.37479722,24,1,0,0,0,1,1
410206,OREGON,OR,1,1,0,0,1,1,5,0,BAKER HILL,21,9,September,2012,6,Friday,6,59,0,4,4,0,45.33179444,-122.74373889,34,4,0,0,0,1,0
410207,OREGON,OR,1,1,0,0,2,2,33,2251,CHEROKEE,21,9,September,2012,6,Friday,21,30,0,5,6,0,42.22559444,-123.26919167,34,2,0,0,0,1,0
410208,OREGON,OR,1,1,0,0,1,1,35,1170,BROOKLYN,22,9,September,2012,7,Saturday,11,38,1,13,3,7,42.19993889,-121.80926111,1,1,0,0,0,1,0
410209,OREGON,OR,1,1,0,0,1,1,25,0,BARLOW BEND,15,9,September,2012,7,Saturday,16,45,0,3,3,85,43.46154722,-119.02011111,1,1,0,0,0,1,0
410210,OREGON,OR,1,1,0,0,1,1,19,0,CEDAR BLUFF,24,9,September,2012,2,Monday,1,45,0,4,4,9,42.75330278,-123.44971111,58,2,0,0,0,1,0
410211,OREGON,OR,1,1,0,0,2,2,33,0,CHEROKEE,26,9,September,2012,4,Wednesday,16,15,0,3,4,41,42.40963611,-123.42847500,42,1,0,0,0,1,1
410212,OREGON,OR,2,2,0,0,4,4,67,0,ABBEVILLE,27,9,September,2012,5,Thursday,19,16,0,3,4,0,45.37975833,-122.85696667,12,5,0,0,0,1,0
410213,OREGON,OR,2,2,0,0,3,3,35,0,BROOKLYN,28,9,September,2012,6,Friday,16,57,1,13,2,2713,42.29479167,-121.81705833,12,1,0,0,0,1,0
410215,OREGON,OR,1,1,0,0,1,1,59,0,FRANKLIN,29,9,September,2012,7,Saturday,14,30,0,3,3,50,45.15340556,-118.87347778,1,1,0,0,0,1,0
410216,OREGON,OR,2,2,0,0,3,3,17,0,CHAMBERS,29,9,September,2012,7,Saturday,15,54,0,5,4,0,43.76780833,-121.46225833,12,1,0,0,0,1,0
410217,OREGON,OR,1,1,0,0,2,2,51,1650,CENTRAL,29,9,September,2012,7,Saturday,18,0,0,15,6,0,45.50972222,-122.67802778,5,5,0,0,0,1,0
410218,OREGON,OR,1,1,1,1,2,2,51,1650,CENTRAL,30,9,September,2012,1,Sunday,2,33,0,13,6,0,45.52305833,-122.66835278,8,3,0,0,0,1,1
410219,OREGON,OR,2,2,0,0,2,2,11,0,BULLOCK,9,9,September,2012,1,Sunday,14,59,0,4,4,56,43.27553333,-124.35648056,12,1,0,0,0,1,0
410220,OREGON,OR,1,1,0,0,1,1,67,2100,ABBEVILLE,24,9,September,2012,2,Monday,0,18,0,14,6,0,45.38120556,-122.76711389,42,3,0,0,0,1,0
410221,OREGON,OR,1,1,1,1,5,5,59,1610,FRANKLIN,28,9,September,2012,6,Friday,11,50,0,14,6,0,45.66651111,-118.80759722,8,1,0,0,0,1,0
410222,OREGON,OR,1,1,0,0,3,3,51,0,CENTRAL,29,9,September,2012,7,Saturday,21,10,0,6,8,180,45.54460000,-122.37755000,1,2,0,0,0,2,0
410223,OREGON,OR,3,3,0,0,9,9,3,0,BALDWIN,30,9,September,2012,1,Sunday,12,41,0,3,3,945,44.42844722,-123.27807778,12,1,0,0,0,1,0
410224,OREGON,OR,1,1,1,1,1,1,51,1650,CENTRAL,30,9,September,2012,1,Sunday,21,3,0,13,6,0,45.51022500,-122.51076111,9,3,0,0,0,1,0
410225,OREGON,OR,1,1,0,0,1,1,71,1890,BRIDGEPORT,6,10,October,2012,7,Saturday,2,55,0,4,3,56,45.09565000,-123.42628889,34,2,0,0,0,1,1
410226,OREGON,OR,1,1,0,0,1,1,35,0,BROOKLYN,7,10,October,2012,1,Sunday,18,32,0,5,4,0,42.14688333,-122.04824722,42,5,0,0,0,1,1
410227,OREGON,OR,2,2,0,0,2,2,67,1000,ABBEVILLE,11,10,October,2012,5,Thursday,7,20,0,13,6,0,45.53267778,-122.93812500,12,4,0,0,0,1,0
410228,OREGON,OR,1,1,1,1,1,1,67,1000,ABBEVILLE,28,6,June,2012,5,Thursday,17,8,1,13,3,135,45.51889722,-122.99578889,9,1,0,0,0,1,0
410229,OREGON,OR,1,1,0,0,1,1,19,0,CEDAR BLUFF,1,8,August,2012,4,Wednesday,17,0,1,1,1,1460,43.50767778,-123.31729167,35,1,0,0,0,1,0
410230,OREGON,OR,2,2,0,0,3,3,63,0,BOLIGEE,29,9,September,2012,7,Saturday,19,30,0,2,3,440,45.59945000,-117.56368889,11,2,0,0,0,1,1
410231,OREGON,OR,1,1,0,0,2,2,59,0,FRANKLIN,14,5,May,2012,2,Monday,15,22,0,6,4,99,45.66463889,-118.55840556,1,1,0,0,0,1,1
410232,OREGON,OR,1,1,1,1,2,2,3,420,BALDWIN,8,6,June,2012,6,Friday,22,30,1,13,3,820,44.58565556,-123.25469167,15,2,2,0,0,1,1
410233,OREGON,OR,1,1,0,0,1,1,31,0,COFFEE,9,6,June,2012,7,Saturday,17,50,0,6,8,0,44.41279722,-121.60981944,42,1,0,0,0,1,1
410234,OREGON,OR,2,2,0,0,2,2,33,0,CHEROKEE,4,10,October,2012,5,Thursday,16,58,0,4,4,83,42.54860556,-123.56122778,12,1,0,0,0,1,0
410235,OREGON,OR,1,1,1,1,1,1,67,0,ABBEVILLE,6,10,October,2012,7,Saturday,2,54,1,13,3,68,45.49421944,-122.87088333,8,2,0,0,0,1,1
410237,OREGON,OR,1,1,0,0,1,1,17,1720,CHAMBERS,12,10,October,2012,6,Friday,22,12,0,16,6,0,44.29600833,-121.19081944,11,2,0,0,0,1,1
410238,OREGON,OR,2,2,0,0,4,4,39,0,ANDALUSIA,14,10,October,2012,1,Sunday,13,50,1,2,3,357,44.05322222,-123.53335278,12,1,0,0,0,1,0
410239,OREGON,OR,2,2,0,0,2,2,17,0,CHAMBERS,20,10,October,2012,7,Saturday,19,20,1,13,3,1087,44.27297778,-121.23845556,12,2,0,0,0,1,1
410240,OREGON,OR,3,3,0,0,3,3,27,0,ASHLAND,16,10,October,2012,3,Tuesday,15,9,1,2,3,919,45.59326111,-121.55093333,12,1,0,0,0,1,0
410241,OREGON,OR,2,2,0,0,3,3,39,0,ANDALUSIA,17,10,October,2012,4,Wednesday,16,4,0,4,4,17,43.77836667,-122.95345556,12,1,0,0,0,1,0
410242,OREGON,OR,2,2,0,0,3,3,39,0,ANDALUSIA,19,10,October,2012,6,Friday,14,20,0,13,3,1158,44.12782500,-123.19532222,12,1,0,0,0,1,0
410243,OREGON,OR,1,1,0,0,4,4,43,0,BAILEYTON,20,10,October,2012,7,Saturday,2,24,0,6,4,3,44.71291667,-123.03690833,42,2,0,0,0,1,0
410244,OREGON,OR,1,1,0,0,2,2,47,0,BROWNS,21,10,October,2012,1,Sunday,19,10,0,3,4,21,44.77554444,-122.86567778,1,2,0,0,0,1,1
410245,OREGON,OR,1,1,0,0,3,3,33,0,CHEROKEE,22,10,October,2012,2,Monday,3,0,1,2,2,276,42.18226389,-123.64465278,42,2,0,0,0,1,1
410246,OREGON,OR,1,1,0,0,3,3,59,0,FRANKLIN,23,10,October,2012,3,Tuesday,22,0,1,1,1,2290,45.59568889,-118.48511111,1,2,0,0,0,1,0
410247,OREGON,OR,2,2,0,0,4,4,41,0,BRANTLEY,25,10,October,2012,5,Thursday,8,15,1,2,3,241,44.62943333,-123.76734167,12,1,0,0,0,2,0
410248,OREGON,OR,2,2,0,0,4,4,27,0,ASHLAND,25,10,October,2012,5,Thursday,12,57,1,2,3,935,45.60615833,-121.53584722,12,1,0,0,0,1,0
410249,OREGON,OR,1,1,1,1,1,1,51,1650,CENTRAL,28,10,October,2012,1,Sunday,9,10,0,14,6,0,45.51321111,-122.67091111,8,1,0,0,0,1,0
410250,OREGON,OR,1,1,0,0,2,2,57,0,BANKSTON,27,10,October,2012,7,Saturday,16,0,0,6,4,11,45.21261111,-123.86177500,1,1,0,0,0,1,0
410251,OREGON,OR,1,1,0,0,2,2,51,1650,CENTRAL,29,10,October,2012,2,Monday,1,29,0,14,6,0,45.53360556,-122.58718056,30,3,0,0,0,1,1
410252,OREGON,OR,2,2,0,0,2,2,51,1650,CENTRAL,31,10,October,2012,4,Wednesday,17,37,0,13,6,0,45.52709722,-122.64242778,12,3,0,0,0,1,0
410253,OREGON,OR,1,1,1,1,1,1,51,1650,CENTRAL,31,10,October,2012,4,Wednesday,21,9,0,13,2,45,45.49744444,-122.58987778,8,3,0,0,0,1,0
410254,OREGON,OR,1,1,1,1,1,1,5,0,BAKER HILL,1,11,November,2012,5,Thursday,20,10,0,3,3,130,45.19257222,-122.58536667,8,3,0,0,0,1,0
410255,OREGON,OR,2,2,0,0,2,2,47,0,BROWNS,2,11,November,2012,6,Friday,14,27,0,3,3,479,45.04215556,-122.79331944,12,1,0,0,0,1,0
410256,OREGON,OR,2,2,0,0,5,5,51,1650,CENTRAL,2,11,November,2012,6,Friday,15,32,0,13,2,79,45.57164444,-122.62639167,12,1,0,0,0,1,0
410257,OREGON,OR,1,1,0,0,2,2,43,0,BAILEYTON,3,11,November,2012,7,Saturday,16,43,0,3,3,180,44.73261667,-122.69494722,42,1,0,0,0,1,0
410258,OREGON,OR,1,1,1,1,2,2,3,0,BALDWIN,3,11,November,2012,7,Saturday,10,4,0,5,4,0,44.64300000,-123.30160556,9,1,2,0,0,1,0
410259,OREGON,OR,1,1,1,1,3,3,47,0,BROWNS,4,11,November,2012,1,Sunday,21,32,1,1,1,2770,45.21803611,-122.81978056,8,2,0,0,0,1,0
410260,OREGON,OR,1,1,0,0,1,1,11,0,BULLOCK,4,11,November,2012,1,Sunday,1,51,0,4,3,36,43.36588611,-124.15285278,59,3,0,0,0,1,1
410261,OREGON,OR,1,1,0,0,2,2,11,0,BULLOCK,6,11,November,2012,3,Tuesday,23,20,1,2,2,2275,43.51835000,-124.21681667,42,2,0,0,0,2,0
410262,OREGON,OR,1,1,1,1,2,2,47,1810,BROWNS,7,11,November,2012,4,Wednesday,17,43,0,13,6,0,44.97411389,-123.00201667,9,3,0,0,0,1,0
410263,OREGON,OR,1,1,0,0,1,1,3,0,BALDWIN,7,11,November,2012,4,Wednesday,4,0,0,6,4,10,44.46827222,-123.46128889,42,2,0,0,0,1,1
410264,OREGON,OR,2,2,0,0,2,2,29,0,BORDEN SPRINGS,9,11,November,2012,6,Friday,11,56,0,3,3,134,42.51848889,-122.81247222,12,1,0,0,0,1,0
410265,OREGON,OR,1,1,0,0,1,1,5,0,BAKER HILL,10,11,November,2012,7,Saturday,99,99,0,6,4,0,45.31637778,-122.37040556,1,2,0,0,0,1,1
410266,OREGON,OR,2,2,0,0,3,3,33,0,CHEROKEE,12,11,November,2012,2,Monday,10,57,1,2,2,76,42.39288889,-123.46393333,12,1,0,0,0,1,0
410267,OREGON,OR,2,2,0,0,3,3,43,20,BAILEYTON,14,11,November,2012,4,Wednesday,19,52,0,14,6,0,44.64387222,-123.04688333,12,2,0,0,0,1,0
410268,OREGON,OR,1,1,0,0,1,1,19,0,CEDAR BLUFF,15,11,November,2012,5,Thursday,8,30,0,5,4,18,43.13749444,-123.64964167,1,1,0,0,0,1,0
410269,OREGON,OR,1,1,0,0,1,1,33,0,CHEROKEE,17,11,November,2012,7,Saturday,99,99,1,1,1,796,42.73151389,-123.36996111,24,2,0,0,0,1,1
410270,OREGON,OR,2,2,0,0,2,2,19,1780,CEDAR BLUFF,17,11,November,2012,7,Saturday,9,28,0,13,3,20,43.21493611,-123.26809722,12,1,0,0,0,1,0
410271,OREGON,OR,2,2,0,0,3,3,39,0,ANDALUSIA,19,11,November,2012,2,Monday,17,35,1,2,3,145,43.90947500,-122.75673333,12,2,0,0,0,1,1
410272,OREGON,OR,1,1,2,2,1,1,51,1650,CENTRAL,20,11,November,2012,3,Tuesday,20,20,0,14,6,0,45.51881111,-122.55271389,8,3,0,0,0,1,0
410273,OREGON,OR,2,2,0,0,2,2,5,0,BAKER HILL,21,11,November,2012,4,Wednesday,7,51,0,14,4,0,45.42497222,-122.53811389,12,1,0,0,0,1,0
410274,OREGON,OR,1,1,0,0,1,1,49,0,COLLINSVILLE,21,11,November,2012,4,Wednesday,6,54,0,5,4,0,45.81075556,-119.79721944,1,4,0,0,0,1,0