ST_CASE,State Name,State Abbreviation,# of Vehicle involved,Parked_Vehicles_Involved,Pedestrains,Person_Not_in_Motor_Vehicle,Persons_in_motor_vehicle,Total_Persons_in_accident,COUNTY,CITY,City_County_Name,Calendar_DAY,MONTH,Month_name,YEAR,DAY_WEEK,Day_Week_desc,HOUR,MINUTE,NHS_Desc,trafficway,Route,MILEPT,LATITUDE,LONGITUD,First_Crash_event,Light_cond_desc,Weather_condition,School_bus_involved,Crash_cause,FATALS,DRUNK_DR
420102,PENNSYLVANIA,PA,1,1,0,0,2,2,25,0,BARLOW BEND,22,2,February,2012,4,Wednesday,20,4,1,1,1,4,41.06442778,-75.70327500,26,3,0,0,0,1,0
420103,PENNSYLVANIA,PA,1,1,1,1,1,1,59,0,FRANKLIN,3,2,February,2012,6,Friday,6,57,0,6,3,1,39.93202500,-80.38644444,8,2,0,0,0,1,0
420104,PENNSYLVANIA,PA,2,2,0,0,2,2,19,0,CEDAR BLUFF,23,2,February,2012,5,Thursday,1,30,1,11,1,270,40.69765000,-80.11716111,12,2,0,0,0,1,1
420105,PENNSYLVANIA,PA,1,1,0,0,4,4,103,0,DANVILLE,12,2,February,2012,1,Sunday,7,7,1,1,1,407,41.34872778,-74.93832222,52,1,0,0,0,1,0
420106,PENNSYLVANIA,PA,1,1,0,0,1,1,129,0,BIGBEE,24,2,February,2012,6,Friday,15,5,0,13,3,63,40.51725278,-79.69143056,31,1,0,0,0,1,0
420107,PENNSYLVANIA,PA,1,1,1,1,1,1,131,0,ARLINGTON,17,2,February,2012,6,Friday,1,17,0,3,3,35,41.41785000,-76.06851667,8,2,0,0,0,1,0
420108,PENNSYLVANIA,PA,1,1,0,0,1,1,47,0,BROWNS,20,2,February,2012,2,Monday,3,50,0,3,3,87,41.35067500,-78.52634444,1,2,0,0,0,1,1
420109,PENNSYLVANIA,PA,3,3,0,0,4,4,125,1000,BROOKWOOD,24,2,February,2012,6,Friday,7,4,0,3,3,338,40.37252778,-80.38992500,12,1,0,0,0,1,1
420110,PENNSYLVANIA,PA,1,1,1,1,1,1,19,1020,CEDAR BLUFF,3,1,January,2012,3,Tuesday,9,14,0,13,3,182,40.86256944,-79.90631667,9,1,0,0,0,1,0
420111,PENNSYLVANIA,PA,1,1,0,0,1,1,13,0,BOLLING,2,2,February,2012,5,Thursday,19,49,1,1,1,174,40.29398889,-78.44419167,34,2,0,0,0,1,1
420112,PENNSYLVANIA,PA,1,1,0,0,1,1,101,6540,BOYLSTON,8,1,January,2012,1,Sunday,22,0,0,16,6,0,39.98632500,-75.13184722,31,3,0,0,0,1,1
420113,PENNSYLVANIA,PA,1,1,0,0,1,1,73,5970,ARGO,4,1,January,2012,4,Wednesday,10,13,0,4,3,20,41.11216667,-80.33759444,24,1,0,0,0,1,0
420114,PENNSYLVANIA,PA,2,2,0,0,2,2,21,8240,CHILTON,4,2,February,2012,7,Saturday,1,0,1,2,2,116,40.37603333,-78.76546111,12,2,0,0,0,1,1
420115,PENNSYLVANIA,PA,1,1,1,1,1,1,91,3740,DAYTON,27,1,January,2012,6,Friday,20,38,1,13,3,92,40.18756111,-75.13450000,8,2,0,0,0,1,1
420116,PENNSYLVANIA,PA,1,1,0,0,1,1,3,6600,BALDWIN,11,2,February,2012,7,Saturday,3,50,0,14,3,27,40.44411111,-79.91898056,33,3,0,0,0,1,1
420117,PENNSYLVANIA,PA,1,1,0,0,1,1,57,0,BANKSTON,1,2,February,2012,4,Wednesday,22,25,1,2,2,334,40.06983056,-77.91989722,34,2,0,0,0,1,0
420119,PENNSYLVANIA,PA,1,1,1,1,1,1,43,0,BAILEYTON,28,2,February,2012,3,Tuesday,2,18,1,11,1,474,40.27065000,-76.81529167,8,2,0,0,0,1,0
420120,PENNSYLVANIA,PA,1,1,1,1,1,1,13,8670,BOLLING,17,2,February,2012,6,Friday,22,1,0,15,2,18,40.66416944,-78.25279444,8,2,0,0,0,1,0
420121,PENNSYLVANIA,PA,1,1,1,1,1,1,121,8217,BON AIR,17,2,February,2012,6,Friday,21,39,0,14,3,8,41.41353889,-79.82178889,8,3,0,0,0,1,0
420122,PENNSYLVANIA,PA,1,1,0,0,3,3,11,0,BULLOCK,23,2,February,2012,5,Thursday,11,43,1,13,2,9,40.30027778,-75.99285833,30,1,0,0,0,1,0
420123,PENNSYLVANIA,PA,1,1,1,1,1,1,75,4340,BEAVERTON,24,2,February,2012,6,Friday,7,1,0,16,6,0,40.33460278,-76.42393333,8,4,0,0,0,1,0
420124,PENNSYLVANIA,PA,1,1,0,0,1,1,95,0,ALBERTVILLE,10,2,February,2012,6,Friday,0,0,0,15,3,9,40.70230000,-75.23256667,34,2,0,0,0,1,1
420125,PENNSYLVANIA,PA,1,1,1,1,1,1,91,7220,DAYTON,7,2,February,2012,3,Tuesday,18,14,0,14,3,9,40.19168333,-75.53129167,8,3,0,0,0,1,0
420126,PENNSYLVANIA,PA,1,1,1,1,1,1,101,6540,BOYLSTON,21,2,February,2012,3,Tuesday,18,43,0,13,3,13,40.02070556,-75.19270000,8,3,0,0,0,1,0
420127,PENNSYLVANIA,PA,1,1,1,1,1,1,101,6540,BOYLSTON,29,2,February,2012,4,Wednesday,16,23,0,13,3,89,40.06901111,-75.24046667,8,1,0,0,0,1,0
420128,PENNSYLVANIA,PA,1,1,0,0,1,1,39,0,ANDALUSIA,22,2,February,2012,4,Wednesday,7,0,0,3,3,109,41.59587778,-79.96584444,31,1,0,0,0,1,0
420129,PENNSYLVANIA,PA,1,1,1,1,1,1,101,6540,BOYLSTON,5,2,February,2012,1,Sunday,2,20,1,13,3,52,40.00924167,-75.15122778,8,3,0,0,0,1,0
420130,PENNSYLVANIA,PA,1,1,1,1,1,1,101,6540,BOYLSTON,10,2,February,2012,6,Friday,99,99,0,15,3,3,40.05675278,-75.01340556,8,3,0,0,0,1,0
420131,PENNSYLVANIA,PA,2,2,0,0,2,2,5,0,BAKER HILL,10,2,February,2012,6,Friday,9,16,1,2,2,221,40.70827500,-79.36480000,12,1,0,0,0,1,0
420132,PENNSYLVANIA,PA,2,2,0,0,4,4,115,0,ASHVILLE,26,2,February,2012,1,Sunday,17,40,0,3,3,285,41.99888333,-76.00086667,12,5,0,0,0,1,0
420133,PENNSYLVANIA,PA,2,2,0,0,2,2,99,0,BEATRICE,6,2,February,2012,2,Monday,6,14,0,3,3,181,40.35381389,-77.22834444,12,4,0,1,0,1,0
420134,PENNSYLVANIA,PA,2,2,0,0,3,3,19,0,CEDAR BLUFF,24,2,February,2012,6,Friday,1,22,1,1,1,438,41.16944167,-79.70535833,12,2,0,0,0,1,0
420135,PENNSYLVANIA,PA,2,2,0,0,3,3,5,0,BAKER HILL,31,1,January,2012,3,Tuesday,13,41,0,3,3,10,40.61769444,-79.54678611,12,1,0,0,0,1,0
420136,PENNSYLVANIA,PA,2,2,0,0,2,2,49,0,COLLINSVILLE,8,2,February,2012,4,Wednesday,22,15,1,2,2,92,41.87199167,-79.87831111,12,2,0,0,0,1,1
420137,PENNSYLVANIA,PA,1,1,0,0,1,1,91,0,DAYTON,4,2,February,2012,7,Saturday,17,27,0,4,5,0,40.18162778,-75.43750556,33,1,0,0,0,1,1
420138,PENNSYLVANIA,PA,1,1,0,0,3,3,37,0,BRADFORD,30,3,March,2012,6,Friday,20,21,0,3,3,17,41.11640833,-76.33276667,1,2,0,0,0,1,0
420139,PENNSYLVANIA,PA,1,1,0,0,2,2,55,0,ATTALLA,17,3,March,2012,7,Saturday,1,18,0,3,3,32,39.86595556,-77.94292500,39,2,0,0,0,2,1
420140,PENNSYLVANIA,PA,2,2,0,0,2,2,133,0,ARLEY,20,2,February,2012,2,Monday,6,15,0,4,3,199,39.82301944,-76.69670833,12,2,0,0,0,1,0
420141,PENNSYLVANIA,PA,2,2,0,0,3,3,75,0,BEAVERTON,4,2,February,2012,7,Saturday,12,50,1,1,1,5,40.42611389,-76.51771111,12,1,0,0,0,1,0
420142,PENNSYLVANIA,PA,2,2,0,0,2,2,73,0,ARGO,14,2,February,2012,3,Tuesday,6,50,1,1,1,59,41.10559167,-80.41578611,12,2,0,0,0,1,0
420143,PENNSYLVANIA,PA,2,2,0,0,3,3,49,0,COLLINSVILLE,18,2,February,2012,7,Saturday,23,5,0,15,3,349,42.20358333,-79.93081111,12,2,0,0,0,1,1
420144,PENNSYLVANIA,PA,2,2,0,0,3,3,131,0,ARLINGTON,8,2,February,2012,4,Wednesday,9,5,0,6,3,16,41.62224444,-75.85160000,12,1,0,0,0,2,0
420145,PENNSYLVANIA,PA,2,2,0,0,5,5,7,0,BIBB,17,2,February,2012,6,Friday,7,35,0,3,2,91,40.52897778,-80.39236389,12,1,0,0,0,1,0
420146,PENNSYLVANIA,PA,2,2,0,0,2,2,41,9480,BRANTLEY,3,2,February,2012,6,Friday,6,30,0,13,3,6,40.25562778,-76.89947778,12,3,0,0,0,1,0
420147,PENNSYLVANIA,PA,9,9,0,0,10,10,121,0,BON AIR,25,2,February,2012,7,Saturday,14,42,1,1,1,361,41.19261389,-79.84414722,12,1,0,0,0,1,0
420148,PENNSYLVANIA,PA,2,2,0,0,2,2,3,0,BALDWIN,26,2,February,2012,1,Sunday,19,5,0,6,5,0,40.58620000,-80.03580278,12,2,0,0,0,1,1
420149,PENNSYLVANIA,PA,2,1,0,0,1,1,109,0,ANSLEY,1,2,February,2012,4,Wednesday,9,10,0,4,3,52,40.75238333,-77.21208056,14,1,0,0,0,1,0
420150,PENNSYLVANIA,PA,1,1,0,0,2,2,111,0,GRAHAM,2,2,February,2012,5,Thursday,10,10,0,4,3,73,39.93508333,-79.18781111,34,1,0,0,0,1,0
420151,PENNSYLVANIA,PA,2,2,1,1,3,3,17,0,CHAMBERS,19,2,February,2012,1,Sunday,0,30,0,13,3,43,40.16367778,-74.84404167,8,3,0,0,0,1,0
420152,PENNSYLVANIA,PA,1,1,0,0,1,1,111,0,GRAHAM,25,2,February,2012,7,Saturday,15,9,0,4,3,167,39.89898056,-78.95397222,24,1,0,0,0,1,1
420153,PENNSYLVANIA,PA,1,1,0,0,1,1,85,0,BENTON,5,3,March,2012,2,Monday,13,9,1,1,1,1134,41.15282500,-80.15653611,52,1,0,0,0,1,0
420154,PENNSYLVANIA,PA,2,2,0,0,2,2,11,0,BULLOCK,3,2,February,2012,6,Friday,12,30,0,5,3,4,40.17672500,-75.92455833,12,1,0,0,0,1,0
420155,PENNSYLVANIA,PA,4,4,0,0,6,6,121,0,BON AIR,25,2,February,2012,7,Saturday,14,42,1,1,1,362,41.19270556,-79.84382222,12,1,0,0,0,2,0
420156,PENNSYLVANIA,PA,2,2,1,1,2,2,45,5215,ARITON,9,2,February,2012,5,Thursday,19,43,1,13,3,118,39.96276111,-75.24727500,8,2,0,0,0,1,0
420157,PENNSYLVANIA,PA,1,1,0,0,1,1,107,0,CARROLLTON,23,1,January,2012,2,Monday,10,35,0,14,3,202,40.64714722,-76.13688333,59,1,0,0,0,1,0
420158,PENNSYLVANIA,PA,1,1,2,2,1,1,115,5890,ASHVILLE,25,2,February,2012,7,Saturday,2,21,0,3,2,181,41.86842778,-75.73234444,8,3,0,0,0,2,1
420159,PENNSYLVANIA,PA,1,1,0,0,1,1,7,460,BIBB,19,1,January,2012,5,Thursday,21,30,0,16,6,0,40.69071944,-80.30478333,42,3,0,0,0,1,0
420160,PENNSYLVANIA,PA,1,1,0,0,1,1,33,3290,CHEROKEE,8,1,January,2012,1,Sunday,2,16,1,2,2,252,40.96047222,-78.61210278,35,2,0,0,0,1,1
420161,PENNSYLVANIA,PA,2,1,1,1,1,1,41,4400,BRANTLEY,4,1,January,2012,4,Wednesday,0,7,1,12,3,70,40.23752500,-76.89669167,8,2,0,0,0,1,0
420162,PENNSYLVANIA,PA,1,1,0,0,1,1,17,0,CHAMBERS,2,3,March,2012,6,Friday,0,13,0,6,5,0,40.34929167,-75.03895556,42,2,0,0,0,1,1
420163,PENNSYLVANIA,PA,1,1,0,0,2,2,17,0,CHAMBERS,27,1,January,2012,6,Friday,23,39,0,15,3,3,40.19549444,-74.81876389,42,3,0,0,0,1,1
420164,PENNSYLVANIA,PA,1,1,0,0,1,1,125,0,BROOKWOOD,26,3,March,2012,2,Monday,7,20,0,3,3,122,40.18224167,-80.03483056,30,1,0,0,0,1,0
420165,PENNSYLVANIA,PA,3,3,1,1,1,1,11,6900,BULLOCK,29,2,February,2012,4,Wednesday,23,14,1,12,3,4,40.35505556,-75.95052778,12,3,0,0,0,1,1
420166,PENNSYLVANIA,PA,1,1,0,0,1,1,107,0,CARROLLTON,19,3,March,2012,2,Monday,8,35,0,3,3,70,40.85514444,-76.16742500,1,1,0,0,0,1,1
420167,PENNSYLVANIA,PA,1,1,0,0,1,1,13,0,BOLLING,25,1,January,2012,4,Wednesday,3,40,0,2,3,120,40.62240833,-78.30048333,30,3,0,0,0,1,0
420168,PENNSYLVANIA,PA,1,1,0,0,1,1,33,0,CHEROKEE,3,3,March,2012,7,Saturday,1,20,0,3,3,132,41.21804444,-78.55991667,42,2,0,0,0,1,1
420169,PENNSYLVANIA,PA,1,1,0,0,1,1,33,0,CHEROKEE,3,3,March,2012,7,Saturday,11,25,0,5,3,45,41.07889722,-78.41167778,1,1,0,0,0,1,0
420170,PENNSYLVANIA,PA,1,1,0,0,1,1,115,0,ASHVILLE,29,3,March,2012,5,Thursday,22,0,0,3,3,119,41.79283889,-76.05931111,42,2,0,0,0,1,1
420171,PENNSYLVANIA,PA,2,2,0,0,3,3,101,6540,BOYLSTON,27,1,January,2012,6,Friday,23,32,0,13,3,6,39.97755556,-75.11914167,12,3,0,0,0,1,1
420172,PENNSYLVANIA,PA,1,1,0,0,2,2,11,0,BULLOCK,24,3,March,2012,7,Saturday,2,27,1,13,2,229,40.30564722,-75.85968333,33,3,0,0,0,1,1
420173,PENNSYLVANIA,PA,1,1,0,0,1,1,69,4980,ASHFORD,16,2,February,2012,5,Thursday,3,38,0,13,2,97,41.54883889,-75.53263889,46,3,0,0,0,1,0
420174,PENNSYLVANIA,PA,1,1,0,0,1,1,77,0,ANDERSON,4,3,March,2012,1,Sunday,13,20,0,13,3,86,40.78040000,-75.60906111,35,1,0,0,0,1,0
420175,PENNSYLVANIA,PA,1,1,1,1,2,2,125,0,BROOKWOOD,9,3,March,2012,6,Friday,19,45,0,14,3,34,40.21931667,-80.22083333,8,3,0,0,0,1,0
420176,PENNSYLVANIA,PA,1,1,1,1,2,2,109,0,ANSLEY,28,3,March,2012,4,Wednesday,14,47,0,3,3,165,40.85889167,-77.05763056,8,1,0,0,0,1,0
420177,PENNSYLVANIA,PA,1,1,1,1,1,1,89,0,BROWNSBORO,14,3,March,2012,4,Wednesday,17,10,0,14,3,56,40.98363889,-75.44963889,8,1,0,0,0,1,0
420178,PENNSYLVANIA,PA,1,1,0,0,1,1,99,0,BEATRICE,10,3,March,2012,7,Saturday,0,9,0,4,3,316,40.59226944,-77.04723056,34,2,0,0,0,1,1
420179,PENNSYLVANIA,PA,1,1,0,0,2,2,5,0,BAKER HILL,18,3,March,2012,1,Sunday,1,20,0,14,3,10,40.60338611,-79.57510833,52,2,0,0,0,1,1
420180,PENNSYLVANIA,PA,7,7,0,0,11,11,121,0,BON AIR,25,2,February,2012,7,Saturday,14,42,1,1,1,361,41.19281944,-79.84340833,12,1,0,0,0,1,0
420181,PENNSYLVANIA,PA,1,1,0,0,1,1,9,0,BLOUNT,9,3,March,2012,6,Friday,14,45,0,4,2,38,39.99534167,-78.51299167,42,1,0,0,0,1,0
420182,PENNSYLVANIA,PA,2,2,0,0,2,2,27,0,ASHLAND,29,3,March,2012,5,Thursday,4,45,0,3,3,164,41.03594167,-77.65190278,12,2,0,0,0,1,1
420183,PENNSYLVANIA,PA,4,1,1,1,2,2,101,6540,BOYLSTON,18,3,March,2012,1,Sunday,4,0,1,13,3,75,39.93668611,-75.16695278,8,3,0,0,0,1,1
420184,PENNSYLVANIA,PA,1,1,0,0,1,1,85,0,BENTON,21,3,March,2012,4,Wednesday,10,52,0,6,5,0,41.41527778,-80.25066944,1,1,0,0,0,1,0
420185,PENNSYLVANIA,PA,1,1,1,1,3,3,31,0,COFFEE,23,3,March,2012,6,Friday,20,45,0,3,3,157,41.11425278,-79.45269167,8,2,0,0,0,1,0
420186,PENNSYLVANIA,PA,2,2,0,0,2,2,129,0,BIGBEE,19,3,March,2012,2,Monday,13,26,0,3,3,207,40.11851111,-79.39972222,12,1,0,0,0,1,0
420187,PENNSYLVANIA,PA,2,2,0,0,3,3,107,0,CARROLLTON,14,3,March,2012,4,Wednesday,16,45,0,3,3,270,40.67826667,-76.02414167,12,1,0,0,0,2,0
420188,PENNSYLVANIA,PA,3,3,0,0,9,9,79,9080,COURTLAND,5,3,March,2012,2,Monday,14,14,1,13,3,37,40.95866667,-75.99379722,12,1,0,0,0,1,0
420189,PENNSYLVANIA,PA,2,2,4,4,3,3,101,6540,BOYLSTON,25,3,March,2012,1,Sunday,12,31,0,16,6,0,39.93594444,-75.15689167,12,1,0,0,0,1,0
420190,PENNSYLVANIA,PA,1,1,0,0,1,1,77,0,ANDERSON,4,3,March,2012,1,Sunday,18,8,0,6,5,0,40.73144167,-75.64722222,42,2,0,0,0,1,0
420191,PENNSYLVANIA,PA,1,1,0,0,1,1,81,0,AUBURN,7,3,March,2012,4,Wednesday,16,10,0,15,3,33,41.23034167,-76.94678889,42,1,0,0,0,1,0
420192,PENNSYLVANIA,PA,1,1,0,0,1,1,77,0,ANDERSON,14,3,March,2012,4,Wednesday,11,0,0,6,6,0,40.61164167,-75.63467500,42,1,0,0,0,1,0
420193,PENNSYLVANIA,PA,1,1,0,0,1,1,29,0,BORDEN SPRINGS,7,3,March,2012,4,Wednesday,21,0,0,6,6,0,39.97121944,-75.93040833,7,2,0,0,0,1,0
420194,PENNSYLVANIA,PA,1,1,0,0,1,1,129,0,BIGBEE,31,3,March,2012,7,Saturday,4,9,0,3,3,79,40.18549167,-79.28594444,32,2,0,0,0,1,0
420195,PENNSYLVANIA,PA,2,2,0,0,5,5,49,2640,COLLINSVILLE,15,3,March,2012,5,Thursday,15,38,0,13,3,91,42.10405278,-80.06176944,12,1,0,0,0,1,0
420196,PENNSYLVANIA,PA,3,2,0,0,7,7,21,0,CHILTON,3,3,March,2012,7,Saturday,2,15,0,3,3,89,40.60161111,-78.60572500,12,2,0,0,0,2,1
420197,PENNSYLVANIA,PA,1,1,0,0,2,2,3,9355,BALDWIN,19,3,March,2012,2,Monday,15,2,1,11,3,3,40.44231667,-79.82687222,35,1,0,0,0,1,0
420198,PENNSYLVANIA,PA,1,1,0,0,1,1,121,0,BON AIR,24,3,March,2012,7,Saturday,2,30,0,3,3,74,41.49979167,-79.79036944,34,2,0,0,0,1,1
420199,PENNSYLVANIA,PA,1,1,0,0,1,1,61,0,BELLWOOD,22,3,March,2012,5,Thursday,21,50,0,3,3,46,40.62702778,-78.11340278,35,3,0,0,0,1,1
420200,PENNSYLVANIA,PA,1,1,1,1,1,1,101,6540,BOYLSTON,27,1,January,2012,6,Friday,5,56,1,13,2,77,40.07420556,-75.03473056,8,3,0,0,0,1,0
420201,PENNSYLVANIA,PA,1,1,0,0,1,1,3,6600,BALDWIN,19,3,March,2012,2,Monday,6,20,0,13,3,32,40.37831944,-79.92218889,30,4,0,0,0,1,0
420202,PENNSYLVANIA,PA,2,2,0,0,2,2,17,0,CHAMBERS,22,3,March,2012,5,Thursday,15,33,0,13,3,17,40.26857778,-75.19969444,12,1,0,1,0,1,0
420203,PENNSYLVANIA,PA,1,1,0,0,1,1,79,4385,COURTLAND,1,3,March,2012,5,Thursday,6,20,0,6,4,0,41.30593889,-75.98453889,42,4,0,0,0,1,0
420204,PENNSYLVANIA,PA,1,1,1,1,3,3,29,0,BORDEN SPRINGS,17,3,March,2012,7,Saturday,19,36,1,13,2,235,39.86542500,-75.67466944,8,2,0,0,0,1,0
420205,PENNSYLVANIA,PA,1,1,0,0,2,2,27,0,ASHLAND,18,3,March,2012,1,Sunday,10,15,1,1,1,648,40.82200833,-78.00987778,34,1,0,0,0,1,0
420206,PENNSYLVANIA,PA,1,1,0,0,1,1,49,0,COLLINSVILLE,11,3,March,2012,1,Sunday,15,35,1,1,1,1730,41.98534167,-80.17450000,52,1,0,0,0,1,0
420207,PENNSYLVANIA,PA,2,2,0,0,3,3,3,6486,BALDWIN,18,2,February,2012,7,Saturday,17,39,0,3,3,32,40.47492222,-79.84961667,12,5,0,0,0,1,0
420208,PENNSYLVANIA,PA,1,1,0,0,2,2,51,0,CENTRAL,15,3,March,2012,5,Thursday,14,5,1,13,2,297,40.04368889,-79.57410833,41,1,0,0,0,1,0
420209,PENNSYLVANIA,PA,1,1,0,0,1,1,49,2640,COLLINSVILLE,18,3,March,2012,1,Sunday,8,52,0,16,6,0,42.13869167,-80.05674722,43,1,0,0,0,1,1
420210,PENNSYLVANIA,PA,1,1,0,0,1,1,31,0,COFFEE,20,3,March,2012,3,Tuesday,15,3,0,4,3,12,41.22933333,-79.38754722,35,1,0,0,0,1,0
420211,PENNSYLVANIA,PA,2,2,0,0,2,2,101,6540,BOYLSTON,13,3,March,2012,3,Tuesday,15,16,0,14,3,34,40.00115278,-75.09719722,12,1,0,0,0,1,0
420212,PENNSYLVANIA,PA,1,1,1,1,2,2,95,8820,ALBERTVILLE,7,3,March,2012,4,Wednesday,19,53,0,14,3,4,40.75633889,-75.59568056,8,3,0,0,0,1,0
420213,PENNSYLVANIA,PA,2,2,0,0,2,2,69,200,ASHFORD,29,2,February,2012,4,Wednesday,11,32,0,13,3,78,41.53048611,-75.55814167,12,1,0,0,0,1,1
420214,PENNSYLVANIA,PA,1,1,1,1,1,1,45,0,ARITON,5,3,March,2012,2,Monday,18,46,0,13,3,79,39.96724444,-75.35947778,8,3,0,0,0,1,0
420215,PENNSYLVANIA,PA,1,1,1,1,1,1,95,0,ALBERTVILLE,7,3,March,2012,4,Wednesday,14,13,0,6,5,0,40.67428889,-75.25923889,8,1,0,0,0,1,0
420216,PENNSYLVANIA,PA,1,1,0,0,1,1,79,0,COURTLAND,30,3,March,2012,6,Friday,1,49,0,14,3,216,41.18246111,-75.89005000,24,2,0,0,0,1,1
420217,PENNSYLVANIA,PA,2,2,0,0,2,2,101,6540,BOYLSTON,6,3,March,2012,3,Tuesday,21,50,0,16,6,0,40.02323333,-75.04566389,12,3,0,0,0,1,2
420218,PENNSYLVANIA,PA,1,1,1,1,1,1,133,9610,ARLEY,24,3,March,2012,7,Saturday,15,33,0,16,6,0,39.96647222,-76.72980556,8,1,0,0,0,1,0
420219,PENNSYLVANIA,PA,1,1,1,1,2,2,5,0,BAKER HILL,7,3,March,2012,4,Wednesday,19,1,0,14,3,29,40.58268333,-79.56316667,8,2,0,0,0,1,0
420220,PENNSYLVANIA,PA,1,1,1,1,1,1,43,0,BAILEYTON,9,3,March,2012,6,Friday,6,49,0,6,5,0,40.26694722,-76.76054444,9,1,0,0,0,1,0
420221,PENNSYLVANIA,PA,1,1,0,0,2,2,99,0,BEATRICE,13,3,March,2012,3,Tuesday,19,28,0,3,3,163,40.45939722,-77.14508889,18,2,0,0,0,1,1
420222,PENNSYLVANIA,PA,1,1,0,0,1,1,91,0,DAYTON,12,3,March,2012,2,Monday,2,30,0,15,3,13,40.25728056,-75.42123333,42,2,0,0,0,1,1
420223,PENNSYLVANIA,PA,1,1,0,0,1,1,89,8475,BROWNSBORO,3,3,March,2012,7,Saturday,15,56,0,3,3,40,41.11979722,-75.54570278,7,1,0,0,0,1,1
420224,PENNSYLVANIA,PA,1,1,0,0,2,2,3,4710,BALDWIN,23,2,February,2012,5,Thursday,2,15,0,13,3,38,40.35248889,-79.83956389,43,3,0,0,0,1,0
420225,PENNSYLVANIA,PA,1,1,0,0,1,1,45,0,ARITON,9,4,April,2012,2,Monday,20,31,0,15,3,7,39.99113056,-75.42411111,1,2,0,0,0,1,1
420226,PENNSYLVANIA,PA,1,1,0,0,3,3,43,0,BAILEYTON,10,3,March,2012,7,Saturday,15,11,0,4,3,4,40.22816111,-76.71296111,35,1,0,0,0,1,0
420227,PENNSYLVANIA,PA,1,1,0,0,2,2,91,0,DAYTON,25,3,March,2012,1,Sunday,14,54,0,6,5,0,40.27171389,-75.59871389,1,1,0,0,0,1,0
420228,PENNSYLVANIA,PA,1,1,0,0,2,2,3,0,BALDWIN,17,4,April,2012,3,Tuesday,21,13,0,13,3,50,40.44161111,-80.09457778,33,3,0,0,0,2,0
420229,PENNSYLVANIA,PA,1,1,0,0,1,1,25,0,BARLOW BEND,12,3,March,2012,2,Monday,11,42,0,4,3,29,40.77293611,-75.73776667,39,1,0,0,0,1,0
420230,PENNSYLVANIA,PA,1,1,0,0,1,1,125,163,BROOKWOOD,9,4,April,2012,2,Monday,5,47,1,1,1,241,40.03747778,-80.17888333,1,2,0,0,0,1,1
420231,PENNSYLVANIA,PA,1,1,1,1,1,1,45,0,ARITON,5,3,March,2012,2,Monday,11,5,0,14,3,40,39.95935278,-75.28766389,8,1,0,0,0,1,0
420232,PENNSYLVANIA,PA,1,1,1,1,1,1,43,3500,BAILEYTON,12,3,March,2012,2,Monday,6,47,0,13,3,23,40.25112500,-76.86619444,8,4,0,0,0,1,0
420233,PENNSYLVANIA,PA,1,1,1,1,1,1,101,6540,BOYLSTON,26,3,March,2012,2,Monday,9,51,0,13,2,124,40.05492500,-75.00453889,8,1,0,0,0,1,0
420234,PENNSYLVANIA,PA,1,1,1,1,2,2,43,3500,BAILEYTON,29,3,March,2012,5,Thursday,16,58,0,14,3,19,40.26131944,-76.85671111,8,1,0,0,0,1,0
420235,PENNSYLVANIA,PA,1,1,1,1,1,1,101,6540,BOYLSTON,2,3,March,2012,6,Friday,0,25,1,13,3,2,40.06326111,-75.13935556,8,2,0,0,0,1,0
420236,PENNSYLVANIA,PA,2,2,0,0,25,25,111,0,GRAHAM,14,3,March,2012,4,Wednesday,14,38,0,3,3,121,39.92159167,-79.24949167,12,1,0,1,0,1,0
420237,PENNSYLVANIA,PA,1,1,0,0,3,3,45,0,ARITON,7,3,March,2012,4,Wednesday,2,43,1,13,3,117,39.96290833,-75.24866944,20,3,0,0,0,1,1
420238,PENNSYLVANIA,PA,1,1,1,1,2,2,101,6540,BOYLSTON,22,3,March,2012,5,Thursday,19,0,0,16,6,0,40.03488333,-75.13136111,8,1,0,0,0,1,0
420239,PENNSYLVANIA,PA,1,1,0,0,3,3,101,6540,BOYLSTON,3,3,March,2012,7,Saturday,1,35,0,16,6,0,40.00333889,-75.17187222,31,3,0,0,0,1,1
420240,PENNSYLVANIA,PA,1,1,0,0,3,3,101,6540,BOYLSTON,11,3,March,2012,1,Sunday,2,50,1,13,3,35,40.00424444,-75.07750556,30,3,0,0,0,1,1
420241,PENNSYLVANIA,PA,2,2,0,0,2,2,1,0,AUTAUGA,1,3,March,2012,5,Thursday,10,30,0,3,3,46,39.75991111,-77.12850833,12,1,0,0,0,1,0
420242,PENNSYLVANIA,PA,3,2,0,0,4,4,101,6540,BOYLSTON,30,3,March,2012,6,Friday,21,55,0,16,6,0,40.00376944,-75.14534167,12,3,0,0,0,1,1
420243,PENNSYLVANIA,PA,1,1,1,1,1,1,101,6540,BOYLSTON,26,3,March,2012,2,Monday,0,23,0,15,3,20,40.05776111,-75.00821389,9,3,0,0,0,1,0
420244,PENNSYLVANIA,PA,2,2,0,0,2,2,71,0,BRIDGEPORT,18,3,March,2012,1,Sunday,20,9,0,5,3,57,39.92754167,-76.13343333,12,2,0,0,0,1,0
420245,PENNSYLVANIA,PA,2,2,0,0,4,4,89,0,BROWNSBORO,19,3,March,2012,2,Monday,15,55,1,2,2,80,40.92561944,-75.38281944,12,1,0,0,0,1,0
420246,PENNSYLVANIA,PA,2,2,0,0,3,3,89,0,BROWNSBORO,13,3,March,2012,3,Tuesday,11,37,1,11,1,3020,41.00248889,-75.27865833,12,1,0,0,0,1,0