ST_CASE,State Name,State Abbreviation,# of Vehicle involved,Parked_Vehicles_Involved,Pedestrains,Person_Not_in_Motor_Vehicle,Persons_in_motor_vehicle,Total_Persons_in_accident,COUNTY,CITY,City_County_Name,Calendar_DAY,MONTH,Month_name,YEAR,DAY_WEEK,Day_Week_desc,HOUR,MINUTE,NHS_Desc,trafficway,Route,MILEPT,LATITUDE,LONGITUD,First_Crash_event,Light_cond_desc,Weather_condition,School_bus_involved,Crash_cause,FATALS,DRUNK_DR
420395,PENNSYLVANIA,PA,3,3,0,0,4,4,5,0,BAKER HILL,29,5,May,2012,3,Tuesday,5,30,1,2,2,162,40.76869167,-79.42939722,12,4,0,0,0,1,0
420396,PENNSYLVANIA,PA,3,2,0,0,3,3,3,0,BALDWIN,12,5,May,2012,7,Saturday,12,59,0,14,3,72,40.49752222,-79.78944444,12,1,0,0,0,1,1
420397,PENNSYLVANIA,PA,3,3,0,0,9,9,3,9170,BALDWIN,20,5,May,2012,1,Sunday,23,0,1,13,3,129,40.38997778,-79.86855278,12,3,0,0,0,1,0
420398,PENNSYLVANIA,PA,1,1,0,0,1,1,95,0,ALBERTVILLE,29,5,May,2012,3,Tuesday,18,24,0,6,5,0,40.82057500,-75.30725000,30,1,0,0,0,1,0
420399,PENNSYLVANIA,PA,3,1,1,2,4,5,7,480,BIBB,26,5,May,2012,7,Saturday,22,2,0,13,3,259,40.75885556,-80.31937222,14,3,0,0,0,1,0
420400,PENNSYLVANIA,PA,3,3,0,0,3,3,101,6540,BOYLSTON,14,5,May,2012,2,Monday,19,53,0,16,6,0,40.02918056,-75.18996667,12,3,0,0,0,1,1
420401,PENNSYLVANIA,PA,1,1,1,1,1,1,49,2640,COLLINSVILLE,13,5,May,2012,1,Sunday,0,25,0,13,3,74,42.09348056,-80.09021389,8,3,0,0,0,1,0
420402,PENNSYLVANIA,PA,1,1,0,0,2,2,71,0,BRIDGEPORT,24,5,May,2012,5,Thursday,18,50,0,4,3,214,40.25423889,-76.08583611,1,1,0,0,0,1,0
420403,PENNSYLVANIA,PA,1,1,1,1,1,1,91,0,DAYTON,21,5,May,2012,2,Monday,22,23,1,13,2,24,40.09367500,-75.36639167,8,2,0,0,0,1,1
420404,PENNSYLVANIA,PA,1,1,0,0,1,1,89,0,BROWNSBORO,1,5,May,2012,3,Tuesday,14,59,0,5,3,12,41.06987500,-75.25478611,1,1,0,0,0,1,0
420405,PENNSYLVANIA,PA,2,1,0,0,1,1,75,0,BEAVERTON,28,4,April,2012,7,Saturday,21,16,0,4,3,56,40.30722500,-76.32939444,42,2,0,0,0,1,1
420406,PENNSYLVANIA,PA,1,1,0,0,2,2,89,0,BROWNSBORO,4,5,May,2012,6,Friday,21,35,0,6,3,13,40.87253333,-75.31645556,42,2,0,0,0,2,1
420407,PENNSYLVANIA,PA,1,1,0,0,1,1,35,0,BROOKLYN,5,5,May,2012,7,Saturday,9,30,0,4,3,3,41.18348333,-77.87805278,35,1,0,0,0,1,0
420408,PENNSYLVANIA,PA,5,2,0,0,2,2,95,0,ALBERTVILLE,24,5,May,2012,5,Thursday,12,55,0,15,3,11,40.55391667,-75.33616944,12,1,0,0,0,1,0
420409,PENNSYLVANIA,PA,1,1,0,0,2,2,35,0,BROOKLYN,5,5,May,2012,7,Saturday,12,18,1,1,1,1943,41.04936111,-77.14636667,42,1,0,0,0,2,0
420410,PENNSYLVANIA,PA,1,1,0,0,3,3,29,0,BORDEN SPRINGS,15,3,March,2012,5,Thursday,1,0,1,11,1,3107,40.07320833,-75.69013889,24,2,0,0,0,1,0
420411,PENNSYLVANIA,PA,1,1,0,0,1,1,133,0,ARLEY,22,5,May,2012,3,Tuesday,21,7,0,4,3,224,39.93277222,-76.48766667,18,2,0,0,0,1,1
420412,PENNSYLVANIA,PA,2,2,0,0,14,14,45,1540,ARITON,27,4,April,2012,6,Friday,12,45,0,13,3,63,39.90906111,-75.28323056,12,1,0,0,0,1,0
420413,PENNSYLVANIA,PA,1,1,0,0,1,1,41,1060,BRANTLEY,27,5,May,2012,1,Sunday,17,35,0,12,3,12,40.23085833,-76.93171389,25,1,0,0,0,1,1
420414,PENNSYLVANIA,PA,1,1,0,0,1,1,39,0,ANDALUSIA,28,5,May,2012,2,Monday,22,4,0,3,3,61,41.62356111,-80.04132500,42,2,0,0,0,1,1
420415,PENNSYLVANIA,PA,1,1,0,0,2,2,131,0,ARLINGTON,31,5,May,2012,5,Thursday,19,7,0,6,3,25,41.58042500,-75.91658611,1,1,0,0,0,1,1
420416,PENNSYLVANIA,PA,3,2,0,0,4,4,11,0,BULLOCK,5,5,May,2012,7,Saturday,20,22,0,4,3,91,40.57182500,-75.91259167,12,5,0,0,0,2,1
420417,PENNSYLVANIA,PA,4,4,0,0,4,4,101,6540,BOYLSTON,17,5,May,2012,5,Thursday,12,21,0,16,6,0,39.99628056,-75.19535556,12,1,0,0,0,1,0
420418,PENNSYLVANIA,PA,1,1,1,1,1,1,101,6540,BOYLSTON,3,5,May,2012,5,Thursday,18,46,1,13,2,54,40.04430833,-75.05405278,8,1,0,0,0,1,1
420419,PENNSYLVANIA,PA,1,1,0,0,5,5,91,6780,DAYTON,21,5,May,2012,2,Monday,23,28,0,15,3,5,40.25849167,-75.65038889,19,3,0,0,0,2,1
420420,PENNSYLVANIA,PA,1,1,1,1,1,1,77,660,ANDERSON,4,5,May,2012,6,Friday,20,30,0,16,6,0,40.62241389,-75.38644722,8,3,0,0,0,1,1
420421,PENNSYLVANIA,PA,1,1,0,0,3,3,89,0,BROWNSBORO,12,5,May,2012,7,Saturday,21,20,0,6,5,0,40.90968333,-75.48945000,30,3,0,0,0,1,1
420422,PENNSYLVANIA,PA,1,1,0,0,2,2,13,0,BOLLING,26,5,May,2012,7,Saturday,13,18,1,1,1,185,40.30949722,-78.44066389,24,1,0,0,0,1,0
420423,PENNSYLVANIA,PA,1,1,0,0,2,2,97,5330,AXIS,14,5,May,2012,2,Monday,16,31,0,16,6,0,41.01783333,-76.85204444,10,1,0,0,0,1,0
420424,PENNSYLVANIA,PA,1,1,0,0,2,2,85,0,BENTON,13,5,May,2012,1,Sunday,2,23,0,3,3,283,41.47046667,-80.36498056,24,2,0,0,0,2,1
420425,PENNSYLVANIA,PA,1,1,1,1,1,1,43,3500,BAILEYTON,16,5,May,2012,4,Wednesday,7,41,0,13,3,0,40.26967778,-76.88229722,8,1,0,0,0,1,0
420426,PENNSYLVANIA,PA,1,1,0,0,1,1,21,0,CHILTON,26,3,March,2012,2,Monday,20,55,0,6,3,2,40.71620833,-78.51907778,42,2,0,0,0,1,0
420427,PENNSYLVANIA,PA,2,2,0,0,3,3,3,2660,BALDWIN,6,5,May,2012,1,Sunday,15,55,1,12,3,44,40.49441111,-79.94254722,12,1,0,0,0,1,0
420428,PENNSYLVANIA,PA,1,1,0,0,1,1,101,6540,BOYLSTON,28,5,May,2012,2,Monday,19,8,0,13,2,81,40.02058889,-75.14218056,34,1,0,0,0,1,0
420429,PENNSYLVANIA,PA,2,2,0,0,3,3,39,0,ANDALUSIA,28,5,May,2012,2,Monday,9,56,0,3,2,41,41.54109722,-80.18727500,12,1,0,0,0,1,0
420430,PENNSYLVANIA,PA,2,2,0,0,3,3,85,7550,BENTON,30,5,May,2012,4,Wednesday,9,57,0,15,3,0,41.23898056,-80.48735000,12,1,0,0,0,1,0
420431,PENNSYLVANIA,PA,2,2,0,0,3,3,29,0,BORDEN SPRINGS,26,5,May,2012,7,Saturday,21,44,0,4,3,100,39.80084444,-76.01431944,12,3,0,0,0,2,2
420432,PENNSYLVANIA,PA,2,2,0,0,2,2,91,0,DAYTON,3,5,May,2012,5,Thursday,11,21,1,13,3,118,40.19953889,-75.22404444,12,1,0,0,0,1,0
420433,PENNSYLVANIA,PA,1,1,1,1,2,2,101,6540,BOYLSTON,29,5,May,2012,3,Tuesday,20,53,0,14,3,22,39.99111111,-75.11427778,15,1,0,0,0,1,0
420434,PENNSYLVANIA,PA,2,2,0,0,2,2,27,0,ASHLAND,8,5,May,2012,3,Tuesday,15,8,1,1,1,692,40.81777222,-77.93761944,12,1,0,0,0,1,0
420435,PENNSYLVANIA,PA,2,2,0,0,2,2,11,0,BULLOCK,8,5,May,2012,3,Tuesday,9,53,1,12,2,224,40.30756389,-75.86754167,12,1,0,0,0,1,1
420436,PENNSYLVANIA,PA,2,2,0,0,3,3,69,2120,ASHFORD,11,5,May,2012,6,Friday,14,26,0,13,3,2,41.42178056,-75.63029167,12,1,0,0,0,1,0
420437,PENNSYLVANIA,PA,2,2,0,0,3,3,27,0,ASHLAND,4,5,May,2012,6,Friday,16,37,0,13,3,106,40.82242222,-77.81383333,12,1,0,0,0,1,0
420438,PENNSYLVANIA,PA,1,1,0,0,1,1,15,0,ANNISTON,29,5,May,2012,3,Tuesday,14,39,0,4,3,117,41.68167222,-76.30697222,35,1,0,0,0,1,0
420439,PENNSYLVANIA,PA,2,2,0,0,5,5,129,3900,BIGBEE,3,5,May,2012,5,Thursday,18,19,1,13,2,52,40.32341944,-79.69960833,1,1,0,0,0,1,0
420440,PENNSYLVANIA,PA,1,1,0,0,1,1,1,0,AUTAUGA,1,5,May,2012,3,Tuesday,14,0,0,3,3,61,39.77150278,-77.15234722,38,1,0,0,0,1,0
420441,PENNSYLVANIA,PA,1,1,0,0,4,4,41,1100,BRANTLEY,26,5,May,2012,7,Saturday,18,17,1,11,1,457,40.18724722,-77.20436111,42,1,0,0,0,1,0
420442,PENNSYLVANIA,PA,1,1,1,1,1,1,101,6540,BOYLSTON,28,5,May,2012,2,Monday,22,15,0,15,3,92,40.04595833,-75.00654167,9,3,0,0,0,1,0
420443,PENNSYLVANIA,PA,1,1,0,0,1,1,129,0,BIGBEE,19,5,May,2012,7,Saturday,2,0,0,6,5,0,40.09458333,-79.60645833,1,2,0,0,0,1,1
420444,PENNSYLVANIA,PA,1,1,3,3,1,1,101,6540,BOYLSTON,19,5,May,2012,7,Saturday,6,35,0,16,6,0,40.10669167,-75.03535833,8,1,0,0,0,1,0
420445,PENNSYLVANIA,PA,2,2,0,0,3,3,125,0,BROOKWOOD,6,5,May,2012,1,Sunday,17,10,0,3,2,231,40.11778056,-80.11149444,54,1,0,0,0,1,1
420446,PENNSYLVANIA,PA,3,1,3,3,1,1,69,7460,ASHFORD,24,5,May,2012,5,Thursday,16,20,1,12,2,88,41.44318889,-75.67106389,35,1,0,0,0,1,0
420447,PENNSYLVANIA,PA,3,3,0,0,5,5,59,0,FRANKLIN,28,5,May,2012,2,Monday,18,45,0,3,3,97,39.92577500,-80.37037778,12,1,0,0,0,1,0
420448,PENNSYLVANIA,PA,5,5,0,0,6,6,69,0,ASHFORD,13,5,May,2012,1,Sunday,3,5,1,1,1,2003,41.57035278,-75.65207500,12,2,0,0,0,1,1
420449,PENNSYLVANIA,PA,1,1,0,0,1,1,107,0,CARROLLTON,2,6,June,2012,7,Saturday,20,40,0,3,2,141,40.65617778,-76.34549722,24,2,0,0,0,1,1
420450,PENNSYLVANIA,PA,1,1,0,0,1,1,79,0,COURTLAND,2,6,June,2012,7,Saturday,8,0,0,6,5,0,40.94205278,-76.16676389,42,2,0,0,0,1,1
420451,PENNSYLVANIA,PA,2,2,0,0,2,2,101,6540,BOYLSTON,28,4,April,2012,7,Saturday,5,18,1,11,1,267,40.00221389,-75.07842222,12,3,0,0,0,1,1
420452,PENNSYLVANIA,PA,1,1,0,0,1,1,71,0,BRIDGEPORT,7,6,June,2012,5,Thursday,18,0,0,6,5,0,40.19260556,-75.99845000,38,1,0,0,0,1,0
420453,PENNSYLVANIA,PA,1,1,0,0,2,2,73,9997,ARGO,24,6,June,2012,1,Sunday,10,20,0,4,3,18,40.87623333,-80.39420278,30,1,0,0,0,1,1
420454,PENNSYLVANIA,PA,1,1,0,0,1,1,19,0,CEDAR BLUFF,17,6,June,2012,1,Sunday,1,55,0,5,3,2,40.97207500,-79.96701944,42,2,0,0,0,1,1
420455,PENNSYLVANIA,PA,1,1,1,1,1,1,81,9380,AUBURN,2,5,May,2012,4,Wednesday,23,24,0,14,3,14,41.24486667,-77.02531944,8,3,0,0,0,1,1
420456,PENNSYLVANIA,PA,1,1,0,0,1,1,129,0,BIGBEE,23,6,June,2012,7,Saturday,2,0,0,5,3,50,40.35836667,-79.34798056,35,2,0,0,0,1,1
420457,PENNSYLVANIA,PA,1,1,0,0,2,2,85,0,BENTON,30,6,June,2012,7,Saturday,23,0,0,5,3,39,41.33705000,-80.13471111,35,2,0,0,0,1,1
420458,PENNSYLVANIA,PA,1,1,0,0,1,1,87,0,ARMSTRONG,2,6,June,2012,7,Saturday,15,10,1,2,2,97,40.67784444,-77.41636667,30,1,0,0,0,1,0
420459,PENNSYLVANIA,PA,1,1,0,0,2,2,9,0,BLOUNT,9,6,June,2012,7,Saturday,21,0,0,6,3,43,39.96907778,-78.60013056,38,2,0,0,0,1,0
420460,PENNSYLVANIA,PA,1,1,0,0,1,1,35,0,BROOKLYN,13,6,June,2012,4,Wednesday,11,27,0,6,3,25,41.06819444,-77.47063889,42,1,0,0,0,1,0
420461,PENNSYLVANIA,PA,1,1,0,0,2,2,129,0,BIGBEE,29,6,June,2012,6,Friday,18,13,0,6,5,0,40.28776944,-79.59625556,32,1,0,0,0,1,0
420462,PENNSYLVANIA,PA,4,4,0,0,5,5,75,0,BEAVERTON,10,5,May,2012,5,Thursday,11,33,1,13,3,96,40.39570833,-76.48686389,12,1,0,0,0,2,0
420463,PENNSYLVANIA,PA,1,1,0,0,4,4,1,0,AUTAUGA,2,6,June,2012,7,Saturday,20,6,0,5,3,17,39.87076667,-77.23003889,30,1,0,0,0,2,1
420464,PENNSYLVANIA,PA,1,1,1,1,1,1,41,0,BRANTLEY,4,6,June,2012,2,Monday,15,23,0,5,3,88,40.11585278,-77.23987222,8,1,0,0,0,1,0
420465,PENNSYLVANIA,PA,1,1,0,0,1,1,83,0,ARDMORE,1,6,June,2012,6,Friday,12,0,0,3,3,41,41.85986111,-78.84147778,35,1,0,0,0,1,0
420466,PENNSYLVANIA,PA,1,1,0,0,1,1,69,0,ASHFORD,28,6,June,2012,5,Thursday,21,12,0,4,3,33,41.28292500,-75.50992778,11,2,0,0,0,1,0
420467,PENNSYLVANIA,PA,1,1,0,0,1,1,129,0,BIGBEE,13,6,June,2012,4,Wednesday,7,49,0,4,3,9,40.10261111,-79.38864722,35,1,0,0,0,1,0
420468,PENNSYLVANIA,PA,1,1,0,0,1,1,35,1136,BROOKLYN,16,6,June,2012,7,Saturday,21,11,0,14,3,493,41.12871667,-77.44008611,1,3,0,0,0,1,1
420469,PENNSYLVANIA,PA,1,1,0,0,1,1,107,0,CARROLLTON,18,6,June,2012,2,Monday,0,45,1,13,3,90,40.64498056,-76.13046111,59,2,0,0,0,1,0
420470,PENNSYLVANIA,PA,1,1,0,0,1,1,63,0,BOLIGEE,22,6,June,2012,6,Friday,3,40,1,2,2,240,40.56176389,-78.94581389,24,2,0,0,0,1,1
420471,PENNSYLVANIA,PA,1,1,0,0,1,1,115,0,ASHVILLE,27,5,May,2012,1,Sunday,20,12,0,6,5,0,41.85856944,-75.84540833,42,5,0,0,0,1,1
420472,PENNSYLVANIA,PA,1,1,0,0,1,1,101,6540,BOYLSTON,17,5,May,2012,5,Thursday,2,19,1,11,1,16,39.95676667,-75.15421667,25,3,0,0,0,1,1
420473,PENNSYLVANIA,PA,2,2,0,0,2,2,75,0,BEAVERTON,9,6,June,2012,7,Saturday,21,5,0,4,3,40,40.44528333,-76.44048056,12,3,0,0,0,1,0
420474,PENNSYLVANIA,PA,2,2,0,0,12,12,41,0,BRANTLEY,11,6,June,2012,2,Monday,11,55,0,5,3,103,40.11484444,-77.33193333,12,1,0,0,0,1,0
420475,PENNSYLVANIA,PA,2,2,0,0,3,3,97,0,AXIS,12,6,June,2012,3,Tuesday,14,15,0,2,3,308,40.94806389,-76.85361111,12,1,0,0,0,1,0
420476,PENNSYLVANIA,PA,1,1,0,0,1,1,87,0,ARMSTRONG,9,6,June,2012,7,Saturday,17,15,0,6,5,0,40.64974722,-77.47688611,35,1,0,0,0,1,1
420477,PENNSYLVANIA,PA,1,1,0,0,2,2,107,0,CARROLLTON,10,5,May,2012,5,Thursday,17,30,0,5,3,69,40.72445000,-76.40241944,32,1,0,0,0,1,0
420478,PENNSYLVANIA,PA,1,1,0,0,1,1,35,0,BROOKLYN,5,6,June,2012,3,Tuesday,18,30,0,3,3,85,41.26225278,-77.90676111,18,1,0,0,0,1,1
420479,PENNSYLVANIA,PA,2,2,0,0,2,2,51,0,CENTRAL,8,6,June,2012,6,Friday,8,30,0,2,3,27,39.87054444,-79.89029444,12,1,0,0,0,1,0
420480,PENNSYLVANIA,PA,1,1,0,0,1,1,3,0,BALDWIN,2,6,June,2012,7,Saturday,0,40,0,13,3,46,40.43961111,-80.08942500,43,3,0,0,0,1,1
420481,PENNSYLVANIA,PA,1,1,0,0,1,1,17,0,CHAMBERS,2,6,June,2012,7,Saturday,9,32,0,13,3,61,40.17665278,-74.89323333,7,1,0,0,0,1,1
420482,PENNSYLVANIA,PA,1,1,0,0,1,1,109,0,ANSLEY,21,6,June,2012,5,Thursday,16,2,1,2,2,20,40.87508611,-76.83346389,11,1,0,0,0,1,0
420483,PENNSYLVANIA,PA,1,1,0,0,1,1,91,2995,DAYTON,30,6,June,2012,7,Saturday,1,40,0,15,3,25,40.33158333,-75.35163889,35,2,0,0,0,1,1
420484,PENNSYLVANIA,PA,1,1,0,0,1,1,15,4406,ANNISTON,6,6,June,2012,4,Wednesday,4,45,0,3,3,53,41.66152778,-76.76429167,34,2,0,0,0,1,0
420485,PENNSYLVANIA,PA,2,2,0,0,3,3,19,0,CEDAR BLUFF,23,6,June,2012,7,Saturday,13,48,1,13,3,152,40.87700000,-79.89623611,12,1,0,0,0,1,0
420486,PENNSYLVANIA,PA,1,1,0,0,1,1,3,6115,BALDWIN,24,6,June,2012,1,Sunday,21,16,0,6,5,0,40.38104722,-79.83350833,30,5,0,0,0,1,0
420487,PENNSYLVANIA,PA,2,2,0,0,2,2,61,0,BELLWOOD,23,6,June,2012,7,Saturday,7,25,0,4,3,31,40.69080278,-78.16771944,12,1,0,0,0,1,0
420488,PENNSYLVANIA,PA,1,1,0,0,1,1,17,0,CHAMBERS,20,6,June,2012,4,Wednesday,1,18,0,6,5,0,40.16196667,-75.00571944,42,3,0,0,0,1,1
420489,PENNSYLVANIA,PA,2,2,0,0,4,4,17,0,CHAMBERS,30,6,June,2012,7,Saturday,19,5,1,13,3,66,40.17156944,-75.03871667,12,1,0,0,0,2,1
420490,PENNSYLVANIA,PA,2,2,0,0,3,3,19,0,CEDAR BLUFF,16,6,June,2012,7,Saturday,17,59,0,3,3,77,40.76006667,-79.77881944,12,1,0,0,0,1,0
420491,PENNSYLVANIA,PA,2,2,0,0,2,2,71,0,BRIDGEPORT,13,6,June,2012,4,Wednesday,15,15,0,14,3,62,40.03043611,-76.26991667,12,1,0,0,0,1,0
420492,PENNSYLVANIA,PA,2,2,0,0,3,3,11,0,BULLOCK,10,6,June,2012,1,Sunday,13,9,1,13,2,293,40.26502222,-75.75207222,12,1,0,0,0,1,0
420493,PENNSYLVANIA,PA,2,2,0,0,2,2,59,0,FRANKLIN,6,6,June,2012,4,Wednesday,6,30,0,4,3,80,39.79793611,-80.36651667,12,1,0,0,0,1,0
420494,PENNSYLVANIA,PA,2,2,0,0,2,2,75,0,BEAVERTON,27,6,June,2012,4,Wednesday,7,46,0,3,3,16,40.27548056,-76.29555000,12,1,0,0,0,1,0
420495,PENNSYLVANIA,PA,1,1,0,0,1,1,39,0,ANDALUSIA,26,6,June,2012,3,Tuesday,8,0,0,3,2,88,41.60710000,-80.19800278,34,1,0,0,0,1,0
420496,PENNSYLVANIA,PA,1,1,0,0,2,2,61,0,BELLWOOD,2,6,June,2012,7,Saturday,6,37,1,2,2,206,40.40335833,-77.93350000,59,1,0,0,0,1,0
420497,PENNSYLVANIA,PA,1,1,0,0,2,2,11,0,BULLOCK,3,6,June,2012,1,Sunday,2,0,0,5,3,92,40.47595556,-75.69993056,59,2,0,0,0,1,1
420498,PENNSYLVANIA,PA,1,1,0,0,2,2,129,0,BIGBEE,10,6,June,2012,1,Sunday,19,50,1,2,2,197,40.42176667,-79.34934722,7,1,0,0,0,2,0
420499,PENNSYLVANIA,PA,1,1,0,0,1,1,85,0,BENTON,14,6,June,2012,5,Thursday,21,30,0,5,3,66,41.39188333,-80.32941389,11,2,0,0,0,1,0
420500,PENNSYLVANIA,PA,1,1,0,0,2,2,115,1445,ASHVILLE,24,6,June,2012,1,Sunday,13,10,0,5,3,12,41.65066944,-75.54605000,7,1,0,0,0,1,0
420501,PENNSYLVANIA,PA,2,2,0,0,4,4,15,0,ANNISTON,8,6,June,2012,6,Friday,12,51,0,4,3,69,41.86177222,-76.38308889,12,1,0,0,0,2,0
420502,PENNSYLVANIA,PA,2,2,0,0,5,5,39,0,ANDALUSIA,1,6,June,2012,6,Friday,16,56,0,3,3,31,41.63636944,-80.09425556,12,1,0,0,0,1,0
420503,PENNSYLVANIA,PA,1,1,0,0,1,1,11,6900,BULLOCK,6,6,June,2012,4,Wednesday,5,16,1,12,2,181,40.32592500,-75.93578333,7,1,0,0,0,1,0
420504,PENNSYLVANIA,PA,2,2,0,0,3,3,91,0,DAYTON,4,4,April,2012,4,Wednesday,22,56,0,3,3,25,40.40290278,-75.54460833,12,2,0,0,0,1,1
420505,PENNSYLVANIA,PA,2,2,0,0,2,2,7,0,BIBB,21,6,June,2012,5,Thursday,21,29,0,3,3,171,40.73402222,-80.26880833,12,2,0,0,0,1,1
420506,PENNSYLVANIA,PA,1,1,0,0,1,1,133,4790,ARLEY,9,6,June,2012,7,Saturday,1,26,0,14,3,27,40.02103611,-76.72762222,35,3,0,0,0,1,1
420507,PENNSYLVANIA,PA,2,2,2,2,1,1,91,0,DAYTON,14,5,May,2012,2,Monday,13,25,1,12,3,62,40.12584444,-75.20358611,8,1,0,0,0,2,0
420508,PENNSYLVANIA,PA,1,1,0,0,5,5,3,0,BALDWIN,20,6,June,2012,4,Wednesday,19,34,0,6,5,0,40.40475833,-80.12848333,42,1,0,0,0,1,0
420509,PENNSYLVANIA,PA,1,1,0,0,1,1,43,0,BAILEYTON,28,6,June,2012,5,Thursday,22,8,0,14,3,56,40.26276667,-76.79024444,33,3,0,0,0,1,1
420510,PENNSYLVANIA,PA,2,2,0,0,2,2,3,0,BALDWIN,14,6,June,2012,5,Thursday,23,17,1,11,1,51,40.32728889,-80.14151667,12,3,0,0,0,1,1
420511,PENNSYLVANIA,PA,2,2,0,0,3,3,19,0,CEDAR BLUFF,11,6,June,2012,2,Monday,4,30,0,4,3,59,40.97894167,-79.90580000,12,2,0,0,0,1,0
420512,PENNSYLVANIA,PA,2,2,0,0,2,2,125,0,BROOKWOOD,23,6,June,2012,7,Saturday,17,2,0,13,3,337,40.26941111,-80.01224167,12,1,0,0,0,1,1
420513,PENNSYLVANIA,PA,3,1,0,0,1,1,35,0,BROOKLYN,16,6,June,2012,7,Saturday,23,30,0,5,3,28,41.14045278,-77.47722778,1,2,0,0,0,1,1
420514,PENNSYLVANIA,PA,2,2,0,0,3,3,1,0,AUTAUGA,13,6,June,2012,4,Wednesday,99,99,0,13,3,248,39.80483333,-77.00406389,12,1,0,0,0,1,0
420515,PENNSYLVANIA,PA,2,2,0,0,4,4,119,0,BELLAMY,30,6,June,2012,7,Saturday,15,32,0,4,3,22,40.90587500,-76.96838056,12,1,0,0,0,1,0
420516,PENNSYLVANIA,PA,2,2,0,0,2,2,123,0,ALEXANDER CITY,18,6,June,2012,2,Monday,12,22,1,2,2,156,41.83959167,-79.38428611,12,1,0,0,0,1,0
420517,PENNSYLVANIA,PA,2,2,0,0,2,2,3,0,BALDWIN,7,6,June,2012,5,Thursday,8,40,0,14,3,22,40.49320556,-79.91294167,12,1,0,0,0,1,0
420518,PENNSYLVANIA,PA,2,2,0,0,2,2,91,0,DAYTON,18,5,May,2012,6,Friday,22,2,1,11,1,3408,40.14595833,-75.15380000,12,2,0,0,0,1,1
420519,PENNSYLVANIA,PA,2,2,0,0,3,3,41,0,BRANTLEY,21,6,June,2012,5,Thursday,13,53,1,13,2,322,40.24660000,-77.00240833,12,1,0,0,0,1,0
420520,PENNSYLVANIA,PA,2,2,0,0,2,2,71,0,BRIDGEPORT,16,6,June,2012,7,Saturday,17,8,1,2,3,161,40.22730833,-76.43195833,12,1,0,0,0,1,1
420521,PENNSYLVANIA,PA,2,2,0,0,2,2,21,0,CHILTON,25,6,June,2012,2,Monday,5,40,0,6,5,0,40.28084167,-78.84585833,12,1,0,0,0,1,0
420522,PENNSYLVANIA,PA,2,2,0,0,2,2,17,0,CHAMBERS,10,6,June,2012,1,Sunday,15,36,1,13,3,151,40.47249722,-75.37088333,12,1,0,0,0,1,0
420523,PENNSYLVANIA,PA,2,2,0,0,2,2,77,0,ANDERSON,23,6,June,2012,7,Saturday,1,19,1,13,2,57,40.56499444,-75.59335556,12,2,0,0,0,1,1
420524,PENNSYLVANIA,PA,1,1,0,0,1,1,7,0,BIBB,28,6,June,2012,5,Thursday,16,28,0,6,5,0,40.75748333,-80.34716389,42,1,0,0,0,1,0
420525,PENNSYLVANIA,PA,1,1,1,1,1,1,7,3060,BIBB,27,6,June,2012,4,Wednesday,9,48,0,16,3,1,40.68195000,-80.24943889,8,1,0,0,0,1,0
420526,PENNSYLVANIA,PA,2,2,0,0,2,2,29,0,BORDEN SPRINGS,15,6,June,2012,6,Friday,0,45,1,12,2,96,40.02815833,-75.58886667,12,2,0,0,0,1,2
420527,PENNSYLVANIA,PA,1,1,0,0,1,1,79,0,COURTLAND,9,6,June,2012,7,Saturday,2,13,0,3,2,46,41.07539722,-76.14387778,42,2,0,0,0,1,0
420528,PENNSYLVANIA,PA,1,1,0,0,2,2,111,0,GRAHAM,9,6,June,2012,7,Saturday,0,1,0,4,3,12,39.73926389,-78.85368611,42,2,0,0,0,1,1
420529,PENNSYLVANIA,PA,1,1,0,0,1,1,69,6230,ASHFORD,9,6,June,2012,7,Saturday,16,15,0,14,3,3,41.35799444,-75.72714444,33,1,0,0,0,1,1
420530,PENNSYLVANIA,PA,1,1,0,0,1,1,37,0,BRADFORD,16,6,June,2012,7,Saturday,13,0,0,3,3,204,41.09950833,-76.38382778,34,1,0,0,0,1,0
420531,PENNSYLVANIA,PA,1,1,0,0,1,1,133,0,ARLEY,20,6,June,2012,4,Wednesday,16,15,0,5,3,19,40.13847500,-76.92500278,53,1,0,0,0,1,1
420532,PENNSYLVANIA,PA,3,3,0,0,5,5,3,5300,BALDWIN,21,6,June,2012,5,Thursday,22,30,1,12,2,21,40.47130556,-79.97406667,12,2,0,0,0,1,0
420533,PENNSYLVANIA,PA,1,1,0,0,4,4,107,0,CARROLLTON,2,6,June,2012,7,Saturday,1,25,1,2,3,211,40.75936111,-76.20446111,24,2,0,0,0,3,0
420534,PENNSYLVANIA,PA,1,1,1,1,1,1,107,0,CARROLLTON,14,6,June,2012,5,Thursday,11,4,0,6,5,0,40.55413056,-76.43228889,8,1,0,0,0,1,0
420535,PENNSYLVANIA,PA,1,1,1,1,5,5,119,0,BELLAMY,17,6,June,2012,1,Sunday,18,5,0,3,3,160,40.93790000,-76.98942500,8,1,0,0,0,1,0
420536,PENNSYLVANIA,PA,3,3,0,0,7,7,75,0,BEAVERTON,19,6,June,2012,3,Tuesday,18,1,0,5,3,44,40.29797778,-76.29349444,12,1,0,0,0,1,0
420537,PENNSYLVANIA,PA,1,1,0,0,1,1,71,2225,BRIDGEPORT,19,6,June,2012,3,Tuesday,13,32,0,6,5,0,40.08312222,-76.04031111,35,1,0,0,0,1,0
420538,PENNSYLVANIA,PA,2,2,0,0,4,4,21,0,CHILTON,17,6,June,2012,1,Sunday,18,36,1,13,2,297,40.61803889,-78.71556944,12,1,0,0,0,1,1
420539,PENNSYLVANIA,PA,2,2,0,0,3,3,1,0,AUTAUGA,16,6,June,2012,7,Saturday,14,16,1,13,3,28,39.86435833,-77.02219444,12,1,0,0,0,1,0
420540,PENNSYLVANIA,PA,1,1,1,1,1,1,79,9340,COURTLAND,15,6,June,2012,6,Friday,2,12,0,13,3,15,41.24643333,-75.88707222,15,3,0,0,0,1,0
420541,PENNSYLVANIA,PA,1,1,1,1,1,1,101,6540,BOYLSTON,2,6,June,2012,7,Saturday,5,45,0,16,6,0,39.99080000,-75.13637778,8,6,0,0,0,1,0
420542,PENNSYLVANIA,PA,2,2,0,0,2,2,89,0,BROWNSBORO,7,6,June,2012,5,Thursday,14,45,0,4,3,12,40.99605000,-75.26909167,7,1,0,0,0,1,0