ST_CASE,State Name,State Abbreviation,# of Vehicle involved,Parked_Vehicles_Involved,Pedestrains,Person_Not_in_Motor_Vehicle,Persons_in_motor_vehicle,Total_Persons_in_accident,COUNTY,CITY,City_County_Name,Calendar_DAY,MONTH,Month_name,YEAR,DAY_WEEK,Day_Week_desc,HOUR,MINUTE,NHS_Desc,trafficway,Route,MILEPT,LATITUDE,LONGITUD,First_Crash_event,Light_cond_desc,Weather_condition,School_bus_involved,Crash_cause,FATALS,DRUNK_DR
420543,PENNSYLVANIA,PA,1,1,1,1,1,1,11,6900,BULLOCK,14,6,June,2012,5,Thursday,18,50,0,16,6,0,40.32869722,-75.91827778,8,1,0,0,0,1,0
420544,PENNSYLVANIA,PA,2,2,1,1,1,1,129,5645,BIGBEE,23,6,June,2012,7,Saturday,5,30,0,15,3,26,40.48353333,-79.66169722,8,6,0,0,0,1,1
420545,PENNSYLVANIA,PA,2,2,0,0,6,6,77,0,ANDERSON,28,6,June,2012,5,Thursday,14,36,0,5,3,97,40.72934722,-75.71803056,12,1,0,0,0,5,0
420546,PENNSYLVANIA,PA,1,1,0,0,1,1,133,0,ARLEY,17,6,June,2012,1,Sunday,17,25,0,15,3,44,40.14856389,-76.96641944,30,1,0,0,0,1,1
420547,PENNSYLVANIA,PA,1,1,1,1,1,1,69,5480,ASHFORD,29,6,June,2012,6,Friday,14,15,1,13,2,12,41.35850278,-75.72052778,8,1,0,0,0,1,0
420548,PENNSYLVANIA,PA,2,2,0,0,2,2,101,6540,BOYLSTON,8,6,June,2012,6,Friday,19,54,1,13,3,27,39.97445000,-75.15871944,12,1,0,0,0,1,0
420549,PENNSYLVANIA,PA,3,3,0,0,4,4,75,0,BEAVERTON,3,5,May,2012,5,Thursday,15,15,1,13,3,98,40.39554722,-76.48661667,12,1,0,0,0,1,0
420550,PENNSYLVANIA,PA,1,1,0,0,1,1,71,0,BRIDGEPORT,19,6,June,2012,3,Tuesday,0,4,0,3,3,265,40.07801667,-76.18468333,19,2,0,0,0,1,1
420551,PENNSYLVANIA,PA,1,1,0,0,1,1,129,0,BIGBEE,30,6,June,2012,7,Saturday,2,23,0,6,5,0,40.36950278,-79.76417778,24,2,0,0,0,1,1
420552,PENNSYLVANIA,PA,5,4,0,0,7,7,43,5120,BAILEYTON,3,6,June,2012,1,Sunday,15,36,0,13,3,108,40.19980556,-76.73125278,12,1,0,0,0,1,0
420553,PENNSYLVANIA,PA,4,3,0,0,6,6,11,0,BULLOCK,26,6,June,2012,3,Tuesday,10,51,1,13,2,55,40.35872500,-76.16539167,12,1,0,0,0,1,0
420554,PENNSYLVANIA,PA,1,1,1,1,2,2,11,0,BULLOCK,13,6,June,2012,4,Wednesday,17,32,0,14,3,108,40.31527222,-75.68924167,8,1,0,0,0,1,0
420555,PENNSYLVANIA,PA,1,1,0,0,1,1,17,0,CHAMBERS,22,6,June,2012,6,Friday,0,6,0,15,3,18,40.13496389,-74.88984444,42,2,0,0,0,1,1
420556,PENNSYLVANIA,PA,2,2,0,0,2,2,17,0,CHAMBERS,2,6,June,2012,7,Saturday,16,33,0,15,3,42,40.30862222,-74.90835556,12,1,0,0,0,1,0
420557,PENNSYLVANIA,PA,2,2,0,0,4,4,21,0,CHILTON,11,6,June,2012,2,Monday,20,10,0,4,3,57,40.34144444,-78.81854722,12,1,0,0,0,2,1
420558,PENNSYLVANIA,PA,2,2,0,0,2,2,19,1747,CEDAR BLUFF,15,6,June,2012,6,Friday,14,33,0,13,3,9,40.68564444,-80.08409444,12,1,0,0,0,1,1
420559,PENNSYLVANIA,PA,7,7,0,0,9,9,43,0,BAILEYTON,24,6,June,2012,1,Sunday,13,35,1,11,1,768,40.35340000,-76.72011944,12,1,0,0,0,1,0
420560,PENNSYLVANIA,PA,2,2,0,0,3,3,11,0,BULLOCK,12,5,May,2012,7,Saturday,17,12,0,4,3,180,40.48710833,-75.61434722,32,1,0,0,0,1,0
420561,PENNSYLVANIA,PA,2,2,0,0,2,2,133,0,ARLEY,5,6,June,2012,3,Tuesday,13,11,0,3,3,36,40.09778056,-76.97280000,12,1,0,0,0,1,0
420562,PENNSYLVANIA,PA,1,1,0,0,1,1,101,6540,BOYLSTON,19,6,June,2012,3,Tuesday,23,34,0,13,3,14,39.96770556,-75.18183889,42,3,0,0,0,1,0
420563,PENNSYLVANIA,PA,2,1,0,0,1,1,101,6540,BOYLSTON,27,6,June,2012,4,Wednesday,9,15,1,14,3,0,39.97870556,-75.09766944,31,1,0,0,0,1,0
420564,PENNSYLVANIA,PA,1,1,0,0,4,4,101,6540,BOYLSTON,30,6,June,2012,7,Saturday,1,50,1,13,3,1,39.95665000,-75.18045278,33,3,0,0,0,1,1
420565,PENNSYLVANIA,PA,1,1,0,0,1,1,29,0,BORDEN SPRINGS,28,6,June,2012,5,Thursday,19,59,0,14,3,44,39.98422500,-75.84460556,31,1,0,0,0,1,1
420566,PENNSYLVANIA,PA,1,1,0,0,1,1,17,0,CHAMBERS,10,6,June,2012,1,Sunday,2,20,1,12,3,27,40.31304167,-75.30063056,1,2,0,0,0,1,1
420567,PENNSYLVANIA,PA,1,1,0,0,1,1,133,0,ARLEY,20,6,June,2012,4,Wednesday,21,52,1,11,1,271,40.06796389,-76.75745833,35,2,0,0,0,1,0
420568,PENNSYLVANIA,PA,1,1,0,0,1,1,33,0,CHEROKEE,20,5,May,2012,1,Sunday,9,50,1,13,2,391,41.08965000,-78.76895556,34,1,0,0,0,1,0
420569,PENNSYLVANIA,PA,1,1,0,0,1,1,59,0,FRANKLIN,3,7,July,2012,3,Tuesday,20,0,0,4,2,116,39.85392778,-80.13574722,42,1,0,0,0,1,1
420570,PENNSYLVANIA,PA,1,1,0,0,2,2,51,0,CENTRAL,28,7,July,2012,7,Saturday,17,55,0,3,3,46,40.01960000,-79.79045278,24,1,0,0,0,1,0
420571,PENNSYLVANIA,PA,1,1,0,0,1,1,41,0,BRANTLEY,7,7,July,2012,7,Saturday,6,45,1,1,1,387,40.14357500,-77.32302222,1,1,0,0,0,1,1
420572,PENNSYLVANIA,PA,1,1,0,0,1,1,7,0,BIBB,10,6,June,2012,1,Sunday,1,20,1,11,1,101,40.63970556,-80.32025833,1,2,0,0,0,1,1
420573,PENNSYLVANIA,PA,2,2,0,0,2,2,41,0,BRANTLEY,11,6,June,2012,2,Monday,10,15,0,13,3,283,40.20286389,-77.04273889,12,1,0,0,0,1,0
420574,PENNSYLVANIA,PA,2,2,0,0,2,2,99,0,BEATRICE,12,6,June,2012,3,Tuesday,3,20,1,2,2,93,40.47824167,-77.06379444,12,2,0,0,0,1,0
420575,PENNSYLVANIA,PA,1,1,0,0,1,1,49,0,COLLINSVILLE,27,7,July,2012,6,Friday,21,22,0,6,5,0,42.02838889,-80.00026667,34,2,0,0,0,1,1
420576,PENNSYLVANIA,PA,2,2,0,0,4,4,7,2310,BIBB,16,7,July,2012,2,Monday,9,40,1,13,3,93,40.69577778,-80.26592222,12,1,0,0,0,1,0
420577,PENNSYLVANIA,PA,1,1,0,0,1,1,115,0,ASHVILLE,29,7,July,2012,1,Sunday,14,38,0,3,3,99,41.77799167,-75.48573611,30,1,0,0,0,1,1
420578,PENNSYLVANIA,PA,2,1,0,0,1,1,13,0,BOLLING,20,5,May,2012,1,Sunday,0,35,0,13,3,122,40.62506667,-78.29775278,26,2,0,0,0,1,0
420579,PENNSYLVANIA,PA,1,1,0,0,1,1,3,6486,BALDWIN,9,7,July,2012,2,Monday,0,0,0,6,5,0,40.44312500,-79.81445278,52,6,0,0,0,1,1
420580,PENNSYLVANIA,PA,2,2,0,0,3,3,71,0,BRIDGEPORT,16,7,July,2012,2,Monday,18,45,0,14,3,349,40.20301389,-76.15731389,12,1,0,0,0,1,0
420581,PENNSYLVANIA,PA,2,2,0,0,4,4,11,6900,BULLOCK,24,7,July,2012,3,Tuesday,21,46,0,13,2,28,40.33071389,-75.89816111,12,3,0,0,0,1,0
420582,PENNSYLVANIA,PA,2,2,0,0,6,6,101,6540,BOYLSTON,20,7,July,2012,6,Friday,15,30,1,13,3,23,39.94608889,-75.19850556,12,1,0,0,0,1,0
420583,PENNSYLVANIA,PA,1,1,0,0,1,1,43,0,BAILEYTON,29,7,July,2012,1,Sunday,22,25,0,14,2,273,40.35274444,-76.68165000,18,2,0,0,0,1,1
420584,PENNSYLVANIA,PA,1,1,0,0,2,2,79,0,COURTLAND,19,7,July,2012,5,Thursday,21,4,1,1,1,1623,41.18128611,-75.93075556,42,2,0,0,0,1,0
420585,PENNSYLVANIA,PA,1,1,1,1,1,1,77,0,ANDERSON,31,7,July,2012,3,Tuesday,10,12,0,6,5,0,40.59931944,-75.69701389,9,1,0,0,0,1,0
420586,PENNSYLVANIA,PA,1,1,0,0,2,2,27,0,ASHLAND,5,7,July,2012,5,Thursday,14,5,0,6,5,0,40.78735556,-77.69327778,42,1,0,0,0,1,0
420587,PENNSYLVANIA,PA,1,1,0,0,1,1,115,0,ASHVILLE,6,7,July,2012,6,Friday,1,10,0,6,3,57,41.84225278,-75.73176667,34,2,0,0,0,1,0
420588,PENNSYLVANIA,PA,1,1,0,0,1,1,15,0,ANNISTON,24,7,July,2012,3,Tuesday,18,59,0,4,3,132,41.89271944,-76.57911667,34,1,0,0,0,1,1
420589,PENNSYLVANIA,PA,3,2,0,0,2,2,29,0,BORDEN SPRINGS,6,7,July,2012,6,Friday,9,40,1,13,2,290,40.04599722,-75.44563333,12,1,0,0,0,1,0
420590,PENNSYLVANIA,PA,3,3,0,0,3,3,71,0,BRIDGEPORT,12,7,July,2012,5,Thursday,16,19,0,14,3,106,39.99174167,-76.31437500,12,1,0,0,0,1,0
420591,PENNSYLVANIA,PA,2,2,0,0,3,3,43,0,BAILEYTON,6,6,June,2012,4,Wednesday,10,37,1,11,1,19,40.24284722,-76.80598611,12,1,0,0,0,1,0
420592,PENNSYLVANIA,PA,2,2,0,0,3,3,45,1270,ARITON,29,7,July,2012,1,Sunday,3,31,1,11,1,46,39.85117778,-75.37562500,24,2,0,0,0,1,1
420593,PENNSYLVANIA,PA,1,1,0,0,1,1,49,0,COLLINSVILLE,28,7,July,2012,7,Saturday,19,28,0,4,3,70,41.95899444,-79.87202222,42,1,0,0,0,1,1
420594,PENNSYLVANIA,PA,2,2,0,0,6,6,127,0,BURNWELL,7,7,July,2012,7,Saturday,10,33,0,4,3,69,41.27036667,-75.38320833,12,1,0,0,0,1,0
420595,PENNSYLVANIA,PA,2,2,0,0,5,5,79,0,COURTLAND,24,7,July,2012,3,Tuesday,18,42,0,4,3,13,41.30588333,-76.29425556,12,1,0,0,0,1,1
420596,PENNSYLVANIA,PA,2,2,0,0,3,3,9,0,BLOUNT,29,7,July,2012,1,Sunday,21,51,0,4,3,118,40.10542222,-78.52560833,12,2,0,0,0,3,0
420597,PENNSYLVANIA,PA,2,2,0,0,2,2,25,0,BARLOW BEND,5,7,July,2012,5,Thursday,10,43,0,3,3,91,41.08310833,-75.61001389,12,1,0,0,0,1,0
420598,PENNSYLVANIA,PA,2,2,0,0,2,2,49,4705,COLLINSVILLE,7,7,July,2012,7,Saturday,6,30,0,4,3,109,42.00230833,-80.14225000,12,1,0,0,0,1,0
420599,PENNSYLVANIA,PA,2,2,0,0,2,2,31,0,COFFEE,28,7,July,2012,7,Saturday,1,23,0,3,3,206,41.15984167,-79.39656944,12,2,0,0,0,1,0
420600,PENNSYLVANIA,PA,1,1,0,0,1,1,39,0,ANDALUSIA,16,7,July,2012,2,Monday,5,15,0,5,3,18,41.77005000,-79.87701111,18,4,0,0,0,1,0
420601,PENNSYLVANIA,PA,3,3,0,0,6,6,91,0,DAYTON,20,7,July,2012,6,Friday,12,46,0,2,3,240,40.42661111,-75.53235556,12,1,0,0,0,2,0
420602,PENNSYLVANIA,PA,2,2,0,0,2,2,127,0,BURNWELL,24,7,July,2012,3,Tuesday,13,50,0,14,2,167,41.52736667,-75.20644722,12,1,0,0,0,1,0
420603,PENNSYLVANIA,PA,2,2,0,0,2,2,101,6540,BOYLSTON,8,7,July,2012,1,Sunday,3,14,1,11,1,292,40.02258611,-75.03669167,12,3,0,0,0,1,1
420604,PENNSYLVANIA,PA,2,2,0,0,3,3,27,0,ASHLAND,3,7,July,2012,3,Tuesday,13,24,0,13,3,7,40.83862500,-77.79911667,30,1,0,0,0,1,0
420605,PENNSYLVANIA,PA,2,2,0,0,2,2,89,0,BROWNSBORO,18,7,July,2012,4,Wednesday,13,45,0,3,3,34,41.19162222,-75.25408333,12,1,0,0,0,1,0
420606,PENNSYLVANIA,PA,1,1,0,0,5,5,107,0,CARROLLTON,31,7,July,2012,3,Tuesday,18,20,0,6,5,0,40.79461111,-76.10183333,35,1,0,0,0,1,0
420607,PENNSYLVANIA,PA,2,2,0,0,3,3,101,6540,BOYLSTON,15,7,July,2012,1,Sunday,16,15,0,16,6,0,39.88393333,-75.22297222,12,1,0,0,0,1,0
420608,PENNSYLVANIA,PA,2,2,0,0,3,3,17,0,CHAMBERS,8,7,July,2012,1,Sunday,2,9,1,12,2,126,40.16983889,-74.81254167,12,2,0,0,0,2,1
420609,PENNSYLVANIA,PA,1,1,1,1,1,1,5,0,BAKER HILL,9,7,July,2012,2,Monday,14,40,0,6,5,0,40.76856944,-79.52444722,8,1,0,0,0,1,0
420610,PENNSYLVANIA,PA,1,1,0,0,1,1,133,0,ARLEY,10,7,July,2012,3,Tuesday,13,0,0,15,3,31,39.91989167,-76.55919167,42,1,0,0,0,1,0
420611,PENNSYLVANIA,PA,1,1,0,0,1,1,101,6540,BOYLSTON,7,7,July,2012,7,Saturday,5,55,0,13,3,41,39.99915278,-75.21928333,42,1,0,0,0,1,0
420612,PENNSYLVANIA,PA,1,1,0,0,2,2,99,0,BEATRICE,4,7,July,2012,4,Wednesday,21,27,0,3,3,200,40.36099167,-77.36238333,35,2,0,0,0,1,1
420613,PENNSYLVANIA,PA,2,2,0,0,5,5,13,0,BOLLING,27,5,May,2012,1,Sunday,12,57,1,2,2,208,40.49496389,-78.24486111,12,1,0,0,0,1,1
420614,PENNSYLVANIA,PA,2,1,0,0,1,1,129,0,BIGBEE,29,6,June,2012,6,Friday,19,13,0,15,3,19,40.32293056,-79.60571944,34,1,0,0,0,1,1
420615,PENNSYLVANIA,PA,1,1,0,0,3,3,65,0,CYPRESS,28,7,July,2012,7,Saturday,5,25,0,4,3,19,41.00405278,-79.18811111,42,2,0,0,0,1,0
420616,PENNSYLVANIA,PA,2,2,0,0,6,6,77,0,ANDERSON,13,6,June,2012,4,Wednesday,15,1,0,14,3,9,40.54844444,-75.57505833,12,1,0,0,0,1,0
420617,PENNSYLVANIA,PA,1,1,0,0,4,4,57,0,BANKSTON,10,7,July,2012,3,Tuesday,1,37,0,4,3,121,40.08219722,-78.15118333,42,2,0,0,0,2,1
420618,PENNSYLVANIA,PA,1,1,0,0,2,2,95,0,ALBERTVILLE,20,7,July,2012,6,Friday,19,0,0,6,5,0,40.91812222,-75.15622500,53,1,0,0,0,1,0
420619,PENNSYLVANIA,PA,1,1,0,0,2,2,105,0,MARION,16,7,July,2012,2,Monday,4,12,0,3,3,72,41.84340833,-77.88869167,30,2,0,0,0,1,1
420620,PENNSYLVANIA,PA,1,1,0,0,4,4,71,0,BRIDGEPORT,21,7,July,2012,7,Saturday,6,5,1,11,1,2853,40.22360000,-76.09580833,25,4,0,0,0,2,1
420621,PENNSYLVANIA,PA,1,1,0,0,3,3,117,0,BIRMINGHAM,30,6,June,2012,7,Saturday,6,33,1,2,2,76,41.64288889,-77.10066111,34,1,0,0,0,1,0
420622,PENNSYLVANIA,PA,1,1,0,0,1,1,71,0,BRIDGEPORT,1,7,July,2012,1,Sunday,17,19,0,3,3,142,40.09588333,-76.66604167,1,1,0,0,0,1,1
420623,PENNSYLVANIA,PA,1,1,0,0,1,1,69,1880,ASHFORD,1,7,July,2012,1,Sunday,14,55,1,13,2,22,41.54769167,-75.74420833,43,1,0,0,0,1,1
420624,PENNSYLVANIA,PA,1,1,0,0,1,1,17,0,CHAMBERS,6,7,July,2012,6,Friday,11,45,1,13,2,90,40.12560000,-74.83744167,43,1,0,0,0,1,0
420625,PENNSYLVANIA,PA,1,1,0,0,2,2,125,8880,BROOKWOOD,14,7,July,2012,7,Saturday,0,35,0,13,2,136,40.16839444,-80.24038611,33,3,0,0,0,1,1
420626,PENNSYLVANIA,PA,2,2,0,0,2,2,61,0,BELLWOOD,29,3,March,2012,5,Thursday,9,15,0,6,3,32,40.55356389,-78.00673056,12,1,0,0,0,1,0
420627,PENNSYLVANIA,PA,1,1,0,0,1,1,129,0,BIGBEE,1,7,July,2012,1,Sunday,0,20,1,2,2,392,40.19234722,-79.15636111,35,2,0,0,0,1,1
420628,PENNSYLVANIA,PA,1,1,0,0,1,1,71,0,BRIDGEPORT,11,7,July,2012,4,Wednesday,17,2,0,6,5,0,40.00625278,-76.30708056,7,1,0,0,0,1,0
420629,PENNSYLVANIA,PA,1,1,0,0,1,1,13,0,BOLLING,13,7,July,2012,6,Friday,2,45,1,2,2,8,40.47422778,-78.53172500,24,2,0,0,0,1,1
420630,PENNSYLVANIA,PA,1,1,0,0,1,1,117,0,BIRMINGHAM,22,7,July,2012,1,Sunday,3,13,0,3,2,162,41.77540833,-77.07169167,35,3,0,0,0,1,0
420631,PENNSYLVANIA,PA,1,1,0,0,1,1,3,6115,BALDWIN,30,7,July,2012,2,Monday,11,25,0,14,3,41,40.36427222,-79.80967778,42,1,0,0,0,1,0
420632,PENNSYLVANIA,PA,1,1,0,0,1,1,19,1747,CEDAR BLUFF,31,7,July,2012,3,Tuesday,23,44,0,6,5,0,40.67516389,-80.11817778,33,2,0,0,0,1,1
420633,PENNSYLVANIA,PA,1,1,0,0,1,1,83,0,ARDMORE,31,7,July,2012,3,Tuesday,0,57,0,15,3,152,41.95713611,-78.66410278,18,2,0,0,0,1,1
420634,PENNSYLVANIA,PA,1,1,0,0,1,1,49,0,COLLINSVILLE,14,7,July,2012,7,Saturday,3,15,0,5,3,22,42.22206111,-79.77140833,18,2,0,0,0,1,1
420635,PENNSYLVANIA,PA,1,1,0,0,1,1,79,6660,COURTLAND,29,7,July,2012,1,Sunday,21,34,0,16,6,0,41.24250833,-75.96021111,24,3,0,0,0,1,1
420636,PENNSYLVANIA,PA,2,2,0,0,4,4,1,0,AUTAUGA,22,7,July,2012,1,Sunday,14,57,0,3,3,43,39.75857222,-77.12305556,12,1,0,0,0,1,1
420638,PENNSYLVANIA,PA,1,1,0,0,1,1,49,0,COLLINSVILLE,5,7,July,2012,5,Thursday,14,40,0,4,3,25,41.98613333,-79.96413056,58,1,0,0,0,1,0
420639,PENNSYLVANIA,PA,1,1,0,0,1,1,15,0,ANNISTON,11,7,July,2012,4,Wednesday,6,0,0,5,3,22,41.73291111,-76.50425000,42,4,0,0,0,1,0
420640,PENNSYLVANIA,PA,1,1,0,0,1,1,103,0,DANVILLE,18,7,July,2012,4,Wednesday,19,0,0,5,3,46,41.25766389,-75.00101667,18,1,0,0,0,1,0
420641,PENNSYLVANIA,PA,1,1,1,1,3,3,45,1270,ARITON,22,7,July,2012,1,Sunday,23,40,1,13,2,43,39.84667500,-75.37589722,8,3,0,0,0,1,0
420642,PENNSYLVANIA,PA,3,3,0,0,3,3,107,0,CARROLLTON,8,6,June,2012,6,Friday,12,45,1,2,3,103,40.77931944,-75.96085556,12,1,0,0,0,1,0
420643,PENNSYLVANIA,PA,1,1,1,1,1,1,103,0,DANVILLE,14,7,July,2012,7,Saturday,12,6,0,3,3,98,41.40346667,-75.23874444,8,1,0,0,0,1,0
420644,PENNSYLVANIA,PA,1,1,0,0,2,2,47,0,BROWNS,11,7,July,2012,4,Wednesday,2,52,0,3,3,41,41.29099444,-78.50430556,42,2,0,0,0,1,1
420645,PENNSYLVANIA,PA,2,2,0,0,2,2,29,9997,BORDEN SPRINGS,5,7,July,2012,5,Thursday,14,46,0,15,3,35,39.78011944,-75.98974722,12,1,0,0,0,1,0
420646,PENNSYLVANIA,PA,1,1,0,0,2,2,19,0,CEDAR BLUFF,11,7,July,2012,4,Wednesday,23,12,0,6,5,0,40.98631667,-79.91590278,1,2,0,0,0,1,1
420647,PENNSYLVANIA,PA,2,2,0,0,2,2,107,0,CARROLLTON,31,7,July,2012,3,Tuesday,20,48,0,4,3,116,40.57092222,-76.18474444,12,2,0,0,0,1,0
420648,PENNSYLVANIA,PA,1,1,0,0,1,1,9,9997,BLOUNT,3,7,July,2012,3,Tuesday,0,43,0,4,3,59,40.13564444,-78.26927222,1,3,0,0,0,1,1
420649,PENNSYLVANIA,PA,1,1,0,0,1,1,91,0,DAYTON,6,7,July,2012,6,Friday,6,35,0,6,5,0,40.28915000,-75.60745833,1,1,0,0,0,1,0
420650,PENNSYLVANIA,PA,2,2,0,0,2,2,3,6600,BALDWIN,7,7,July,2012,7,Saturday,13,2,0,13,3,54,40.48698056,-79.91625833,12,1,0,0,0,1,0
420651,PENNSYLVANIA,PA,1,1,1,1,1,1,77,110,ANDERSON,23,7,July,2012,2,Monday,15,32,0,16,6,0,40.60928056,-75.44856389,8,1,0,0,0,1,0
420652,PENNSYLVANIA,PA,1,1,1,1,1,1,3,6600,BALDWIN,25,7,July,2012,4,Wednesday,5,10,0,13,3,18,40.44795000,-79.89770833,15,3,0,0,0,1,0
420653,PENNSYLVANIA,PA,7,7,0,0,7,7,115,0,ASHVILLE,18,7,July,2012,4,Wednesday,13,50,1,1,1,2093,41.68571389,-75.68647500,12,1,0,0,0,1,0
420654,PENNSYLVANIA,PA,1,1,0,0,1,1,75,0,BEAVERTON,9,7,July,2012,2,Monday,12,20,0,5,3,56,40.45372500,-76.59677778,30,1,0,0,0,1,0
420655,PENNSYLVANIA,PA,2,2,0,0,6,6,69,8380,ASHFORD,21,7,July,2012,7,Saturday,14,44,0,15,3,7,41.39420278,-75.70604167,12,1,0,0,0,2,1
420656,PENNSYLVANIA,PA,2,2,0,0,2,2,11,6900,BULLOCK,14,7,July,2012,7,Saturday,17,10,1,12,3,9,40.35952500,-75.94337778,25,1,0,0,0,1,0
420657,PENNSYLVANIA,PA,1,1,1,1,3,3,71,0,BRIDGEPORT,6,7,July,2012,6,Friday,20,7,1,2,2,278,39.99671389,-76.04966944,8,1,0,0,0,1,0
420658,PENNSYLVANIA,PA,1,1,1,1,1,1,11,9530,BULLOCK,6,7,July,2012,6,Friday,20,55,0,14,3,4,40.34121389,-75.95737500,8,5,0,0,0,1,0
420659,PENNSYLVANIA,PA,1,1,1,1,1,1,101,6540,BOYLSTON,8,7,July,2012,1,Sunday,23,9,0,13,3,26,39.91801111,-75.20988611,8,3,0,0,0,1,1
420660,PENNSYLVANIA,PA,1,1,0,0,3,3,49,2640,COLLINSVILLE,10,7,July,2012,3,Tuesday,22,51,1,13,3,27,42.13428056,-80.08863611,39,3,0,0,0,1,1
420661,PENNSYLVANIA,PA,2,2,1,1,1,1,129,0,BIGBEE,27,7,July,2012,6,Friday,14,49,0,4,3,123,40.36141111,-79.60622500,8,1,0,0,0,1,0
420662,PENNSYLVANIA,PA,1,1,0,0,1,1,73,5800,ARGO,28,7,July,2012,7,Saturday,8,7,0,14,3,117,40.98156389,-80.32246389,30,1,0,0,0,1,0
420663,PENNSYLVANIA,PA,1,1,0,0,2,2,71,0,BRIDGEPORT,5,7,July,2012,5,Thursday,3,20,0,6,5,0,40.14492778,-76.28084444,35,2,0,0,0,1,1
420664,PENNSYLVANIA,PA,1,1,0,0,1,1,77,110,ANDERSON,8,7,July,2012,1,Sunday,17,29,0,16,6,0,40.60351389,-75.44272500,34,1,0,0,0,1,1
420665,PENNSYLVANIA,PA,2,2,0,0,2,2,15,0,ANNISTON,18,7,July,2012,4,Wednesday,18,13,0,3,3,62,41.67645556,-76.85348611,24,1,0,0,0,1,0
420666,PENNSYLVANIA,PA,2,2,0,0,2,2,3,6600,BALDWIN,27,7,July,2012,6,Friday,15,12,0,16,6,0,40.43457778,-79.98981667,12,1,0,0,0,1,0
420667,PENNSYLVANIA,PA,2,2,0,0,3,3,51,6680,CENTRAL,6,7,July,2012,6,Friday,19,55,0,16,6,0,39.73624722,-79.90042500,12,6,0,0,0,1,0
420668,PENNSYLVANIA,PA,1,1,1,1,1,1,91,4495,DAYTON,11,7,July,2012,4,Wednesday,21,53,0,14,3,28,40.20919167,-75.50552222,9,2,0,0,0,1,1
420669,PENNSYLVANIA,PA,2,2,0,0,4,4,3,7455,BALDWIN,30,7,July,2012,2,Monday,23,16,1,11,1,652,40.41059167,-80.07125833,25,3,0,0,0,1,0
420670,PENNSYLVANIA,PA,1,1,1,1,1,1,17,0,CHAMBERS,22,7,July,2012,1,Sunday,0,27,0,13,3,17,40.13849722,-74.87858333,8,3,0,0,0,1,0
420671,PENNSYLVANIA,PA,2,1,0,1,1,2,17,0,CHAMBERS,13,7,July,2012,6,Friday,15,29,1,12,2,76,40.19308056,-74.87672778,14,1,0,0,0,1,0
420672,PENNSYLVANIA,PA,2,2,0,0,4,4,97,0,AXIS,17,7,July,2012,3,Tuesday,20,0,1,12,3,257,40.85114722,-76.80398889,12,1,0,0,0,2,1
420673,PENNSYLVANIA,PA,1,1,0,0,1,1,3,0,BALDWIN,2,8,August,2012,5,Thursday,10,25,0,14,3,137,40.58872222,-79.88649444,41,1,0,0,0,1,1
420674,PENNSYLVANIA,PA,1,1,0,0,1,1,121,0,BON AIR,5,8,August,2012,1,Sunday,0,10,0,6,5,0,41.31165278,-79.84354722,34,2,0,0,0,1,1
420675,PENNSYLVANIA,PA,1,1,0,0,1,1,71,0,BRIDGEPORT,25,7,July,2012,4,Wednesday,9,42,1,2,2,385,40.14738333,-76.18422222,52,1,0,0,0,1,0
420676,PENNSYLVANIA,PA,1,1,0,0,1,1,3,6645,BALDWIN,18,8,August,2012,7,Saturday,1,23,1,11,1,490,40.52355833,-79.81898889,25,2,0,0,0,1,1
420677,PENNSYLVANIA,PA,1,1,0,0,1,1,45,0,ARITON,20,7,July,2012,6,Friday,11,6,0,15,3,37,40.05737778,-75.36855278,33,1,0,0,0,1,0
420678,PENNSYLVANIA,PA,1,1,0,0,1,1,107,0,CARROLLTON,7,7,July,2012,7,Saturday,18,14,0,14,3,17,40.80130833,-76.21575556,35,1,0,0,0,1,0
420679,PENNSYLVANIA,PA,1,1,0,0,1,1,29,0,BORDEN SPRINGS,3,8,August,2012,6,Friday,22,18,0,5,3,9,39.88255833,-75.82174722,35,2,0,0,0,1,1
420680,PENNSYLVANIA,PA,2,2,1,1,2,2,19,0,CEDAR BLUFF,17,7,July,2012,3,Tuesday,14,8,1,2,2,9,40.96511389,-80.14551944,12,1,0,0,0,1,0
420681,PENNSYLVANIA,PA,1,1,0,0,5,5,109,0,ANSLEY,5,8,August,2012,1,Sunday,12,30,0,3,3,117,40.76872778,-76.92127500,42,1,0,0,0,1,0
420682,PENNSYLVANIA,PA,1,1,0,0,1,1,39,0,ANDALUSIA,13,8,August,2012,2,Monday,0,20,0,4,2,23,41.51498889,-80.18685278,34,2,0,0,0,1,1
420683,PENNSYLVANIA,PA,1,1,0,0,1,1,17,0,CHAMBERS,20,8,August,2012,2,Monday,7,20,0,4,3,65,40.52950556,-75.33269722,34,4,0,0,0,1,0
420684,PENNSYLVANIA,PA,1,1,0,0,1,1,125,0,BROOKWOOD,13,8,August,2012,2,Monday,10,0,0,5,3,26,39.97464167,-80.48609444,42,1,0,0,0,1,0
420685,PENNSYLVANIA,PA,1,1,0,0,2,2,31,0,COFFEE,12,8,August,2012,1,Sunday,6,8,1,1,1,688,41.17248611,-79.27249722,35,2,0,0,0,1,0
420686,PENNSYLVANIA,PA,1,1,0,0,2,2,33,0,CHEROKEE,18,8,August,2012,7,Saturday,11,0,1,1,1,1161,41.06254722,-78.45571944,24,1,0,0,0,1,0
420687,PENNSYLVANIA,PA,1,1,0,0,2,2,79,0,COURTLAND,31,8,August,2012,6,Friday,14,36,0,13,3,45,40.94698056,-76.01596667,42,1,0,0,0,1,0
420688,PENNSYLVANIA,PA,1,1,0,0,1,1,43,0,BAILEYTON,4,8,August,2012,7,Saturday,4,48,0,3,3,106,40.50316111,-76.95097778,53,2,0,0,0,1,0
420689,PENNSYLVANIA,PA,1,1,0,0,2,2,83,0,ARDMORE,29,8,August,2012,4,Wednesday,17,20,1,2,2,151,41.68080833,-78.72381667,42,1,0,0,0,1,0
420690,PENNSYLVANIA,PA,1,1,0,0,1,1,33,0,CHEROKEE,22,8,August,2012,4,Wednesday,23,40,1,2,2,197,40.90979444,-78.67038056,1,2,0,0,0,1,1