ST_CASE,State Name,State Abbreviation,# of Vehicle involved,Parked_Vehicles_Involved,Pedestrains,Person_Not_in_Motor_Vehicle,Persons_in_motor_vehicle,Total_Persons_in_accident,COUNTY,CITY,City_County_Name,Calendar_DAY,MONTH,Month_name,YEAR,DAY_WEEK,Day_Week_desc,HOUR,MINUTE,NHS_Desc,trafficway,Route,MILEPT,LATITUDE,LONGITUD,First_Crash_event,Light_cond_desc,Weather_condition,School_bus_involved,Crash_cause,FATALS,DRUNK_DR
420691,PENNSYLVANIA,PA,1,1,0,0,3,3,51,0,CENTRAL,13,8,August,2012,2,Monday,1,0,0,3,3,88,39.83852500,-79.90365000,35,3,0,0,0,1,0
420692,PENNSYLVANIA,PA,1,1,0,0,1,1,39,0,ANDALUSIA,14,8,August,2012,3,Tuesday,0,39,0,4,2,49,41.67065833,-80.45397222,35,2,0,0,0,1,1
420693,PENNSYLVANIA,PA,1,1,0,0,1,1,39,0,ANDALUSIA,28,8,August,2012,3,Tuesday,12,50,0,4,3,77,41.72721944,-80.23886389,42,1,0,0,0,1,0
420694,PENNSYLVANIA,PA,1,1,1,1,1,1,79,0,COURTLAND,7,8,August,2012,3,Tuesday,22,0,0,13,2,193,41.21852500,-76.01060833,9,3,0,0,0,1,1
420695,PENNSYLVANIA,PA,1,1,0,0,1,1,109,0,ANSLEY,3,8,August,2012,6,Friday,14,30,0,5,3,13,40.76394722,-77.30228056,35,1,0,0,0,1,0
420696,PENNSYLVANIA,PA,1,1,0,0,1,1,103,0,DANVILLE,20,8,August,2012,2,Monday,19,27,0,6,5,0,41.10352222,-75.04540833,35,5,5,0,0,1,0
420697,PENNSYLVANIA,PA,1,1,0,0,1,1,29,0,BORDEN SPRINGS,23,8,August,2012,5,Thursday,22,6,0,6,5,0,40.15633333,-75.69752500,42,2,0,0,0,1,0
420698,PENNSYLVANIA,PA,2,2,0,0,4,4,63,0,BOLIGEE,9,6,June,2012,7,Saturday,0,45,0,5,3,68,40.69240556,-78.96101389,12,2,0,0,0,1,1
420699,PENNSYLVANIA,PA,1,1,0,0,1,1,77,0,ANDERSON,20,7,July,2012,6,Friday,22,59,1,13,3,53,40.57768889,-75.55189722,25,2,0,0,0,1,0
420700,PENNSYLVANIA,PA,1,1,0,0,1,1,123,0,ALEXANDER CITY,28,7,July,2012,7,Saturday,17,15,0,3,3,9,41.63715278,-79.04345833,1,1,0,0,0,1,1
420701,PENNSYLVANIA,PA,2,2,0,0,3,3,99,4540,BEATRICE,10,7,July,2012,3,Tuesday,8,8,1,2,2,229,40.56521667,-76.99395556,12,1,0,0,0,2,0
420702,PENNSYLVANIA,PA,1,1,0,0,1,1,125,0,BROOKWOOD,8,8,August,2012,4,Wednesday,4,19,0,4,3,39,40.27218056,-80.45756389,24,2,0,0,0,1,0
420703,PENNSYLVANIA,PA,1,1,0,0,1,1,81,0,AUBURN,9,8,August,2012,5,Thursday,1,48,0,14,3,7,41.25622500,-76.96993889,33,3,0,0,0,1,1
420704,PENNSYLVANIA,PA,1,1,1,1,1,1,3,9350,BALDWIN,31,7,July,2012,3,Tuesday,22,0,1,13,3,16,40.44634167,-79.89276111,9,3,0,0,0,1,0
420705,PENNSYLVANIA,PA,1,1,0,0,1,1,51,0,CENTRAL,5,8,August,2012,1,Sunday,22,30,0,4,3,15,39.95039722,-79.86964167,41,2,0,0,0,1,0
420706,PENNSYLVANIA,PA,1,1,0,0,5,5,19,0,CEDAR BLUFF,5,8,August,2012,1,Sunday,10,12,0,3,3,111,41.00469722,-79.82468889,18,1,0,0,0,1,0
420707,PENNSYLVANIA,PA,1,1,0,0,1,1,13,0,BOLLING,4,8,August,2012,7,Saturday,6,0,0,4,3,17,40.47646389,-78.51315556,35,4,0,0,0,1,0
420708,PENNSYLVANIA,PA,1,1,0,0,1,1,25,8260,BARLOW BEND,17,8,August,2012,6,Friday,13,55,0,4,3,36,40.81628333,-75.83140278,17,1,0,0,0,1,0
420709,PENNSYLVANIA,PA,1,1,0,0,1,1,91,3740,DAYTON,27,8,August,2012,2,Monday,3,38,0,6,5,0,40.19804722,-75.11651944,33,3,0,0,0,1,1
420710,PENNSYLVANIA,PA,1,1,0,0,1,1,129,0,BIGBEE,9,8,August,2012,5,Thursday,5,50,0,14,3,27,40.31428611,-79.65181944,42,4,0,0,0,1,1
420711,PENNSYLVANIA,PA,1,1,0,0,1,1,101,6540,BOYLSTON,2,8,August,2012,5,Thursday,22,50,0,13,2,64,40.02035000,-75.15295556,25,3,0,0,0,1,1
420712,PENNSYLVANIA,PA,1,1,0,0,3,3,91,0,DAYTON,18,8,August,2012,7,Saturday,20,54,0,6,5,0,40.13151389,-75.48140000,38,2,0,0,0,1,1
420713,PENNSYLVANIA,PA,1,1,0,0,1,1,25,0,BARLOW BEND,11,8,August,2012,7,Saturday,2,16,0,3,3,69,40.92788333,-75.87637222,35,2,0,0,0,1,1
420714,PENNSYLVANIA,PA,2,2,0,0,2,2,11,0,BULLOCK,1,8,August,2012,4,Wednesday,2,30,0,3,3,74,40.35369167,-75.76574167,12,2,0,0,0,1,1
420715,PENNSYLVANIA,PA,2,2,0,0,2,2,119,0,BELLAMY,19,8,August,2012,1,Sunday,12,55,1,2,2,93,41.00630556,-76.86814722,12,1,0,0,0,1,0
420716,PENNSYLVANIA,PA,2,2,0,0,2,2,19,0,CEDAR BLUFF,30,8,August,2012,5,Thursday,13,15,0,4,3,109,40.86999722,-80.04048333,12,1,0,0,0,1,0
420717,PENNSYLVANIA,PA,2,2,0,0,3,3,109,0,ANSLEY,3,8,August,2012,6,Friday,1,37,0,4,3,61,40.84428889,-77.09895556,12,2,0,0,0,1,0
420718,PENNSYLVANIA,PA,2,2,0,0,3,3,27,0,ASHLAND,6,8,August,2012,2,Monday,21,42,1,13,3,23,40.85878611,-77.78518889,12,2,0,0,0,1,0
420719,PENNSYLVANIA,PA,2,2,0,0,2,2,11,0,BULLOCK,3,8,August,2012,6,Friday,6,33,1,1,1,405,40.57732778,-75.79871944,12,1,0,0,0,1,1
420720,PENNSYLVANIA,PA,1,1,1,1,1,1,43,3500,BAILEYTON,9,8,August,2012,5,Thursday,8,17,0,16,6,0,40.26884167,-76.85923611,8,1,0,0,0,1,0
420721,PENNSYLVANIA,PA,2,2,0,0,4,4,79,0,COURTLAND,21,8,August,2012,3,Tuesday,11,39,1,1,1,1514,41.05108611,-76.00794167,12,1,0,0,0,1,0
420722,PENNSYLVANIA,PA,1,1,0,0,1,1,79,0,COURTLAND,6,5,May,2012,1,Sunday,21,11,1,11,3,16,41.25657778,-75.81890000,34,2,0,0,0,1,1
420723,PENNSYLVANIA,PA,2,2,0,0,3,3,49,0,COLLINSVILLE,8,8,August,2012,4,Wednesday,16,3,0,14,2,345,42.17127778,-79.94787500,12,1,0,0,0,1,0
420724,PENNSYLVANIA,PA,2,2,0,0,3,3,99,0,BEATRICE,16,8,August,2012,5,Thursday,6,25,1,2,2,131,40.44763889,-76.98147778,12,4,0,0,0,2,0
420725,PENNSYLVANIA,PA,2,2,0,0,3,3,27,0,ASHLAND,9,8,August,2012,5,Thursday,14,10,1,11,1,764,40.84556389,-77.81467778,12,1,0,0,0,2,0
420726,PENNSYLVANIA,PA,3,3,0,0,5,5,55,0,ATTALLA,6,6,June,2012,4,Wednesday,14,15,0,3,3,237,39.76442778,-77.60788333,12,1,0,0,0,1,0
420727,PENNSYLVANIA,PA,2,2,0,0,2,2,131,0,ARLINGTON,13,8,August,2012,2,Monday,13,30,0,5,3,66,41.58038611,-76.10607500,12,1,0,0,0,1,0
420728,PENNSYLVANIA,PA,2,2,0,0,2,2,27,0,ASHLAND,9,8,August,2012,5,Thursday,6,0,1,2,2,226,40.92215833,-77.84739167,12,1,0,0,0,1,0
420729,PENNSYLVANIA,PA,2,2,0,0,2,2,35,0,BROOKLYN,3,8,August,2012,6,Friday,9,5,0,4,3,43,41.05454167,-77.49625278,12,1,0,0,0,1,0
420730,PENNSYLVANIA,PA,2,2,0,0,2,2,121,9997,BON AIR,28,8,August,2012,3,Tuesday,10,16,1,2,3,13,41.18854722,-79.97609167,12,1,0,0,0,1,0
420731,PENNSYLVANIA,PA,2,2,0,0,4,4,27,0,ASHLAND,18,8,August,2012,7,Saturday,12,3,0,3,3,35,40.91816944,-77.67744722,1,1,0,0,0,1,0
420732,PENNSYLVANIA,PA,1,1,0,0,1,1,7,0,BIBB,7,8,August,2012,3,Tuesday,7,44,0,6,5,0,40.82884722,-80.27974444,42,1,0,0,0,1,0
420733,PENNSYLVANIA,PA,2,2,0,0,4,4,89,0,BROWNSBORO,8,8,August,2012,4,Wednesday,16,33,0,3,3,177,41.12734444,-75.31035833,12,1,0,0,0,1,0
420734,PENNSYLVANIA,PA,2,2,0,0,6,6,33,9997,CHEROKEE,10,8,August,2012,6,Friday,15,24,0,3,3,79,40.79794444,-78.49989722,12,1,0,0,0,1,0
420735,PENNSYLVANIA,PA,2,2,0,0,3,3,121,0,BON AIR,4,8,August,2012,7,Saturday,18,15,0,3,3,31,41.39703611,-79.62522778,12,1,0,0,0,3,0
420736,PENNSYLVANIA,PA,1,1,0,0,2,2,17,0,CHAMBERS,18,8,August,2012,7,Saturday,8,26,0,14,3,59,40.31843333,-75.23240556,42,1,0,0,0,1,0
420737,PENNSYLVANIA,PA,2,2,0,0,2,2,55,0,ATTALLA,19,6,June,2012,3,Tuesday,15,12,0,14,3,233,39.76606944,-77.61429722,12,1,0,0,0,1,0
420738,PENNSYLVANIA,PA,1,1,1,1,1,1,85,3410,BENTON,17,8,August,2012,6,Friday,11,17,0,14,3,39,41.16485833,-80.08266389,9,1,0,0,0,1,0
420739,PENNSYLVANIA,PA,1,1,0,0,2,2,111,0,GRAHAM,20,8,August,2012,2,Monday,0,44,0,5,3,52,39.98818889,-79.10260278,53,2,0,0,0,1,1
420740,PENNSYLVANIA,PA,2,2,0,0,5,5,3,0,BALDWIN,22,8,August,2012,4,Wednesday,17,25,0,3,3,106,40.66140833,-79.75740000,12,1,0,0,0,1,1
420741,PENNSYLVANIA,PA,2,2,0,0,2,2,129,0,BIGBEE,31,8,August,2012,6,Friday,16,25,0,4,3,235,40.41245556,-79.34285000,12,1,0,0,0,1,0
420742,PENNSYLVANIA,PA,2,2,0,0,4,4,65,0,CYPRESS,21,8,August,2012,3,Tuesday,21,0,0,3,2,49,41.17002778,-79.12081111,12,2,0,0,0,2,1
420743,PENNSYLVANIA,PA,2,2,0,0,2,2,77,0,ANDERSON,6,8,August,2012,2,Monday,3,49,1,1,1,484,40.57544722,-75.64838056,12,2,0,0,0,1,0
420744,PENNSYLVANIA,PA,2,2,0,0,3,3,79,0,COURTLAND,23,8,August,2012,5,Thursday,11,9,0,3,3,6,41.28956389,-76.30128333,12,1,0,0,0,1,0
420745,PENNSYLVANIA,PA,1,1,0,0,1,1,21,0,CHILTON,26,8,August,2012,1,Sunday,4,30,0,5,3,11,40.69956667,-78.60441111,33,2,0,0,0,1,1
420746,PENNSYLVANIA,PA,2,2,0,0,3,3,67,0,ABBEVILLE,14,8,August,2012,3,Tuesday,16,0,0,3,3,4,40.63314444,-76.95366667,12,1,0,0,0,1,0
420747,PENNSYLVANIA,PA,2,2,0,0,2,2,63,0,BOLIGEE,28,8,August,2012,3,Tuesday,17,10,1,2,2,267,40.76803889,-79.05675556,12,1,0,0,0,1,0
420748,PENNSYLVANIA,PA,1,1,1,1,1,1,107,4660,CARROLLTON,9,8,August,2012,5,Thursday,15,5,1,13,3,196,40.90162500,-75.99375000,8,1,0,0,0,1,1
420749,PENNSYLVANIA,PA,2,2,0,0,2,2,129,0,BIGBEE,17,8,August,2012,6,Friday,8,21,1,13,3,0,40.55188333,-79.58905833,12,1,0,0,0,1,0
420750,PENNSYLVANIA,PA,2,2,0,0,2,2,41,0,BRANTLEY,18,8,August,2012,7,Saturday,13,45,0,14,3,11,40.26767778,-77.04350000,12,1,0,0,0,1,1
420751,PENNSYLVANIA,PA,2,2,0,0,2,2,19,9670,CEDAR BLUFF,7,8,August,2012,3,Tuesday,6,0,0,14,3,2,40.79425556,-80.15278333,12,1,0,0,0,1,0
420752,PENNSYLVANIA,PA,2,2,0,0,2,2,59,0,FRANKLIN,5,8,August,2012,1,Sunday,13,24,0,4,3,60,39.95247500,-79.96626667,12,1,0,0,0,1,1
420753,PENNSYLVANIA,PA,2,2,0,0,3,3,41,0,BRANTLEY,4,8,August,2012,7,Saturday,15,14,0,15,3,9,40.15590556,-77.01353889,12,1,0,0,0,1,0
420754,PENNSYLVANIA,PA,2,1,0,0,1,1,1,0,AUTAUGA,25,8,August,2012,7,Saturday,2,0,0,4,3,32,39.76096111,-77.23236111,34,2,0,0,0,1,1
420755,PENNSYLVANIA,PA,2,2,0,0,2,2,51,0,CENTRAL,1,8,August,2012,4,Wednesday,23,39,1,2,2,39,39.98505833,-79.83658333,12,2,0,0,0,1,2
420756,PENNSYLVANIA,PA,4,3,0,0,7,7,101,6540,BOYLSTON,23,8,August,2012,5,Thursday,22,43,0,14,3,3,39.96988333,-75.21323056,12,3,0,0,0,1,0
420757,PENNSYLVANIA,PA,3,3,0,0,3,3,81,0,AUBURN,23,8,August,2012,5,Thursday,16,25,0,4,3,3,41.12300278,-76.97332222,12,1,0,0,0,1,0
420758,PENNSYLVANIA,PA,2,2,0,0,3,3,91,3970,DAYTON,22,8,August,2012,4,Wednesday,10,45,1,13,3,28,40.09989722,-75.12581389,12,1,0,0,0,1,0
420759,PENNSYLVANIA,PA,2,2,0,0,4,4,17,0,CHAMBERS,12,8,August,2012,1,Sunday,20,54,1,13,3,43,40.19172778,-75.07353056,12,2,0,0,0,1,0
420760,PENNSYLVANIA,PA,2,2,0,0,2,2,125,0,BROOKWOOD,9,8,August,2012,5,Thursday,18,0,0,4,3,88,40.42929722,-80.37246944,12,1,0,0,0,1,1
420761,PENNSYLVANIA,PA,2,2,0,0,30,30,101,6540,BOYLSTON,13,8,August,2012,2,Monday,18,2,0,16,6,0,40.04679722,-75.14542500,12,1,0,0,0,1,1
420762,PENNSYLVANIA,PA,1,1,1,1,1,1,101,6540,BOYLSTON,15,8,August,2012,4,Wednesday,1,10,0,13,3,32,40.07665833,-75.08515000,8,3,0,0,0,1,0
420763,PENNSYLVANIA,PA,1,1,1,1,1,1,101,6540,BOYLSTON,26,8,August,2012,1,Sunday,2,14,1,13,3,59,40.05188333,-75.05054722,8,3,0,0,0,1,0
420764,PENNSYLVANIA,PA,2,2,0,0,4,4,13,0,BOLLING,6,8,August,2012,2,Monday,11,39,0,6,5,0,40.36262500,-78.43649167,12,1,0,0,0,1,1
420765,PENNSYLVANIA,PA,2,2,0,0,2,2,43,0,BAILEYTON,21,8,August,2012,3,Tuesday,1,40,1,1,1,748,40.33880833,-76.75223611,24,2,0,0,0,1,0
420766,PENNSYLVANIA,PA,3,3,0,0,4,4,101,6540,BOYLSTON,29,8,August,2012,4,Wednesday,23,29,1,11,1,239,39.97660556,-75.11391111,12,3,0,0,0,1,0
420767,PENNSYLVANIA,PA,1,1,0,0,1,1,133,0,ARLEY,22,6,June,2012,6,Friday,19,57,0,6,5,0,39.77213333,-76.43085833,42,5,0,0,0,1,1
420768,PENNSYLVANIA,PA,2,2,0,0,3,3,129,5880,BIGBEE,3,8,August,2012,6,Friday,20,25,0,13,3,18,40.58741667,-79.74970000,12,5,0,0,0,2,0
420769,PENNSYLVANIA,PA,1,1,0,0,1,1,11,0,BULLOCK,20,5,May,2012,1,Sunday,18,41,0,6,5,0,40.52887778,-75.93762222,5,1,0,0,0,1,0
420770,PENNSYLVANIA,PA,2,2,0,0,2,2,17,0,CHAMBERS,6,8,August,2012,2,Monday,16,44,0,15,3,27,40.23382222,-75.06125833,12,1,0,0,0,1,0
420771,PENNSYLVANIA,PA,2,2,0,0,7,7,133,0,ARLEY,18,8,August,2012,7,Saturday,13,1,1,13,3,39,39.97331944,-76.68961944,12,1,0,0,0,1,0
420772,PENNSYLVANIA,PA,2,2,0,0,2,2,37,0,BRADFORD,29,8,August,2012,4,Wednesday,20,29,0,13,3,5,40.98906389,-76.48040000,1,5,0,0,0,1,0
420773,PENNSYLVANIA,PA,2,2,0,0,5,5,129,7185,BIGBEE,29,8,August,2012,4,Wednesday,9,38,1,11,1,463,40.15443056,-79.77845833,12,1,0,0,0,2,0
420774,PENNSYLVANIA,PA,2,2,0,0,2,2,95,0,ALBERTVILLE,1,8,August,2012,4,Wednesday,15,49,0,15,3,19,40.71716944,-75.35877222,12,1,0,0,0,1,0
420775,PENNSYLVANIA,PA,1,1,0,0,1,1,45,0,ARITON,8,8,August,2012,4,Wednesday,1,12,0,14,3,31,39.91733889,-75.29620556,33,3,0,0,0,1,0
420776,PENNSYLVANIA,PA,2,2,0,0,4,4,71,0,BRIDGEPORT,5,8,August,2012,1,Sunday,11,21,0,5,3,85,39.95758611,-76.39799444,12,1,0,0,0,1,0
420777,PENNSYLVANIA,PA,3,3,0,0,4,4,71,0,BRIDGEPORT,27,8,August,2012,2,Monday,6,53,1,12,2,144,40.06131389,-76.27855833,12,1,0,0,0,1,0
420778,PENNSYLVANIA,PA,1,1,0,0,1,1,25,3995,BARLOW BEND,4,8,August,2012,7,Saturday,18,15,0,3,3,49,40.84731389,-75.79905000,42,1,0,0,0,1,0
420779,PENNSYLVANIA,PA,1,1,2,2,1,1,101,6540,BOYLSTON,29,8,August,2012,4,Wednesday,22,52,1,13,2,61,40.05575000,-75.04806389,8,3,0,0,0,1,1
420780,PENNSYLVANIA,PA,1,1,1,1,1,1,101,6540,BOYLSTON,27,8,August,2012,2,Monday,10,50,1,13,3,33,40.00559167,-75.10328056,8,1,0,1,0,1,0
420781,PENNSYLVANIA,PA,1,1,1,1,2,2,17,0,CHAMBERS,18,8,August,2012,7,Saturday,23,26,1,13,3,135,40.10426944,-74.95047222,8,3,0,0,0,1,0
420782,PENNSYLVANIA,PA,4,4,0,0,11,11,77,110,ANDERSON,15,8,August,2012,4,Wednesday,10,23,1,11,1,576,40.56441389,-75.48368889,12,1,0,0,0,1,0
420783,PENNSYLVANIA,PA,1,1,0,0,1,1,11,0,BULLOCK,3,8,August,2012,6,Friday,14,4,1,12,3,21,40.37020000,-75.93067222,35,1,0,0,0,1,0
420784,PENNSYLVANIA,PA,1,1,0,0,1,1,17,0,CHAMBERS,25,8,August,2012,7,Saturday,16,35,1,2,3,79,40.37710833,-75.33033333,1,1,0,0,0,1,0
420785,PENNSYLVANIA,PA,1,1,0,0,1,1,7,0,BIBB,23,8,August,2012,5,Thursday,22,42,0,5,3,11,40.83506111,-80.49927222,32,2,0,0,0,1,1
420786,PENNSYLVANIA,PA,1,1,0,0,1,1,37,740,BRADFORD,2,8,August,2012,5,Thursday,19,41,0,16,6,0,40.97861944,-76.46691111,43,1,0,0,0,1,1
420787,PENNSYLVANIA,PA,1,1,0,0,6,6,47,7300,BROWNS,6,8,August,2012,2,Monday,22,25,0,4,3,69,41.48801111,-78.58591111,5,2,0,0,0,1,0
420788,PENNSYLVANIA,PA,1,1,0,0,4,4,91,0,DAYTON,30,8,August,2012,5,Thursday,21,50,1,11,1,3440,40.16320278,-75.09998611,25,2,0,0,0,1,0
420789,PENNSYLVANIA,PA,1,1,0,0,2,2,101,6540,BOYLSTON,30,8,August,2012,5,Thursday,8,53,1,13,2,9,39.94778333,-75.23102500,33,1,0,0,0,1,0
420790,PENNSYLVANIA,PA,1,1,0,0,1,1,101,6540,BOYLSTON,12,8,August,2012,1,Sunday,1,50,1,12,3,21,40.08601944,-74.97018889,24,3,0,0,0,1,1
420791,PENNSYLVANIA,PA,2,1,2,2,1,1,45,1270,ARITON,15,8,August,2012,4,Wednesday,14,55,0,14,3,2,39.85130556,-75.37349722,14,1,0,0,0,1,0
420792,PENNSYLVANIA,PA,1,1,0,0,1,1,79,0,COURTLAND,17,9,September,2012,2,Monday,14,25,1,1,1,2496,41.01886944,-76.17234722,24,1,0,0,0,1,0
420793,PENNSYLVANIA,PA,1,1,0,0,1,1,109,0,ANSLEY,17,9,September,2012,2,Monday,9,28,0,4,3,29,40.84916667,-76.87938333,30,1,0,0,0,1,0
420794,PENNSYLVANIA,PA,1,1,0,0,1,1,33,0,CHEROKEE,24,9,September,2012,2,Monday,7,0,1,1,1,1188,41.04137500,-78.41260833,24,4,0,0,0,1,0
420795,PENNSYLVANIA,PA,1,1,0,0,1,1,1,0,AUTAUGA,18,9,September,2012,3,Tuesday,17,40,0,4,3,108,39.91745833,-77.31152778,59,1,0,0,0,1,1
420796,PENNSYLVANIA,PA,1,1,0,0,1,1,97,7811,AXIS,27,9,September,2012,5,Thursday,9,56,0,4,3,50,40.87849722,-76.69416944,42,1,0,0,0,1,0
420797,PENNSYLVANIA,PA,1,1,0,0,1,1,65,0,CYPRESS,22,9,September,2012,7,Saturday,23,7,0,4,3,50,41.18797778,-78.85033889,42,2,0,0,0,1,1
420798,PENNSYLVANIA,PA,1,1,0,0,2,2,119,0,BELLAMY,30,9,September,2012,1,Sunday,2,35,1,2,2,188,41.13381111,-76.91411667,59,2,0,0,0,1,1
420799,PENNSYLVANIA,PA,1,1,0,0,1,1,133,9610,ARLEY,16,9,September,2012,1,Sunday,3,24,0,16,6,0,39.96981389,-76.74253333,33,3,0,0,0,1,0
420800,PENNSYLVANIA,PA,1,1,0,0,1,1,125,0,BROOKWOOD,6,9,September,2012,5,Thursday,16,10,1,11,1,179,40.18740000,-80.23828611,35,1,0,0,0,1,0
420801,PENNSYLVANIA,PA,1,1,0,0,2,2,21,0,CHILTON,12,9,September,2012,4,Wednesday,7,29,0,6,5,0,40.50048056,-78.81310000,42,1,0,0,0,1,0
420802,PENNSYLVANIA,PA,1,1,0,0,5,5,89,0,BROWNSBORO,16,9,September,2012,1,Sunday,21,0,1,1,1,61,41.15493889,-75.41340556,42,2,0,0,0,1,0
420803,PENNSYLVANIA,PA,1,1,0,0,1,1,19,0,CEDAR BLUFF,8,9,September,2012,7,Saturday,19,28,0,6,5,0,40.89763611,-80.09977500,42,1,0,0,0,1,1
420804,PENNSYLVANIA,PA,1,1,0,0,2,2,113,0,COTTONTON,3,9,September,2012,2,Monday,22,15,0,4,3,161,41.50990556,-76.37690556,18,2,0,0,0,1,1
420805,PENNSYLVANIA,PA,2,2,0,0,3,3,117,0,BIRMINGHAM,9,8,August,2012,5,Thursday,15,10,0,4,3,5,41.84942778,-77.28156944,12,1,0,0,0,2,0
420806,PENNSYLVANIA,PA,2,2,0,0,3,3,55,0,ATTALLA,14,9,September,2012,6,Friday,21,19,1,2,2,258,39.90616389,-77.52077500,12,3,0,0,0,1,0
420807,PENNSYLVANIA,PA,1,1,0,0,1,1,59,0,FRANKLIN,16,9,September,2012,1,Sunday,3,0,0,4,3,261,39.95996944,-80.51609444,24,2,0,0,0,1,1
420808,PENNSYLVANIA,PA,4,4,0,0,4,4,95,0,ALBERTVILLE,16,9,September,2012,1,Sunday,1,57,1,11,1,721,40.64372222,-75.26114167,12,2,0,0,0,1,0
420809,PENNSYLVANIA,PA,1,1,1,1,2,2,101,6540,BOYLSTON,15,9,September,2012,7,Saturday,19,0,1,13,3,21,39.94413056,-75.19701389,9,1,0,0,0,1,0
420810,PENNSYLVANIA,PA,2,2,0,0,3,3,133,0,ARLEY,18,7,July,2012,4,Wednesday,17,26,0,4,3,110,39.74772778,-76.79414444,12,1,0,0,0,1,0
420811,PENNSYLVANIA,PA,2,2,0,0,3,3,133,0,ARLEY,21,9,September,2012,6,Friday,16,39,0,6,5,0,39.99951389,-76.85554722,12,1,0,0,0,1,0
420812,PENNSYLVANIA,PA,2,2,0,0,2,2,65,0,CYPRESS,10,9,September,2012,2,Monday,16,40,0,3,2,41,41.17477778,-79.13403611,12,1,0,0,0,1,0
420813,PENNSYLVANIA,PA,2,2,0,0,6,6,129,0,BIGBEE,12,9,September,2012,4,Wednesday,15,10,0,15,3,92,40.31520556,-79.39507500,12,1,0,0,0,1,0
420814,PENNSYLVANIA,PA,3,3,0,0,4,4,17,0,CHAMBERS,1,9,September,2012,7,Saturday,18,19,0,15,3,8,40.31500556,-75.21065556,12,1,0,0,0,1,0
420815,PENNSYLVANIA,PA,2,2,0,0,3,3,71,0,BRIDGEPORT,16,9,September,2012,1,Sunday,21,20,0,5,3,95,40.15351667,-76.07676944,12,2,0,0,0,1,0
420816,PENNSYLVANIA,PA,2,2,0,0,2,2,77,0,ANDERSON,25,9,September,2012,3,Tuesday,15,14,1,13,2,73,40.56599167,-75.56456667,12,1,0,0,0,1,0
420817,PENNSYLVANIA,PA,1,1,0,0,2,2,3,0,BALDWIN,30,9,September,2012,1,Sunday,2,13,1,13,3,87,40.51371389,-79.95127222,33,3,0,0,0,1,1
420818,PENNSYLVANIA,PA,1,1,0,0,1,1,129,0,BIGBEE,1,9,September,2012,7,Saturday,0,40,1,13,3,61,40.19618611,-79.82852222,11,2,0,0,0,1,1
420819,PENNSYLVANIA,PA,1,1,0,0,1,1,33,0,CHEROKEE,7,9,September,2012,6,Friday,18,30,0,14,3,2,41.05129722,-78.75804722,53,1,0,0,0,1,1
420820,PENNSYLVANIA,PA,1,1,0,0,5,5,107,0,CARROLLTON,4,8,August,2012,7,Saturday,2,15,1,1,1,1186,40.73451944,-76.30701111,35,2,0,0,0,3,0
420821,PENNSYLVANIA,PA,1,1,0,0,1,1,101,6540,BOYLSTON,8,9,September,2012,7,Saturday,2,8,1,11,1,286,40.01813611,-75.04773611,25,3,0,0,0,1,1
420822,PENNSYLVANIA,PA,1,1,0,0,1,1,77,0,ANDERSON,22,9,September,2012,7,Saturday,20,4,0,14,3,19,40.68146389,-75.57788611,1,2,0,0,0,1,1
420823,PENNSYLVANIA,PA,1,1,0,0,2,2,81,0,AUBURN,11,7,July,2012,4,Wednesday,14,55,0,6,3,14,41.27091389,-76.51674167,42,1,0,0,0,1,0
420824,PENNSYLVANIA,PA,1,1,0,0,1,1,29,0,BORDEN SPRINGS,9,9,September,2012,1,Sunday,17,44,0,14,3,56,39.99753611,-75.78849722,30,1,0,0,0,1,1
420825,PENNSYLVANIA,PA,1,1,0,0,1,1,9,0,BLOUNT,30,9,September,2012,1,Sunday,4,50,0,3,3,87,40.02361944,-78.57334444,35,2,0,0,0,1,1
420826,PENNSYLVANIA,PA,1,1,0,0,1,1,13,0,BOLLING,12,7,July,2012,5,Thursday,3,20,1,1,1,528,40.71753056,-78.16861944,1,2,0,0,0,1,0
420827,PENNSYLVANIA,PA,1,1,0,0,1,1,129,0,BIGBEE,6,9,September,2012,5,Thursday,0,59,0,5,3,17,40.26940556,-79.33570556,35,2,0,0,0,1,1
420828,PENNSYLVANIA,PA,1,1,0,0,2,2,19,0,CEDAR BLUFF,6,9,September,2012,5,Thursday,15,50,0,4,3,11,40.68643056,-79.83288889,42,1,0,1,0,1,0
420829,PENNSYLVANIA,PA,1,1,0,0,1,1,127,0,BURNWELL,1,9,September,2012,7,Saturday,18,47,0,6,5,0,41.71605000,-75.46004722,42,1,0,0,0,1,1
420830,PENNSYLVANIA,PA,1,1,0,0,1,1,129,0,BIGBEE,13,9,September,2012,5,Thursday,19,0,0,3,3,95,40.19996389,-79.26475278,30,1,0,0,0,1,0
420831,PENNSYLVANIA,PA,2,2,0,0,7,7,119,0,BELLAMY,29,9,September,2012,7,Saturday,23,15,0,3,3,174,40.94528333,-76.96642778,12,2,0,0,0,1,1
420832,PENNSYLVANIA,PA,1,1,0,0,1,1,11,0,BULLOCK,25,9,September,2012,3,Tuesday,9,17,0,4,3,79,40.49423056,-75.76253611,30,1,0,0,0,1,1
420833,PENNSYLVANIA,PA,1,1,0,0,1,1,129,0,BIGBEE,1,9,September,2012,7,Saturday,14,32,0,16,5,0,40.14230000,-79.81808889,35,1,0,0,0,1,0
420834,PENNSYLVANIA,PA,1,1,0,0,1,1,121,0,BON AIR,1,9,September,2012,7,Saturday,16,55,0,6,5,0,41.51087778,-79.90895833,42,1,0,0,0,1,1