ST_CASE,State Name,State Abbreviation,# of Vehicle involved,Parked_Vehicles_Involved,Pedestrains,Person_Not_in_Motor_Vehicle,Persons_in_motor_vehicle,Total_Persons_in_accident,COUNTY,CITY,City_County_Name,Calendar_DAY,MONTH,Month_name,YEAR,DAY_WEEK,Day_Week_desc,HOUR,MINUTE,NHS_Desc,trafficway,Route,MILEPT,LATITUDE,LONGITUD,First_Crash_event,Light_cond_desc,Weather_condition,School_bus_involved,Crash_cause,FATALS,DRUNK_DR
420835,PENNSYLVANIA,PA,2,2,0,0,5,5,9,0,BLOUNT,13,9,September,2012,5,Thursday,22,26,0,3,2,171,40.02010278,-78.48410278,12,2,0,0,0,1,0
420836,PENNSYLVANIA,PA,2,2,0,0,2,2,71,0,BRIDGEPORT,24,9,September,2012,2,Monday,11,17,0,6,3,13,40.12945833,-75.93427778,12,1,0,0,0,1,0
420837,PENNSYLVANIA,PA,1,1,1,1,3,3,37,0,BRADFORD,12,7,July,2012,5,Thursday,9,40,0,6,5,0,40.95335278,-76.44742222,9,1,0,0,0,1,0
420838,PENNSYLVANIA,PA,2,2,0,0,3,3,111,0,GRAHAM,28,7,July,2012,7,Saturday,14,45,0,4,3,63,39.77045278,-78.91246389,12,1,0,0,0,1,0
420839,PENNSYLVANIA,PA,1,1,0,0,2,2,83,840,ARDMORE,9,8,August,2012,5,Thursday,9,1,0,16,6,0,41.95225278,-78.64304444,19,1,0,0,0,1,0
420840,PENNSYLVANIA,PA,1,1,0,0,1,1,103,0,DANVILLE,4,8,August,2012,7,Saturday,14,57,0,3,2,136,41.39328056,-74.96869167,24,1,0,0,0,1,0
420841,PENNSYLVANIA,PA,1,1,1,1,2,2,39,0,ANDALUSIA,21,8,August,2012,3,Tuesday,22,30,0,14,3,19,41.63605000,-80.11677778,35,2,0,0,0,1,0
420842,PENNSYLVANIA,PA,2,1,0,0,1,1,91,0,DAYTON,8,9,September,2012,7,Saturday,2,29,1,13,3,182,40.28647500,-75.26370556,33,2,0,0,0,1,1
420843,PENNSYLVANIA,PA,2,1,1,2,1,2,55,0,ATTALLA,14,9,September,2012,6,Friday,11,52,0,3,3,123,39.80518056,-77.81054167,8,1,0,0,0,1,0
420844,PENNSYLVANIA,PA,1,1,0,0,1,1,125,1803,BROOKWOOD,19,9,September,2012,4,Wednesday,23,36,0,4,3,14,40.29148889,-80.44750833,30,2,0,0,0,1,1
420845,PENNSYLVANIA,PA,1,1,0,0,1,1,129,0,BIGBEE,21,9,September,2012,6,Friday,10,45,1,2,2,122,40.39693056,-79.48273889,43,1,0,0,0,1,1
420846,PENNSYLVANIA,PA,1,1,0,0,1,1,81,9380,AUBURN,20,9,September,2012,5,Thursday,2,0,0,16,6,0,41.24011389,-77.00653889,1,3,0,0,0,1,1
420847,PENNSYLVANIA,PA,1,1,1,1,1,1,7,0,BIBB,6,9,September,2012,5,Thursday,10,11,0,16,3,12,40.75673889,-80.37398056,8,1,0,0,0,1,1
420848,PENNSYLVANIA,PA,1,1,0,0,2,2,51,0,CENTRAL,15,9,September,2012,7,Saturday,3,10,0,4,3,59,39.96659444,-79.75624722,30,2,0,0,0,1,1
420849,PENNSYLVANIA,PA,2,2,0,0,2,2,49,2640,COLLINSVILLE,17,9,September,2012,2,Monday,6,40,1,13,2,163,42.08644444,-80.08733611,12,4,0,0,0,1,0
420850,PENNSYLVANIA,PA,2,2,0,0,2,2,11,800,BULLOCK,4,9,September,2012,3,Tuesday,15,23,0,14,3,3,40.33738056,-75.63378056,12,1,0,0,0,1,0
420851,PENNSYLVANIA,PA,3,3,0,0,3,3,1,0,AUTAUGA,14,9,September,2012,6,Friday,21,17,1,2,2,25,39.89756944,-77.42449167,12,2,0,0,0,1,1
420852,PENNSYLVANIA,PA,2,2,0,0,3,3,17,0,CHAMBERS,19,9,September,2012,4,Wednesday,19,34,0,15,3,3,40.09821111,-74.90673889,12,5,0,0,0,1,2
420853,PENNSYLVANIA,PA,2,2,0,0,4,4,41,0,BRANTLEY,23,9,September,2012,1,Sunday,16,48,0,15,3,9,40.29662778,-76.96346389,12,1,0,0,0,1,0
420854,PENNSYLVANIA,PA,2,2,0,0,3,3,49,0,COLLINSVILLE,25,9,September,2012,3,Tuesday,16,25,1,13,2,231,42.09018611,-80.13226944,12,1,0,0,0,1,0
420855,PENNSYLVANIA,PA,2,2,0,0,3,3,51,0,CENTRAL,18,9,September,2012,3,Tuesday,19,5,1,13,2,343,40.10471111,-79.55618056,12,5,0,0,0,1,0
420856,PENNSYLVANIA,PA,2,2,0,0,2,2,125,0,BROOKWOOD,18,9,September,2012,3,Tuesday,15,47,1,11,1,456,40.27150556,-80.15917500,12,1,0,0,0,1,0
420857,PENNSYLVANIA,PA,2,2,0,0,5,5,63,0,BOLIGEE,18,9,September,2012,3,Tuesday,10,2,0,5,3,8,40.56340000,-79.15403056,12,1,0,0,0,1,0
420858,PENNSYLVANIA,PA,1,1,0,0,1,1,17,0,CHAMBERS,16,9,September,2012,1,Sunday,13,34,0,5,3,5,40.51126111,-75.08041389,42,1,0,0,0,1,1
420859,PENNSYLVANIA,PA,1,1,0,0,3,3,15,7410,ANNISTON,25,9,September,2012,3,Tuesday,14,23,0,16,6,0,41.99343333,-76.51668889,33,1,0,0,0,1,0
420860,PENNSYLVANIA,PA,2,2,0,0,4,4,3,6190,BALDWIN,1,9,September,2012,7,Saturday,17,29,1,13,3,28,40.52223889,-79.84254722,12,1,0,0,0,1,0
420861,PENNSYLVANIA,PA,5,1,0,0,1,1,101,6540,BOYLSTON,16,9,September,2012,1,Sunday,5,0,1,13,3,6,39.89723889,-75.22713056,43,3,0,0,0,1,0
420862,PENNSYLVANIA,PA,4,4,0,0,8,8,35,0,BROOKLYN,30,9,September,2012,1,Sunday,15,10,0,14,3,70,41.11624444,-77.47674444,12,1,0,0,0,1,1
420863,PENNSYLVANIA,PA,2,2,0,0,3,3,95,0,ALBERTVILLE,5,9,September,2012,4,Wednesday,9,42,0,6,5,0,40.69185278,-75.33992222,12,1,0,0,0,2,0
420864,PENNSYLVANIA,PA,2,2,0,0,2,2,91,0,DAYTON,14,9,September,2012,6,Friday,9,46,1,13,2,86,40.16172222,-75.29549444,12,1,0,0,0,1,0
420865,PENNSYLVANIA,PA,2,2,0,0,1,1,17,0,CHAMBERS,15,9,September,2012,7,Saturday,22,52,0,6,5,0,40.14697500,-74.85059722,12,3,0,0,0,1,1
420866,PENNSYLVANIA,PA,2,2,0,0,3,3,95,420,ALBERTVILLE,23,9,September,2012,1,Sunday,13,56,0,14,3,203,40.86717778,-75.21031944,12,1,0,0,0,2,0
420867,PENNSYLVANIA,PA,1,1,0,0,3,3,17,615,CHAMBERS,3,9,September,2012,2,Monday,22,25,1,12,2,3,40.12321111,-74.97493889,24,2,0,0,0,1,0
420868,PENNSYLVANIA,PA,1,1,1,1,1,1,77,0,ANDERSON,4,9,September,2012,3,Tuesday,5,36,0,4,3,11,40.57118611,-75.54192222,8,1,0,0,0,1,0
420869,PENNSYLVANIA,PA,1,1,0,0,1,1,37,0,BRADFORD,26,9,September,2012,4,Wednesday,18,56,0,4,3,29,41.12964167,-76.37270000,42,5,0,0,0,1,0
420870,PENNSYLVANIA,PA,1,1,1,1,1,1,17,0,CHAMBERS,9,9,September,2012,1,Sunday,13,36,0,15,3,17,40.11799167,-74.90239722,9,1,0,0,0,1,0
420871,PENNSYLVANIA,PA,1,1,1,1,1,1,107,4770,CARROLLTON,11,9,September,2012,3,Tuesday,9,4,0,6,3,144,40.81272778,-76.14169444,8,1,0,0,0,1,0
420872,PENNSYLVANIA,PA,1,1,0,0,2,2,33,0,CHEROKEE,2,9,September,2012,1,Sunday,1,15,0,6,5,0,40.99918889,-78.71661667,1,2,0,0,0,1,1
420873,PENNSYLVANIA,PA,2,1,0,0,1,1,43,0,BAILEYTON,20,9,September,2012,5,Thursday,1,30,0,5,3,110,40.40248333,-76.72489444,35,2,0,0,0,1,1
420874,PENNSYLVANIA,PA,2,2,0,0,3,3,101,6540,BOYLSTON,23,9,September,2012,1,Sunday,20,30,1,13,3,46,40.00158333,-75.15279722,12,3,0,0,0,2,1
420875,PENNSYLVANIA,PA,1,1,0,0,1,1,89,0,BROWNSBORO,6,9,September,2012,5,Thursday,22,47,0,6,5,0,41.07698889,-75.50598611,21,2,0,0,0,1,0
420876,PENNSYLVANIA,PA,2,2,0,0,2,2,73,0,ARGO,4,9,September,2012,3,Tuesday,10,35,1,2,2,75,41.03253056,-80.39876389,12,1,0,0,0,1,0
420877,PENNSYLVANIA,PA,1,1,1,1,3,3,109,0,ANSLEY,11,9,September,2012,3,Tuesday,15,49,1,2,2,224,40.80647500,-76.95513333,8,1,0,0,0,1,0
420878,PENNSYLVANIA,PA,1,1,0,0,1,1,77,0,ANDERSON,2,9,September,2012,1,Sunday,17,33,0,6,5,0,40.63946111,-75.59848333,38,1,0,0,0,1,0
420879,PENNSYLVANIA,PA,1,1,0,0,1,1,45,0,ARITON,18,9,September,2012,3,Tuesday,5,47,0,6,5,0,39.92695556,-75.31013611,30,3,0,0,0,1,0
420880,PENNSYLVANIA,PA,3,3,0,0,4,4,13,0,BOLLING,27,9,September,2012,5,Thursday,19,16,0,14,3,71,40.36246667,-78.42098333,12,2,0,0,0,1,0
420881,PENNSYLVANIA,PA,1,1,1,1,1,1,43,0,BAILEYTON,10,9,September,2012,2,Monday,20,17,0,14,3,109,40.23907500,-76.80484444,8,2,0,0,0,1,0
420882,PENNSYLVANIA,PA,1,1,1,1,1,1,45,0,ARITON,29,9,September,2012,7,Saturday,19,5,0,15,3,8,40.01383611,-75.32609722,8,3,0,0,0,1,0
420883,PENNSYLVANIA,PA,1,1,0,0,2,2,59,8930,FRANKLIN,25,9,September,2012,3,Tuesday,15,11,0,16,6,0,39.89971667,-80.17664722,33,1,0,0,0,2,0
420884,PENNSYLVANIA,PA,1,1,0,0,1,1,19,0,CEDAR BLUFF,12,9,September,2012,4,Wednesday,21,42,0,14,3,2,40.67164167,-79.69648611,1,2,0,0,0,1,0
420885,PENNSYLVANIA,PA,1,1,0,0,1,1,3,0,BALDWIN,3,9,September,2012,2,Monday,0,20,1,12,3,100,40.51189167,-79.85442778,1,2,0,0,0,1,1
420886,PENNSYLVANIA,PA,2,2,0,0,3,3,101,6540,BOYLSTON,17,9,September,2012,2,Monday,14,57,0,14,3,34,40.03468056,-75.01567500,12,1,0,0,0,1,0
420887,PENNSYLVANIA,PA,2,2,0,0,2,2,129,0,BIGBEE,24,9,September,2012,2,Monday,16,21,0,4,3,49,40.22407500,-79.53829167,12,1,0,1,0,1,0
420888,PENNSYLVANIA,PA,3,3,0,0,3,3,3,0,BALDWIN,23,9,September,2012,1,Sunday,0,23,1,12,3,38,40.48895278,-79.95393889,12,3,0,0,0,1,0
420889,PENNSYLVANIA,PA,3,3,0,0,3,3,91,0,DAYTON,27,9,September,2012,5,Thursday,8,53,1,13,3,174,40.27433889,-75.25892222,12,1,0,0,0,1,0
420890,PENNSYLVANIA,PA,1,1,0,0,4,4,119,0,BELLAMY,14,9,September,2012,6,Friday,8,45,0,4,3,69,40.88404167,-76.95612500,35,1,0,0,0,1,0
420891,PENNSYLVANIA,PA,1,1,0,0,1,1,99,0,BEATRICE,20,9,September,2012,5,Thursday,18,25,1,2,2,52,40.50122778,-77.12881111,35,1,0,0,0,1,1
420892,PENNSYLVANIA,PA,1,1,0,0,1,1,69,0,ASHFORD,11,9,September,2012,3,Tuesday,14,50,1,13,2,4,41.56350000,-75.76838333,34,1,0,0,0,1,0
420893,PENNSYLVANIA,PA,1,1,1,1,1,1,37,0,BRADFORD,16,9,September,2012,1,Sunday,5,30,0,6,5,0,41.04367778,-76.37805556,8,2,0,0,0,1,1
420894,PENNSYLVANIA,PA,2,2,0,0,3,3,79,0,COURTLAND,2,9,September,2012,1,Sunday,0,18,1,13,3,55,41.30790278,-75.76260278,12,3,0,0,0,2,1
420895,PENNSYLVANIA,PA,2,2,0,0,3,3,91,0,DAYTON,10,9,September,2012,2,Monday,13,2,0,14,3,53,40.16264722,-75.21699722,12,1,0,0,0,1,0
420896,PENNSYLVANIA,PA,1,1,4,4,1,1,77,0,ANDERSON,10,9,September,2012,2,Monday,15,26,0,14,3,23,40.66115000,-75.43608333,43,1,0,0,0,2,0
420897,PENNSYLVANIA,PA,3,3,0,0,3,3,55,0,ATTALLA,13,9,September,2012,5,Thursday,11,0,1,11,1,16,39.74409444,-77.72840556,12,1,0,0,0,1,0
420898,PENNSYLVANIA,PA,1,1,0,0,1,1,9,0,BLOUNT,5,10,October,2012,6,Friday,13,23,1,1,1,1304,39.97721944,-78.75092222,25,1,0,0,0,1,0
420899,PENNSYLVANIA,PA,1,1,0,0,1,1,1,0,AUTAUGA,25,10,October,2012,5,Thursday,22,25,0,6,5,0,39.89358611,-77.35858333,35,2,0,0,0,1,1
420900,PENNSYLVANIA,PA,2,2,0,0,2,2,91,0,DAYTON,10,9,September,2012,2,Monday,19,55,1,13,2,119,40.19967500,-75.25626389,12,5,0,0,0,1,0
420901,PENNSYLVANIA,PA,2,2,0,0,2,2,11,0,BULLOCK,18,9,September,2012,3,Tuesday,15,43,0,4,3,41,40.40484167,-76.20062222,12,1,0,0,0,1,0
420902,PENNSYLVANIA,PA,2,2,0,0,2,2,63,0,BOLIGEE,13,9,September,2012,5,Thursday,6,45,0,3,3,1,40.90128333,-78.80599167,12,1,0,0,0,1,1
420903,PENNSYLVANIA,PA,2,2,0,0,7,7,133,0,ARLEY,2,9,September,2012,1,Sunday,11,18,0,15,3,107,39.88631389,-76.78468889,12,1,0,0,0,1,0
420904,PENNSYLVANIA,PA,2,2,0,0,2,2,121,0,BON AIR,10,9,September,2012,2,Monday,21,53,1,2,3,2,41.17481944,-79.98571667,12,2,0,0,0,1,0
420905,PENNSYLVANIA,PA,2,2,0,0,2,2,127,0,BURNWELL,30,9,September,2012,1,Sunday,18,10,0,6,3,14,41.66344167,-75.27366389,12,1,0,0,0,1,0
420906,PENNSYLVANIA,PA,2,2,0,0,2,2,17,0,CHAMBERS,18,9,September,2012,3,Tuesday,13,2,0,14,3,19,40.16191111,-74.88540000,12,1,0,0,0,1,0
420907,PENNSYLVANIA,PA,2,2,0,0,5,5,33,0,CHEROKEE,17,9,September,2012,2,Monday,9,57,0,4,3,146,41.04340833,-78.39363889,12,1,0,0,0,2,0
420908,PENNSYLVANIA,PA,2,2,0,0,2,2,13,0,BOLLING,1,9,September,2012,7,Saturday,20,12,0,6,5,0,40.56752778,-78.41157222,12,2,0,0,0,1,2
420909,PENNSYLVANIA,PA,3,3,0,0,5,5,11,6900,BULLOCK,5,9,September,2012,4,Wednesday,15,26,1,13,2,3,40.32761667,-75.93056389,12,1,0,0,0,1,0
420910,PENNSYLVANIA,PA,2,2,0,0,2,2,49,0,COLLINSVILLE,22,9,September,2012,7,Saturday,5,16,0,3,2,57,41.96380000,-80.41822500,12,2,0,0,0,1,1
420911,PENNSYLVANIA,PA,2,2,0,0,3,3,45,0,ARITON,12,9,September,2012,4,Wednesday,0,0,1,11,1,68,39.86803333,-75.34049167,12,2,0,0,0,1,1
420912,PENNSYLVANIA,PA,2,2,0,0,3,3,71,0,BRIDGEPORT,9,9,September,2012,1,Sunday,16,8,0,3,3,64,40.06084167,-76.53668056,12,1,0,0,0,1,0
420913,PENNSYLVANIA,PA,4,4,0,0,5,5,11,0,BULLOCK,17,9,September,2012,2,Monday,18,1,0,4,3,32,40.39283611,-76.19915556,12,1,0,0,0,1,1
420914,PENNSYLVANIA,PA,1,1,1,1,3,3,129,0,BIGBEE,20,10,October,2012,7,Saturday,21,35,0,14,3,125,40.29163333,-79.37143333,8,2,0,0,0,1,0
420915,PENNSYLVANIA,PA,1,1,0,0,3,3,79,0,COURTLAND,14,10,October,2012,1,Sunday,23,40,0,6,3,6,41.25301111,-75.76193056,34,2,0,0,0,1,0
420916,PENNSYLVANIA,PA,1,1,0,0,1,1,111,5090,GRAHAM,17,10,October,2012,4,Wednesday,12,0,0,4,3,16,39.81699167,-79.02976944,35,1,0,0,0,1,0
420917,PENNSYLVANIA,PA,1,1,0,0,1,1,125,0,BROOKWOOD,29,10,October,2012,2,Monday,14,45,0,6,5,0,40.11770000,-80.09015278,38,1,0,0,0,1,0
420918,PENNSYLVANIA,PA,1,1,0,0,1,1,123,0,ALEXANDER CITY,10,10,October,2012,4,Wednesday,19,4,0,6,5,0,41.85823889,-79.19190000,35,2,0,0,0,1,0
420919,PENNSYLVANIA,PA,1,1,0,0,1,1,13,0,BOLLING,14,10,October,2012,1,Sunday,15,6,0,6,5,0,40.61009167,-78.25136111,1,1,0,0,0,1,0
420920,PENNSYLVANIA,PA,1,1,0,0,1,1,119,0,BELLAMY,31,10,October,2012,4,Wednesday,18,45,0,4,3,66,40.98938333,-77.08714722,42,2,0,0,0,1,0
420921,PENNSYLVANIA,PA,1,1,0,0,1,1,11,0,BULLOCK,28,10,October,2012,1,Sunday,1,9,0,4,3,4,40.48536944,-75.99328056,30,2,0,0,0,1,1
420922,PENNSYLVANIA,PA,2,2,0,0,2,2,59,0,FRANKLIN,23,10,October,2012,3,Tuesday,12,12,1,2,3,274,39.88010556,-79.99397500,12,1,0,0,0,1,0
420923,PENNSYLVANIA,PA,1,1,0,0,1,1,3,6600,BALDWIN,21,10,October,2012,1,Sunday,4,35,0,16,6,0,40.41430278,-79.99221389,30,3,0,0,0,1,1
420924,PENNSYLVANIA,PA,1,1,0,0,1,1,69,1090,ASHFORD,6,10,October,2012,7,Saturday,15,38,0,16,6,0,41.57108333,-75.51095833,25,1,0,0,0,1,0
420925,PENNSYLVANIA,PA,1,1,0,0,1,1,45,0,ARITON,20,10,October,2012,7,Saturday,22,17,0,14,3,35,39.83566944,-75.47372500,42,3,0,0,0,1,1
420926,PENNSYLVANIA,PA,1,1,0,0,1,1,29,0,BORDEN SPRINGS,24,10,October,2012,4,Wednesday,0,46,0,14,3,32,40.23241389,-75.64015833,30,3,0,0,0,1,1
420927,PENNSYLVANIA,PA,2,2,0,0,2,2,7,0,BIBB,4,10,October,2012,5,Thursday,10,0,0,4,3,233,40.75777778,-80.47010556,12,1,0,0,0,1,0
420928,PENNSYLVANIA,PA,2,2,0,0,4,4,11,0,BULLOCK,20,10,October,2012,7,Saturday,17,10,0,3,3,56,40.41848333,-75.86388889,12,1,0,0,0,1,0
420929,PENNSYLVANIA,PA,2,2,0,0,2,2,105,0,MARION,3,10,October,2012,4,Wednesday,20,0,1,2,2,15,41.79058333,-78.17885278,12,3,0,0,0,1,0
420930,PENNSYLVANIA,PA,2,2,0,0,3,3,15,0,ANNISTON,9,10,October,2012,3,Tuesday,18,46,0,3,2,147,41.73905278,-76.45300556,12,1,0,0,0,1,0
420931,PENNSYLVANIA,PA,1,1,0,0,1,1,79,0,COURTLAND,31,10,October,2012,4,Wednesday,4,45,0,4,3,11,41.30227778,-76.29408056,30,2,0,0,0,1,0
420932,PENNSYLVANIA,PA,1,1,0,0,1,1,21,0,CHILTON,2,10,October,2012,3,Tuesday,13,51,0,14,3,36,40.36653889,-78.88584167,42,1,0,0,0,1,0
420933,PENNSYLVANIA,PA,1,1,0,0,2,2,43,0,BAILEYTON,24,10,October,2012,4,Wednesday,21,40,0,16,5,0,40.33161667,-76.88177500,33,2,0,0,0,1,1
420934,PENNSYLVANIA,PA,1,1,0,0,2,2,85,0,BENTON,20,10,October,2012,7,Saturday,7,3,0,3,3,150,41.34987778,-80.34480278,53,2,0,0,0,1,0
420935,PENNSYLVANIA,PA,1,1,0,0,2,2,75,0,BEAVERTON,20,10,October,2012,7,Saturday,15,57,0,3,2,131,40.44556111,-76.41442222,31,1,0,0,0,2,0
420936,PENNSYLVANIA,PA,1,1,0,0,2,2,129,5942,BIGBEE,25,10,October,2012,5,Thursday,0,15,0,15,3,0,40.22788889,-79.61050833,21,2,0,0,0,1,0
420937,PENNSYLVANIA,PA,1,1,0,0,3,3,125,8880,BROOKWOOD,18,10,October,2012,5,Thursday,21,49,1,13,3,170,40.17746111,-80.25844722,30,3,0,0,0,1,0
420938,PENNSYLVANIA,PA,1,1,0,0,4,4,49,0,COLLINSVILLE,10,10,October,2012,4,Wednesday,4,25,0,15,3,138,42.20997778,-79.81729167,34,3,0,0,0,1,1
420939,PENNSYLVANIA,PA,2,1,2,2,1,1,3,8360,BALDWIN,3,10,October,2012,4,Wednesday,3,52,0,12,3,0,40.60864167,-79.76227500,8,3,0,0,0,1,0
420940,PENNSYLVANIA,PA,1,1,1,1,1,1,101,6540,BOYLSTON,21,10,October,2012,1,Sunday,20,36,1,13,3,3,39.91599444,-75.16452222,9,3,0,0,0,2,0
420941,PENNSYLVANIA,PA,1,1,0,0,1,1,107,0,CARROLLTON,24,10,October,2012,4,Wednesday,14,5,0,4,3,252,40.82356389,-75.95505556,42,1,0,0,0,1,0
420942,PENNSYLVANIA,PA,2,2,0,0,2,2,3,6600,BALDWIN,16,10,October,2012,3,Tuesday,3,31,0,16,6,0,40.46157778,-79.96712500,12,3,0,0,0,1,0
420943,PENNSYLVANIA,PA,1,1,1,1,1,1,101,6540,BOYLSTON,21,10,October,2012,1,Sunday,19,17,1,13,3,34,40.04770556,-75.05993611,8,3,0,0,0,1,0
420944,PENNSYLVANIA,PA,1,1,1,1,1,1,101,6540,BOYLSTON,21,10,October,2012,1,Sunday,2,38,1,13,3,8,39.95947222,-75.23319167,8,3,0,0,0,1,0
420945,PENNSYLVANIA,PA,1,1,0,0,2,2,15,0,ANNISTON,3,10,October,2012,4,Wednesday,23,34,0,3,3,124,41.74774444,-76.79268889,35,2,0,0,0,1,1
420946,PENNSYLVANIA,PA,1,1,1,1,2,2,3,6632,BALDWIN,22,10,October,2012,2,Monday,20,44,1,13,3,112,40.33167500,-79.94581111,8,2,0,0,0,1,0
420947,PENNSYLVANIA,PA,1,1,0,0,1,1,21,0,CHILTON,19,10,October,2012,6,Friday,22,55,0,5,3,25,40.50926389,-78.59223333,1,2,0,0,0,1,1
420948,PENNSYLVANIA,PA,1,1,0,0,1,1,99,0,BEATRICE,19,10,October,2012,6,Friday,23,19,0,4,3,58,40.44723333,-77.12126111,42,2,0,0,0,1,1
420949,PENNSYLVANIA,PA,1,1,0,0,2,2,95,0,ALBERTVILLE,29,10,October,2012,2,Monday,21,28,0,16,3,24,40.84763333,-75.30463889,18,2,0,0,0,1,0
420950,PENNSYLVANIA,PA,1,1,0,0,1,1,71,1550,BRIDGEPORT,15,10,October,2012,2,Monday,21,10,1,12,2,22,40.04434167,-76.49133611,24,3,0,0,0,1,1
420951,PENNSYLVANIA,PA,2,2,0,0,4,4,19,0,CEDAR BLUFF,10,10,October,2012,4,Wednesday,13,35,0,3,3,13,40.96508333,-79.70756389,12,1,0,0,0,1,0
420952,PENNSYLVANIA,PA,2,2,0,0,2,2,67,0,ABBEVILLE,6,10,October,2012,7,Saturday,0,3,0,4,3,264,40.57910000,-77.37596389,12,3,0,0,0,1,1
420953,PENNSYLVANIA,PA,1,1,0,0,1,1,133,0,ARLEY,28,10,October,2012,1,Sunday,1,54,0,6,3,18,39.92549444,-76.76131667,35,2,0,0,0,1,1
420954,PENNSYLVANIA,PA,1,1,0,0,1,1,7,2310,BIBB,14,10,October,2012,1,Sunday,16,49,1,13,3,211,40.69934722,-80.28689444,33,1,0,0,0,1,1
420955,PENNSYLVANIA,PA,1,1,0,0,2,2,57,0,BANKSTON,4,10,October,2012,5,Thursday,14,30,1,1,1,1665,40.02504167,-78.18022500,25,1,0,0,0,1,0
420956,PENNSYLVANIA,PA,2,2,0,0,4,4,51,0,CENTRAL,14,10,October,2012,1,Sunday,19,15,1,2,3,57,39.89227778,-79.84347500,12,2,0,0,0,1,1
420957,PENNSYLVANIA,PA,2,2,0,0,6,6,3,5413,BALDWIN,4,10,October,2012,5,Thursday,19,55,0,16,6,0,40.41060000,-79.72874722,12,3,0,0,0,1,0
420958,PENNSYLVANIA,PA,2,2,0,0,2,2,129,4603,BIGBEE,24,10,October,2012,4,Wednesday,15,38,0,4,3,32,40.55688889,-79.71159444,12,1,0,0,0,1,0
420959,PENNSYLVANIA,PA,1,1,0,0,1,1,101,6540,BOYLSTON,6,10,October,2012,7,Saturday,19,20,1,11,1,50,39.89881667,-75.16935000,7,3,0,0,0,1,1
420960,PENNSYLVANIA,PA,1,1,0,0,1,1,11,0,BULLOCK,19,10,October,2012,6,Friday,0,24,0,6,5,0,40.37555000,-75.63870833,42,2,0,0,0,1,1
420961,PENNSYLVANIA,PA,1,1,1,1,3,3,17,0,CHAMBERS,7,10,October,2012,1,Sunday,19,22,0,15,3,22,40.17188333,-74.83335556,8,2,0,0,0,1,0
420962,PENNSYLVANIA,PA,1,1,1,1,2,2,11,0,BULLOCK,26,10,October,2012,6,Friday,14,46,1,13,2,117,40.32649722,-76.05623611,9,1,0,0,0,1,0
420963,PENNSYLVANIA,PA,1,1,2,2,1,1,79,0,COURTLAND,9,10,October,2012,3,Tuesday,4,12,0,14,3,2,41.30748889,-75.76812778,8,2,0,0,0,1,0
420964,PENNSYLVANIA,PA,2,2,0,0,2,2,3,0,BALDWIN,28,10,October,2012,1,Sunday,10,33,0,13,3,22,40.53160278,-80.06815833,12,1,0,0,0,1,0
420965,PENNSYLVANIA,PA,2,2,0,0,2,2,95,0,ALBERTVILLE,3,10,October,2012,4,Wednesday,13,48,0,3,3,106,40.79770556,-75.26339722,12,1,0,0,0,1,0
420966,PENNSYLVANIA,PA,2,1,1,1,1,1,77,0,ANDERSON,4,10,October,2012,5,Thursday,5,58,0,6,5,0,40.56661667,-75.60503889,14,2,0,0,0,1,0
420967,PENNSYLVANIA,PA,2,2,0,0,3,3,3,0,BALDWIN,5,10,October,2012,6,Friday,13,21,0,16,3,2,40.56890556,-79.79840000,12,1,0,0,0,1,0
420968,PENNSYLVANIA,PA,2,2,0,0,5,5,125,0,BROOKWOOD,27,10,October,2012,7,Saturday,14,13,0,3,3,68,40.31513889,-80.23121944,12,1,0,0,0,1,0
420969,PENNSYLVANIA,PA,2,2,0,0,2,2,133,0,ARLEY,15,10,October,2012,2,Monday,13,48,0,3,3,103,40.01354722,-77.01783056,12,1,0,0,0,1,0
420970,PENNSYLVANIA,PA,2,2,0,0,2,2,71,0,BRIDGEPORT,16,10,October,2012,3,Tuesday,7,28,1,2,2,204,40.02101944,-76.18545000,12,1,0,0,0,1,0
420971,PENNSYLVANIA,PA,2,2,0,0,3,3,71,0,BRIDGEPORT,30,10,October,2012,3,Tuesday,22,37,1,2,3,25,40.16108333,-76.57865278,12,2,0,0,0,1,0
420972,PENNSYLVANIA,PA,2,2,0,0,2,2,17,0,CHAMBERS,6,10,October,2012,7,Saturday,18,9,0,3,3,321,40.51691111,-75.06842778,24,1,0,0,0,1,0
420973,PENNSYLVANIA,PA,2,2,0,0,2,2,41,0,BRANTLEY,5,10,October,2012,6,Friday,17,29,0,4,3,215,40.28209722,-77.08114167,12,1,0,0,0,1,1
420974,PENNSYLVANIA,PA,2,2,0,0,3,3,101,6540,BOYLSTON,4,10,October,2012,5,Thursday,18,22,1,13,3,51,39.99262778,-75.19381389,12,1,0,0,0,1,0
420975,PENNSYLVANIA,PA,2,1,0,0,1,1,29,0,BORDEN SPRINGS,14,10,October,2012,1,Sunday,2,45,0,6,5,0,39.97556111,-75.90575000,43,2,0,0,0,1,1
420976,PENNSYLVANIA,PA,1,1,0,0,1,1,129,0,BIGBEE,3,10,October,2012,4,Wednesday,2,51,0,3,3,209,40.11558056,-79.39701389,30,2,0,0,0,1,1
420977,PENNSYLVANIA,PA,2,2,0,0,5,5,17,0,CHAMBERS,28,10,October,2012,1,Sunday,7,4,1,2,3,17,40.42267500,-75.44365278,12,4,0,0,0,2,0