ST_CASE,State Name,State Abbreviation,# of Vehicle involved,Parked_Vehicles_Involved,Pedestrains,Person_Not_in_Motor_Vehicle,Persons_in_motor_vehicle,Total_Persons_in_accident,COUNTY,CITY,City_County_Name,Calendar_DAY,MONTH,Month_name,YEAR,DAY_WEEK,Day_Week_desc,HOUR,MINUTE,NHS_Desc,trafficway,Route,MILEPT,LATITUDE,LONGITUD,First_Crash_event,Light_cond_desc,Weather_condition,School_bus_involved,Crash_cause,FATALS,DRUNK_DR
440050,RHODE ISLAND,RI,2,2,1,1,1,1,7,190,BIBB,28,9,September,2012,6,Friday,22,48,1,11,1,99998,41.85489722,-71.40764722,12,2,0,0,0,1,0
440051,RHODE ISLAND,RI,1,1,0,0,3,3,3,48,BALDWIN,9,10,October,2012,3,Tuesday,16,30,0,3,3,0,41.70785833,-71.76143889,21,1,0,0,0,1,0
440052,RHODE ISLAND,RI,1,1,0,0,1,1,7,59,BIBB,13,10,October,2012,7,Saturday,17,50,0,6,6,0,41.73896667,-71.76599444,43,1,0,0,0,1,1
440053,RHODE ISLAND,RI,1,1,0,0,1,1,9,155,BLOUNT,10,11,November,2012,7,Saturday,21,8,0,16,6,0,41.56023333,-71.45996389,42,3,0,0,0,1,1
440054,RHODE ISLAND,RI,1,1,0,0,1,1,3,230,BALDWIN,16,11,November,2012,6,Friday,15,56,1,11,1,0,41.71553611,-71.47421667,17,1,0,0,0,1,0
440055,RHODE ISLAND,RI,2,2,0,0,6,6,5,185,BAKER HILL,1,12,December,2012,7,Saturday,18,44,0,13,3,0,41.63511944,-71.25520000,12,2,0,0,0,1,1
440056,RHODE ISLAND,RI,2,2,0,0,5,5,3,239,BALDWIN,8,12,December,2012,7,Saturday,11,2,0,4,3,0,41.64982222,-71.60628611,12,1,0,0,0,1,0
440057,RHODE ISLAND,RI,4,4,0,0,4,4,5,185,BAKER HILL,12,12,December,2012,4,Wednesday,5,24,0,13,3,0,41.59190833,-71.26686389,12,3,0,0,0,1,1
440058,RHODE ISLAND,RI,4,4,0,0,4,4,1,225,AUTAUGA,19,12,December,2012,4,Wednesday,14,39,0,16,6,0,41.74109444,-71.27349722,12,1,0,0,0,1,0
440059,RHODE ISLAND,RI,1,1,0,0,1,1,3,55,BALDWIN,21,12,December,2012,6,Friday,11,12,1,11,1,99998,41.66671667,-71.50305000,24,1,0,0,0,1,0
440060,RHODE ISLAND,RI,1,1,0,0,1,1,7,260,BIBB,27,12,December,2012,5,Thursday,21,26,0,16,6,0,41.99134167,-71.52807778,42,3,4,0,0,1,1
440061,RHODE ISLAND,RI,1,1,0,0,1,1,7,50,BIBB,30,7,July,2012,2,Monday,12,45,0,13,3,0,41.79001944,-71.50020556,38,9,0,0,0,1,0
440062,RHODE ISLAND,RI,1,1,0,0,1,1,9,137,BLOUNT,29,7,July,2012,1,Sunday,12,57,0,13,3,0,41.46848056,-71.43377500,42,1,0,0,0,1,0
450001,SOUTH CAROLINA,SC,3,3,0,0,8,8,63,1430,BOLIGEE,1,1,January,2012,1,Sunday,10,40,1,13,2,165,33.99529722,-81.22421667,12,1,0,0,0,1,1
450002,SOUTH CAROLINA,SC,1,1,1,1,4,4,19,85,CEDAR BLUFF,3,1,January,2012,3,Tuesday,18,9,1,2,2,99999,32.89582222,-79.73519167,8,2,0,0,0,1,0
450003,SOUTH CAROLINA,SC,1,1,0,0,1,1,67,1630,ABBEVILLE,5,1,January,2012,5,Thursday,12,12,1,2,2,99999,34.16992778,-79.39971944,42,1,0,0,0,1,0
450004,SOUTH CAROLINA,SC,1,1,0,0,1,1,13,0,BOLLING,6,1,January,2012,6,Friday,19,45,0,4,3,99999,32.39382222,-80.60684722,1,2,0,0,0,1,1
450005,SOUTH CAROLINA,SC,1,1,0,0,2,2,19,1316,CEDAR BLUFF,7,1,January,2012,7,Saturday,17,22,0,15,3,99999,32.98666111,-80.11263889,34,5,0,0,0,1,0
450006,SOUTH CAROLINA,SC,2,2,0,0,5,5,45,0,ARITON,9,1,January,2012,2,Monday,18,45,1,13,2,314,34.89021111,-82.46858889,12,2,0,0,0,1,0
450007,SOUTH CAROLINA,SC,2,2,0,0,2,2,7,0,BIBB,8,1,January,2012,1,Sunday,20,17,0,3,3,99999,34.54580556,-82.86253056,12,2,0,0,0,1,0
450008,SOUTH CAROLINA,SC,1,1,0,0,1,1,19,2697,CEDAR BLUFF,9,1,January,2012,2,Monday,22,12,0,3,3,99999,32.68702500,-80.15022778,42,2,0,0,0,1,1
450009,SOUTH CAROLINA,SC,1,1,0,0,1,1,45,1040,ARITON,11,1,January,2012,4,Wednesday,9,21,1,11,1,363,34.83281944,-82.29662778,42,1,0,0,0,1,0
450010,SOUTH CAROLINA,SC,2,2,0,0,3,3,35,0,BROOKLYN,12,1,January,2012,5,Thursday,16,24,0,4,3,99999,32.92601667,-80.08180556,12,1,0,0,0,1,0
450011,SOUTH CAROLINA,SC,2,2,0,0,4,4,7,0,BIBB,12,1,January,2012,5,Thursday,21,20,0,3,3,99999,34.52603611,-82.69430556,12,3,0,0,0,1,1
450012,SOUTH CAROLINA,SC,1,1,1,1,3,3,51,0,CENTRAL,14,1,January,2012,7,Saturday,0,10,1,2,2,99999,33.62551944,-78.96708889,8,3,0,0,0,1,1
450013,SOUTH CAROLINA,SC,1,1,0,0,1,1,91,0,DAYTON,14,1,January,2012,7,Saturday,2,1,0,14,3,21,34.93080000,-81.08499722,30,2,0,0,0,1,1
450014,SOUTH CAROLINA,SC,2,2,0,0,4,4,55,0,ATTALLA,6,1,January,2012,6,Friday,17,25,1,2,2,4,34.14180833,-80.55891944,12,5,0,0,0,1,0
450015,SOUTH CAROLINA,SC,1,1,0,0,1,1,91,0,DAYTON,8,1,January,2012,1,Sunday,2,50,0,3,3,99999,34.96756944,-81.30901111,32,2,0,0,0,1,1
450016,SOUTH CAROLINA,SC,1,1,0,0,1,1,63,0,BOLIGEE,8,1,January,2012,1,Sunday,8,0,0,9,3,130,33.79407778,-81.32479722,1,1,0,0,0,1,1
450017,SOUTH CAROLINA,SC,1,1,0,0,3,3,51,0,CENTRAL,14,1,January,2012,7,Saturday,22,10,0,3,3,99999,33.85270556,-78.69139722,1,2,0,0,0,1,1
450018,SOUTH CAROLINA,SC,1,1,1,1,1,1,45,0,ARITON,15,1,January,2012,1,Sunday,1,8,1,13,2,249,34.80707500,-82.43416111,8,3,0,0,0,1,0
450019,SOUTH CAROLINA,SC,4,4,0,0,5,5,7,0,BIBB,16,1,January,2012,2,Monday,18,10,0,3,3,99999,34.71846667,-82.57631111,12,2,0,0,0,1,0
450020,SOUTH CAROLINA,SC,1,1,0,0,1,1,73,0,ARGO,18,1,January,2012,4,Wednesday,1,15,0,9,3,4,34.77661111,-83.07568333,31,3,0,0,0,1,1
450021,SOUTH CAROLINA,SC,3,3,0,0,3,3,19,1805,CEDAR BLUFF,18,1,January,2012,4,Wednesday,8,0,0,3,3,99999,32.84400000,-79.98039722,12,1,0,0,0,1,0
450022,SOUTH CAROLINA,SC,1,1,1,1,2,2,51,0,CENTRAL,21,1,January,2012,7,Saturday,18,42,0,4,3,99999,33.92267500,-78.83520556,8,2,0,0,0,1,0
450023,SOUTH CAROLINA,SC,1,1,1,1,1,1,83,0,ARDMORE,21,1,January,2012,7,Saturday,0,22,0,4,3,33,34.95872778,-82.01478889,8,2,0,0,0,1,0
450024,SOUTH CAROLINA,SC,2,2,0,0,3,3,33,0,CHEROKEE,21,1,January,2012,7,Saturday,15,0,0,4,3,100,34.35442778,-79.15291944,12,1,0,0,0,1,0
450025,SOUTH CAROLINA,SC,1,1,0,0,1,1,89,0,BROWNSBORO,22,1,January,2012,1,Sunday,3,30,0,4,3,45,33.38423889,-79.72869444,35,2,0,0,0,1,1
450026,SOUTH CAROLINA,SC,1,1,0,0,2,2,85,0,BENTON,26,1,January,2012,5,Thursday,20,10,1,13,2,213,33.92329722,-80.29913611,11,2,0,0,0,1,0
450027,SOUTH CAROLINA,SC,1,1,0,0,1,1,71,0,BRIDGEPORT,29,1,January,2012,1,Sunday,2,45,1,2,2,33,34.35212778,-81.73110833,1,2,0,0,0,1,1
450028,SOUTH CAROLINA,SC,2,2,0,0,1,1,91,0,DAYTON,31,1,January,2012,3,Tuesday,18,35,1,2,2,195,35.06522222,-81.23364444,12,2,0,0,0,1,0
450029,SOUTH CAROLINA,SC,1,1,1,1,1,1,63,1430,BOLIGEE,31,1,January,2012,3,Tuesday,19,25,1,13,2,192,33.98423889,-81.25222222,8,6,0,0,0,1,0
450030,SOUTH CAROLINA,SC,1,1,1,1,1,1,77,1440,ANDERSON,2,2,February,2012,5,Thursday,16,26,0,6,6,99999,34.77883056,-82.69493056,8,1,0,0,0,1,0
450031,SOUTH CAROLINA,SC,1,1,1,1,2,2,63,0,BOLIGEE,4,2,February,2012,7,Saturday,20,28,1,2,2,87,34.00423333,-81.34546667,8,2,0,0,0,1,0
450032,SOUTH CAROLINA,SC,1,1,1,1,1,1,31,0,COFFEE,3,1,January,2012,3,Tuesday,19,15,0,4,3,75,34.25570556,-79.97837500,9,2,0,0,0,1,0
450033,SOUTH CAROLINA,SC,1,1,0,0,2,2,63,0,BOLIGEE,7,1,January,2012,7,Saturday,13,5,0,4,3,99999,33.77511944,-81.37049444,35,1,0,0,0,1,0
450034,SOUTH CAROLINA,SC,1,1,0,0,2,2,79,0,COURTLAND,8,1,January,2012,1,Sunday,3,45,0,4,3,5,33.97106667,-80.90946944,42,2,0,0,0,1,0
450035,SOUTH CAROLINA,SC,1,1,0,0,2,2,57,0,BANKSTON,8,1,January,2012,1,Sunday,19,30,0,4,3,99999,35.04139722,-80.89248333,35,2,0,0,0,1,1
450036,SOUTH CAROLINA,SC,1,1,0,0,1,1,7,0,BIBB,10,1,January,2012,3,Tuesday,1,5,1,1,1,339,34.68543889,-82.51451944,42,2,0,0,0,1,0
450037,SOUTH CAROLINA,SC,1,1,0,0,2,2,13,0,BOLLING,11,1,January,2012,4,Wednesday,15,55,0,4,3,33,32.66214444,-80.75042500,42,1,0,0,0,2,1
450038,SOUTH CAROLINA,SC,1,1,0,0,2,2,77,0,ANDERSON,17,1,January,2012,3,Tuesday,21,15,1,2,2,99999,34.82513056,-82.69951389,35,2,0,0,0,1,0
450039,SOUTH CAROLINA,SC,1,1,0,0,4,4,79,520,COURTLAND,18,1,January,2012,4,Wednesday,4,54,0,4,3,4,33.97782222,-81.01657500,19,3,0,0,0,4,1
450040,SOUTH CAROLINA,SC,1,1,0,0,1,1,7,0,BIBB,18,1,January,2012,4,Wednesday,18,50,0,4,3,99999,34.37722222,-82.62758333,34,2,0,0,0,1,0
450041,SOUTH CAROLINA,SC,1,1,0,0,1,1,7,0,BIBB,22,1,January,2012,1,Sunday,0,50,0,3,3,41,34.28991389,-82.70626111,30,2,0,0,0,1,1
450042,SOUTH CAROLINA,SC,2,2,0,0,4,4,41,0,BRANTLEY,26,1,January,2012,5,Thursday,18,0,0,3,3,197,34.23062500,-79.68461667,12,2,0,0,0,1,0
450043,SOUTH CAROLINA,SC,2,2,0,0,2,2,35,2530,BROOKLYN,2,1,January,2012,2,Monday,14,50,0,15,3,3,33.02716389,-80.19076111,12,1,0,0,0,1,0
450044,SOUTH CAROLINA,SC,2,2,0,0,3,3,43,0,BAILEYTON,6,1,January,2012,6,Friday,21,40,0,4,3,99999,33.32456111,-79.47168611,12,2,0,0,0,2,1
450045,SOUTH CAROLINA,SC,1,1,0,0,1,1,83,0,ARDMORE,28,1,January,2012,7,Saturday,16,0,0,6,6,99999,34.96341944,-81.98035833,34,1,0,0,0,1,1
450046,SOUTH CAROLINA,SC,1,1,0,0,1,1,25,0,BARLOW BEND,29,1,January,2012,1,Sunday,6,0,0,4,3,99999,34.72838056,-80.00050278,38,2,0,0,0,1,1
450047,SOUTH CAROLINA,SC,1,1,0,0,1,1,33,0,CHEROKEE,29,1,January,2012,1,Sunday,2,40,0,9,3,154,34.40913056,-79.31808889,42,2,0,0,0,1,1
450048,SOUTH CAROLINA,SC,1,1,1,1,1,1,17,0,CHAMBERS,29,1,January,2012,1,Sunday,18,34,1,1,1,1217,33.83965556,-81.02286667,8,2,0,0,0,1,0
450049,SOUTH CAROLINA,SC,1,1,1,1,1,1,15,0,ANNISTON,30,1,January,2012,2,Monday,17,33,0,4,3,99999,33.32935278,-79.82133889,9,5,0,1,0,1,0
450050,SOUTH CAROLINA,SC,1,1,0,0,4,4,13,0,BOLLING,31,1,January,2012,3,Tuesday,10,54,0,4,3,71,32.61008889,-80.77011944,42,1,0,0,0,1,0
450051,SOUTH CAROLINA,SC,1,1,0,0,1,1,79,520,COURTLAND,2,1,January,2012,2,Monday,12,30,0,15,6,1,34.03149444,-81.05879722,42,1,0,0,0,1,1
450052,SOUTH CAROLINA,SC,3,3,0,0,3,3,83,0,ARDMORE,2,1,January,2012,2,Monday,14,20,0,15,3,1,34.96598056,-82.02418056,12,1,0,0,0,1,0
450053,SOUTH CAROLINA,SC,1,1,2,2,1,1,91,0,DAYTON,2,1,January,2012,2,Monday,18,30,1,2,2,207,35.07845278,-81.22651944,8,2,0,0,0,2,0
450054,SOUTH CAROLINA,SC,1,1,0,0,3,3,79,520,COURTLAND,7,1,January,2012,7,Saturday,15,5,1,11,1,799,34.09210833,-80.86193889,1,1,0,0,0,1,0
450055,SOUTH CAROLINA,SC,2,2,0,0,3,3,73,0,ARGO,11,1,January,2012,4,Wednesday,20,30,1,2,2,207,34.68441111,-83.00377778,12,2,0,0,0,1,0
450056,SOUTH CAROLINA,SC,1,1,0,0,1,1,63,0,BOLIGEE,12,1,January,2012,5,Thursday,2,15,0,4,3,281,33.98486389,-81.10660556,42,3,0,0,0,1,1
450057,SOUTH CAROLINA,SC,1,1,0,0,1,1,81,0,AUBURN,12,1,January,2012,5,Thursday,0,35,0,3,3,106,33.87739167,-81.58905556,43,2,0,0,0,1,1
450058,SOUTH CAROLINA,SC,1,1,0,0,1,1,29,0,BORDEN SPRINGS,12,1,January,2012,5,Thursday,21,35,0,4,3,50,32.92035556,-80.81087222,34,2,0,0,0,1,1
450059,SOUTH CAROLINA,SC,2,2,0,0,5,5,27,0,ASHLAND,13,1,January,2012,6,Friday,6,15,0,4,3,50,33.56862500,-80.33290833,12,2,0,0,0,1,0
450060,SOUTH CAROLINA,SC,4,4,1,1,6,6,79,0,COURTLAND,20,1,January,2012,6,Friday,6,45,0,3,2,158,34.18747500,-81.04704722,12,2,0,0,0,1,0
450061,SOUTH CAROLINA,SC,2,2,0,0,2,2,63,0,BOLIGEE,21,1,January,2012,7,Saturday,3,50,1,11,1,1064,34.03769722,-81.11181667,12,6,0,0,0,1,1
450062,SOUTH CAROLINA,SC,2,1,0,0,1,1,33,0,CHEROKEE,22,1,January,2012,1,Sunday,6,49,0,4,3,99999,34.27084444,-79.30340556,14,2,0,0,0,1,1
450063,SOUTH CAROLINA,SC,1,1,0,0,1,1,63,0,BOLIGEE,24,1,January,2012,3,Tuesday,0,16,0,4,3,9,33.87653333,-81.10416667,42,2,0,0,0,1,1
450064,SOUTH CAROLINA,SC,2,2,0,0,2,2,45,0,ARITON,24,1,January,2012,3,Tuesday,9,11,1,11,1,310,34.76637500,-82.27693611,12,1,0,0,0,1,0
450065,SOUTH CAROLINA,SC,3,3,0,0,4,4,45,1040,ARITON,25,1,January,2012,4,Wednesday,7,39,0,3,3,99999,34.81743056,-82.41618056,12,1,0,0,0,1,0
450066,SOUTH CAROLINA,SC,2,2,0,0,2,2,15,0,ANNISTON,25,1,January,2012,4,Wednesday,9,35,0,4,3,401,33.27733333,-80.25877778,12,1,0,0,0,1,0
450067,SOUTH CAROLINA,SC,2,2,0,0,3,3,85,0,BENTON,27,1,January,2012,6,Friday,17,10,1,2,2,60,33.94534444,-80.52395833,12,5,0,0,0,1,0
450068,SOUTH CAROLINA,SC,2,2,0,0,3,3,59,0,FRANKLIN,28,1,January,2012,7,Saturday,16,5,0,3,3,99999,34.55388056,-82.07583611,12,1,0,0,0,1,0
450069,SOUTH CAROLINA,SC,1,1,0,0,1,1,63,0,BOLIGEE,28,1,January,2012,7,Saturday,12,45,0,4,3,45,33.80301667,-81.43790000,42,1,0,0,0,1,1
450070,SOUTH CAROLINA,SC,1,1,0,0,5,5,9,0,BLOUNT,29,1,January,2012,1,Sunday,2,50,0,4,3,99999,33.31848333,-81.00314722,1,2,0,0,0,1,0
450071,SOUTH CAROLINA,SC,3,3,0,0,5,5,83,0,ARDMORE,30,1,January,2012,2,Monday,16,47,0,4,3,99999,34.96898611,-81.91917778,12,1,0,0,0,1,1
450072,SOUTH CAROLINA,SC,2,2,0,0,2,2,45,1060,ARITON,1,2,February,2012,4,Wednesday,3,1,0,15,3,18,34.91441111,-82.23875278,12,3,0,0,0,1,1
450073,SOUTH CAROLINA,SC,3,3,0,0,4,4,77,0,ANDERSON,1,2,February,2012,4,Wednesday,12,18,1,2,2,227,34.82942222,-82.51982222,12,1,0,0,0,1,0
450074,SOUTH CAROLINA,SC,2,2,1,1,2,2,45,0,ARITON,1,2,February,2012,4,Wednesday,6,28,1,11,1,508,34.83862222,-82.28779167,8,2,0,0,0,1,0
450075,SOUTH CAROLINA,SC,1,1,1,1,1,1,45,0,ARITON,2,2,February,2012,5,Thursday,18,30,0,14,3,53,34.86910556,-82.41678056,9,2,0,0,0,1,0
450076,SOUTH CAROLINA,SC,2,2,0,0,3,3,83,0,ARDMORE,3,2,February,2012,6,Friday,9,18,1,13,2,225,34.98879722,-81.85325278,12,1,0,0,0,1,0
450077,SOUTH CAROLINA,SC,2,2,0,0,2,2,19,1805,CEDAR BLUFF,5,2,February,2012,1,Sunday,16,36,1,13,2,58,32.98800556,-80.09841389,12,1,0,0,0,1,1
450078,SOUTH CAROLINA,SC,1,1,2,2,1,1,3,0,BALDWIN,5,2,February,2012,1,Sunday,15,0,0,4,3,99999,33.50457500,-81.68495278,9,1,0,0,0,1,0
450079,SOUTH CAROLINA,SC,1,1,0,0,1,1,61,0,BELLWOOD,6,2,February,2012,2,Monday,2,0,0,4,3,31,34.04297500,-80.05911111,34,2,0,0,0,1,1
450080,SOUTH CAROLINA,SC,1,1,0,0,1,1,41,0,BRANTLEY,7,2,February,2012,3,Tuesday,6,30,0,4,3,145,34.18056944,-79.65233889,42,4,0,0,0,1,0
450081,SOUTH CAROLINA,SC,1,1,1,1,1,1,63,0,BOLIGEE,8,2,February,2012,4,Wednesday,18,41,0,4,3,41,33.75426667,-81.25379722,8,2,0,0,0,1,0
450082,SOUTH CAROLINA,SC,1,1,1,1,1,1,51,0,CENTRAL,8,2,February,2012,4,Wednesday,18,22,1,13,2,22,33.80957222,-79.02638611,8,2,0,0,0,1,0
450083,SOUTH CAROLINA,SC,1,1,1,1,1,1,7,40,BIBB,9,2,February,2012,5,Thursday,20,11,0,6,6,99999,34.52716389,-82.62897500,9,2,0,0,0,1,0
450084,SOUTH CAROLINA,SC,1,1,0,0,1,1,45,0,ARITON,10,2,February,2012,6,Friday,18,15,0,15,3,61,34.75494444,-82.24673611,35,2,0,0,0,1,0
450085,SOUTH CAROLINA,SC,3,3,0,0,5,5,63,0,BOLIGEE,11,2,February,2012,7,Saturday,15,28,0,14,3,57,34.02431111,-81.22084722,12,1,0,0,0,1,0
450086,SOUTH CAROLINA,SC,1,1,0,0,1,1,19,15,CEDAR BLUFF,12,2,February,2012,1,Sunday,21,3,0,4,3,99999,32.81340833,-80.40211111,42,2,0,0,0,1,1
450087,SOUTH CAROLINA,SC,2,2,0,0,4,4,75,0,BEAVERTON,13,2,February,2012,2,Monday,16,40,0,4,2,299,33.44616944,-80.80392500,12,1,0,0,0,1,0
450088,SOUTH CAROLINA,SC,1,1,0,0,1,1,3,20,BALDWIN,13,2,February,2012,2,Monday,15,15,0,4,3,7,33.50787778,-81.74710556,42,1,0,0,0,1,1
450089,SOUTH CAROLINA,SC,1,1,0,0,1,1,85,0,BENTON,14,2,February,2012,3,Tuesday,11,50,0,4,3,99999,34.06048611,-80.43411944,42,1,0,0,0,1,0
450090,SOUTH CAROLINA,SC,1,1,0,0,1,1,29,0,BORDEN SPRINGS,15,2,February,2012,4,Wednesday,0,20,0,4,3,99999,32.97023056,-80.63948056,42,2,0,0,0,1,1
450091,SOUTH CAROLINA,SC,1,1,0,0,1,1,73,0,ARGO,16,2,February,2012,5,Thursday,21,34,0,4,3,99999,34.65179722,-82.93752222,1,3,0,0,0,1,1
450092,SOUTH CAROLINA,SC,1,1,0,0,1,1,29,0,BORDEN SPRINGS,18,2,February,2012,7,Saturday,0,18,0,9,3,18,32.73691389,-80.59012500,42,2,0,0,0,1,1
450093,SOUTH CAROLINA,SC,1,1,1,1,1,1,19,410,CEDAR BLUFF,18,2,February,2012,7,Saturday,0,45,0,14,3,18,32.80703889,-80.00896944,8,3,0,0,0,1,0
450094,SOUTH CAROLINA,SC,1,1,0,0,1,1,83,0,ARDMORE,19,2,February,2012,1,Sunday,1,0,0,4,3,4,34.77783611,-82.04286389,42,2,0,0,0,1,1
450095,SOUTH CAROLINA,SC,2,1,0,0,1,1,55,0,ATTALLA,19,2,February,2012,1,Sunday,0,52,0,4,3,181,34.26489444,-80.57391111,42,3,0,0,0,1,0
450096,SOUTH CAROLINA,SC,1,1,0,0,1,1,91,0,DAYTON,20,2,February,2012,2,Monday,8,0,1,1,1,726,34.85651111,-81.00928611,42,1,0,0,0,1,0
450097,SOUTH CAROLINA,SC,2,2,1,1,4,4,79,0,COURTLAND,21,2,February,2012,3,Tuesday,19,13,0,13,2,197,34.04033056,-81.09183889,8,3,0,0,0,1,0
450098,SOUTH CAROLINA,SC,1,1,0,0,1,1,47,0,BROWNS,22,2,February,2012,4,Wednesday,13,45,0,4,3,139,34.21758889,-82.03765556,34,1,0,0,0,1,0
450099,SOUTH CAROLINA,SC,1,1,0,0,1,1,19,85,CEDAR BLUFF,23,2,February,2012,5,Thursday,18,50,0,4,3,99999,32.95879167,-79.76379167,34,2,0,0,0,1,1
450100,SOUTH CAROLINA,SC,1,1,0,0,1,1,19,1245,CEDAR BLUFF,24,2,February,2012,6,Friday,19,4,0,4,3,72,32.65964722,-80.06701111,34,3,0,0,0,1,1
450101,SOUTH CAROLINA,SC,1,1,1,1,1,1,85,0,BENTON,24,2,February,2012,6,Friday,16,45,0,14,3,136,33.91528611,-80.29748056,8,1,0,0,0,1,0
450102,SOUTH CAROLINA,SC,2,2,0,0,6,6,41,0,BRANTLEY,24,2,February,2012,6,Friday,17,2,1,2,2,99999,34.24411667,-79.81766389,12,1,0,0,0,3,0
450103,SOUTH CAROLINA,SC,1,1,0,0,1,1,91,0,DAYTON,25,2,February,2012,7,Saturday,15,0,0,3,3,10,35.10908611,-81.17366389,1,1,0,0,0,1,1
450104,SOUTH CAROLINA,SC,1,1,0,0,1,1,31,0,COFFEE,25,2,February,2012,7,Saturday,15,27,0,9,3,4,34.25451389,-79.87061111,34,1,0,0,0,1,0
450105,SOUTH CAROLINA,SC,2,2,0,0,7,7,75,0,BEAVERTON,27,2,February,2012,2,Monday,15,55,0,4,2,30,33.44581389,-80.80323889,12,1,0,1,0,1,0
450106,SOUTH CAROLINA,SC,1,1,0,0,1,1,45,0,ARITON,27,2,February,2012,2,Monday,23,21,0,4,3,1,34.90107500,-82.35438889,34,2,0,0,0,1,0
450107,SOUTH CAROLINA,SC,1,1,0,0,1,1,79,0,COURTLAND,27,2,February,2012,2,Monday,14,15,1,11,1,52,33.95134722,-80.98505278,24,1,0,0,0,1,0
450108,SOUTH CAROLINA,SC,1,1,0,0,1,1,21,0,CHILTON,28,2,February,2012,3,Tuesday,19,50,0,5,3,12,35.01627222,-81.67454444,53,2,0,0,0,1,1
450109,SOUTH CAROLINA,SC,1,1,0,0,1,1,43,0,BAILEYTON,1,3,March,2012,5,Thursday,8,45,1,2,2,99999,33.40413333,-79.19939444,42,1,0,0,0,1,0
450110,SOUTH CAROLINA,SC,1,1,0,0,1,1,73,2710,ARGO,2,3,March,2012,6,Friday,18,15,0,6,6,99999,34.77134722,-83.07052222,35,1,0,0,0,1,1
450111,SOUTH CAROLINA,SC,1,1,0,0,1,1,51,0,CENTRAL,3,3,March,2012,7,Saturday,3,50,0,4,3,99999,33.78310278,-79.16956944,11,3,0,0,0,1,0
450112,SOUTH CAROLINA,SC,1,1,0,0,1,1,75,1870,BEAVERTON,3,3,March,2012,7,Saturday,3,47,0,15,3,15,33.51248889,-80.87838056,42,3,0,0,0,1,0
450113,SOUTH CAROLINA,SC,1,1,0,0,1,1,79,0,COURTLAND,3,3,March,2012,7,Saturday,22,21,0,3,3,38,33.88631667,-80.68566111,42,2,0,0,0,1,1
450114,SOUTH CAROLINA,SC,1,1,0,0,2,2,75,0,BEAVERTON,4,3,March,2012,1,Sunday,2,32,1,1,1,164,33.36588333,-80.60010556,35,2,0,0,0,1,1
450115,SOUTH CAROLINA,SC,1,1,0,0,1,1,45,0,ARITON,5,3,March,2012,2,Monday,1,30,0,4,3,99999,34.82683611,-82.29351389,43,2,0,0,0,1,1
450116,SOUTH CAROLINA,SC,2,2,0,0,2,2,59,0,FRANKLIN,5,3,March,2012,2,Monday,9,39,1,2,2,37,34.44000556,-82.25011111,12,1,0,0,0,1,0
450117,SOUTH CAROLINA,SC,1,1,0,0,1,1,63,0,BOLIGEE,6,3,March,2012,3,Tuesday,3,41,1,11,1,1043,34.06710556,-81.14140556,35,2,0,0,0,1,1
450118,SOUTH CAROLINA,SC,2,2,0,0,2,2,23,0,BLADON SPRINGS,7,3,March,2012,4,Wednesday,13,47,1,2,3,178,34.69544722,-81.19371944,12,1,0,0,0,1,0
450119,SOUTH CAROLINA,SC,2,2,0,0,5,5,17,0,CHAMBERS,7,3,March,2012,4,Wednesday,19,30,0,4,3,99999,33.64259167,-80.93379167,12,2,0,0,0,1,0
450120,SOUTH CAROLINA,SC,2,2,0,0,3,3,71,0,BRIDGEPORT,7,3,March,2012,4,Wednesday,6,20,0,4,2,61,34.34465278,-81.68581667,12,2,0,0,0,1,1
450121,SOUTH CAROLINA,SC,3,3,0,0,3,3,27,0,ASHLAND,8,3,March,2012,5,Thursday,20,20,1,1,1,1096,33.59335833,-80.34477500,18,2,0,0,0,1,0
450122,SOUTH CAROLINA,SC,2,2,0,0,9,9,79,520,COURTLAND,13,2,February,2012,2,Monday,16,38,0,14,3,15,33.96273056,-80.94720556,12,1,0,1,0,1,0
450123,SOUTH CAROLINA,SC,1,1,2,2,1,1,75,0,BEAVERTON,8,3,March,2012,5,Thursday,4,55,1,2,2,298,33.45869167,-80.61638333,8,2,0,0,0,2,0
450124,SOUTH CAROLINA,SC,1,1,0,0,2,2,41,0,BRANTLEY,9,3,March,2012,6,Friday,9,45,0,5,3,57,34.05806944,-79.92139444,34,1,0,0,0,2,0
450125,SOUTH CAROLINA,SC,1,1,1,1,1,1,63,2790,BOLIGEE,10,3,March,2012,7,Saturday,19,50,0,3,3,9,33.98943333,-81.08083056,8,2,0,0,0,1,0
450126,SOUTH CAROLINA,SC,1,1,0,0,1,1,59,0,FRANKLIN,10,3,March,2012,7,Saturday,4,0,0,3,3,53,34.46462500,-82.18485833,35,2,0,0,0,1,1
450127,SOUTH CAROLINA,SC,1,1,0,0,1,1,79,520,COURTLAND,11,3,March,2012,1,Sunday,23,23,0,4,3,2,34.01603889,-81.01458889,33,3,0,0,0,1,1
450128,SOUTH CAROLINA,SC,1,1,0,0,1,1,7,0,BIBB,11,3,March,2012,1,Sunday,21,25,0,9,3,3,34.51932778,-82.93048611,42,2,0,0,0,1,0
450129,SOUTH CAROLINA,SC,1,1,0,0,1,1,83,0,ARDMORE,11,3,March,2012,1,Sunday,17,58,1,12,3,45,34.98838889,-81.96582778,24,1,0,0,0,1,1
450130,SOUTH CAROLINA,SC,1,1,0,0,1,1,91,2970,DAYTON,12,3,March,2012,2,Monday,17,0,0,15,3,1,34.93738611,-81.04812500,5,1,0,0,0,1,1