ST_CASE,State Name,State Abbreviation,# of Vehicle involved,Parked_Vehicles_Involved,Pedestrains,Person_Not_in_Motor_Vehicle,Persons_in_motor_vehicle,Total_Persons_in_accident,COUNTY,CITY,City_County_Name,Calendar_DAY,MONTH,Month_name,YEAR,DAY_WEEK,Day_Week_desc,HOUR,MINUTE,NHS_Desc,trafficway,Route,MILEPT,LATITUDE,LONGITUD,First_Crash_event,Light_cond_desc,Weather_condition,School_bus_involved,Crash_cause,FATALS,DRUNK_DR
450131,SOUTH CAROLINA,SC,1,1,1,1,1,1,7,0,BIBB,12,3,March,2012,2,Monday,21,5,0,3,3,99999,34.70048056,-82.46850556,8,3,0,0,0,1,0
450132,SOUTH CAROLINA,SC,2,2,0,0,2,2,63,0,BOLIGEE,12,3,March,2012,2,Monday,15,41,0,4,3,337,33.73967222,-81.02783056,12,1,0,0,0,1,0
450133,SOUTH CAROLINA,SC,2,2,0,0,3,3,27,0,ASHLAND,12,3,March,2012,2,Monday,20,15,1,1,1,1096,33.59893056,-80.32973611,12,2,0,0,0,1,0
450134,SOUTH CAROLINA,SC,1,1,0,0,1,1,39,0,ANDALUSIA,12,3,March,2012,2,Monday,16,5,0,4,3,27,34.27077222,-81.17996111,42,1,0,0,0,1,0
450135,SOUTH CAROLINA,SC,2,2,0,0,2,2,45,0,ARITON,15,3,March,2012,5,Thursday,11,36,0,3,3,99999,35.12244444,-82.32529444,12,1,0,0,0,1,0
450136,SOUTH CAROLINA,SC,1,1,0,0,2,2,91,0,DAYTON,16,3,March,2012,6,Friday,11,41,1,1,1,726,34.85798056,-81.00731111,42,1,0,0,0,1,0
450137,SOUTH CAROLINA,SC,2,2,0,0,3,3,7,0,BIBB,16,3,March,2012,6,Friday,15,22,0,3,3,99999,34.42146667,-82.47008333,12,1,0,0,0,1,0
450138,SOUTH CAROLINA,SC,2,2,0,0,3,3,73,0,ARGO,16,3,March,2012,6,Friday,21,8,0,4,3,1,34.68672778,-82.99136944,12,3,0,0,0,1,0
450139,SOUTH CAROLINA,SC,1,1,0,0,4,4,45,0,ARITON,16,3,March,2012,6,Friday,18,55,0,6,6,99999,34.65905556,-82.25758889,1,1,0,0,0,1,1
450140,SOUTH CAROLINA,SC,2,2,0,0,4,4,31,0,COFFEE,17,3,March,2012,7,Saturday,17,0,0,4,3,52,34.31823611,-79.86018333,12,1,0,0,0,1,0
450141,SOUTH CAROLINA,SC,2,2,0,0,2,2,15,0,ANNISTON,21,2,February,2012,3,Tuesday,6,35,1,2,2,0,33.04685556,-80.10815833,12,4,0,0,0,1,0
450142,SOUTH CAROLINA,SC,2,2,0,0,2,2,23,0,BLADON SPRINGS,18,3,March,2012,1,Sunday,12,0,0,4,3,41,34.60912222,-80.98832222,12,1,0,0,0,1,0
450143,SOUTH CAROLINA,SC,2,2,0,0,4,4,71,0,BRIDGEPORT,18,3,March,2012,1,Sunday,14,35,0,14,3,14,34.29312500,-81.62215833,12,1,0,0,0,1,0
450144,SOUTH CAROLINA,SC,3,3,0,0,8,8,19,875,CEDAR BLUFF,18,3,March,2012,1,Sunday,13,16,0,3,3,99999,32.68258889,-79.95720556,12,1,0,0,0,2,2
450145,SOUTH CAROLINA,SC,2,2,0,0,3,3,19,1805,CEDAR BLUFF,14,3,March,2012,4,Wednesday,8,40,0,13,2,50,32.85656667,-79.97911667,12,1,0,0,0,1,0
450146,SOUTH CAROLINA,SC,2,2,0,0,2,2,17,0,CHAMBERS,19,3,March,2012,2,Monday,8,20,1,1,1,1217,33.84435278,-81.02462778,12,1,0,0,0,1,0
450147,SOUTH CAROLINA,SC,2,2,0,0,2,2,21,930,CHILTON,20,3,March,2012,3,Tuesday,14,52,1,2,2,101,35.07777500,-81.64865278,12,1,0,0,0,1,1
450148,SOUTH CAROLINA,SC,1,1,0,0,1,1,25,0,BARLOW BEND,20,3,March,2012,3,Tuesday,12,0,0,4,3,55,34.66763889,-80.00860000,1,1,0,0,0,1,0
450149,SOUTH CAROLINA,SC,1,1,0,0,1,1,55,0,ATTALLA,21,3,March,2012,4,Wednesday,14,30,0,4,3,204,34.23945833,-80.51070556,35,1,0,0,0,1,1
450150,SOUTH CAROLINA,SC,1,1,0,0,1,1,15,985,ANNISTON,21,3,March,2012,4,Wednesday,19,37,0,6,6,0,32.99673889,-80.01366389,31,3,0,0,0,1,1
450151,SOUTH CAROLINA,SC,1,1,0,0,1,1,63,0,BOLIGEE,23,3,March,2012,6,Friday,2,55,1,2,2,46,33.86344722,-81.50563611,1,2,0,0,0,1,1
450152,SOUTH CAROLINA,SC,2,1,1,1,5,5,45,0,ARITON,23,3,March,2012,6,Friday,18,15,0,6,6,0,34.64096944,-82.39063889,8,1,0,0,0,1,0
450153,SOUTH CAROLINA,SC,1,1,0,0,1,1,59,0,FRANKLIN,23,3,March,2012,6,Friday,0,10,0,3,3,151,34.41626389,-82.04235278,34,2,0,0,0,1,1
450154,SOUTH CAROLINA,SC,2,2,0,0,3,3,45,0,ARITON,24,3,March,2012,7,Saturday,18,15,1,2,2,99999,34.83824722,-82.44488611,12,1,0,0,0,1,0
450155,SOUTH CAROLINA,SC,2,2,0,0,2,2,47,0,BROWNS,24,3,March,2012,7,Saturday,5,35,0,3,3,99999,34.17375556,-82.06367500,12,2,0,0,0,1,1
450156,SOUTH CAROLINA,SC,1,1,0,0,1,1,35,0,BROOKLYN,24,3,March,2012,7,Saturday,23,11,1,1,1,716,33.11875833,-80.64133056,42,2,0,0,0,1,0
450157,SOUTH CAROLINA,SC,2,2,0,0,2,2,79,0,COURTLAND,24,3,March,2012,7,Saturday,17,30,1,2,2,99999,34.16059444,-81.25601667,12,1,0,0,0,1,1
450158,SOUTH CAROLINA,SC,1,1,1,1,1,1,85,0,BENTON,25,3,March,2012,1,Sunday,5,45,1,2,2,84,33.88605000,-80.34723611,9,3,0,0,0,1,0
450159,SOUTH CAROLINA,SC,1,1,0,0,2,2,41,0,BRANTLEY,27,3,March,2012,3,Tuesday,18,36,1,1,1,1534,34.28824722,-79.65745833,1,1,0,0,0,1,0
450160,SOUTH CAROLINA,SC,2,2,0,0,3,3,83,0,ARDMORE,29,3,March,2012,5,Thursday,15,25,0,3,3,99999,34.85214722,-82.14768889,12,1,0,0,0,1,0
450161,SOUTH CAROLINA,SC,1,1,0,0,1,1,53,0,ATMORE,29,3,March,2012,5,Thursday,10,50,0,4,3,9,32.59775000,-80.90798889,42,1,0,0,0,1,1
450162,SOUTH CAROLINA,SC,1,1,0,0,2,2,3,0,BALDWIN,30,3,March,2012,6,Friday,22,30,0,9,3,33,33.50319722,-81.80661111,34,2,0,0,0,1,1
450163,SOUTH CAROLINA,SC,1,1,0,0,1,1,79,0,COURTLAND,30,3,March,2012,6,Friday,2,45,0,4,3,82,33.98425556,-80.80385000,34,2,0,0,0,1,1
450164,SOUTH CAROLINA,SC,1,1,0,0,1,1,29,0,BORDEN SPRINGS,31,3,March,2012,7,Saturday,4,30,0,3,3,6,32.89099444,-80.88974444,32,3,0,0,0,1,1
450165,SOUTH CAROLINA,SC,1,1,0,0,4,4,91,0,DAYTON,31,3,March,2012,7,Saturday,16,12,1,11,1,853,35.05120556,-80.95853333,1,1,0,0,0,1,0
450166,SOUTH CAROLINA,SC,1,1,1,1,2,2,41,0,BRANTLEY,11,1,January,2012,4,Wednesday,0,34,1,2,2,14,34.05671667,-79.75595278,8,2,0,0,0,1,0
450167,SOUTH CAROLINA,SC,2,2,0,0,3,3,13,0,BOLLING,2,3,March,2012,6,Friday,7,3,1,2,2,5,32.29051111,-80.90456944,12,1,0,0,0,1,0
450168,SOUTH CAROLINA,SC,2,2,0,0,2,2,3,0,BALDWIN,5,3,March,2012,2,Monday,7,15,0,4,3,1,33.48268333,-81.83725000,12,1,0,0,0,2,2
450169,SOUTH CAROLINA,SC,2,2,0,0,5,5,51,1825,CENTRAL,7,3,March,2012,4,Wednesday,18,15,0,3,3,26,33.80130833,-78.77911944,12,5,0,0,0,1,1
450170,SOUTH CAROLINA,SC,1,1,0,0,1,1,51,1730,CENTRAL,9,3,March,2012,6,Friday,0,46,0,4,3,0,33.75643889,-78.82491389,42,2,0,0,0,1,1
450171,SOUTH CAROLINA,SC,2,1,0,0,1,1,47,0,BROWNS,9,3,March,2012,6,Friday,21,30,1,2,2,24,34.19786111,-82.17066389,42,3,0,0,0,1,1
450172,SOUTH CAROLINA,SC,2,2,1,1,1,1,45,0,ARITON,26,3,March,2012,2,Monday,14,0,0,6,6,0,34.83571667,-82.22635000,12,1,0,0,0,1,0
450173,SOUTH CAROLINA,SC,2,1,1,1,1,1,49,2680,COLLINSVILLE,1,4,April,2012,1,Sunday,11,50,0,6,6,0,32.85037222,-81.07618611,8,1,0,0,0,1,0
450174,SOUTH CAROLINA,SC,1,1,0,0,1,1,73,0,ARGO,1,4,April,2012,1,Sunday,16,42,0,4,3,29,34.96320000,-83.02641944,34,1,0,0,0,1,0
450175,SOUTH CAROLINA,SC,2,2,0,0,3,3,59,0,FRANKLIN,1,4,April,2012,1,Sunday,14,3,0,4,3,10,34.45886667,-81.91047222,12,1,0,0,0,1,0
450176,SOUTH CAROLINA,SC,1,1,0,0,3,3,23,0,BLADON SPRINGS,2,4,April,2012,2,Monday,7,10,1,1,1,51,34.55338889,-81.00730278,42,4,0,0,0,1,0
450177,SOUTH CAROLINA,SC,2,2,0,0,6,6,41,0,BRANTLEY,2,4,April,2012,2,Monday,16,51,1,13,2,23,34.19657778,-79.68391944,12,1,0,0,0,1,0
450178,SOUTH CAROLINA,SC,1,1,0,0,1,1,71,0,BRIDGEPORT,2,4,April,2012,2,Monday,8,30,0,3,3,34,34.19205833,-81.84946389,1,1,0,0,0,1,0
450179,SOUTH CAROLINA,SC,1,1,0,0,1,1,87,0,ARMSTRONG,3,4,April,2012,3,Tuesday,1,40,0,4,3,0,34.76694722,-81.71742500,30,2,0,0,0,1,1
450180,SOUTH CAROLINA,SC,1,1,0,0,1,1,77,0,ANDERSON,4,4,April,2012,4,Wednesday,2,45,0,9,3,15,34.79037500,-82.83706111,42,2,0,0,0,1,1
450181,SOUTH CAROLINA,SC,1,1,0,0,1,1,19,763,CEDAR BLUFF,4,4,April,2012,4,Wednesday,18,15,0,3,3,99999,32.53109444,-80.29527500,53,5,0,0,0,1,0
450182,SOUTH CAROLINA,SC,1,1,0,0,2,2,15,0,ANNISTON,4,4,April,2012,4,Wednesday,3,2,0,5,3,7,33.28547222,-79.90265556,34,2,0,0,0,1,1
450183,SOUTH CAROLINA,SC,1,1,0,0,1,1,29,0,BORDEN SPRINGS,5,4,April,2012,5,Thursday,7,45,1,1,1,62,32.99428333,-80.67106111,42,4,0,0,0,1,0
450184,SOUTH CAROLINA,SC,1,1,0,0,2,2,45,0,ARITON,5,4,April,2012,5,Thursday,21,55,0,4,3,3,35.02382778,-82.52669722,42,2,0,0,0,2,1
450185,SOUTH CAROLINA,SC,1,1,0,0,1,1,79,0,COURTLAND,5,4,April,2012,5,Thursday,1,30,0,3,3,5,33.93614167,-80.65246111,34,2,0,0,0,1,0
450186,SOUTH CAROLINA,SC,2,2,0,0,3,3,59,0,FRANKLIN,6,4,April,2012,6,Friday,17,40,0,3,3,0,34.42055833,-81.79113889,12,1,0,0,0,1,0
450187,SOUTH CAROLINA,SC,1,1,0,0,1,1,7,0,BIBB,7,4,April,2012,7,Saturday,18,0,0,4,3,99999,34.54219167,-82.47812778,1,1,0,0,0,1,0
450188,SOUTH CAROLINA,SC,2,2,0,0,5,5,7,0,BIBB,7,4,April,2012,7,Saturday,16,30,0,6,6,99999,34.56292500,-82.60994167,12,1,0,0,0,1,0
450189,SOUTH CAROLINA,SC,1,1,1,1,8,8,33,0,CHEROKEE,7,4,April,2012,7,Saturday,20,40,1,1,1,181,34.30150556,-79.62987778,8,2,0,0,0,1,0
450190,SOUTH CAROLINA,SC,1,1,0,0,1,1,25,0,BARLOW BEND,8,4,April,2012,1,Sunday,21,30,1,2,2,5,34.59616389,-79.88181944,1,2,0,0,0,1,1
450191,SOUTH CAROLINA,SC,1,1,0,0,1,1,37,0,BRADFORD,8,4,April,2012,1,Sunday,12,45,0,3,3,12,33.78938611,-81.99851944,1,1,0,0,0,1,0
450192,SOUTH CAROLINA,SC,2,2,0,0,4,4,77,0,ANDERSON,9,4,April,2012,2,Monday,12,35,0,14,3,11,34.87122778,-82.75520278,12,1,0,0,0,1,1
450193,SOUTH CAROLINA,SC,1,1,0,0,1,1,77,0,ANDERSON,9,4,April,2012,2,Monday,22,32,0,6,6,99999,34.86579444,-82.52997778,35,2,0,0,0,1,1
450194,SOUTH CAROLINA,SC,1,1,0,0,1,1,35,0,BROOKLYN,9,4,April,2012,2,Monday,9,30,0,3,3,99999,32.89075833,-80.12889722,42,1,0,0,0,1,1
450195,SOUTH CAROLINA,SC,1,1,0,0,1,1,33,0,CHEROKEE,10,4,April,2012,3,Tuesday,15,5,0,9,3,2,34.31135833,-79.44542222,1,1,0,0,0,1,0
450196,SOUTH CAROLINA,SC,1,1,0,0,1,1,35,0,BROOKLYN,10,4,April,2012,3,Tuesday,19,40,0,4,3,99999,33.16079167,-80.53804444,59,1,0,0,0,1,0
450197,SOUTH CAROLINA,SC,1,1,0,0,1,1,27,0,ASHLAND,11,4,April,2012,4,Wednesday,6,30,0,4,3,2,33.68484167,-80.44254167,34,3,0,0,0,1,0
450198,SOUTH CAROLINA,SC,2,2,0,0,2,2,7,0,BIBB,12,4,April,2012,5,Thursday,16,59,1,2,2,99999,34.55603611,-82.55698056,12,1,0,0,0,1,0
450199,SOUTH CAROLINA,SC,1,1,0,0,1,1,63,0,BOLIGEE,13,4,April,2012,6,Friday,0,1,0,15,3,7,33.98125000,-81.14621111,42,2,0,0,0,1,1
450200,SOUTH CAROLINA,SC,2,2,0,0,2,2,63,0,BOLIGEE,14,4,April,2012,7,Saturday,2,30,1,1,1,99999,33.93602500,-81.27324722,12,2,0,0,0,1,1
450201,SOUTH CAROLINA,SC,2,2,0,0,3,3,15,0,ANNISTON,15,4,April,2012,1,Sunday,18,5,1,2,2,99999,33.28620278,-79.85890556,12,1,0,0,0,1,0
450202,SOUTH CAROLINA,SC,1,1,0,0,1,1,3,0,BALDWIN,15,4,April,2012,1,Sunday,16,13,0,6,6,0,33.65805278,-81.67456111,42,1,0,0,0,1,1
450203,SOUTH CAROLINA,SC,1,1,0,0,2,2,41,0,BRANTLEY,15,4,April,2012,1,Sunday,11,10,0,4,3,0,33.88043333,-79.54822500,34,1,0,0,0,1,0
450204,SOUTH CAROLINA,SC,1,1,1,1,3,3,3,0,BALDWIN,16,4,April,2012,2,Monday,21,40,0,9,3,2,33.46317222,-81.41869722,8,2,0,0,0,1,0
450205,SOUTH CAROLINA,SC,2,2,0,0,2,2,57,0,BANKSTON,16,4,April,2012,2,Monday,20,35,0,4,3,3,34.67420833,-80.75807778,12,3,0,0,0,1,1
450206,SOUTH CAROLINA,SC,1,1,0,0,1,1,7,0,BIBB,16,4,April,2012,2,Monday,10,0,0,4,3,0,34.72725556,-82.49581111,42,1,0,0,0,1,0
450207,SOUTH CAROLINA,SC,3,3,0,0,6,6,89,0,BROWNSBORO,16,4,April,2012,2,Monday,17,4,1,2,2,17,33.76038889,-79.80457778,12,1,0,1,0,1,0
450208,SOUTH CAROLINA,SC,2,2,1,1,1,1,91,0,DAYTON,17,4,April,2012,3,Tuesday,10,43,1,2,3,35,34.86204722,-80.89785556,12,1,0,0,0,1,0
450209,SOUTH CAROLINA,SC,1,1,1,1,1,1,35,0,BROOKLYN,18,4,April,2012,4,Wednesday,15,20,0,6,6,0,32.92631667,-80.08188611,18,1,0,0,0,1,0
450210,SOUTH CAROLINA,SC,1,1,0,0,1,1,83,2460,ARDMORE,10,3,March,2012,7,Saturday,19,10,1,2,2,0,34.97614722,-81.87745556,33,3,0,0,0,1,1
450211,SOUTH CAROLINA,SC,1,1,0,0,1,1,63,0,BOLIGEE,19,4,April,2012,5,Thursday,19,0,0,3,3,0,33.80490000,-81.22680000,1,1,0,0,0,1,1
450212,SOUTH CAROLINA,SC,2,2,0,0,3,3,7,0,BIBB,20,4,April,2012,6,Friday,20,36,0,3,3,0,34.70757778,-82.55843056,12,2,0,0,0,2,2
450213,SOUTH CAROLINA,SC,2,2,0,0,3,3,65,0,CYPRESS,21,4,April,2012,7,Saturday,21,28,0,3,2,26,33.97728889,-82.25099167,53,2,0,0,0,2,2
450214,SOUTH CAROLINA,SC,1,1,0,0,1,1,63,0,BOLIGEE,21,4,April,2012,7,Saturday,3,40,0,4,3,0,34.03464722,-81.12721389,34,2,0,0,0,1,1
450215,SOUTH CAROLINA,SC,1,1,0,0,3,3,13,0,BOLLING,21,4,April,2012,7,Saturday,19,45,0,4,3,0,32.40769444,-80.50159722,1,1,0,0,0,2,0
450216,SOUTH CAROLINA,SC,2,2,0,0,2,2,41,0,BRANTLEY,21,4,April,2012,7,Saturday,10,45,0,4,3,0,33.85324167,-79.59267778,12,1,0,0,0,1,0
450217,SOUTH CAROLINA,SC,2,2,0,0,2,2,35,0,BROOKLYN,22,4,April,2012,1,Sunday,7,30,0,3,3,4,33.06631944,-80.22390556,12,1,0,0,0,1,1
450218,SOUTH CAROLINA,SC,1,1,0,0,2,2,3,0,BALDWIN,22,4,April,2012,1,Sunday,4,27,0,4,3,6,33.48155833,-81.59300833,1,2,0,0,0,1,1
450219,SOUTH CAROLINA,SC,1,1,0,0,1,1,91,0,DAYTON,22,4,April,2012,1,Sunday,0,40,0,3,3,0,35.05836667,-81.12440833,59,2,0,0,0,1,1
450220,SOUTH CAROLINA,SC,1,1,1,1,1,1,43,0,BAILEYTON,23,4,April,2012,2,Monday,6,8,0,4,3,0,33.35199722,-79.46960000,8,2,0,0,0,1,0
450221,SOUTH CAROLINA,SC,1,1,0,0,4,4,77,2390,ANDERSON,23,4,April,2012,2,Monday,18,45,0,6,6,0,34.81019167,-82.80633611,1,1,0,0,0,1,0
450222,SOUTH CAROLINA,SC,1,1,0,0,1,1,91,0,DAYTON,25,4,April,2012,4,Wednesday,19,45,0,4,3,1,35.00321667,-81.28548611,1,5,0,0,0,1,1
450223,SOUTH CAROLINA,SC,1,1,1,1,1,1,45,0,ARITON,25,4,April,2012,4,Wednesday,17,30,0,3,3,0,34.76418333,-82.26049167,9,1,0,0,0,1,0
450224,SOUTH CAROLINA,SC,2,2,0,0,2,2,79,0,COURTLAND,23,3,March,2012,6,Friday,18,20,0,14,3,4,34.15343333,-80.91139722,12,1,0,0,0,1,0
450225,SOUTH CAROLINA,SC,3,3,0,0,5,5,51,0,CENTRAL,31,3,March,2012,7,Saturday,12,55,1,2,2,0,33.74954444,-78.95965278,12,1,0,0,0,1,0
450226,SOUTH CAROLINA,SC,2,2,0,0,3,3,75,0,BEAVERTON,26,4,April,2012,5,Thursday,15,40,1,2,2,0,33.46253889,-80.48628611,12,1,0,0,0,1,0
450227,SOUTH CAROLINA,SC,2,2,0,0,2,2,7,0,BIBB,26,4,April,2012,5,Thursday,18,42,0,3,3,2,34.33310556,-82.63259722,12,1,0,0,0,1,0
450228,SOUTH CAROLINA,SC,1,1,1,1,1,1,29,0,BORDEN SPRINGS,27,4,April,2012,6,Friday,22,30,0,3,3,9,33.09278333,-80.66705833,8,2,0,0,0,1,0
450229,SOUTH CAROLINA,SC,1,1,0,0,1,1,29,0,BORDEN SPRINGS,27,4,April,2012,6,Friday,9,50,0,3,3,18,32.93871389,-80.72930833,35,1,0,0,0,1,0
450230,SOUTH CAROLINA,SC,2,1,1,1,1,1,75,0,BEAVERTON,27,4,April,2012,6,Friday,0,10,1,1,1,167,33.33627778,-80.56630278,14,2,0,0,0,1,0
450231,SOUTH CAROLINA,SC,1,1,0,0,1,1,83,0,ARDMORE,27,4,April,2012,6,Friday,22,50,0,6,6,0,35.08688611,-82.12715000,42,2,0,0,0,1,0
450232,SOUTH CAROLINA,SC,1,1,0,0,1,1,43,0,BAILEYTON,27,4,April,2012,6,Friday,10,0,1,2,2,14,33.56559167,-79.21273056,42,1,0,0,0,1,0
450233,SOUTH CAROLINA,SC,1,1,0,0,2,2,83,0,ARDMORE,29,4,April,2012,1,Sunday,18,29,1,1,1,28,34.83563056,-81.96939444,24,1,0,0,0,1,1
450234,SOUTH CAROLINA,SC,1,1,0,0,1,1,63,0,BOLIGEE,29,4,April,2012,1,Sunday,3,0,0,15,3,2,33.87657500,-81.08091944,42,2,0,0,0,1,0
450235,SOUTH CAROLINA,SC,2,2,0,0,2,2,45,0,ARITON,29,4,April,2012,1,Sunday,22,47,0,4,3,0,34.69953611,-82.28461111,12,3,0,0,0,1,1
450236,SOUTH CAROLINA,SC,4,4,0,0,6,6,83,0,ARDMORE,29,4,April,2012,1,Sunday,16,59,1,2,2,0,34.94725278,-82.20716389,12,1,0,0,0,2,2
450237,SOUTH CAROLINA,SC,1,1,0,0,1,1,83,0,ARDMORE,29,4,April,2012,1,Sunday,23,42,0,3,3,0,34.87641389,-81.96290000,35,3,0,0,0,1,1
450238,SOUTH CAROLINA,SC,2,2,0,0,4,4,83,0,ARDMORE,30,4,April,2012,2,Monday,21,45,0,3,3,12,35.07589722,-82.07001389,12,2,0,0,0,1,1
450239,SOUTH CAROLINA,SC,1,1,0,0,5,5,89,0,BROWNSBORO,29,4,April,2012,1,Sunday,19,25,0,4,3,0,33.55543056,-79.70757222,52,1,0,0,0,1,0
450240,SOUTH CAROLINA,SC,2,2,0,0,2,2,19,1805,CEDAR BLUFF,9,4,April,2012,2,Monday,7,30,0,4,3,5,32.90271944,-79.98030556,12,1,0,0,0,1,0
450241,SOUTH CAROLINA,SC,2,2,0,0,2,2,15,0,ANNISTON,1,5,May,2012,3,Tuesday,22,11,0,4,3,5,33.12225278,-80.01895556,12,2,0,0,0,1,1
450242,SOUTH CAROLINA,SC,2,1,1,2,1,2,83,0,ARDMORE,2,5,May,2012,4,Wednesday,9,51,1,11,1,63,34.92506667,-82.09006111,8,1,0,0,0,1,0
450243,SOUTH CAROLINA,SC,1,1,1,1,1,1,59,0,FRANKLIN,4,5,May,2012,6,Friday,18,30,0,4,3,0,34.33018611,-81.94070278,9,1,0,0,0,1,0
450244,SOUTH CAROLINA,SC,1,1,0,0,1,1,39,0,ANDALUSIA,4,5,May,2012,6,Friday,23,30,1,2,2,0,34.26156944,-80.96163611,35,2,0,0,0,1,0
450245,SOUTH CAROLINA,SC,1,1,1,1,2,2,79,520,COURTLAND,5,5,May,2012,7,Saturday,4,0,0,14,3,3,34.00115000,-81.01696389,8,3,0,0,0,1,1
450246,SOUTH CAROLINA,SC,2,2,0,0,6,6,63,2790,BOLIGEE,5,5,May,2012,7,Saturday,23,25,1,13,2,31,33.99491111,-81.05348056,12,3,0,0,0,1,0
450247,SOUTH CAROLINA,SC,2,2,0,0,5,5,45,1040,ARITON,5,5,May,2012,7,Saturday,23,46,0,3,3,4,34.82066944,-82.36896667,12,2,0,0,0,1,0
450248,SOUTH CAROLINA,SC,1,1,0,0,1,1,51,0,CENTRAL,5,5,May,2012,7,Saturday,17,9,0,4,3,0,33.93646111,-78.75030833,34,1,0,0,0,1,1
450249,SOUTH CAROLINA,SC,2,2,0,0,2,2,19,2100,CEDAR BLUFF,5,5,May,2012,7,Saturday,4,9,0,4,3,0,32.82180278,-80.22353333,12,2,0,0,0,1,0
450250,SOUTH CAROLINA,SC,1,1,0,0,2,2,79,0,COURTLAND,5,5,May,2012,7,Saturday,17,30,1,11,1,81,34.12267222,-80.78747222,1,1,0,0,0,1,0
450251,SOUTH CAROLINA,SC,1,1,0,0,1,1,49,0,COLLINSVILLE,6,5,May,2012,1,Sunday,19,40,0,5,3,13,32.68145833,-80.87575833,42,1,0,0,0,1,1
450252,SOUTH CAROLINA,SC,2,2,0,0,6,6,63,0,BOLIGEE,6,5,May,2012,1,Sunday,10,45,1,1,1,57,33.98300833,-81.19318611,57,1,0,0,0,2,0
450253,SOUTH CAROLINA,SC,1,1,0,0,3,3,27,0,ASHLAND,6,5,May,2012,1,Sunday,16,10,0,4,3,0,33.60571389,-80.21321389,5,1,0,0,0,1,0
450254,SOUTH CAROLINA,SC,1,1,0,0,1,1,15,0,ANNISTON,7,5,May,2012,2,Monday,7,59,1,2,2,0,33.23260000,-79.95081389,34,1,0,0,0,1,0
450255,SOUTH CAROLINA,SC,3,3,0,0,4,4,19,410,CEDAR BLUFF,8,5,May,2012,3,Tuesday,18,23,0,6,6,0,32.79504444,-79.94276667,12,1,0,0,0,1,1
450256,SOUTH CAROLINA,SC,3,3,0,0,3,3,63,0,BOLIGEE,9,5,May,2012,4,Wednesday,14,2,1,2,2,5,34.01182500,-81.39776944,12,1,0,0,0,1,0
450257,SOUTH CAROLINA,SC,1,1,0,0,1,1,85,0,BENTON,10,5,May,2012,5,Thursday,14,13,0,9,3,1,33.88110278,-80.21661944,53,1,0,0,0,1,1
450258,SOUTH CAROLINA,SC,1,1,1,1,1,1,83,0,ARDMORE,10,5,May,2012,5,Thursday,14,45,0,6,6,0,34.95802778,-81.96714444,8,1,0,0,0,1,0
450259,SOUTH CAROLINA,SC,1,1,0,0,1,1,51,0,CENTRAL,10,5,May,2012,5,Thursday,15,13,0,2,3,13,33.75265556,-78.85900278,57,1,0,0,0,1,0
450260,SOUTH CAROLINA,SC,1,1,0,0,1,1,7,0,BIBB,10,5,May,2012,5,Thursday,3,0,0,4,3,0,34.50187222,-82.94722500,1,2,0,0,0,1,1
450261,SOUTH CAROLINA,SC,2,2,0,0,9,9,51,0,CENTRAL,10,5,May,2012,5,Thursday,18,26,1,2,3,23,34.03444722,-78.80918333,12,1,0,0,0,1,0
450262,SOUTH CAROLINA,SC,2,2,1,1,5,5,19,875,CEDAR BLUFF,10,5,May,2012,5,Thursday,16,56,0,3,3,0,32.67489167,-79.95034167,9,1,0,0,0,1,0
450263,SOUTH CAROLINA,SC,1,1,0,0,1,1,51,0,CENTRAL,10,5,May,2012,5,Thursday,2,0,1,13,3,37,33.87549167,-78.68192222,21,2,0,0,0,1,0
450264,SOUTH CAROLINA,SC,1,1,0,0,2,2,51,0,CENTRAL,11,5,May,2012,6,Friday,21,15,1,2,2,23,33.80740278,-79.01857222,5,2,0,0,0,1,1
450265,SOUTH CAROLINA,SC,1,1,0,0,1,1,65,0,CYPRESS,11,5,May,2012,6,Friday,15,45,0,9,3,16,33.94774444,-82.47461944,35,1,0,0,0,1,0
450266,SOUTH CAROLINA,SC,1,1,0,0,2,2,19,410,CEDAR BLUFF,11,5,May,2012,6,Friday,19,40,1,11,1,0,32.81153056,-79.95150833,23,5,0,0,0,2,1
450267,SOUTH CAROLINA,SC,2,2,0,0,3,3,51,0,CENTRAL,11,5,May,2012,6,Friday,14,36,1,2,2,0,33.60632500,-79.01530833,12,1,0,0,0,1,0
450268,SOUTH CAROLINA,SC,2,2,0,0,3,3,51,0,CENTRAL,12,5,May,2012,7,Saturday,18,30,0,3,3,0,33.65651111,-78.99189167,12,1,0,0,0,1,1
450269,SOUTH CAROLINA,SC,1,1,0,0,1,1,85,0,BENTON,14,5,May,2012,2,Monday,9,50,1,2,2,6,33.95150278,-80.55837778,42,1,0,0,0,1,0
450270,SOUTH CAROLINA,SC,2,2,0,0,3,3,75,0,BEAVERTON,14,5,May,2012,2,Monday,10,8,1,2,2,25,33.52588889,-80.86446944,12,1,0,0,0,1,0
450271,SOUTH CAROLINA,SC,1,1,1,1,2,2,51,1825,CENTRAL,18,2,February,2012,7,Saturday,21,35,0,6,6,0,33.82666389,-78.67801944,8,3,0,0,0,1,0
450272,SOUTH CAROLINA,SC,1,1,1,1,1,1,61,0,BELLWOOD,15,5,May,2012,3,Tuesday,15,3,0,3,3,7,34.25495000,-80.24760833,8,1,0,0,0,1,0
450273,SOUTH CAROLINA,SC,1,1,0,0,1,1,69,0,ASHFORD,16,5,May,2012,4,Wednesday,9,30,0,9,3,3,34.70645556,-79.62188056,34,1,0,0,0,1,0
450274,SOUTH CAROLINA,SC,2,2,0,0,2,2,33,0,CHEROKEE,16,5,May,2012,4,Wednesday,13,45,0,3,3,4,34.47472778,-79.45348889,12,1,0,0,0,1,0
450275,SOUTH CAROLINA,SC,2,1,0,0,1,1,41,0,BRANTLEY,17,5,May,2012,5,Thursday,18,5,0,4,3,29,33.82746944,-79.53963611,1,1,0,0,0,1,1
450276,SOUTH CAROLINA,SC,1,1,1,1,2,2,3,0,BALDWIN,17,5,May,2012,5,Thursday,6,15,0,4,3,5,33.57673611,-81.83573889,8,2,0,0,0,1,0