ST_CASE,State Name,State Abbreviation,# of Vehicle involved,Parked_Vehicles_Involved,Pedestrains,Person_Not_in_Motor_Vehicle,Persons_in_motor_vehicle,Total_Persons_in_accident,COUNTY,CITY,City_County_Name,Calendar_DAY,MONTH,Month_name,YEAR,DAY_WEEK,Day_Week_desc,HOUR,MINUTE,NHS_Desc,trafficway,Route,MILEPT,LATITUDE,LONGITUD,First_Crash_event,Light_cond_desc,Weather_condition,School_bus_involved,Crash_cause,FATALS,DRUNK_DR
450570,SOUTH CAROLINA,SC,1,1,0,0,1,1,49,0,COLLINSVILLE,12,10,October,2012,6,Friday,0,5,0,4,3,0,32.70488056,-81.22263889,34,2,0,0,0,1,1
450571,SOUTH CAROLINA,SC,1,1,2,2,1,1,7,0,BIBB,21,10,October,2012,1,Sunday,11,45,1,2,2,24,34.58429444,-82.55076111,8,1,0,0,0,1,0
450572,SOUTH CAROLINA,SC,1,1,0,0,2,2,51,1730,CENTRAL,22,10,October,2012,2,Monday,17,39,1,2,2,0,33.72332778,-78.84660278,33,1,0,0,0,1,1
450573,SOUTH CAROLINA,SC,1,1,0,0,6,6,41,0,BRANTLEY,4,8,August,2012,7,Saturday,16,40,1,1,1,139,34.20368889,-79.88293333,42,1,0,0,0,1,0
450574,SOUTH CAROLINA,SC,1,1,1,1,2,2,5,0,BAKER HILL,13,10,October,2012,7,Saturday,20,0,0,3,3,19,33.01200000,-81.31394722,8,3,0,0,0,1,0
450575,SOUTH CAROLINA,SC,2,2,0,0,3,3,33,0,CHEROKEE,24,10,October,2012,4,Wednesday,7,22,0,3,3,11,34.29137500,-79.32493333,12,1,0,0,0,1,0
450576,SOUTH CAROLINA,SC,1,1,0,0,1,1,7,0,BIBB,15,9,September,2012,7,Saturday,23,29,1,2,2,0,34.51397778,-82.47909722,43,2,0,0,0,1,1
450577,SOUTH CAROLINA,SC,1,1,0,0,1,1,43,0,BAILEYTON,15,10,October,2012,2,Monday,2,45,0,4,3,6,33.34707222,-79.43646389,34,2,0,0,0,1,1
450578,SOUTH CAROLINA,SC,3,3,0,0,4,4,13,0,BOLLING,22,10,October,2012,2,Monday,9,15,1,2,2,25,32.46860278,-80.73614722,12,1,0,0,0,1,0
450579,SOUTH CAROLINA,SC,1,1,0,0,2,2,71,0,BRIDGEPORT,11,4,April,2012,4,Wednesday,11,30,1,1,1,82,34.24005556,-81.46402778,1,1,0,0,0,1,0
450580,SOUTH CAROLINA,SC,2,2,0,0,3,3,27,0,ASHLAND,2,7,July,2012,2,Monday,21,42,1,1,1,114,33.65373056,-80.27698889,12,2,0,0,0,1,0
450581,SOUTH CAROLINA,SC,1,1,1,1,1,1,13,1145,BOLLING,21,7,July,2012,7,Saturday,3,7,1,2,2,18,32.19571944,-80.74093889,8,2,0,0,0,1,0
450582,SOUTH CAROLINA,SC,3,2,2,2,2,2,71,0,BRIDGEPORT,24,7,July,2012,3,Tuesday,19,54,1,1,1,76,34.28975556,-81.54084167,12,5,0,0,0,1,0
450583,SOUTH CAROLINA,SC,2,2,0,0,2,2,7,0,BIBB,10,8,August,2012,6,Friday,10,44,1,2,2,4,34.60462778,-82.76158333,12,1,0,0,0,1,0
450584,SOUTH CAROLINA,SC,3,3,0,0,4,4,45,0,ARITON,30,8,August,2012,5,Thursday,17,10,0,3,3,5,34.62178889,-82.38502500,12,1,0,0,0,1,0
450585,SOUTH CAROLINA,SC,3,3,0,0,3,3,77,0,ANDERSON,13,9,September,2012,5,Thursday,10,40,0,3,3,0,34.88650278,-82.50088056,12,1,0,0,0,1,0
450586,SOUTH CAROLINA,SC,2,2,0,0,3,3,81,0,AUBURN,14,9,September,2012,6,Friday,22,35,0,9,3,2,33.89999167,-81.83861667,12,2,0,0,0,1,0
450587,SOUTH CAROLINA,SC,2,2,0,0,3,3,25,1910,BARLOW BEND,14,10,October,2012,1,Sunday,18,55,0,3,3,3,34.74782778,-80.45185000,12,5,0,0,0,1,0
450588,SOUTH CAROLINA,SC,1,1,1,1,1,1,75,0,BEAVERTON,18,10,October,2012,5,Thursday,22,39,1,2,2,26,33.53599167,-80.86286389,8,2,0,0,0,1,0
450589,SOUTH CAROLINA,SC,2,2,0,0,3,3,45,0,ARITON,20,10,October,2012,7,Saturday,4,40,0,6,6,0,34.90395000,-82.32028889,12,2,0,0,0,1,1
450590,SOUTH CAROLINA,SC,1,1,0,0,2,2,75,0,BEAVERTON,20,10,October,2012,7,Saturday,11,45,1,1,1,85,33.33464722,-80.53763611,1,1,0,0,0,1,0
450591,SOUTH CAROLINA,SC,1,1,0,0,1,1,75,0,BEAVERTON,27,10,October,2012,7,Saturday,23,9,0,4,3,1,33.52574722,-80.93244722,34,2,0,0,0,1,0
450592,SOUTH CAROLINA,SC,1,1,0,0,1,1,45,0,ARITON,27,10,October,2012,7,Saturday,3,50,1,2,2,0,34.90355833,-82.46194167,32,2,0,0,0,1,1
450593,SOUTH CAROLINA,SC,3,3,0,0,6,6,55,0,ATTALLA,28,10,October,2012,1,Sunday,20,7,1,1,1,97,34.21719167,-80.59576944,12,2,0,0,0,1,0
450594,SOUTH CAROLINA,SC,1,1,0,0,1,1,29,0,BORDEN SPRINGS,28,10,October,2012,1,Sunday,20,0,0,4,3,11,33.03357500,-80.90311944,42,2,0,0,0,1,0
450595,SOUTH CAROLINA,SC,1,1,0,0,2,2,55,0,ATTALLA,28,10,October,2012,1,Sunday,4,0,1,1,1,97,34.21584167,-80.58366389,35,2,0,0,0,2,1
450596,SOUTH CAROLINA,SC,1,1,0,0,1,1,75,0,BEAVERTON,21,9,September,2012,6,Friday,23,46,0,3,3,0,33.43446667,-80.98010556,1,2,0,0,0,1,1
450597,SOUTH CAROLINA,SC,1,1,0,0,1,1,91,0,DAYTON,23,10,October,2012,3,Tuesday,11,12,0,3,3,9,34.83178056,-80.99156944,42,1,0,0,0,1,1
450598,SOUTH CAROLINA,SC,2,2,0,0,3,3,73,0,ARGO,25,10,October,2012,5,Thursday,11,10,0,3,3,0,34.79556389,-83.11514444,12,1,0,0,0,1,0
450599,SOUTH CAROLINA,SC,2,2,0,0,6,6,83,0,ARDMORE,26,10,October,2012,6,Friday,18,5,0,3,3,10,34.91701667,-81.89791111,12,1,0,0,0,1,0
450600,SOUTH CAROLINA,SC,1,1,0,0,1,1,73,0,ARGO,29,10,October,2012,2,Monday,14,38,0,4,3,0,34.86150833,-83.06685000,35,1,0,0,0,1,0
450601,SOUTH CAROLINA,SC,1,1,0,0,1,1,15,0,ANNISTON,30,10,October,2012,3,Tuesday,17,28,0,6,6,0,33.32560000,-79.86779167,42,1,0,0,0,1,0
450602,SOUTH CAROLINA,SC,1,1,0,0,4,4,53,0,ATMORE,1,11,November,2012,5,Thursday,22,15,0,4,3,8,32.45796389,-80.98865556,34,2,0,0,0,1,0
450603,SOUTH CAROLINA,SC,1,1,0,0,1,1,77,0,ANDERSON,1,11,November,2012,5,Thursday,18,40,0,4,3,1,34.91195556,-82.70011667,11,2,0,0,0,1,0
450604,SOUTH CAROLINA,SC,1,1,2,2,2,2,79,0,COURTLAND,3,11,November,2012,7,Saturday,3,40,0,13,2,8,34.06709722,-80.95440278,8,3,0,0,0,2,0
450605,SOUTH CAROLINA,SC,1,1,1,1,2,2,83,0,ARDMORE,3,11,November,2012,7,Saturday,20,20,0,3,3,0,35.12416944,-82.02834722,8,2,0,0,0,1,0
450606,SOUTH CAROLINA,SC,1,1,0,0,1,1,89,0,BROWNSBORO,3,11,November,2012,7,Saturday,13,10,0,9,3,0,33.72998056,-79.61771667,42,1,0,0,0,1,0
450607,SOUTH CAROLINA,SC,1,1,1,1,1,1,3,0,BALDWIN,3,11,November,2012,7,Saturday,23,50,0,3,3,0,33.63872222,-81.40508611,8,2,0,0,0,1,0
450608,SOUTH CAROLINA,SC,1,1,1,1,1,1,23,0,BLADON SPRINGS,3,9,September,2012,2,Monday,13,35,0,4,3,0,34.70925556,-80.91518056,8,1,0,0,0,1,0
450609,SOUTH CAROLINA,SC,2,2,0,0,4,4,45,0,ARITON,13,10,October,2012,7,Saturday,19,55,1,2,2,42,35.02921944,-82.42064444,12,2,0,0,0,1,1
450610,SOUTH CAROLINA,SC,1,1,0,0,1,1,45,0,ARITON,25,10,October,2012,5,Thursday,21,50,0,4,3,0,34.69948889,-82.28454722,34,1,0,0,0,1,1
450611,SOUTH CAROLINA,SC,1,1,0,0,1,1,31,0,COFFEE,27,10,October,2012,7,Saturday,23,30,0,9,3,1,34.17382222,-80.00856111,42,2,0,0,0,1,1
450612,SOUTH CAROLINA,SC,1,1,0,0,1,1,89,0,BROWNSBORO,10,11,November,2012,7,Saturday,7,50,1,2,2,1,33.52726111,-79.95326944,59,1,0,0,0,1,0
450613,SOUTH CAROLINA,SC,3,3,0,0,7,7,73,0,ARGO,1,11,November,2012,5,Thursday,22,35,0,3,3,8,34.59371944,-82.98560000,12,2,0,0,0,2,0
450614,SOUTH CAROLINA,SC,2,2,0,0,2,2,83,0,ARDMORE,3,11,November,2012,7,Saturday,15,45,0,14,3,13,34.91661944,-82.00426111,12,1,0,0,0,1,1
450615,SOUTH CAROLINA,SC,1,1,0,0,1,1,83,0,ARDMORE,4,11,November,2012,1,Sunday,16,55,0,14,6,0,34.87033889,-82.19934167,42,1,0,0,0,1,1
450616,SOUTH CAROLINA,SC,1,1,0,0,1,1,51,1825,CENTRAL,4,11,November,2012,1,Sunday,5,30,0,12,3,0,33.85100833,-78.80940556,24,6,0,0,0,1,1
450617,SOUTH CAROLINA,SC,1,1,0,0,1,1,35,0,BROOKLYN,4,11,November,2012,1,Sunday,18,50,0,4,3,1,33.19880000,-80.46593333,42,2,0,0,0,1,1
450618,SOUTH CAROLINA,SC,1,1,0,0,1,1,45,0,ARITON,5,11,November,2012,2,Monday,0,25,0,4,3,0,35.02810278,-82.21991389,38,2,0,0,0,1,1
450619,SOUTH CAROLINA,SC,2,2,0,0,4,4,41,0,BRANTLEY,6,11,November,2012,3,Tuesday,5,30,0,3,3,1,33.90514722,-79.81150278,12,1,0,0,0,1,0
450620,SOUTH CAROLINA,SC,1,1,0,0,4,4,71,1750,BRIDGEPORT,22,9,September,2012,7,Saturday,0,0,0,14,3,11,34.28714444,-81.62985278,33,3,0,0,0,1,1
450621,SOUTH CAROLINA,SC,1,1,0,0,1,1,35,0,BROOKLYN,7,11,November,2012,4,Wednesday,21,45,1,2,2,25,33.11641944,-80.30502778,34,2,0,0,0,1,0
450622,SOUTH CAROLINA,SC,1,1,0,0,1,1,73,0,ARGO,8,11,November,2012,5,Thursday,0,20,0,9,3,5,34.60853889,-83.04997778,35,2,0,0,0,1,1
450623,SOUTH CAROLINA,SC,1,1,0,0,1,1,51,0,CENTRAL,8,11,November,2012,5,Thursday,21,30,0,9,3,3,33.90537500,-79.18913333,34,2,0,0,0,1,0
450624,SOUTH CAROLINA,SC,1,1,0,0,8,8,35,2530,BROOKLYN,22,9,September,2012,7,Saturday,17,18,1,1,1,0,33.03826667,-80.14685833,59,1,0,0,0,1,0
450625,SOUTH CAROLINA,SC,2,2,0,0,3,3,51,1730,CENTRAL,9,7,July,2012,2,Monday,15,51,0,6,6,0,33.70926389,-78.89101111,12,1,0,0,0,1,0
450626,SOUTH CAROLINA,SC,1,1,0,0,3,3,13,240,BOLLING,12,10,October,2012,6,Friday,20,26,0,6,6,0,32.21910833,-80.94836944,42,2,0,0,0,1,0
450627,SOUTH CAROLINA,SC,2,2,0,0,4,4,53,2150,ATMORE,12,10,October,2012,6,Friday,15,50,0,4,3,3,32.47451667,-80.96284444,12,1,0,0,0,1,1
450628,SOUTH CAROLINA,SC,1,1,0,0,1,1,79,0,COURTLAND,10,11,November,2012,7,Saturday,2,13,0,4,3,0,34.07628056,-80.93990833,33,2,0,0,0,1,1
450629,SOUTH CAROLINA,SC,2,2,0,0,2,2,51,0,CENTRAL,10,11,November,2012,7,Saturday,11,10,0,3,3,0,33.88710278,-78.95840556,12,1,0,0,0,1,0
450630,SOUTH CAROLINA,SC,1,1,0,0,1,1,79,0,COURTLAND,11,11,November,2012,1,Sunday,7,15,0,9,3,6,33.96256667,-80.72947500,34,2,0,0,0,1,1
450631,SOUTH CAROLINA,SC,2,2,0,0,2,2,7,0,BIBB,4,10,October,2012,5,Thursday,17,38,0,4,3,16,34.61334167,-82.71448333,12,1,0,0,0,1,0
450632,SOUTH CAROLINA,SC,1,1,0,0,1,1,71,0,BRIDGEPORT,28,10,October,2012,1,Sunday,3,30,0,3,3,6,34.20541111,-81.81724722,1,2,0,0,0,1,1
450633,SOUTH CAROLINA,SC,1,1,1,1,1,1,23,0,BLADON SPRINGS,8,11,November,2012,5,Thursday,21,49,1,1,1,55,34.60196667,-81.01731944,8,2,0,0,0,1,0
450634,SOUTH CAROLINA,SC,2,2,0,0,2,2,45,0,ARITON,11,11,November,2012,1,Sunday,12,30,1,2,2,18,34.80310278,-82.42987778,12,1,0,0,0,1,1
450635,SOUTH CAROLINA,SC,1,1,0,0,1,1,91,0,DAYTON,11,11,November,2012,1,Sunday,22,25,0,9,3,0,34.92184167,-81.14507778,42,2,0,0,0,1,0
450636,SOUTH CAROLINA,SC,2,2,0,0,3,3,45,0,ARITON,11,11,November,2012,1,Sunday,11,55,0,3,3,10,35.08983611,-82.44600833,12,1,0,0,0,1,0
450637,SOUTH CAROLINA,SC,1,1,0,0,1,1,51,0,CENTRAL,12,11,November,2012,2,Monday,22,25,0,4,3,0,33.67588889,-79.01593056,24,2,0,0,0,1,0
450638,SOUTH CAROLINA,SC,1,1,0,0,1,1,43,0,BAILEYTON,24,9,September,2012,2,Monday,13,8,0,4,3,0,33.46448611,-79.36394722,34,1,0,0,0,1,1
450639,SOUTH CAROLINA,SC,1,1,1,1,1,1,75,0,BEAVERTON,11,10,October,2012,5,Thursday,22,10,0,14,2,22,33.48527778,-80.83171944,8,2,0,0,0,1,0
450640,SOUTH CAROLINA,SC,2,2,0,0,3,3,83,0,ARDMORE,30,10,October,2012,3,Tuesday,9,42,1,13,2,28,34.99142222,-81.91780000,12,1,0,0,0,1,0
450641,SOUTH CAROLINA,SC,1,1,0,0,1,1,51,0,CENTRAL,15,11,November,2012,5,Thursday,1,15,0,4,3,0,33.88520000,-79.03801111,42,2,0,0,0,1,0
450642,SOUTH CAROLINA,SC,1,1,0,0,1,1,77,0,ANDERSON,16,11,November,2012,6,Friday,13,35,0,4,3,0,34.82142778,-82.55001111,32,1,0,0,0,1,1
450643,SOUTH CAROLINA,SC,4,4,0,0,7,7,63,0,BOLIGEE,23,7,July,2012,2,Monday,15,0,0,3,3,0,33.94417778,-81.10340000,12,1,0,0,0,1,0
450644,SOUTH CAROLINA,SC,2,2,0,0,3,3,3,0,BALDWIN,28,7,July,2012,7,Saturday,22,50,0,4,3,7,33.61581667,-81.71547222,12,2,0,0,0,1,1
450645,SOUTH CAROLINA,SC,1,1,0,0,2,2,47,0,BROWNS,15,9,September,2012,7,Saturday,4,25,0,4,3,6,34.26713611,-82.14085556,30,2,0,0,0,1,1
450646,SOUTH CAROLINA,SC,1,1,0,0,1,1,75,0,BEAVERTON,7,10,October,2012,1,Sunday,23,10,0,5,5,6,33.45292778,-80.42821389,1,2,0,0,0,1,0
450647,SOUTH CAROLINA,SC,1,1,1,1,3,3,79,520,COURTLAND,10,10,October,2012,4,Wednesday,14,58,0,6,6,0,34.02977778,-81.01498611,8,1,0,0,0,1,0
450648,SOUTH CAROLINA,SC,1,1,0,0,2,2,73,0,ARGO,16,10,October,2012,3,Tuesday,0,10,0,4,3,6,34.67226944,-82.89978889,42,2,0,0,0,1,1
450649,SOUTH CAROLINA,SC,1,1,1,1,1,1,79,520,COURTLAND,19,10,October,2012,6,Friday,7,3,0,3,3,0,34.00690278,-81.03770833,8,3,0,0,0,1,0
450650,SOUTH CAROLINA,SC,2,2,0,0,2,2,41,0,BRANTLEY,26,10,October,2012,6,Friday,9,19,0,4,3,0,33.94478889,-79.50111667,12,1,0,0,0,1,0
450651,SOUTH CAROLINA,SC,1,1,0,0,1,1,47,0,BROWNS,4,11,November,2012,1,Sunday,9,18,1,2,2,11,34.09862222,-82.10154444,35,1,0,0,0,1,0
450652,SOUTH CAROLINA,SC,1,1,1,1,2,2,51,1730,CENTRAL,12,11,November,2012,2,Monday,1,35,1,2,2,12,33.70696389,-78.92000278,8,2,0,0,0,1,0
450653,SOUTH CAROLINA,SC,1,1,0,0,1,1,51,0,CENTRAL,18,11,November,2012,1,Sunday,1,45,1,2,2,0,33.77076111,-79.07200556,34,2,0,0,0,1,1
450654,SOUTH CAROLINA,SC,1,1,0,0,2,2,31,0,COFFEE,24,11,November,2012,7,Saturday,23,50,0,15,3,1,34.38085833,-80.05361111,34,3,0,0,0,1,1
450655,SOUTH CAROLINA,SC,1,1,0,0,1,1,11,0,BULLOCK,24,10,October,2012,4,Wednesday,5,49,0,3,3,7,33.28284722,-81.24806944,1,2,0,0,0,1,0
450656,SOUTH CAROLINA,SC,4,4,0,0,4,4,73,0,ARGO,16,11,November,2012,6,Friday,6,40,0,3,3,8,34.59984444,-83.04543333,12,4,0,0,0,1,0
450657,SOUTH CAROLINA,SC,1,1,0,0,1,1,51,0,CENTRAL,10,11,November,2012,7,Saturday,20,25,0,4,3,0,33.69457222,-79.04782500,35,2,0,0,0,1,0
450658,SOUTH CAROLINA,SC,1,1,1,1,2,2,51,0,CENTRAL,15,11,November,2012,5,Thursday,19,37,0,4,3,2,33.71746667,-78.93343333,8,2,0,0,0,1,0
450659,SOUTH CAROLINA,SC,1,1,0,0,2,2,39,0,ANDALUSIA,16,11,November,2012,6,Friday,11,20,1,1,1,34,34.29395556,-80.99666111,24,1,0,0,0,2,0
450660,SOUTH CAROLINA,SC,1,1,0,0,1,1,55,0,ATTALLA,16,11,November,2012,6,Friday,18,20,1,2,2,4,34.14188333,-80.68975000,43,2,0,0,0,1,1
450661,SOUTH CAROLINA,SC,1,1,0,0,2,2,15,0,ANNISTON,18,11,November,2012,1,Sunday,10,0,0,4,3,8,32.99518611,-79.84651944,32,1,0,0,0,2,0
450662,SOUTH CAROLINA,SC,2,2,0,0,4,4,7,0,BIBB,19,11,November,2012,2,Monday,6,40,0,3,3,0,34.70258611,-82.47986111,12,4,0,0,0,1,0
450663,SOUTH CAROLINA,SC,1,1,0,0,1,1,35,0,BROOKLYN,21,11,November,2012,4,Wednesday,5,30,0,4,3,3,33.21437222,-80.42523611,34,2,0,0,0,1,0
450664,SOUTH CAROLINA,SC,2,2,0,0,2,2,83,0,ARDMORE,21,11,November,2012,4,Wednesday,15,28,0,14,3,5,34.96144444,-82.05415000,12,1,0,0,0,1,1
450665,SOUTH CAROLINA,SC,2,2,0,0,3,3,79,0,COURTLAND,21,11,November,2012,4,Wednesday,22,30,0,15,3,1,34.07354722,-80.92732222,12,2,0,0,0,1,1
450666,SOUTH CAROLINA,SC,1,1,0,0,1,1,85,0,BENTON,22,11,November,2012,5,Thursday,2,5,0,3,3,2,33.76950000,-80.44793889,42,2,0,0,0,1,0
450667,SOUTH CAROLINA,SC,1,1,0,0,1,1,89,0,BROWNSBORO,31,5,May,2012,5,Thursday,4,13,1,2,2,17,33.75691944,-79.80488333,11,2,0,0,0,1,0
450668,SOUTH CAROLINA,SC,2,2,0,0,2,2,51,0,CENTRAL,24,6,June,2012,1,Sunday,12,45,0,14,3,2,33.78091944,-79.02135278,12,1,0,0,0,1,1
450669,SOUTH CAROLINA,SC,1,1,0,0,1,1,7,0,BIBB,12,10,October,2012,6,Friday,6,41,1,2,2,0,34.51057222,-82.63282500,18,3,0,0,0,1,0
450670,SOUTH CAROLINA,SC,2,2,0,0,3,3,15,1680,ANNISTON,27,10,October,2012,7,Saturday,1,31,1,2,2,11,33.14702222,-80.03245000,12,2,0,0,0,1,1
450671,SOUTH CAROLINA,SC,1,1,0,0,2,2,79,520,COURTLAND,6,11,November,2012,3,Tuesday,2,25,1,1,1,0,34.00960833,-81.05083889,24,3,0,0,0,1,1
450672,SOUTH CAROLINA,SC,1,1,1,1,2,2,45,0,ARITON,6,11,November,2012,3,Tuesday,14,11,0,4,3,1,34.86638056,-82.43988333,1,1,0,0,0,1,0
450673,SOUTH CAROLINA,SC,1,1,1,1,1,1,63,936,BOLIGEE,7,11,November,2012,4,Wednesday,18,45,1,2,2,9,33.81536111,-81.10179167,8,2,0,0,0,1,0
450674,SOUTH CAROLINA,SC,2,2,0,0,2,2,19,1805,CEDAR BLUFF,12,11,November,2012,2,Monday,13,55,1,2,2,8,32.97566667,-80.06429167,12,1,0,0,0,1,0
450675,SOUTH CAROLINA,SC,5,5,0,0,15,15,15,0,ANNISTON,14,11,November,2012,4,Wednesday,19,30,1,2,2,0,33.28521389,-79.70789444,12,2,0,0,0,4,1
450676,SOUTH CAROLINA,SC,2,2,0,0,2,2,59,0,FRANKLIN,16,11,November,2012,6,Friday,4,45,1,1,1,0,34.58880278,-81.89225833,12,2,0,0,0,1,0
450677,SOUTH CAROLINA,SC,1,1,1,1,2,2,35,0,BROOKLYN,23,11,November,2012,6,Friday,0,2,0,4,3,1,32.92510833,-80.08322222,8,3,0,0,0,1,0
450678,SOUTH CAROLINA,SC,1,1,1,1,1,1,61,0,BELLWOOD,24,11,November,2012,7,Saturday,11,20,0,9,3,0,34.24022778,-80.34301944,9,1,0,0,0,1,0
450679,SOUTH CAROLINA,SC,2,2,0,0,4,4,7,0,BIBB,24,11,November,2012,7,Saturday,6,0,1,13,2,16,34.49183056,-82.63284444,12,2,0,0,0,1,1
450680,SOUTH CAROLINA,SC,1,1,1,1,3,3,27,0,ASHLAND,26,11,November,2012,2,Monday,19,45,1,1,1,132,33.84918889,-80.11911111,8,2,0,0,0,1,0
450681,SOUTH CAROLINA,SC,1,1,0,0,1,1,25,0,BARLOW BEND,26,11,November,2012,2,Monday,20,0,0,4,3,4,34.72398889,-80.33571389,1,2,0,0,0,1,1
450682,SOUTH CAROLINA,SC,1,1,0,0,4,4,31,0,COFFEE,28,11,November,2012,4,Wednesday,4,10,0,9,3,0,34.37268333,-79.81273611,42,2,0,0,0,2,0
450683,SOUTH CAROLINA,SC,1,1,0,0,1,1,21,0,CHILTON,30,11,November,2012,6,Friday,17,20,0,3,3,4,34.90672778,-81.50755000,42,5,0,0,0,1,1
450684,SOUTH CAROLINA,SC,2,2,0,0,2,2,83,2460,ARDMORE,26,5,May,2012,7,Saturday,16,0,0,3,3,0,34.93466667,-81.94981667,12,1,0,0,0,1,0
450685,SOUTH CAROLINA,SC,1,1,0,0,1,1,83,2460,ARDMORE,27,10,October,2012,7,Saturday,15,45,0,3,3,2,34.95946389,-82.12507778,59,1,0,0,0,1,0
450686,SOUTH CAROLINA,SC,2,2,0,0,6,6,45,0,ARITON,10,11,November,2012,7,Saturday,15,55,1,2,2,31,34.89263889,-82.40770556,12,1,0,0,0,1,0
450687,SOUTH CAROLINA,SC,2,2,0,0,3,3,59,0,FRANKLIN,21,11,November,2012,4,Wednesday,14,30,0,3,3,6,34.33189444,-81.85194444,12,1,0,0,0,1,0
450688,SOUTH CAROLINA,SC,1,1,0,0,1,1,81,0,AUBURN,25,11,November,2012,1,Sunday,2,35,0,9,3,5,33.98295000,-81.78509722,32,2,0,0,0,1,1
450689,SOUTH CAROLINA,SC,1,1,0,0,1,1,11,0,BULLOCK,30,11,November,2012,6,Friday,5,45,0,9,3,0,33.14643611,-81.48937222,35,2,0,0,0,1,0
450690,SOUTH CAROLINA,SC,1,1,0,0,3,3,29,0,BORDEN SPRINGS,1,12,December,2012,7,Saturday,12,0,0,6,6,0,32.75736111,-80.67522778,1,1,0,0,0,2,0
450691,SOUTH CAROLINA,SC,1,1,0,0,1,1,45,0,ARITON,1,12,December,2012,7,Saturday,6,50,0,4,3,0,34.98264444,-82.38621389,53,2,0,0,0,1,0
450692,SOUTH CAROLINA,SC,2,2,0,0,2,2,47,0,BROWNS,1,12,December,2012,7,Saturday,6,0,0,3,3,4,34.16742222,-82.08791111,12,2,0,0,0,1,2
450693,SOUTH CAROLINA,SC,2,2,0,0,2,2,33,0,CHEROKEE,2,12,December,2012,1,Sunday,19,18,0,4,3,2,34.51045556,-79.36145278,12,3,0,0,0,1,0
450694,SOUTH CAROLINA,SC,1,1,0,0,1,1,91,0,DAYTON,2,12,December,2012,1,Sunday,0,3,0,4,3,0,35.04908333,-81.23825833,53,3,0,0,0,1,1
450695,SOUTH CAROLINA,SC,2,2,0,0,3,3,67,0,ABBEVILLE,2,12,December,2012,1,Sunday,16,38,1,2,2,0,34.24734722,-79.40894722,12,1,0,0,0,1,1
450696,SOUTH CAROLINA,SC,1,1,1,1,1,1,63,520,BOLIGEE,3,12,December,2012,2,Monday,13,33,1,11,1,63,34.02652500,-81.12709167,39,1,0,0,0,1,0
450697,SOUTH CAROLINA,SC,1,1,1,1,1,1,83,0,ARDMORE,6,12,December,2012,5,Thursday,20,15,1,11,1,65,34.93799444,-82.07573889,8,2,0,0,0,1,0
450698,SOUTH CAROLINA,SC,1,1,0,0,2,2,45,0,ARITON,6,12,December,2012,5,Thursday,2,0,0,4,3,3,35.07729722,-82.47089722,1,2,0,0,0,2,0
450699,SOUTH CAROLINA,SC,1,1,0,0,4,4,89,0,BROWNSBORO,8,12,December,2012,7,Saturday,1,10,0,4,3,4,33.37000278,-79.71690278,34,2,0,0,0,1,1
450700,SOUTH CAROLINA,SC,1,1,0,0,1,1,67,0,ABBEVILLE,8,12,December,2012,7,Saturday,1,30,0,4,3,6,34.20813056,-79.18503611,42,2,0,0,0,1,0
450701,SOUTH CAROLINA,SC,1,1,0,0,1,1,29,0,BORDEN SPRINGS,10,12,December,2012,2,Monday,18,20,0,3,3,7,33.03165556,-80.94861111,42,2,0,0,0,1,1
450702,SOUTH CAROLINA,SC,2,2,0,0,3,3,41,0,BRANTLEY,10,12,December,2012,2,Monday,23,3,1,2,2,0,33.91899444,-79.68529722,12,2,0,0,0,1,1
450703,SOUTH CAROLINA,SC,1,1,1,1,1,1,89,0,BROWNSBORO,14,12,December,2012,6,Friday,21,33,0,3,3,33,33.74392778,-79.47363611,8,2,0,0,0,1,0
450704,SOUTH CAROLINA,SC,3,3,0,0,6,6,79,520,COURTLAND,14,12,December,2012,6,Friday,0,35,1,2,2,0,33.98958889,-81.04122500,12,3,0,0,0,2,2
450705,SOUTH CAROLINA,SC,2,2,0,0,5,5,81,0,AUBURN,15,12,December,2012,7,Saturday,2,13,0,3,3,10,33.85832500,-81.60355278,12,2,0,0,0,2,1
450706,SOUTH CAROLINA,SC,1,1,1,1,1,1,15,0,ANNISTON,15,12,December,2012,7,Saturday,0,41,1,13,3,4,32.97101667,-80.01355000,8,2,0,0,0,1,0
450707,SOUTH CAROLINA,SC,1,1,0,0,1,1,45,1040,ARITON,23,10,October,2012,3,Tuesday,15,9,0,6,6,0,34.84281667,-82.42058889,7,1,0,0,0,1,0
450708,SOUTH CAROLINA,SC,2,2,0,0,2,2,45,1060,ARITON,24,8,August,2012,6,Friday,22,41,1,2,2,0,34.93320278,-82.28322778,12,2,0,0,0,1,1
450709,SOUTH CAROLINA,SC,2,2,0,0,3,3,3,0,BALDWIN,4,11,November,2012,1,Sunday,10,22,1,2,2,0,33.60064167,-81.68668333,12,1,0,0,0,1,0
450710,SOUTH CAROLINA,SC,1,1,0,0,2,2,3,0,BALDWIN,14,11,November,2012,4,Wednesday,2,58,0,3,3,4,33.56397778,-81.61706667,1,2,0,0,0,1,1
450711,SOUTH CAROLINA,SC,1,1,0,0,3,3,27,0,ASHLAND,24,11,November,2012,7,Saturday,4,30,1,2,2,0,33.73937778,-80.19353611,32,2,0,0,0,1,1
450712,SOUTH CAROLINA,SC,1,1,0,0,2,2,7,0,BIBB,4,12,December,2012,3,Tuesday,13,5,0,4,3,1,34.42408056,-82.60407778,34,1,0,0,0,1,1