ST_CASE,State Name,State Abbreviation,# of Vehicle involved,Parked_Vehicles_Involved,Pedestrains,Person_Not_in_Motor_Vehicle,Persons_in_motor_vehicle,Total_Persons_in_accident,COUNTY,CITY,City_County_Name,Calendar_DAY,MONTH,Month_name,YEAR,DAY_WEEK,Day_Week_desc,HOUR,MINUTE,NHS_Desc,trafficway,Route,MILEPT,LATITUDE,LONGITUD,First_Crash_event,Light_cond_desc,Weather_condition,School_bus_involved,Crash_cause,FATALS,DRUNK_DR
460049,SOUTH DAKOTA,SD,2,2,0,0,4,4,13,0,BOLLING,20,7,July,2012,6,Friday,21,56,0,3,3,2342,45.80285556,-98.14495278,12,2,0,0,0,1,1
460050,SOUTH DAKOTA,SD,1,1,0,0,1,1,13,0,BOLLING,22,7,July,2012,1,Sunday,17,0,0,6,4,0,45.66097222,-98.00473333,1,1,0,0,0,1,0
460051,SOUTH DAKOTA,SD,1,1,0,0,7,7,113,0,COTTONTON,4,5,May,2012,6,Friday,13,50,0,4,4,0,43.34960556,-102.80631389,1,1,0,0,0,1,1
460052,SOUTH DAKOTA,SD,2,2,0,0,4,4,103,0,DANVILLE,24,7,July,2012,3,Tuesday,18,59,1,2,2,550,43.96291667,-103.35376111,12,1,0,0,0,1,1
460053,SOUTH DAKOTA,SD,5,5,0,0,5,5,99,2450,BEATRICE,25,7,July,2012,4,Wednesday,17,51,0,13,6,0,43.52951111,-96.73129167,12,1,0,0,0,1,0
460054,SOUTH DAKOTA,SD,2,2,0,0,3,3,99,2450,BEATRICE,28,7,July,2012,7,Saturday,0,7,0,14,6,0,43.52946944,-96.74123333,12,3,0,0,0,1,1
460055,SOUTH DAKOTA,SD,1,1,0,0,2,2,81,0,AUBURN,1,8,August,2012,4,Wednesday,17,10,0,4,4,0,44.21684722,-103.50523056,1,1,0,0,0,1,0
460056,SOUTH DAKOTA,SD,1,1,0,0,1,1,103,0,DANVILLE,5,8,August,2012,1,Sunday,15,7,0,3,3,272,44.09878056,-103.51086667,31,1,0,0,0,1,1
460057,SOUTH DAKOTA,SD,1,1,0,0,1,1,81,0,AUBURN,5,8,August,2012,1,Sunday,21,40,0,15,4,0,44.51795278,-103.89383889,1,2,0,0,0,1,1
460058,SOUTH DAKOTA,SD,2,2,0,0,2,2,103,0,DANVILLE,6,8,August,2012,2,Monday,12,49,0,3,3,322,43.87483611,-103.46113889,1,1,0,0,0,1,0
460059,SOUTH DAKOTA,SD,1,1,0,0,1,1,83,0,ARDMORE,4,8,August,2012,7,Saturday,23,41,0,4,4,0,43.12703333,-96.50582500,35,2,0,0,0,1,1
460060,SOUTH DAKOTA,SD,1,1,0,0,1,1,117,1030,BIRMINGHAM,5,8,August,2012,1,Sunday,4,16,0,6,6,0,44.37007222,-100.39253611,38,2,0,0,0,1,1
460061,SOUTH DAKOTA,SD,1,1,0,0,6,6,83,0,ARDMORE,5,8,August,2012,1,Sunday,17,20,1,1,1,633,43.32388889,-96.79634167,1,1,0,0,0,1,0
460062,SOUTH DAKOTA,SD,1,1,0,0,2,2,81,0,AUBURN,6,8,August,2012,2,Monday,12,58,0,2,2,314,44.29245278,-103.83044167,1,1,0,0,0,1,0
460063,SOUTH DAKOTA,SD,2,2,0,0,4,4,19,0,CEDAR BLUFF,7,8,August,2012,3,Tuesday,13,15,1,2,2,501,44.59706389,-103.86273889,12,1,0,0,0,1,0
460064,SOUTH DAKOTA,SD,2,2,0,0,2,2,81,0,AUBURN,7,8,August,2012,3,Tuesday,15,9,1,2,2,317,44.41592778,-103.71268889,12,1,0,0,0,1,1
460065,SOUTH DAKOTA,SD,1,1,0,0,2,2,99,0,BEATRICE,8,8,August,2012,4,Wednesday,11,47,1,1,1,3894,43.60893611,-96.91043056,1,1,0,0,0,2,0
460066,SOUTH DAKOTA,SD,2,2,0,0,4,4,19,0,CEDAR BLUFF,8,8,August,2012,4,Wednesday,15,42,0,4,3,82,44.64746111,-103.89051944,12,1,0,0,0,2,1
460067,SOUTH DAKOTA,SD,2,2,0,0,2,2,83,0,ARDMORE,9,8,August,2012,5,Thursday,8,50,0,3,2,4307,43.25793056,-96.88585556,12,1,0,0,0,1,0
460068,SOUTH DAKOTA,SD,2,2,0,0,3,3,33,0,CHEROKEE,10,8,August,2012,6,Friday,13,5,0,3,3,756,43.85235556,-103.57473611,1,1,0,0,0,1,0
460069,SOUTH DAKOTA,SD,1,1,0,0,2,2,93,0,BEAR CREEK,10,8,August,2012,6,Friday,16,54,0,6,4,0,44.29886944,-103.43516667,1,1,0,0,0,1,1
460070,SOUTH DAKOTA,SD,2,2,0,0,3,3,65,0,CYPRESS,11,8,August,2012,7,Saturday,14,4,1,2,2,2511,44.51455000,-99.98118056,12,1,0,0,0,1,0
460071,SOUTH DAKOTA,SD,1,1,0,0,3,3,17,1035,CHAMBERS,28,7,July,2012,7,Saturday,19,20,0,3,3,2717,44.07746667,-99.38752500,1,5,0,0,0,1,1
460072,SOUTH DAKOTA,SD,1,1,0,0,2,2,67,0,ABBEVILLE,4,8,August,2012,7,Saturday,16,44,0,6,4,0,43.45515278,-97.97761944,1,1,0,0,0,1,0
460073,SOUTH DAKOTA,SD,1,1,0,0,4,4,7,0,BIBB,20,8,August,2012,2,Monday,2,5,1,2,2,1482,43.17214722,-101.74625556,1,2,0,0,0,2,1
460074,SOUTH DAKOTA,SD,2,1,0,0,1,1,35,1850,BROOKLYN,9,8,August,2012,5,Thursday,15,4,0,14,6,0,43.68759167,-98.01349167,31,1,0,0,0,1,0
460075,SOUTH DAKOTA,SD,2,2,0,0,3,3,83,0,ARDMORE,25,8,August,2012,7,Saturday,5,58,1,1,1,649,43.33855278,-96.79660556,12,4,0,0,0,1,1
460076,SOUTH DAKOTA,SD,1,1,0,0,1,1,81,0,AUBURN,25,8,August,2012,7,Saturday,19,4,0,6,4,0,44.31032778,-103.80373889,17,5,0,0,0,1,1
460077,SOUTH DAKOTA,SD,1,1,0,0,4,4,127,0,BURNWELL,25,8,August,2012,7,Saturday,20,24,0,15,4,0,42.50657222,-96.49804444,33,3,0,0,0,1,0
460078,SOUTH DAKOTA,SD,1,1,0,0,4,4,71,0,BRIDGEPORT,29,8,August,2012,4,Wednesday,12,10,1,1,1,1522,43.85069444,-101.48597778,1,1,0,0,0,1,0
460079,SOUTH DAKOTA,SD,1,1,0,0,1,1,71,0,BRIDGEPORT,2,8,August,2012,5,Thursday,19,35,0,3,3,1484,43.57740278,-101.65693889,38,1,0,0,0,1,1
460080,SOUTH DAKOTA,SD,2,2,0,0,2,2,73,0,ARGO,6,9,September,2012,5,Thursday,9,43,0,3,3,3099,44.08102778,-98.62340556,12,1,0,0,0,1,0
460081,SOUTH DAKOTA,SD,1,1,0,0,2,2,81,0,AUBURN,9,9,September,2012,1,Sunday,21,37,1,1,1,215,44.47821667,-103.67047778,24,2,0,0,0,1,0
460082,SOUTH DAKOTA,SD,1,1,0,0,2,2,97,0,AXIS,12,9,September,2012,4,Wednesday,20,41,0,4,4,0,44.19379444,-97.70990278,1,2,0,0,0,1,0
460083,SOUTH DAKOTA,SD,1,1,0,0,1,1,11,360,BULLOCK,14,9,September,2012,6,Friday,12,35,0,16,6,0,44.31280000,-96.82677500,10,1,0,0,0,1,0
460084,SOUTH DAKOTA,SD,1,1,0,0,1,1,21,0,CHILTON,22,9,September,2012,7,Saturday,3,24,1,2,2,2305,45.79431944,-100.06906667,35,2,0,0,0,1,1
460085,SOUTH DAKOTA,SD,1,1,1,1,2,2,99,2450,BEATRICE,22,9,September,2012,7,Saturday,16,26,0,16,6,0,43.51580278,-96.73123611,8,1,0,0,0,1,0
460086,SOUTH DAKOTA,SD,1,1,0,0,1,1,93,0,BEAR CREEK,23,9,September,2012,1,Sunday,19,1,0,4,4,0,44.42282500,-103.38748611,1,2,0,0,0,1,1
460087,SOUTH DAKOTA,SD,2,2,0,0,3,3,99,0,BEATRICE,19,8,August,2012,1,Sunday,13,35,0,4,4,0,43.64524444,-96.81128333,12,1,0,0,0,1,0
460088,SOUTH DAKOTA,SD,1,1,0,0,1,1,103,0,DANVILLE,29,9,September,2012,7,Saturday,16,15,0,4,4,0,43.96648333,-103.61365278,42,1,0,0,0,1,0
460089,SOUTH DAKOTA,SD,2,2,0,0,2,2,37,2880,BRADFORD,29,9,September,2012,7,Saturday,12,42,1,2,2,3435,45.34098611,-97.51994722,12,1,0,0,0,1,0
460090,SOUTH DAKOTA,SD,2,2,0,0,3,3,87,0,ARMSTRONG,3,10,October,2012,4,Wednesday,13,53,0,4,3,3222,43.71622222,-97.58874722,12,1,0,0,0,1,0
460091,SOUTH DAKOTA,SD,2,2,0,0,3,3,29,0,BORDEN SPRINGS,5,10,October,2012,6,Friday,11,15,1,2,2,3641,44.87625000,-97.36076389,12,1,0,0,0,1,0
460092,SOUTH DAKOTA,SD,1,1,0,0,1,1,47,0,BROWNS,6,9,September,2012,5,Thursday,9,28,0,6,4,0,43.25340556,-103.90980556,11,1,0,0,0,1,0
460093,SOUTH DAKOTA,SD,1,1,0,0,2,2,73,0,ARGO,14,10,October,2012,1,Sunday,15,55,0,4,4,0,44.19534722,-98.37583333,1,1,0,0,0,2,0
460094,SOUTH DAKOTA,SD,1,1,0,0,2,2,103,0,DANVILLE,20,10,October,2012,7,Saturday,17,4,0,3,3,331,44.06524722,-103.42635833,24,1,0,0,0,1,1
460095,SOUTH DAKOTA,SD,2,2,0,0,6,6,99,2450,BEATRICE,16,10,October,2012,3,Tuesday,18,23,0,13,6,0,43.54674444,-96.69032222,12,1,0,0,0,1,0
460096,SOUTH DAKOTA,SD,4,4,0,0,4,4,81,0,AUBURN,26,10,October,2012,6,Friday,16,37,0,3,3,203,44.54665833,-103.72276944,12,1,0,0,0,1,0
460097,SOUTH DAKOTA,SD,1,1,0,0,5,5,31,0,COFFEE,12,6,June,2012,3,Tuesday,19,34,0,3,3,2436,45.70150278,-100.81328333,1,1,0,0,0,1,1
460098,SOUTH DAKOTA,SD,1,1,0,0,2,2,31,0,COFFEE,29,6,June,2012,6,Friday,10,3,0,4,4,0,45.76173056,-101.05503333,1,1,0,0,0,2,0
460099,SOUTH DAKOTA,SD,2,2,0,0,6,6,115,0,ASHVILLE,7,11,November,2012,4,Wednesday,5,41,1,2,2,1734,45.15828611,-98.51410278,12,2,0,0,0,4,0
460100,SOUTH DAKOTA,SD,1,1,0,0,1,1,89,940,BROWNSBORO,28,8,August,2012,3,Tuesday,20,15,0,6,6,0,45.77454722,-99.61994444,1,5,0,0,0,1,1
460101,SOUTH DAKOTA,SD,2,2,0,0,3,3,99,2450,BEATRICE,2,11,November,2012,6,Friday,17,0,0,13,3,717,43.53641389,-96.65185278,12,1,0,0,0,1,0
460102,SOUTH DAKOTA,SD,1,1,0,0,2,2,99,2450,BEATRICE,15,11,November,2012,5,Thursday,19,40,0,16,6,0,43.52931111,-96.81586111,33,3,0,0,0,1,0
460103,SOUTH DAKOTA,SD,1,1,0,0,2,2,99,0,BEATRICE,27,11,November,2012,3,Tuesday,9,58,1,1,1,3796,43.64373611,-97.08901111,1,1,0,0,0,1,0
460104,SOUTH DAKOTA,SD,2,2,0,0,2,2,97,0,AXIS,29,11,November,2012,5,Thursday,17,20,0,3,3,3606,44.00723611,-97.63758056,12,2,0,0,0,1,0
460105,SOUTH DAKOTA,SD,1,1,0,0,1,1,37,0,BRADFORD,2,12,December,2012,1,Sunday,4,58,0,4,4,0,45.29751667,-97.28205833,1,2,0,0,0,1,1
460106,SOUTH DAKOTA,SD,1,1,0,0,1,1,87,0,ARMSTRONG,3,12,December,2012,2,Monday,0,45,0,4,3,3420,43.70157222,-97.19916944,35,2,0,0,0,1,1
460107,SOUTH DAKOTA,SD,3,3,0,0,5,5,45,0,ARITON,7,12,December,2012,6,Friday,10,34,1,2,2,2707,45.44760000,-98.87284167,12,1,0,0,0,2,0
460108,SOUTH DAKOTA,SD,1,1,0,0,1,1,85,0,BENTON,7,12,December,2012,6,Friday,0,55,0,6,4,0,43.96307500,-100.28632222,1,2,0,0,0,1,1
460109,SOUTH DAKOTA,SD,2,2,0,0,4,4,129,0,BIGBEE,9,12,December,2012,1,Sunday,17,41,1,2,2,1949,45.53715000,-100.32486667,12,2,0,0,0,1,0
460110,SOUTH DAKOTA,SD,1,1,0,0,2,2,7,0,BIBB,3,12,December,2012,2,Monday,12,44,0,6,4,0,43.27579444,-101.84466389,1,1,0,0,0,1,1
460111,SOUTH DAKOTA,SD,3,3,0,0,4,4,127,0,BURNWELL,18,12,December,2012,3,Tuesday,7,0,1,1,1,150,42.66396111,-96.65576667,12,2,0,0,0,1,0
460112,SOUTH DAKOTA,SD,1,1,0,0,3,3,127,0,BURNWELL,18,12,December,2012,3,Tuesday,7,5,1,1,1,271,42.79228333,-96.79485556,1,4,0,0,0,1,0
460113,SOUTH DAKOTA,SD,1,1,0,0,1,1,127,0,BURNWELL,18,12,December,2012,3,Tuesday,7,38,1,1,1,351,42.90813611,-96.79518333,1,4,10,0,0,1,0
460114,SOUTH DAKOTA,SD,2,2,0,0,2,2,9,0,BLOUNT,20,12,December,2012,5,Thursday,12,35,0,3,3,3055,43.08240833,-97.96970556,12,1,0,0,0,1,0
460115,SOUTH DAKOTA,SD,2,2,0,0,3,3,99,2450,BEATRICE,6,12,December,2012,5,Thursday,17,13,0,3,3,964,43.70322778,-96.71130833,12,2,0,0,0,1,0
460116,SOUTH DAKOTA,SD,1,1,0,0,1,1,9,0,BLOUNT,22,12,December,2012,7,Saturday,18,30,0,6,4,0,42.89386667,-97.82096667,35,2,0,0,0,1,1
460117,SOUTH DAKOTA,SD,2,2,0,0,2,2,95,0,ALBERTVILLE,27,12,December,2012,5,Thursday,8,29,1,2,2,363,43.45473056,-100.74060556,12,1,0,0,0,1,0
460119,SOUTH DAKOTA,SD,1,1,0,0,2,2,113,0,COTTONTON,31,8,August,2012,6,Friday,22,37,0,4,4,0,43.20331667,-102.33293333,1,2,0,0,0,1,1
470001,TENNESSEE,TN,1,1,0,0,1,1,77,0,ANDERSON,4,1,January,2012,4,Wednesday,99,99,0,5,4,64,35.72258333,-88.25554167,42,9,0,0,0,1,1
470002,TENNESSEE,TN,1,1,0,0,2,2,147,2340,AUGUSTA,2,1,January,2012,2,Monday,20,43,0,3,3,137,36.52757500,-86.84031111,35,2,0,0,0,1,1
470003,TENNESSEE,TN,1,1,1,1,1,1,93,0,BEAR CREEK,4,1,January,2012,4,Wednesday,17,7,0,6,4,0,36.01101111,-84.07170556,8,1,0,0,0,1,0
470005,TENNESSEE,TN,1,1,0,0,1,1,93,1300,BEAR CREEK,2,1,January,2012,2,Monday,19,31,0,14,3,109,35.96221111,-83.94775000,30,3,0,0,0,1,1
470006,TENNESSEE,TN,1,1,0,0,2,2,29,0,BORDEN SPRINGS,6,1,January,2012,6,Friday,21,15,1,1,1,32,35.96486944,-83.22024167,34,2,0,0,0,1,1
470007,TENNESSEE,TN,1,1,0,0,1,1,181,0,LINCOLN,10,1,January,2012,3,Tuesday,11,25,0,3,3,176,35.21550556,-87.71956111,35,1,0,0,0,1,0
470008,TENNESSEE,TN,1,1,0,0,3,3,157,1620,ARCADE,1,1,January,2012,1,Sunday,0,3,0,14,3,34,35.13549444,-89.96185556,33,3,0,0,0,1,1
470009,TENNESSEE,TN,2,2,0,0,2,2,93,1300,BEAR CREEK,4,1,January,2012,4,Wednesday,13,1,0,14,6,51,36.01781111,-83.98261111,12,1,0,0,0,1,0
470010,TENNESSEE,TN,4,4,0,0,6,6,57,173,BANKSTON,6,1,January,2012,6,Friday,17,55,1,2,2,11,36.27861667,-83.28197222,12,1,0,0,0,1,1
470011,TENNESSEE,TN,2,2,0,0,2,2,39,0,ANDALUSIA,26,1,January,2012,5,Thursday,22,10,1,2,3,353,35.74159167,-88.09588333,12,2,0,0,0,1,1
470012,TENNESSEE,TN,2,2,0,0,2,2,163,1280,AVERA,29,1,January,2012,1,Sunday,2,40,1,11,1,155,36.50862778,-82.42801667,12,2,0,0,0,1,1
470013,TENNESSEE,TN,2,2,0,0,3,3,93,0,BEAR CREEK,6,1,January,2012,6,Friday,23,42,0,14,4,22,36.04086667,-83.96021389,12,2,0,0,0,1,1
470014,TENNESSEE,TN,2,2,0,0,4,4,157,1620,ARCADE,11,1,January,2012,4,Wednesday,14,49,1,13,3,219,35.21951944,-89.91080833,12,1,0,0,0,1,0
470015,TENNESSEE,TN,2,2,0,0,2,2,49,0,COLLINSVILLE,12,1,January,2012,5,Thursday,7,15,0,3,3,79,36.43749444,-84.98001667,12,1,0,0,0,1,0
470016,TENNESSEE,TN,1,1,0,0,3,3,93,0,BEAR CREEK,15,1,January,2012,1,Sunday,17,18,0,14,4,55,35.98075556,-83.82085278,1,2,0,0,0,1,1
470017,TENNESSEE,TN,1,1,0,0,1,1,115,0,ASHVILLE,18,1,January,2012,4,Wednesday,7,17,1,1,1,21,35.22652778,-85.82287778,35,1,0,0,0,1,0
470018,TENNESSEE,TN,2,2,0,0,3,3,157,1620,ARCADE,24,1,January,2012,3,Tuesday,13,25,0,14,2,142,35.17282778,-90.03599722,12,1,0,0,0,2,0
470019,TENNESSEE,TN,2,2,0,0,3,3,157,1620,ARCADE,24,1,January,2012,3,Tuesday,20,34,0,13,3,78,35.16028333,-89.79518889,12,3,0,0,0,1,0
470020,TENNESSEE,TN,1,1,0,0,1,1,59,0,FRANKLIN,25,1,January,2012,4,Wednesday,16,40,0,6,4,0,36.23373333,-82.98026389,34,1,0,0,0,1,0
470021,TENNESSEE,TN,1,1,0,0,1,1,57,0,BANKSTON,14,1,January,2012,7,Saturday,19,35,0,4,3,148,36.34524167,-83.46163611,34,2,0,0,0,1,0
470022,TENNESSEE,TN,1,1,0,0,1,1,73,0,ARGO,16,1,January,2012,2,Monday,99,99,0,6,4,0,36.27927500,-83.01163889,35,1,0,0,0,1,0
470023,TENNESSEE,TN,1,1,1,1,3,3,37,1760,BRADFORD,13,1,January,2012,6,Friday,23,8,0,13,2,72,36.08238889,-86.72715278,8,3,0,0,0,1,0
470024,TENNESSEE,TN,1,1,0,0,2,2,163,250,AVERA,13,1,January,2012,6,Friday,99,99,0,16,6,0,36.49256389,-82.15510278,42,9,0,0,0,1,0
470025,TENNESSEE,TN,1,1,0,0,2,2,157,1620,ARCADE,15,1,January,2012,1,Sunday,5,30,1,11,1,171,35.17254444,-89.84224167,35,3,0,0,0,1,1
470026,TENNESSEE,TN,1,1,1,1,1,1,33,20,CHEROKEE,20,1,January,2012,6,Friday,7,21,0,4,3,109,35.78072500,-89.11736944,8,1,0,0,0,1,0
470027,TENNESSEE,TN,1,1,0,0,3,3,55,0,ATTALLA,21,1,January,2012,7,Saturday,14,32,0,3,2,262,35.28043611,-87.03170556,21,1,0,0,0,1,0
470028,TENNESSEE,TN,1,1,0,0,1,1,107,110,CARROLLTON,21,1,January,2012,7,Saturday,0,45,0,5,6,28,35.48830556,-84.63594722,43,2,0,0,0,1,1
470029,TENNESSEE,TN,1,1,0,0,2,2,93,1300,BEAR CREEK,23,1,January,2012,2,Monday,0,17,0,16,6,0,36.02102222,-83.93515833,42,3,0,0,0,1,1
470030,TENNESSEE,TN,1,1,0,0,1,1,161,0,DENTON,11,1,January,2012,4,Wednesday,16,45,1,2,2,86,36.47906944,-87.92416111,34,5,0,0,0,1,0
470031,TENNESSEE,TN,4,4,0,0,6,6,179,1260,ALLENHURST,23,1,January,2012,2,Monday,18,13,1,13,2,123,36.30586111,-82.44803611,12,3,0,0,0,1,0
470032,TENNESSEE,TN,2,2,0,0,2,2,157,90,ARCADE,5,1,January,2012,5,Thursday,99,99,0,14,2,277,35.29188056,-89.67940000,12,1,0,0,0,1,0
470033,TENNESSEE,TN,1,1,0,0,1,1,1,0,AUTAUGA,27,1,January,2012,6,Friday,15,25,0,4,3,38,36.02385556,-84.29135556,35,1,0,0,0,1,0
470034,TENNESSEE,TN,3,3,0,0,7,7,131,0,ARLINGTON,7,1,January,2012,7,Saturday,16,34,0,4,3,88,36.34017222,-89.27198889,12,1,0,0,0,3,0
470035,TENNESSEE,TN,2,2,0,0,3,3,35,540,BROOKLYN,14,1,January,2012,7,Saturday,13,31,0,4,2,123,35.99392778,-85.09151667,12,1,0,0,0,2,1
470036,TENNESSEE,TN,1,1,0,0,1,1,131,0,ARLINGTON,22,1,January,2012,1,Sunday,4,0,1,2,2,146,36.38578889,-89.10626389,59,2,0,0,0,1,1
470037,TENNESSEE,TN,1,1,1,1,1,1,29,0,BORDEN SPRINGS,27,1,January,2012,6,Friday,18,31,1,11,1,61,35.93323611,-83.19397500,8,2,0,0,0,1,0
470038,TENNESSEE,TN,2,2,0,0,3,3,157,1620,ARCADE,28,1,January,2012,7,Saturday,17,59,0,13,6,70,35.05188611,-89.93713333,12,3,0,0,0,1,0
470039,TENNESSEE,TN,2,2,0,0,3,3,157,1620,ARCADE,15,1,January,2012,1,Sunday,19,17,0,13,2,11,35.12440278,-90.04723889,12,3,0,0,0,1,0
470040,TENNESSEE,TN,2,2,0,0,2,2,179,1250,ALLENHURST,3,2,February,2012,6,Friday,12,11,0,14,2,200,36.35606111,-82.38322222,12,1,0,0,0,1,0
470041,TENNESSEE,TN,3,3,0,0,6,6,157,1620,ARCADE,1,2,February,2012,4,Wednesday,14,0,1,13,2,38,35.03071944,-90.07787500,12,1,0,0,0,1,0
470043,TENNESSEE,TN,2,2,0,0,4,4,125,410,BROOKWOOD,3,2,February,2012,6,Friday,7,39,0,14,2,121,36.51783333,-87.32604167,12,1,0,0,0,1,0
470044,TENNESSEE,TN,1,1,0,0,1,1,43,0,BAILEYTON,30,1,January,2012,2,Monday,19,41,0,5,4,58,36.10654167,-87.32421389,42,2,0,0,0,1,0
470045,TENNESSEE,TN,1,1,0,0,2,2,157,1620,ARCADE,31,1,January,2012,3,Tuesday,1,5,0,16,6,2,35.10064444,-89.96570000,33,3,0,0,0,1,0
470046,TENNESSEE,TN,1,1,0,0,1,1,131,0,ARLINGTON,28,1,January,2012,7,Saturday,7,40,0,6,4,0,36.46164444,-88.86801667,32,1,0,0,0,1,0
470047,TENNESSEE,TN,1,1,1,1,3,3,147,2565,AUGUSTA,1,2,February,2012,4,Wednesday,21,0,1,11,1,40,36.46649444,-86.68335556,8,3,0,0,0,1,0
470048,TENNESSEE,TN,3,3,0,0,5,5,149,0,BELLEVILLE,30,1,January,2012,2,Monday,17,40,1,11,1,175,35.82383056,-86.40943611,12,2,0,0,0,1,0
470049,TENNESSEE,TN,3,3,0,0,4,4,59,1010,FRANKLIN,6,2,February,2012,2,Monday,11,57,1,13,2,189,36.17873056,-82.82136944,12,1,0,0,0,1,0
470050,TENNESSEE,TN,1,1,0,0,1,1,163,290,AVERA,22,1,January,2012,1,Sunday,19,0,0,3,2,288,36.55760833,-82.08901111,31,2,0,0,0,1,1
470051,TENNESSEE,TN,1,1,0,0,1,1,43,0,BAILEYTON,28,1,January,2012,7,Saturday,12,45,0,3,2,159,36.10505556,-87.27475000,42,1,0,0,0,1,0
470052,TENNESSEE,TN,2,2,0,0,4,4,87,0,ARMSTRONG,25,1,January,2012,4,Wednesday,15,59,0,3,3,118,36.23504722,-85.59815278,12,1,0,0,0,1,0
470053,TENNESSEE,TN,1,1,0,0,1,1,37,1760,BRADFORD,1,1,January,2012,1,Sunday,12,2,1,11,1,203,36.08725556,-86.70122222,7,1,0,0,0,1,0
470054,TENNESSEE,TN,2,2,0,0,4,4,123,1540,ALEXANDER CITY,14,1,January,2012,7,Saturday,18,53,1,2,2,83,35.53456667,-84.33660556,12,3,0,0,0,1,0
470055,TENNESSEE,TN,1,1,0,0,1,1,187,0,DAHLONEGA,19,1,January,2012,5,Thursday,5,0,0,6,4,0,35.79299444,-86.98123056,35,2,0,0,0,1,0
470056,TENNESSEE,TN,1,1,0,0,1,1,53,0,ATMORE,5,2,February,2012,1,Sunday,2,30,0,5,4,4,35.89062500,-88.79865000,32,2,0,0,0,1,1
470057,TENNESSEE,TN,1,1,0,0,1,1,97,0,AXIS,6,2,February,2012,2,Monday,99,99,0,5,4,16,35.88070833,-89.36576389,42,2,0,0,0,1,0
470058,TENNESSEE,TN,1,1,0,0,1,1,75,0,BEAVERTON,5,2,February,2012,1,Sunday,99,99,0,5,4,136,35.64251389,-89.12205278,42,9,0,0,0,1,1
470059,TENNESSEE,TN,1,1,0,0,1,1,171,0,ALDORA,10,2,February,2012,6,Friday,23,42,0,15,4,36,36.25131667,-82.32116389,30,2,0,0,0,1,1
470060,TENNESSEE,TN,2,2,0,0,2,2,37,1760,BRADFORD,14,1,January,2012,7,Saturday,3,42,1,11,1,100,36.13265000,-86.89670278,12,2,0,0,0,1,0
470061,TENNESSEE,TN,1,1,0,0,1,1,5,330,BAKER HILL,9,2,February,2012,5,Thursday,10,16,0,16,6,5,36.06290278,-88.04791667,42,1,0,0,0,1,1
470062,TENNESSEE,TN,1,1,1,1,1,1,163,0,AVERA,9,2,February,2012,5,Thursday,15,10,0,14,3,12,36.45939167,-82.43399167,8,1,0,0,0,1,0
470063,TENNESSEE,TN,2,2,3,3,3,3,47,0,BROWNS,30,1,January,2012,2,Monday,17,9,1,1,1,134,35.38047222,-89.44109722,12,1,0,0,0,1,0
470064,TENNESSEE,TN,2,2,0,0,2,2,65,400,CYPRESS,11,2,February,2012,7,Saturday,16,51,1,13,3,42,35.13014444,-85.24565000,12,1,0,0,0,1,0
470065,TENNESSEE,TN,1,1,0,0,1,1,131,0,ARLINGTON,4,2,February,2012,7,Saturday,99,99,0,5,4,21,36.21474722,-89.41387222,38,2,0,0,0,1,1
470066,TENNESSEE,TN,1,1,0,0,1,1,51,0,CENTRAL,6,2,February,2012,2,Monday,23,54,0,5,4,1,35.16108333,-86.10646944,53,2,0,0,0,1,1
470067,TENNESSEE,TN,2,2,0,0,4,4,177,0,LEE,10,2,February,2012,6,Friday,19,30,0,5,4,72,35.76903889,-85.86967778,12,2,0,0,0,4,2
470068,TENNESSEE,TN,1,1,0,0,1,1,49,0,COLLINSVILLE,8,2,February,2012,4,Wednesday,13,35,0,4,3,45,36.46100833,-84.93905000,34,1,0,0,0,1,1
470069,TENNESSEE,TN,1,1,0,0,2,2,63,1700,BOLIGEE,11,2,February,2012,7,Saturday,3,21,0,13,2,76,36.20216389,-83.31542778,33,3,0,0,0,1,1
470070,TENNESSEE,TN,1,1,0,0,2,2,113,0,COTTONTON,11,2,February,2012,7,Saturday,99,99,0,5,4,27,35.64060278,-88.73800278,34,2,0,0,0,1,1
470071,TENNESSEE,TN,2,2,0,0,2,2,157,1620,ARCADE,13,2,February,2012,2,Monday,2,0,1,11,1,113,35.11987500,-90.06958056,12,2,0,0,0,1,0
470072,TENNESSEE,TN,4,4,0,0,4,4,187,272,DAHLONEGA,30,1,January,2012,2,Monday,17,50,1,11,1,194,36.01815833,-86.78642500,12,3,0,0,0,1,0
470073,TENNESSEE,TN,2,2,0,0,2,2,19,760,CEDAR BLUFF,12,2,February,2012,1,Sunday,14,3,1,13,2,72,36.35191111,-82.21265833,12,1,0,0,0,1,0
470074,TENNESSEE,TN,2,2,0,0,2,2,33,0,CHEROKEE,12,1,January,2012,5,Thursday,6,28,1,2,2,180,35.72073333,-89.05944444,12,4,0,0,0,1,0
470075,TENNESSEE,TN,1,1,0,0,1,1,153,0,BONAIRE,28,1,January,2012,7,Saturday,16,10,0,6,4,0,35.20625556,-85.37755833,1,1,0,0,0,1,1
470076,TENNESSEE,TN,1,1,0,0,1,1,11,420,BULLOCK,7,2,February,2012,3,Tuesday,17,0,1,11,1,101,35.19822500,-84.87823056,24,1,0,0,0,1,1
470077,TENNESSEE,TN,1,1,0,0,2,2,73,405,ARGO,12,2,February,2012,1,Sunday,22,1,0,14,3,82,36.52173611,-82.71261111,42,2,0,0,0,1,0