ST_CASE,State Name,State Abbreviation,# of Vehicle involved,Parked_Vehicles_Involved,Pedestrains,Person_Not_in_Motor_Vehicle,Persons_in_motor_vehicle,Total_Persons_in_accident,COUNTY,CITY,City_County_Name,Calendar_DAY,MONTH,Month_name,YEAR,DAY_WEEK,Day_Week_desc,HOUR,MINUTE,NHS_Desc,trafficway,Route,MILEPT,LATITUDE,LONGITUD,First_Crash_event,Light_cond_desc,Weather_condition,School_bus_involved,Crash_cause,FATALS,DRUNK_DR
470831,TENNESSEE,TN,1,1,0,0,1,1,125,0,BROOKWOOD,1,12,December,2012,7,Saturday,18,20,0,6,4,54,36.47746667,-87.14925556,1,5,0,0,0,1,1
470832,TENNESSEE,TN,2,2,0,0,2,2,37,1760,BRADFORD,29,9,September,2012,7,Saturday,19,55,1,13,3,107,36.16324444,-86.66395000,12,3,0,0,0,1,0
470833,TENNESSEE,TN,2,2,0,0,2,2,37,1760,BRADFORD,30,10,October,2012,3,Tuesday,20,10,0,15,6,8,36.17383889,-86.61436944,53,3,0,0,0,1,0
470834,TENNESSEE,TN,2,2,0,0,3,3,81,0,AUBURN,13,11,November,2012,3,Tuesday,14,10,0,3,3,264,35.92841111,-87.31019444,12,1,0,0,0,1,0
470835,TENNESSEE,TN,2,2,0,0,2,2,125,410,BROOKWOOD,10,11,November,2012,7,Saturday,16,35,1,13,3,175,36.52467500,-87.22490278,12,2,0,0,0,1,0
470836,TENNESSEE,TN,1,1,0,0,1,1,97,0,AXIS,18,11,November,2012,1,Sunday,99,99,0,4,3,176,35.68408333,-89.62175833,30,2,0,0,0,1,0
470837,TENNESSEE,TN,1,1,0,0,2,2,157,930,ARCADE,1,12,December,2012,7,Saturday,4,10,0,15,6,5,35.06740833,-89.80446111,33,3,0,0,0,1,1
470838,TENNESSEE,TN,1,1,0,0,1,1,155,0,IRWIN,20,11,November,2012,3,Tuesday,7,55,0,3,2,90,35.85774444,-83.64913056,53,1,0,0,0,1,0
470839,TENNESSEE,TN,1,1,0,0,1,1,53,0,ATMORE,16,11,November,2012,6,Friday,12,55,0,3,3,156,35.94195000,-88.83257778,34,1,0,0,0,1,0
470840,TENNESSEE,TN,1,1,0,0,2,2,89,0,BROWNSBORO,22,11,November,2012,5,Thursday,18,0,0,4,3,12,35.97103889,-83.51546389,1,2,0,0,0,1,1
470841,TENNESSEE,TN,2,2,0,0,2,2,125,410,BROOKWOOD,24,11,November,2012,7,Saturday,16,0,1,13,3,159,36.51681667,-87.25033333,12,1,0,0,0,1,0
470842,TENNESSEE,TN,1,1,0,0,1,1,19,0,CEDAR BLUFF,25,11,November,2012,1,Sunday,13,2,0,16,4,15,36.34080556,-82.28145833,30,1,0,0,0,1,0
470843,TENNESSEE,TN,1,1,0,0,2,2,93,1300,BEAR CREEK,2,12,December,2012,1,Sunday,13,3,0,15,6,22,35.98283889,-83.87112500,33,1,0,0,0,1,1
470845,TENNESSEE,TN,3,3,0,0,3,3,11,0,BULLOCK,27,11,November,2012,3,Tuesday,8,5,1,1,1,46,35.15518889,-84.94259722,12,1,0,0,0,1,0
470846,TENNESSEE,TN,1,1,0,0,2,2,87,0,ARMSTRONG,23,11,November,2012,6,Friday,9,50,0,4,3,98,36.23258889,-85.62945278,35,1,0,0,0,1,0
470847,TENNESSEE,TN,1,1,0,0,1,1,29,0,BORDEN SPRINGS,28,11,November,2012,4,Wednesday,99,99,0,6,4,6,35.99075833,-83.15313056,21,2,0,0,0,1,1
470848,TENNESSEE,TN,2,2,0,0,2,2,97,0,AXIS,28,11,November,2012,4,Wednesday,6,35,0,4,3,236,35.64661944,-89.55728889,11,4,0,0,0,1,0
470849,TENNESSEE,TN,1,1,0,0,1,1,41,0,BRANTLEY,28,11,November,2012,4,Wednesday,13,45,0,4,3,48,35.92476389,-85.85505000,35,1,0,0,0,1,0
470850,TENNESSEE,TN,1,1,0,0,2,2,89,1230,BROWNSBORO,28,6,June,2012,5,Thursday,13,28,0,3,2,163,36.15318611,-83.42893056,5,1,0,0,0,1,0
470851,TENNESSEE,TN,2,2,0,0,3,3,109,0,ANSLEY,8,11,November,2012,5,Thursday,18,52,1,2,2,48,35.20612222,-88.69943611,12,2,0,0,0,1,0
470852,TENNESSEE,TN,1,1,0,0,2,2,123,2380,ALEXANDER CITY,18,11,November,2012,1,Sunday,9,45,0,5,6,129,35.36216944,-84.27880833,34,1,0,0,0,1,0
470853,TENNESSEE,TN,2,2,0,0,2,2,113,1200,COTTONTON,25,11,November,2012,1,Sunday,13,55,0,16,6,0,35.73360278,-88.85060000,12,1,0,0,0,1,0
470854,TENNESSEE,TN,2,2,0,0,3,3,99,0,BEATRICE,28,11,November,2012,4,Wednesday,17,50,1,2,2,92,35.29610556,-87.42259444,12,2,0,0,0,1,0
470855,TENNESSEE,TN,2,2,0,0,3,3,65,400,CYPRESS,25,11,November,2012,1,Sunday,0,29,1,11,1,31,35.01333333,-85.18288333,52,3,0,0,0,1,1
470856,TENNESSEE,TN,1,1,0,0,1,1,51,0,CENTRAL,20,11,November,2012,3,Tuesday,0,55,0,4,3,97,35.28324444,-86.06934167,34,2,0,0,0,1,0
470857,TENNESSEE,TN,1,1,0,0,1,1,77,2150,ANDERSON,8,10,October,2012,2,Monday,2,11,0,3,3,95,35.52282500,-88.26073611,21,3,0,0,0,1,0
470858,TENNESSEE,TN,2,2,0,0,5,5,93,0,BEAR CREEK,9,11,November,2012,6,Friday,17,14,1,11,1,274,36.00575556,-83.80273056,1,1,0,0,0,1,1
470859,TENNESSEE,TN,3,3,0,0,7,7,157,1620,ARCADE,2,12,December,2012,1,Sunday,20,13,1,13,2,81,35.08749167,-90.05662778,12,3,0,0,0,1,1
470860,TENNESSEE,TN,2,2,0,0,2,2,37,1760,BRADFORD,19,10,October,2012,6,Friday,13,18,0,15,6,19,36.25751389,-86.64781111,12,1,0,0,0,1,0
470861,TENNESSEE,TN,2,2,0,0,3,3,109,2160,ANSLEY,24,8,August,2012,6,Friday,14,6,1,2,2,132,35.16876111,-88.55538056,12,1,0,0,0,1,0
470862,TENNESSEE,TN,1,1,1,1,1,1,53,0,ATMORE,21,11,November,2012,4,Wednesday,4,58,0,3,2,44,35.85200556,-88.87203889,19,2,0,0,0,1,1
470863,TENNESSEE,TN,2,2,0,0,2,2,189,0,BONEVILLE,3,12,December,2012,2,Monday,6,46,1,2,3,103,36.27525278,-86.44217778,12,4,0,0,0,2,0
470864,TENNESSEE,TN,1,1,0,0,1,1,65,400,CYPRESS,3,11,November,2012,7,Saturday,6,8,0,14,2,98,35.05821944,-85.30933611,33,3,0,0,0,1,0
470865,TENNESSEE,TN,1,1,0,0,1,1,125,410,BROOKWOOD,18,11,November,2012,1,Sunday,3,3,0,16,6,8,36.59588333,-87.39801944,52,3,0,0,0,1,0
470866,TENNESSEE,TN,1,1,1,1,1,1,123,1540,ALEXANDER CITY,4,12,December,2012,3,Tuesday,18,22,1,2,2,50,35.50501389,-84.37929444,8,3,0,0,0,1,0
470867,TENNESSEE,TN,1,1,1,1,1,1,119,470,BELLAMY,28,11,November,2012,4,Wednesday,3,35,0,14,3,115,35.58496389,-87.05281667,8,2,0,0,0,1,0
470868,TENNESSEE,TN,2,2,0,0,3,3,15,0,ANNISTON,5,12,December,2012,4,Wednesday,18,15,0,4,4,45,35.82578611,-86.10455556,12,2,0,0,0,1,0
470869,TENNESSEE,TN,1,1,1,1,1,1,37,1760,BRADFORD,30,11,November,2012,6,Friday,19,35,0,14,2,7,36.17621111,-86.79329444,8,3,0,0,0,1,0
470870,TENNESSEE,TN,1,1,0,0,2,2,13,0,BOLLING,26,10,October,2012,6,Friday,18,14,0,6,4,0,36.37341111,-84.23900278,1,1,0,0,0,1,1
470871,TENNESSEE,TN,2,2,0,0,3,3,9,30,BLOUNT,6,12,December,2012,5,Thursday,13,25,1,13,2,168,35.82391944,-83.97711389,12,1,0,0,0,2,0
470872,TENNESSEE,TN,2,2,0,0,3,3,103,0,DANVILLE,6,12,December,2012,5,Thursday,15,30,0,4,3,201,35.10378333,-86.58850278,12,1,0,0,0,2,0
470873,TENNESSEE,TN,1,1,0,0,3,3,103,0,DANVILLE,1,12,December,2012,7,Saturday,23,0,0,4,4,10,35.06645000,-86.51761667,42,2,0,0,0,1,1
470874,TENNESSEE,TN,1,1,1,1,3,3,157,1620,ARCADE,5,12,December,2012,4,Wednesday,18,37,0,14,2,84,35.11527222,-90.02165000,8,3,0,0,0,1,0
470875,TENNESSEE,TN,2,2,0,0,4,4,157,1620,ARCADE,6,12,December,2012,5,Thursday,11,55,1,13,2,34,35.04466111,-90.02506667,12,1,0,0,0,1,0
470876,TENNESSEE,TN,1,1,0,0,2,2,97,0,AXIS,8,12,December,2012,7,Saturday,99,99,0,6,4,8,35.75985000,-89.43965833,34,1,0,0,0,1,1
470877,TENNESSEE,TN,2,2,0,0,3,3,165,0,HERNDON,6,12,December,2012,5,Thursday,18,38,0,3,3,75,36.37553889,-86.59403056,12,3,0,0,0,1,0
470878,TENNESSEE,TN,2,2,0,0,2,2,149,1750,BELLEVILLE,8,12,December,2012,7,Saturday,6,4,1,13,6,65,35.86607500,-86.44778333,33,3,0,0,0,1,1
470879,TENNESSEE,TN,1,1,0,0,1,1,69,0,ASHFORD,9,12,December,2012,1,Sunday,4,40,0,3,3,212,35.30220000,-88.95233889,42,2,0,0,0,1,1
470880,TENNESSEE,TN,1,1,0,0,2,2,13,0,BOLLING,9,12,December,2012,1,Sunday,21,30,0,4,2,91,36.55118889,-84.06323889,35,2,0,0,0,1,0
470881,TENNESSEE,TN,2,2,0,0,2,2,125,410,BROOKWOOD,9,12,December,2012,1,Sunday,0,37,0,14,3,79,36.57765833,-87.31506111,12,3,0,0,0,1,1
470882,TENNESSEE,TN,1,1,0,0,1,1,77,0,ANDERSON,7,12,December,2012,6,Friday,18,20,0,4,3,240,35.56298889,-88.35881111,1,2,0,0,0,1,0
470883,TENNESSEE,TN,1,1,0,0,4,4,107,0,CARROLLTON,11,12,December,2012,3,Tuesday,17,20,1,1,1,244,35.58563611,-84.52671111,1,5,0,0,0,1,0
470884,TENNESSEE,TN,2,2,0,0,3,3,11,420,BULLOCK,7,12,December,2012,6,Friday,18,42,1,13,3,115,35.19118056,-84.86415833,12,3,0,0,0,1,1
470885,TENNESSEE,TN,2,2,0,0,3,3,3,0,BALDWIN,12,12,December,2012,4,Wednesday,16,5,0,4,3,74,35.43971389,-86.43968889,12,1,0,0,0,3,1
470886,TENNESSEE,TN,2,2,0,0,2,2,77,0,ANDERSON,13,12,December,2012,5,Thursday,22,15,0,6,4,41,35.63225000,-88.52381944,12,2,0,0,0,1,1
470887,TENNESSEE,TN,1,1,0,0,4,4,11,420,BULLOCK,15,12,December,2012,7,Saturday,12,30,1,11,1,94,35.19423611,-84.88481944,41,1,0,0,0,1,0
470888,TENNESSEE,TN,1,1,0,0,1,1,161,0,DENTON,15,12,December,2012,7,Saturday,99,99,0,4,3,87,36.43560556,-87.96948056,59,2,0,0,0,1,1
470889,TENNESSEE,TN,1,1,0,0,1,1,185,0,ANAKTUVUK PASS,15,12,December,2012,7,Saturday,15,25,0,5,4,105,35.90359167,-85.21558889,24,1,0,0,0,1,0
470890,TENNESSEE,TN,2,2,0,0,3,3,115,2300,ASHVILLE,13,12,December,2012,5,Thursday,15,40,1,2,2,22,35.01806389,-85.70006111,12,1,0,0,0,1,0
470891,TENNESSEE,TN,1,1,0,0,1,1,141,0,BEE BRANCH,14,12,December,2012,6,Friday,4,15,0,3,3,45,36.12422222,-85.19930556,33,2,0,0,0,1,0
470892,TENNESSEE,TN,2,2,0,0,2,2,65,400,CYPRESS,10,12,December,2012,2,Monday,18,34,1,13,2,158,35.02230278,-85.19847778,12,3,0,0,0,1,0
470893,TENNESSEE,TN,1,1,0,0,1,1,33,0,CHEROKEE,18,11,November,2012,1,Sunday,99,99,1,2,2,1,35.82935556,-89.17818889,11,2,0,0,0,1,0
470894,TENNESSEE,TN,2,2,0,0,6,6,157,1620,ARCADE,16,12,December,2012,1,Sunday,17,7,0,14,6,68,35.24705000,-89.94434722,12,3,0,0,0,2,0
470895,TENNESSEE,TN,1,1,0,0,1,1,165,0,HERNDON,15,12,December,2012,7,Saturday,6,99,0,3,3,226,36.39681944,-86.31495556,30,4,0,0,0,1,0
470896,TENNESSEE,TN,1,1,0,0,2,2,11,0,BULLOCK,6,12,December,2012,5,Thursday,99,99,0,4,3,18,35.00880000,-84.78776944,34,1,0,0,0,1,0
470897,TENNESSEE,TN,1,1,0,0,1,1,161,0,DENTON,7,12,December,2012,6,Friday,99,99,0,3,3,120,36.47807222,-87.74204444,35,2,0,0,0,1,0
470898,TENNESSEE,TN,1,1,0,0,1,1,157,1660,ARCADE,14,12,December,2012,6,Friday,11,37,1,12,1,230,35.33038056,-89.92025556,34,1,0,0,0,1,0
470899,TENNESSEE,TN,1,1,0,0,2,2,39,0,ANDALUSIA,17,12,December,2012,2,Monday,21,29,1,2,3,363,35.75343889,-88.08524444,11,2,0,0,0,1,0
470900,TENNESSEE,TN,1,1,0,0,1,1,85,2530,BENTON,20,12,December,2012,5,Thursday,99,99,0,6,4,8,36.12241389,-87.76694722,42,1,0,0,0,1,0
470902,TENNESSEE,TN,1,1,0,0,2,2,177,0,LEE,16,12,December,2012,1,Sunday,20,40,0,3,3,3,35.71356389,-85.67341944,35,2,0,0,0,1,1
470903,TENNESSEE,TN,2,1,2,2,2,2,35,0,BROOKLYN,14,12,December,2012,6,Friday,7,46,0,4,2,328,35.86533611,-84.75940000,8,1,0,0,0,1,0
470904,TENNESSEE,TN,1,1,0,0,1,1,65,0,CYPRESS,20,12,December,2012,5,Thursday,0,17,0,5,4,28,35.29188889,-85.00006111,35,2,0,0,0,1,1
470905,TENNESSEE,TN,1,1,0,0,3,3,65,0,CYPRESS,20,12,December,2012,5,Thursday,10,6,1,2,2,254,35.35849167,-85.12100278,18,1,0,0,0,1,0
470906,TENNESSEE,TN,2,2,0,0,4,4,163,1280,AVERA,21,12,December,2012,6,Friday,11,30,1,14,3,22,36.50444722,-82.43078333,12,1,0,0,0,1,0
470907,TENNESSEE,TN,2,2,0,0,6,6,13,0,BOLLING,24,12,December,2012,2,Monday,17,15,1,2,3,105,36.40940000,-84.05917778,12,5,0,0,0,3,0
470908,TENNESSEE,TN,3,3,0,0,6,6,157,0,ARCADE,22,12,December,2012,7,Saturday,12,11,1,11,1,306,35.27516667,-89.63954444,12,1,0,0,0,1,0
470909,TENNESSEE,TN,2,2,0,0,2,2,157,1620,ARCADE,24,12,December,2012,2,Monday,3,11,1,11,1,202,35.19503333,-89.79233611,12,3,0,0,0,1,1
470910,TENNESSEE,TN,1,1,0,0,2,2,157,1620,ARCADE,25,12,December,2012,3,Tuesday,0,46,0,13,6,8,34.99867222,-89.90148889,42,2,0,0,0,2,0
470911,TENNESSEE,TN,1,1,0,0,1,1,93,1300,BEAR CREEK,31,12,December,2012,2,Monday,99,99,0,14,3,63,35.85681667,-84.07901111,24,9,0,0,0,1,1
470912,TENNESSEE,TN,1,1,0,0,1,1,65,400,CYPRESS,28,12,December,2012,6,Friday,99,99,0,16,6,24,35.16228333,-85.21621111,42,2,0,0,0,1,0
470913,TENNESSEE,TN,1,1,0,0,1,1,65,0,CYPRESS,26,12,December,2012,4,Wednesday,17,35,1,2,3,8,35.30768611,-84.96786389,42,1,0,0,0,1,1
470914,TENNESSEE,TN,2,2,0,0,2,2,65,400,CYPRESS,7,12,December,2012,6,Friday,16,29,1,13,3,13,35.00166944,-85.32914444,12,1,0,0,0,1,0
470915,TENNESSEE,TN,2,2,0,0,6,6,189,1727,BONEVILLE,28,12,December,2012,6,Friday,19,56,1,11,1,55,36.17632778,-86.47087778,12,2,0,0,0,1,0
470917,TENNESSEE,TN,2,2,0,0,2,2,93,1300,BEAR CREEK,27,12,December,2012,5,Thursday,5,45,0,15,6,21,35.97831944,-83.87050000,12,2,0,0,0,1,0
470918,TENNESSEE,TN,1,1,0,0,1,1,69,0,ASHFORD,18,12,December,2012,3,Tuesday,99,99,0,3,3,117,35.16516667,-88.92126667,58,1,0,0,0,1,0
470919,TENNESSEE,TN,1,1,0,0,2,2,65,400,CYPRESS,22,12,December,2012,7,Saturday,1,54,1,13,2,59,35.01365833,-85.29424722,39,3,0,0,0,2,1
470921,TENNESSEE,TN,1,1,0,0,2,2,65,0,CYPRESS,26,12,December,2012,4,Wednesday,99,99,0,14,4,47,34.99448333,-85.08150556,42,2,0,0,0,2,1
470922,TENNESSEE,TN,1,1,0,0,1,1,165,0,HERNDON,26,12,December,2012,4,Wednesday,99,99,1,2,2,337,36.58876111,-86.23785000,42,2,0,0,0,1,0
470923,TENNESSEE,TN,1,1,0,0,2,2,37,1760,BRADFORD,26,10,October,2012,6,Friday,21,15,1,13,2,66,36.07447778,-86.93693889,42,3,0,0,0,2,0
470924,TENNESSEE,TN,2,2,1,1,1,1,37,1760,BRADFORD,18,11,November,2012,1,Sunday,3,37,1,11,1,281,36.16064722,-86.62113889,12,3,0,0,0,1,0
470925,TENNESSEE,TN,3,1,0,0,1,1,93,1300,BEAR CREEK,22,12,December,2012,7,Saturday,1,12,1,13,2,124,35.93047500,-84.02885000,31,3,0,0,0,1,1
470926,TENNESSEE,TN,1,1,0,0,1,1,163,290,AVERA,25,12,December,2012,3,Tuesday,0,50,0,14,3,214,36.57420000,-82.24673611,30,2,0,0,0,1,0
470927,TENNESSEE,TN,1,1,0,0,1,1,45,0,ARITON,26,12,December,2012,4,Wednesday,12,15,0,3,4,9,36.11086111,-89.34623333,24,1,0,0,0,1,0
470928,TENNESSEE,TN,1,1,0,0,1,1,37,1760,BRADFORD,29,11,November,2012,5,Thursday,2,58,0,15,6,12,36.22921389,-86.59670000,42,2,0,0,0,1,1
470929,TENNESSEE,TN,1,1,0,0,1,1,37,1760,BRADFORD,9,12,December,2012,1,Sunday,2,33,1,11,1,293,36.16956667,-86.60084444,34,3,0,0,0,1,1
470930,TENNESSEE,TN,1,1,0,0,1,1,37,1760,BRADFORD,29,12,December,2012,7,Saturday,10,34,1,11,1,59,36.12151667,-86.75831111,1,1,0,0,0,1,0
470931,TENNESSEE,TN,4,4,1,1,4,4,37,1760,BRADFORD,28,12,December,2012,6,Friday,18,19,1,13,2,222,36.18900833,-86.62814167,8,3,0,0,0,1,0
470932,TENNESSEE,TN,2,2,0,0,2,2,179,1250,ALLENHURST,23,8,August,2012,5,Thursday,17,13,0,16,6,11,36.39973333,-82.39136944,12,1,0,0,0,1,0
470933,TENNESSEE,TN,1,1,0,0,1,1,43,0,BAILEYTON,22,9,September,2012,7,Saturday,19,15,0,6,4,3,36.17942778,-87.15984722,42,5,0,0,0,1,0
470934,TENNESSEE,TN,2,2,0,0,2,2,165,0,HERNDON,13,9,September,2012,5,Thursday,13,9,1,2,3,131,36.48786111,-86.49003333,12,1,0,0,0,1,0
470935,TENNESSEE,TN,2,2,0,0,2,2,37,1760,BRADFORD,10,11,November,2012,7,Saturday,12,38,0,3,2,51,36.12930000,-86.90418889,12,1,0,0,0,1,0
470936,TENNESSEE,TN,2,2,0,0,3,3,37,1760,BRADFORD,29,12,December,2012,7,Saturday,23,37,0,14,6,10,36.16486944,-86.80476111,12,3,0,0,0,1,0
470937,TENNESSEE,TN,3,3,0,0,3,3,163,290,AVERA,20,12,December,2012,5,Thursday,17,51,1,13,3,50,36.51942500,-82.29114444,12,3,0,0,0,1,0
470938,TENNESSEE,TN,2,2,0,0,5,5,163,290,AVERA,24,12,December,2012,2,Monday,14,6,1,13,3,48,36.52421389,-82.31377778,12,1,0,0,0,1,0
470939,TENNESSEE,TN,2,1,0,0,1,1,141,170,BEE BRANCH,15,9,September,2012,7,Saturday,2,20,0,16,6,3,36.15538056,-85.64055000,19,3,0,0,0,1,0
470940,TENNESSEE,TN,2,2,0,0,3,3,149,1750,BELLEVILLE,29,12,December,2012,7,Saturday,19,38,0,16,6,2,35.80460000,-86.39371944,12,2,0,0,0,1,0
470941,TENNESSEE,TN,1,1,1,1,2,2,163,1280,AVERA,3,12,December,2012,2,Monday,11,54,0,16,6,35,36.55861944,-82.57694444,8,1,0,0,0,1,0
470942,TENNESSEE,TN,3,3,0,0,4,4,149,2250,BELLEVILLE,7,11,November,2012,4,Wednesday,16,29,0,14,3,15,35.98638889,-86.54858889,12,1,0,0,0,1,0
470943,TENNESSEE,TN,1,1,0,0,1,1,187,850,DAHLONEGA,5,12,December,2012,4,Wednesday,14,15,1,13,2,159,35.94202222,-86.88007500,53,1,0,0,0,1,0
470944,TENNESSEE,TN,2,2,0,0,2,2,93,1300,BEAR CREEK,15,10,October,2012,2,Monday,14,58,0,14,6,41,36.01135833,-83.97011667,12,1,0,0,0,1,0
470945,TENNESSEE,TN,1,1,0,0,2,2,109,1994,ANSLEY,25,12,December,2012,3,Tuesday,17,45,0,3,3,95,35.06616111,-88.63338611,34,2,0,0,0,1,0
470946,TENNESSEE,TN,2,2,0,0,1,1,145,2070,BALD KNOB,9,11,November,2012,6,Friday,12,56,0,15,6,6,35.86917222,-84.67905556,12,1,0,0,0,1,0
470947,TENNESSEE,TN,1,1,1,1,3,3,119,470,BELLAMY,14,12,December,2012,6,Friday,23,30,1,13,3,154,35.59421389,-87.05387778,8,3,0,0,0,1,0
470948,TENNESSEE,TN,1,1,0,0,3,3,9,0,BLOUNT,22,12,December,2012,7,Saturday,14,33,0,6,4,0,35.82777222,-83.94196667,42,1,0,0,0,1,0
480001,TEXAS,TX,1,1,0,0,4,4,61,0,BELLWOOD,1,1,January,2012,1,Sunday,4,36,0,6,5,0,26.09780278,-97.64170000,38,2,0,0,0,1,1
480002,TEXAS,TX,2,2,0,0,3,3,113,1730,COTTONTON,1,1,January,2012,1,Sunday,14,15,0,16,5,0,32.77851944,-96.89530556,12,1,0,0,0,1,1
480003,TEXAS,TX,1,1,0,0,1,1,113,4530,COTTONTON,1,1,January,2012,1,Sunday,7,18,1,11,1,57,32.77684167,-96.62436667,43,1,0,0,0,1,0
480004,TEXAS,TX,1,1,1,1,2,2,201,3280,ANNETTE,1,1,January,2012,1,Sunday,18,45,1,11,1,97,29.69675278,-95.30761667,8,3,0,0,0,1,0
480005,TEXAS,TX,1,1,0,0,1,1,331,0,BEN ARNOLD,1,1,January,2012,1,Sunday,11,22,0,4,8,125,30.88492222,-96.79913056,1,1,0,0,0,1,1
480006,TEXAS,TX,1,1,1,1,1,1,339,1510,CONROE,1,1,January,2012,1,Sunday,1,35,0,14,8,166,30.30827500,-95.46827500,9,2,0,0,0,1,0
480007,TEXAS,TX,1,1,1,1,2,2,453,330,ANDERSON MILL,1,1,January,2012,1,Sunday,5,7,1,11,1,41,30.15504722,-97.79086944,8,2,0,0,0,1,0
480008,TEXAS,TX,1,1,0,0,1,1,85,2320,BENTON,2,1,January,2012,2,Monday,10,29,0,3,3,196,33.12340278,-96.41004167,32,1,0,0,0,1,0
480009,TEXAS,TX,1,1,1,1,1,1,339,0,CONROE,2,1,January,2012,2,Monday,16,0,0,6,4,0,30.12831389,-95.40004444,8,1,0,0,0,1,0
480010,TEXAS,TX,3,3,0,0,2,2,339,1510,CONROE,2,1,January,2012,2,Monday,21,40,1,11,1,184,30.37067500,-95.48513611,12,2,0,0,0,1,1
480011,TEXAS,TX,1,1,0,0,1,1,453,330,ANDERSON MILL,2,1,January,2012,2,Monday,2,0,0,16,5,0,30.17813611,-97.74721944,30,3,0,0,0,1,1
480012,TEXAS,TX,1,1,1,1,1,1,29,6090,BORDEN SPRINGS,3,1,January,2012,3,Tuesday,18,43,1,13,2,14,29.31510833,-98.47565833,8,3,0,0,0,1,0
480013,TEXAS,TX,1,1,0,0,1,1,183,4080,FORT STEWART,3,1,January,2012,3,Tuesday,1,0,0,14,8,13,32.53707500,-94.82757778,53,2,0,0,0,1,1
480014,TEXAS,TX,2,2,0,0,2,2,241,0,CLAYTON,3,1,January,2012,3,Tuesday,16,40,0,4,8,101,30.70355278,-94.02504722,11,1,0,0,0,1,0
480015,TEXAS,TX,2,2,0,0,2,2,479,0,AGUILARES,3,1,January,2012,3,Tuesday,18,10,1,2,2,164,27.69276944,-99.04531389,12,2,0,0,0,1,0
480016,TEXAS,TX,1,1,0,0,2,2,29,6090,BORDEN SPRINGS,4,1,January,2012,4,Wednesday,13,0,0,16,5,0,29.39113889,-98.51780833,30,1,0,0,0,1,0
480017,TEXAS,TX,1,1,0,0,3,3,41,0,BRANTLEY,4,1,January,2012,4,Wednesday,7,33,0,6,4,0,30.65092500,-96.41130833,30,1,0,0,0,2,0
480018,TEXAS,TX,1,1,0,0,3,3,113,3420,COTTONTON,4,1,January,2012,4,Wednesday,2,50,1,12,3,166,32.87465556,-96.93361389,33,2,0,0,0,3,1
480019,TEXAS,TX,1,1,2,2,2,2,201,3280,ANNETTE,4,1,January,2012,4,Wednesday,14,54,0,16,5,0,29.87994722,-95.44582778,8,1,0,0,0,1,0
480020,TEXAS,TX,2,2,0,0,5,5,29,6090,BORDEN SPRINGS,5,1,January,2012,5,Thursday,15,10,0,16,5,0,29.29037778,-98.50273889,12,1,0,0,0,2,1
480021,TEXAS,TX,2,2,0,0,2,2,41,0,BRANTLEY,5,1,January,2012,5,Thursday,14,40,0,6,4,0,30.70190278,-96.33392778,12,1,0,0,0,1,0
480022,TEXAS,TX,2,2,0,0,2,2,85,2320,BENTON,5,1,January,2012,5,Thursday,12,30,1,2,2,85,33.15883333,-96.38603889,12,1,0,0,0,1,0
480023,TEXAS,TX,1,1,0,0,1,1,113,2800,COTTONTON,5,1,January,2012,5,Thursday,18,37,0,16,5,0,32.59441389,-97.03593889,24,1,0,0,0,1,0
480024,TEXAS,TX,1,1,1,1,1,1,227,640,JASPER,5,1,January,2012,5,Thursday,19,15,0,16,5,0,32.25495833,-101.48858056,8,2,0,0,0,1,0
480025,TEXAS,TX,1,1,0,0,1,1,293,0,EAST THOMASTON,5,1,January,2012,5,Thursday,18,19,0,6,4,0,31.59037222,-96.52189444,44,2,0,0,0,1,1
480026,TEXAS,TX,1,1,2,2,1,1,375,0,AMARILLO,5,1,January,2012,5,Thursday,16,15,1,1,7,112,35.18967778,-101.98415556,9,1,0,0,0,1,0
480027,TEXAS,TX,1,1,0,0,1,1,499,0,ALBA,5,1,January,2012,5,Thursday,23,30,0,4,8,51,32.93239722,-95.34743889,24,2,0,0,0,1,0
480028,TEXAS,TX,2,2,0,0,3,3,163,0,AVERA,6,1,January,2012,6,Friday,20,3,0,4,8,43,28.80678056,-99.21421944,12,2,0,0,0,1,0
480029,TEXAS,TX,1,1,0,0,1,1,439,2990,ARLINGTON,6,1,January,2012,6,Friday,4,58,0,16,5,0,32.83522778,-97.27294167,10,2,0,0,0,1,0
480030,TEXAS,TX,2,2,0,0,2,2,453,0,ANDERSON MILL,6,1,January,2012,6,Friday,15,14,1,13,3,180,30.27157222,-97.91202500,12,1,0,0,0,1,0
480031,TEXAS,TX,1,1,1,1,2,2,467,0,BEN WHEELER,6,1,January,2012,6,Friday,2,47,0,4,8,53,32.78668056,-95.97022500,8,2,0,0,0,1,0