ST_CASE,State Name,State Abbreviation,# of Vehicle involved,Parked_Vehicles_Involved,Pedestrains,Person_Not_in_Motor_Vehicle,Persons_in_motor_vehicle,Total_Persons_in_accident,COUNTY,CITY,City_County_Name,Calendar_DAY,MONTH,Month_name,YEAR,DAY_WEEK,Day_Week_desc,HOUR,MINUTE,NHS_Desc,trafficway,Route,MILEPT,LATITUDE,LONGITUD,First_Crash_event,Light_cond_desc,Weather_condition,School_bus_involved,Crash_cause,FATALS,DRUNK_DR
480341,TEXAS,TX,1,1,1,1,2,2,265,3670,CRAWFORDVILLE,29,2,February,2012,4,Wednesday,19,3,1,12,3,50,29.99124167,-99.09948611,9,2,0,0,0,1,0
480342,TEXAS,TX,1,1,0,0,1,1,73,0,ARGO,1,2,February,2012,4,Wednesday,17,25,1,2,2,334,31.69695278,-95.09443611,43,1,0,0,0,1,0
480343,TEXAS,TX,1,1,0,0,1,1,277,0,BROOKFIELD,2,2,February,2012,5,Thursday,12,45,0,4,8,180,33.70592778,-95.62200000,42,1,0,0,0,1,0
480344,TEXAS,TX,2,2,0,0,4,4,367,0,ALEDO,2,2,February,2012,5,Thursday,7,0,0,4,8,143,32.82636944,-97.77039444,12,3,0,0,0,1,0
480345,TEXAS,TX,2,2,0,0,3,3,309,7210,ALAMO,3,2,February,2012,6,Friday,6,38,1,13,2,215,31.53443333,-97.16360000,12,3,0,0,0,1,1
480346,TEXAS,TX,1,1,0,0,1,1,181,0,LINCOLN,6,2,February,2012,2,Monday,18,10,0,6,4,0,33.67471667,-96.76926111,42,2,0,0,0,1,0
480347,TEXAS,TX,1,1,0,0,2,2,119,0,BELLAMY,8,2,February,2012,4,Wednesday,2,0,0,4,8,16,33.25535556,-95.85145556,42,2,0,0,0,1,1
480348,TEXAS,TX,1,1,0,0,1,1,201,3280,ANNETTE,11,2,February,2012,7,Saturday,6,0,1,11,1,9,29.80318611,-95.44874167,18,4,0,0,0,1,1
480349,TEXAS,TX,3,3,0,0,3,3,39,0,ANDALUSIA,12,2,February,2012,1,Sunday,16,50,0,4,8,112,29.00828611,-95.61041111,12,1,0,0,0,1,0
480351,TEXAS,TX,3,3,0,0,11,11,469,0,BLOOMINGTON,15,2,February,2012,4,Wednesday,7,31,1,12,2,18,28.84277500,-96.90157778,12,1,0,0,0,1,0
480352,TEXAS,TX,4,4,0,0,5,5,167,3220,ADRIAN,16,2,February,2012,5,Thursday,17,13,0,3,8,155,29.30930000,-95.10591944,12,1,0,0,0,1,0
480354,TEXAS,TX,2,2,0,0,2,2,375,150,AMARILLO,18,2,February,2012,7,Saturday,0,59,1,13,2,130,35.22197500,-101.77770833,12,3,0,0,0,1,1
480355,TEXAS,TX,1,1,1,1,2,2,439,2450,ARLINGTON,18,2,February,2012,7,Saturday,2,24,0,16,5,0,32.73567500,-97.46676111,8,2,0,0,0,1,1
480356,TEXAS,TX,2,2,0,0,2,2,141,2190,BEE BRANCH,19,2,February,2012,1,Sunday,2,37,1,13,3,89,31.87233333,-106.59172778,12,6,0,0,0,2,2
480357,TEXAS,TX,1,1,0,0,3,3,439,2450,ARLINGTON,19,2,February,2012,1,Sunday,2,2,0,19,8,99999,32.75704167,-97.33495833,19,3,0,0,0,1,1
480358,TEXAS,TX,1,1,0,0,1,1,469,7190,BLOOMINGTON,26,2,February,2012,1,Sunday,4,14,0,16,5,0,28.80910833,-96.98263889,30,3,0,0,0,1,0
480359,TEXAS,TX,1,1,0,0,2,2,277,0,BROOKFIELD,22,2,February,2012,4,Wednesday,11,6,0,4,8,43,33.85359167,-95.52868056,24,1,0,0,0,1,0
480360,TEXAS,TX,2,2,0,0,2,2,339,0,CONROE,22,2,February,2012,4,Wednesday,20,39,1,2,3,149,30.35211111,-95.57806667,12,2,0,0,0,1,1
480361,TEXAS,TX,1,1,1,1,4,4,157,0,ARCADE,25,2,February,2012,7,Saturday,2,56,1,12,2,200,29.59393333,-95.74282222,8,2,0,0,0,1,1
480362,TEXAS,TX,1,1,0,0,1,1,481,0,BOLING,25,2,February,2012,7,Saturday,18,18,0,6,4,0,29.37334444,-96.06736667,1,5,0,0,0,1,1
480363,TEXAS,TX,1,1,0,0,3,3,389,0,BALMORHEA,1,2,February,2012,4,Wednesday,8,30,1,1,1,121,31.02926667,-103.90091389,1,1,0,0,0,1,0
480364,TEXAS,TX,1,1,0,0,6,6,215,4650,BIBB CITY,12,2,February,2012,1,Sunday,0,26,1,12,2,178,26.20093056,-98.32674722,25,3,0,0,0,1,0
480365,TEXAS,TX,1,1,0,0,1,1,231,0,CONCORD,24,2,February,2012,6,Friday,8,0,0,3,8,89,33.17803333,-96.13348333,24,1,0,0,0,1,0
480366,TEXAS,TX,1,1,1,1,1,1,113,1730,COTTONTON,20,1,January,2012,6,Friday,15,49,1,11,1,106,32.79636389,-96.68835556,8,1,0,0,0,1,0
480367,TEXAS,TX,1,1,0,0,1,1,3,0,BALDWIN,28,2,February,2012,3,Tuesday,6,51,0,3,3,119,32.20539722,-102.69538889,1,4,0,0,0,1,0
480368,TEXAS,TX,2,2,0,0,3,3,139,2240,CALION,15,2,February,2012,4,Wednesday,5,2,1,13,2,67,32.33396389,-96.61560278,12,2,0,0,0,1,0
480369,TEXAS,TX,2,2,0,0,3,3,339,1510,CONROE,11,2,February,2012,7,Saturday,10,11,1,13,3,255,30.32114167,-95.41344444,12,1,0,0,0,1,0
480370,TEXAS,TX,1,1,0,0,3,3,309,957,ALAMO,3,3,March,2012,7,Saturday,23,35,1,1,1,35,31.32258056,-97.23237500,25,2,0,0,0,1,1
480371,TEXAS,TX,1,1,0,0,1,1,439,260,ARLINGTON,3,3,March,2012,7,Saturday,0,11,0,16,5,0,32.64501944,-97.09359444,30,3,0,0,0,1,0
480372,TEXAS,TX,2,1,0,0,1,1,453,330,ANDERSON MILL,3,3,March,2012,7,Saturday,0,52,0,16,5,0,30.37677222,-97.71026667,33,3,0,0,0,1,1
480373,TEXAS,TX,1,1,0,0,1,1,113,3420,COTTONTON,4,3,March,2012,1,Sunday,15,11,0,16,5,0,32.79921389,-96.98544722,1,1,0,0,0,1,1
480374,TEXAS,TX,1,1,1,1,3,3,199,0,ALVATON,4,3,March,2012,1,Sunday,10,35,1,2,3,32,30.13901944,-94.35868611,9,1,0,0,0,1,0
480375,TEXAS,TX,2,2,0,0,2,2,113,2800,COTTONTON,4,3,March,2012,1,Sunday,17,48,1,13,3,0,32.73974722,-97.03561389,12,5,0,0,0,1,0
480376,TEXAS,TX,1,1,1,1,1,1,469,7190,BLOOMINGTON,4,3,March,2012,1,Sunday,0,2,1,13,2,2,28.86381111,-97.00044167,8,3,0,0,0,1,0
480377,TEXAS,TX,3,3,0,0,2,2,29,6090,BORDEN SPRINGS,5,3,March,2012,2,Monday,12,30,1,11,1,324,29.43723889,-98.39033333,12,1,0,0,0,1,0
480378,TEXAS,TX,2,2,0,0,2,2,355,1550,AGUA DULCE,5,3,March,2012,2,Monday,12,17,1,2,8,132,27.85966389,-97.67566667,12,1,0,0,0,1,0
480379,TEXAS,TX,1,1,0,0,1,1,407,0,COLDSPRING,5,3,March,2012,2,Monday,1,34,1,2,3,3,30.32677500,-95.22048333,32,2,0,0,0,1,1
480380,TEXAS,TX,2,2,0,0,3,3,439,2850,ARLINGTON,5,3,March,2012,2,Monday,17,45,0,16,5,0,32.92685278,-97.07042778,1,1,0,0,0,1,0
480381,TEXAS,TX,2,2,0,0,2,2,339,1510,CONROE,5,3,March,2012,2,Monday,14,47,1,11,1,173,30.35391944,-95.48391389,1,1,0,0,0,1,0
480382,TEXAS,TX,2,2,0,0,2,2,233,0,ARAGON,6,3,March,2012,3,Tuesday,10,47,0,3,3,221,35.78009722,-101.42614167,12,1,0,0,0,1,0
480383,TEXAS,TX,1,1,1,1,1,1,497,0,ALVORD,6,3,March,2012,3,Tuesday,18,47,0,4,8,356,33.01635000,-97.67269167,8,5,0,0,0,1,0
480384,TEXAS,TX,1,1,0,0,2,2,205,0,BACONTON,7,3,March,2012,4,Wednesday,19,34,1,2,2,77,35.91688056,-102.70479167,1,2,0,0,0,2,0
480385,TEXAS,TX,1,1,0,0,3,3,245,0,AUGUSTA,7,3,March,2012,4,Wednesday,2,38,0,4,3,6,29.91516111,-94.25859444,35,2,0,0,0,3,1
480386,TEXAS,TX,1,1,1,1,1,1,423,7070,ARP,7,3,March,2012,4,Wednesday,20,21,1,13,3,40,32.29489167,-95.26085833,9,3,0,0,0,1,0
480387,TEXAS,TX,1,1,0,0,1,1,61,3030,BELLWOOD,10,3,March,2012,7,Saturday,1,59,1,12,2,90,26.18736944,-97.72605000,42,3,0,0,0,1,0
480388,TEXAS,TX,2,2,0,0,12,12,121,2395,BON AIR,10,3,March,2012,7,Saturday,16,58,1,13,2,89,33.05007778,-97.20413056,12,5,0,0,0,1,0
480389,TEXAS,TX,1,1,0,0,1,1,453,330,ANDERSON MILL,11,3,March,2012,1,Sunday,21,57,0,16,5,0,30.42482222,-97.72409722,42,3,0,0,0,1,1
480390,TEXAS,TX,1,1,1,1,4,4,201,480,ANNETTE,15,3,March,2012,5,Thursday,13,42,0,16,5,0,29.81985278,-94.98592222,8,1,0,0,0,1,0
480391,TEXAS,TX,1,1,0,0,2,2,29,6090,BORDEN SPRINGS,18,3,March,2012,1,Sunday,2,32,1,12,2,10,29.39839444,-98.64535556,24,3,0,0,0,2,1
480392,TEXAS,TX,1,1,0,0,2,2,29,6090,BORDEN SPRINGS,22,2,February,2012,4,Wednesday,7,55,0,16,5,0,29.51058611,-98.59127222,42,1,0,0,0,1,0
480393,TEXAS,TX,2,2,0,0,2,2,29,6090,BORDEN SPRINGS,22,2,February,2012,4,Wednesday,17,25,0,16,5,0,29.56134167,-98.36130278,12,1,0,0,0,1,0
480394,TEXAS,TX,5,5,0,0,5,5,201,3280,ANNETTE,1,2,February,2012,4,Wednesday,15,5,1,12,2,376,29.80935833,-95.45800000,12,1,0,0,0,1,0
480395,TEXAS,TX,2,2,0,0,2,2,209,6170,AILEY,1,2,February,2012,4,Wednesday,16,14,0,14,8,0,29.88255000,-97.94551111,12,1,0,0,0,1,0
480396,TEXAS,TX,1,1,1,1,3,3,201,0,ANNETTE,2,2,February,2012,5,Thursday,18,30,0,6,4,0,29.77917778,-95.75191111,8,3,0,0,0,1,0
480397,TEXAS,TX,1,1,1,1,2,2,85,92,BENTON,5,2,February,2012,1,Sunday,23,0,1,12,3,163,33.12788333,-96.72443333,8,2,0,0,0,1,0
480398,TEXAS,TX,1,1,0,0,1,1,201,0,ANNETTE,15,2,February,2012,4,Wednesday,19,45,0,6,4,0,29.78599444,-95.02627222,34,2,0,0,0,1,1
480399,TEXAS,TX,2,2,0,0,2,2,29,6090,BORDEN SPRINGS,16,2,February,2012,5,Thursday,17,38,0,4,7,41,29.60126389,-98.54953889,12,1,0,0,0,1,1
480400,TEXAS,TX,2,2,0,0,3,3,133,0,ARLEY,18,2,February,2012,7,Saturday,18,6,1,1,1,180,32.38451389,-98.80375833,12,1,0,0,0,1,0
480401,TEXAS,TX,2,2,0,0,4,4,201,0,ANNETTE,18,2,February,2012,7,Saturday,19,0,0,6,4,0,29.71150000,-95.63455278,12,3,0,0,0,1,0
480402,TEXAS,TX,1,1,0,0,1,1,475,0,BARSTOW,18,2,February,2012,7,Saturday,2,20,0,4,3,140,31.51777500,-102.89623611,24,2,0,0,0,1,0
480403,TEXAS,TX,2,2,0,0,6,6,183,0,FORT STEWART,19,2,February,2012,1,Sunday,3,12,1,11,1,74,32.43286944,-94.85751667,12,3,0,0,0,3,1
480404,TEXAS,TX,2,2,0,0,3,3,249,0,ELLAVILLE,20,2,February,2012,2,Monday,19,42,0,4,8,219,27.77614444,-98.08299167,12,3,0,0,0,1,0
480405,TEXAS,TX,4,4,0,0,4,4,339,0,CONROE,20,2,February,2012,2,Monday,14,31,0,3,8,182,30.11863889,-95.27264167,12,1,0,0,0,1,0
480406,TEXAS,TX,1,1,0,0,1,1,3,0,BALDWIN,21,2,February,2012,3,Tuesday,19,52,0,6,4,0,32.28958611,-102.46741944,1,2,0,0,0,1,1
480407,TEXAS,TX,1,1,1,1,1,1,215,7330,BIBB CITY,21,2,February,2012,3,Tuesday,19,32,1,13,8,120,26.16025556,-97.99469167,8,3,0,0,0,1,0
480408,TEXAS,TX,1,1,0,0,10,10,71,0,BRIDGEPORT,23,2,February,2012,5,Thursday,4,33,1,1,1,64,29.83834444,-94.60570833,1,2,0,0,0,1,0
480409,TEXAS,TX,1,1,0,0,1,1,215,4650,BIBB CITY,24,2,February,2012,6,Friday,14,4,1,13,8,7,26.21545000,-98.33976111,42,1,0,0,0,1,0
480410,TEXAS,TX,1,1,0,0,1,1,217,0,COVINGTON,24,2,February,2012,6,Friday,9,15,1,1,1,295,32.24294444,-97.15836389,35,1,0,0,0,1,0
480411,TEXAS,TX,1,1,0,0,1,1,63,0,BOLIGEE,25,2,February,2012,7,Saturday,23,30,0,6,4,0,32.98375278,-95.04698333,1,2,0,0,0,1,1
480412,TEXAS,TX,1,1,1,1,1,1,113,1730,COTTONTON,25,2,February,2012,7,Saturday,21,11,0,16,5,0,32.69786944,-96.76516944,15,2,0,0,0,1,0
480413,TEXAS,TX,1,1,0,0,6,6,459,0,BETTIE,25,2,February,2012,7,Saturday,21,47,0,3,2,66,32.57320000,-95.06023056,1,2,0,0,0,1,0
480414,TEXAS,TX,2,2,0,0,2,2,493,0,FLORESVILLE,25,2,February,2012,7,Saturday,12,35,1,2,2,32,29.22991111,-98.24611667,12,1,0,0,0,1,0
480415,TEXAS,TX,1,1,0,0,1,1,203,0,BENSON,26,2,February,2012,1,Sunday,11,15,0,4,8,36,32.65948056,-94.39589444,38,1,0,0,0,1,0
480416,TEXAS,TX,1,1,0,0,1,1,25,0,BARLOW BEND,28,2,February,2012,3,Tuesday,17,19,0,5,8,39,28.56507222,-97.80368889,1,1,0,0,0,1,0
480417,TEXAS,TX,2,2,0,0,2,2,39,0,ANDALUSIA,28,2,February,2012,3,Tuesday,6,30,0,3,8,566,29.07656944,-95.76119444,12,4,0,0,0,1,0
480418,TEXAS,TX,1,1,0,0,1,1,289,0,ALLENTOWN,28,2,February,2012,3,Tuesday,7,15,1,2,2,32,31.30424722,-96.21845833,24,1,0,0,0,1,0
480419,TEXAS,TX,3,3,0,0,5,5,27,0,ASHLAND,29,2,February,2012,4,Wednesday,17,5,0,3,3,56,31.21303333,-97.45519167,12,1,0,0,0,1,0
480420,TEXAS,TX,1,1,0,0,1,1,201,0,ANNETTE,2,2,February,2012,5,Thursday,22,30,0,6,5,0,30.01721389,-95.51975000,33,3,0,0,0,1,1
480421,TEXAS,TX,1,1,1,1,1,1,225,2840,BYRON,25,2,February,2012,7,Saturday,20,58,0,3,2,252,31.50491389,-95.47567500,8,2,0,0,0,1,0
480422,TEXAS,TX,1,1,0,0,3,3,373,0,ACE,2,2,February,2012,5,Thursday,17,39,0,4,8,55,30.90486944,-94.91097500,38,1,0,0,0,1,0
480423,TEXAS,TX,4,4,0,0,7,7,473,910,BROOKSHIRE,2,2,February,2012,5,Thursday,15,59,1,1,1,47,29.77893333,-95.96040278,12,1,0,0,0,1,0
480424,TEXAS,TX,1,1,1,1,2,2,113,1730,COTTONTON,9,2,February,2012,5,Thursday,7,17,0,16,5,0,32.75016944,-96.83635833,8,1,0,0,0,1,0
480425,TEXAS,TX,2,2,0,0,2,2,339,3280,CONROE,14,2,February,2012,3,Tuesday,22,55,1,12,2,170,30.06635556,-95.24786667,12,3,0,0,0,1,0
480426,TEXAS,TX,2,2,0,0,2,2,39,3388,ANDALUSIA,15,2,February,2012,4,Wednesday,8,13,1,2,3,107,29.45236944,-95.42447778,12,4,0,0,0,1,0
480427,TEXAS,TX,1,1,0,0,2,2,113,1730,COTTONTON,18,2,February,2012,7,Saturday,16,37,1,13,8,101,32.85433611,-96.88524167,24,1,0,0,0,1,1
480428,TEXAS,TX,2,2,0,0,2,2,113,1730,COTTONTON,20,2,February,2012,2,Monday,6,0,1,12,8,177,32.72338611,-96.91700278,12,3,0,0,0,1,0
480429,TEXAS,TX,1,1,0,0,1,1,113,1730,COTTONTON,21,2,February,2012,3,Tuesday,13,54,1,11,1,32,32.78071944,-96.78315278,24,1,0,0,0,1,0
480430,TEXAS,TX,1,1,0,0,2,2,37,0,BRADFORD,25,2,February,2012,7,Saturday,16,10,0,3,2,72,33.33406944,-94.34175000,1,1,0,0,0,1,0
480431,TEXAS,TX,2,2,0,0,2,2,37,0,BRADFORD,25,2,February,2012,7,Saturday,3,10,1,2,2,83,33.48119167,-94.49807778,12,2,0,0,0,2,0
480432,TEXAS,TX,2,2,0,0,3,3,439,2450,ARLINGTON,27,2,February,2012,2,Monday,2,15,1,12,2,219,32.74170833,-97.30283611,12,2,0,0,0,2,1
480433,TEXAS,TX,3,3,0,0,3,3,283,0,SOPERTON,28,2,February,2012,3,Tuesday,5,13,0,5,8,128,28.55828333,-99.15723333,12,2,0,0,0,2,0
480434,TEXAS,TX,2,2,0,0,2,2,67,0,ABBEVILLE,29,2,February,2012,4,Wednesday,18,1,0,3,3,96,33.12314444,-94.37098056,12,1,0,0,0,1,0
480435,TEXAS,TX,2,2,1,1,5,5,215,0,BIBB CITY,12,2,February,2012,1,Sunday,19,35,1,13,8,203,26.15177222,-97.86199444,9,2,0,0,0,1,0
480436,TEXAS,TX,2,2,0,0,2,2,495,0,KERMIT,13,2,February,2012,2,Monday,20,50,0,3,3,129,31.86054444,-103.03875833,12,2,0,0,0,2,1
480437,TEXAS,TX,2,2,0,0,2,2,245,5430,AUGUSTA,20,2,February,2012,2,Monday,18,33,1,13,8,146,29.91915278,-94.01959167,12,2,0,0,0,1,1
480438,TEXAS,TX,2,2,0,0,6,6,59,0,FRANKLIN,24,2,February,2012,6,Friday,18,14,0,3,3,247,32.17190000,-99.28121944,12,1,0,0,0,1,0
480439,TEXAS,TX,2,2,0,0,2,2,453,0,ANDERSON MILL,27,2,February,2012,2,Monday,23,30,1,2,3,109,30.31772500,-98.00268889,12,2,0,0,0,1,0
480440,TEXAS,TX,2,2,0,0,2,2,83,0,ARDMORE,28,2,February,2012,3,Tuesday,19,30,1,2,2,249,31.73452222,-99.26835000,12,2,0,0,0,1,0
480441,TEXAS,TX,2,2,0,0,4,4,481,3323,BOLING,14,2,February,2012,3,Tuesday,10,20,0,4,3,314,29.39429167,-96.08001944,12,1,0,0,0,1,0
480442,TEXAS,TX,2,2,0,0,8,8,41,1440,BRANTLEY,18,2,February,2012,7,Saturday,2,38,0,16,5,0,30.61274444,-96.31596944,12,3,0,0,0,2,1
480443,TEXAS,TX,3,3,0,0,3,3,201,0,ANNETTE,23,2,February,2012,5,Thursday,20,14,0,4,8,58,29.85164167,-94.99502222,12,2,0,0,0,1,1
480444,TEXAS,TX,2,2,0,0,2,2,157,0,ARCADE,24,2,February,2012,6,Friday,22,0,0,4,8,203,29.62930000,-95.78460000,12,2,0,0,0,1,1
480445,TEXAS,TX,1,1,1,1,1,1,375,150,AMARILLO,24,2,February,2012,6,Friday,19,30,0,16,5,0,35.22564722,-101.81210833,8,3,0,0,0,1,0
480446,TEXAS,TX,2,2,0,0,2,2,3,0,BALDWIN,27,2,February,2012,2,Monday,6,30,1,2,2,167,32.28991111,-102.53690556,12,2,0,0,0,1,1
480447,TEXAS,TX,1,1,1,1,1,1,355,1550,AGUA DULCE,16,2,February,2012,5,Thursday,21,20,0,16,5,0,27.79135278,-97.40852778,9,3,0,0,0,1,0
480448,TEXAS,TX,2,2,0,0,2,2,255,0,EAST GRIFFIN,1,3,March,2012,5,Thursday,6,10,0,4,3,6,28.81790000,-97.81533056,12,4,10,0,0,1,0
480449,TEXAS,TX,3,3,1,1,3,3,37,0,BRADFORD,2,3,March,2012,6,Friday,17,55,1,1,1,274,33.47401667,-94.29361667,12,1,0,0,0,1,0
480450,TEXAS,TX,2,2,0,0,5,5,113,1730,COTTONTON,3,3,March,2012,7,Saturday,12,49,1,11,7,94,32.68707500,-96.82328056,12,1,0,0,0,1,0
480451,TEXAS,TX,3,3,0,0,9,9,401,0,EASTON,3,3,March,2012,7,Saturday,19,58,1,2,2,72,32.08016667,-94.89283889,12,2,0,0,0,1,0
480452,TEXAS,TX,2,2,0,0,2,2,113,1730,COTTONTON,4,3,March,2012,1,Sunday,3,35,0,16,5,0,32.72030556,-96.83189167,12,3,0,0,0,1,0
480453,TEXAS,TX,1,1,0,0,2,2,361,7200,BRIDGE CITY,8,3,March,2012,5,Thursday,22,53,0,16,5,0,30.12373889,-94.00277222,42,2,0,0,0,2,0
480454,TEXAS,TX,2,2,0,0,2,2,493,0,FLORESVILLE,8,3,March,2012,5,Thursday,6,4,1,2,2,98,29.30975000,-98.08528889,12,2,0,0,0,1,0
480455,TEXAS,TX,2,2,0,0,3,3,173,0,LAKELAND,9,3,March,2012,6,Friday,13,30,0,4,3,117,31.88897222,-101.70980556,12,1,0,0,0,1,0
480456,TEXAS,TX,4,2,0,2,2,4,201,0,ANNETTE,9,3,March,2012,6,Friday,15,12,0,6,4,0,29.89538889,-95.64053889,14,1,0,0,0,1,0
480457,TEXAS,TX,1,1,0,0,2,2,245,0,AUGUSTA,9,3,March,2012,6,Friday,8,40,1,2,3,148,29.84734444,-94.13906111,1,1,0,0,0,1,0
480458,TEXAS,TX,1,1,0,0,1,1,45,0,ARITON,10,3,March,2012,7,Saturday,13,14,0,4,3,152,34.53260278,-101.42063611,31,1,0,0,0,1,0
480459,TEXAS,TX,1,1,0,0,1,1,265,3670,CRAWFORDVILLE,10,3,March,2012,7,Saturday,12,14,1,13,3,61,29.97565278,-99.09103333,11,1,0,0,0,1,0
480460,TEXAS,TX,1,1,0,0,3,3,497,1780,ALVORD,10,3,March,2012,7,Saturday,13,30,1,13,2,177,33.23776944,-97.59783889,59,1,0,0,0,1,0
480461,TEXAS,TX,2,2,0,0,8,8,141,0,BEE BRANCH,11,3,March,2012,1,Sunday,4,34,0,6,4,0,31.81295000,-106.17271111,12,2,0,0,0,1,1
480462,TEXAS,TX,2,2,0,0,2,2,201,0,ANNETTE,11,3,March,2012,1,Sunday,19,53,0,4,8,0,30.14519722,-95.12539167,12,2,0,0,0,1,0
480463,TEXAS,TX,2,2,0,0,4,4,461,0,MCCAMEY,12,3,March,2012,2,Monday,15,30,0,3,3,289,31.36848333,-101.94126667,12,1,0,0,0,1,0
480464,TEXAS,TX,1,1,0,0,1,1,507,0,BATESVILLE,12,3,March,2012,2,Monday,15,59,0,4,8,86,29.04639444,-99.43156944,1,1,0,0,0,1,0
480465,TEXAS,TX,3,3,0,0,3,3,201,0,ANNETTE,13,3,March,2012,3,Tuesday,5,30,0,14,8,190,30.07037778,-95.44602222,12,2,0,0,0,1,0
480466,TEXAS,TX,1,1,1,1,2,2,1,5170,AUTAUGA,14,3,March,2012,4,Wednesday,20,54,0,19,8,99999,31.73475278,-95.62935278,8,2,0,0,0,1,0
480467,TEXAS,TX,2,2,0,0,2,2,157,6660,ARCADE,14,3,March,2012,4,Wednesday,10,40,1,12,8,264,29.61614722,-95.64375278,12,1,0,0,0,1,0
480468,TEXAS,TX,1,1,1,1,2,2,201,0,ANNETTE,14,3,March,2012,4,Wednesday,20,25,1,12,7,103,29.64497500,-95.15796389,8,2,0,0,0,1,0
480469,TEXAS,TX,2,2,0,0,2,2,293,0,EAST THOMASTON,14,3,March,2012,4,Wednesday,6,8,0,4,3,122,31.53114167,-96.62239722,12,2,0,0,0,1,0
480470,TEXAS,TX,3,3,0,0,4,4,113,3420,COTTONTON,15,3,March,2012,5,Thursday,15,47,1,12,3,131,32.90333333,-96.98789167,57,1,0,0,0,1,0
480471,TEXAS,TX,2,2,0,0,3,3,201,0,ANNETTE,15,3,March,2012,5,Thursday,12,47,0,14,8,60,29.93042222,-95.31471944,12,1,0,0,0,1,0
480472,TEXAS,TX,1,1,0,0,4,4,319,0,ALLENTOWN,15,3,March,2012,5,Thursday,16,35,0,4,3,119,30.78928611,-99.32284444,1,1,0,0,0,1,0
480473,TEXAS,TX,2,2,0,0,2,2,321,5160,BRIDGEBORO,15,3,March,2012,5,Thursday,7,7,1,13,3,435,28.71390833,-96.23803333,12,3,0,0,0,1,0
480474,TEXAS,TX,2,2,1,1,2,2,439,260,ARLINGTON,15,3,March,2012,5,Thursday,20,26,1,13,8,164,32.71395278,-97.11465833,8,2,0,0,0,1,0
480475,TEXAS,TX,1,1,0,0,1,1,479,3899,AGUILARES,15,3,March,2012,5,Thursday,3,15,0,16,5,0,27.57374444,-99.49745000,33,3,0,0,0,1,0
480476,TEXAS,TX,2,2,0,0,3,3,29,6090,BORDEN SPRINGS,16,3,March,2012,6,Friday,21,20,1,13,2,34,29.39831667,-98.38746944,12,3,0,0,0,1,0
480477,TEXAS,TX,2,2,0,0,2,2,113,2800,COTTONTON,16,3,March,2012,6,Friday,11,25,0,19,7,99999,32.72880000,-97.01921111,12,1,0,0,0,1,0
480478,TEXAS,TX,2,1,0,0,1,1,141,2190,BEE BRANCH,16,3,March,2012,6,Friday,12,38,0,16,5,0,31.75781944,-106.36730833,39,1,0,0,0,1,0
480480,TEXAS,TX,1,1,0,0,2,2,439,502,ARLINGTON,16,3,March,2012,6,Friday,21,8,1,12,3,147,32.83933333,-97.12057778,20,1,0,0,0,1,0
480481,TEXAS,TX,1,1,1,1,1,1,157,3280,ARCADE,17,3,March,2012,7,Saturday,4,14,0,16,5,0,29.66133611,-95.60855000,8,3,0,0,0,1,1
480482,TEXAS,TX,1,1,0,0,1,1,167,2570,ADRIAN,17,3,March,2012,7,Saturday,3,0,0,16,5,0,29.27241111,-94.83810556,1,3,0,0,0,1,0
480483,TEXAS,TX,1,1,3,3,1,1,201,3280,ANNETTE,17,3,March,2012,7,Saturday,22,50,0,16,5,0,29.71738333,-95.54587222,8,3,0,0,0,1,1
480484,TEXAS,TX,1,1,0,0,1,1,297,0,BETWEEN,17,3,March,2012,7,Saturday,7,47,0,6,4,0,28.23923889,-98.27105833,1,9,0,0,0,1,1
480485,TEXAS,TX,1,1,2,2,1,1,381,0,AMARILLO,17,3,March,2012,7,Saturday,1,45,1,1,7,53,35.07080556,-101.91881111,8,2,0,0,0,1,0
480486,TEXAS,TX,2,2,0,0,3,3,113,1730,COTTONTON,18,3,March,2012,1,Sunday,6,17,1,11,1,184,32.65563333,-96.74852222,12,2,0,0,0,1,1
480487,TEXAS,TX,1,1,0,0,1,1,201,0,ANNETTE,18,3,March,2012,1,Sunday,6,5,0,6,5,0,29.89700000,-95.39853333,33,2,0,0,0,1,1
480488,TEXAS,TX,1,1,1,1,3,3,201,0,ANNETTE,18,3,March,2012,1,Sunday,22,5,1,12,3,215,29.89780278,-95.44255278,8,2,0,0,0,1,0
480489,TEXAS,TX,1,1,0,0,1,1,201,3280,ANNETTE,18,3,March,2012,1,Sunday,11,20,0,16,5,0,29.76108333,-95.38745278,42,1,0,0,0,1,0
480490,TEXAS,TX,1,1,0,0,2,2,379,0,EAST TAWAKONI,18,3,March,2012,1,Sunday,1,17,0,4,8,11,32.89749722,-95.79736944,1,2,0,0,0,1,1
480491,TEXAS,TX,1,1,0,0,1,1,213,6314,CARTERS,19,3,March,2012,2,Monday,21,44,0,4,3,2,32.35084722,-96.23807222,34,2,0,0,0,1,1
480492,TEXAS,TX,2,2,0,0,3,3,423,0,ARP,19,3,March,2012,2,Monday,4,51,0,3,3,329,32.27094722,-95.09824167,12,2,0,0,0,1,0
480493,TEXAS,TX,2,2,0,0,2,2,347,0,APPLEBY,20,3,March,2012,3,Tuesday,8,48,0,3,3,333,31.53946944,-94.42766667,12,1,0,0,0,1,0