ST_CASE,State Name,State Abbreviation,# of Vehicle involved,Parked_Vehicles_Involved,Pedestrains,Person_Not_in_Motor_Vehicle,Persons_in_motor_vehicle,Total_Persons_in_accident,COUNTY,CITY,City_County_Name,Calendar_DAY,MONTH,Month_name,YEAR,DAY_WEEK,Day_Week_desc,HOUR,MINUTE,NHS_Desc,trafficway,Route,MILEPT,LATITUDE,LONGITUD,First_Crash_event,Light_cond_desc,Weather_condition,School_bus_involved,Crash_cause,FATALS,DRUNK_DR
481280,TEXAS,TX,1,1,1,1,1,1,423,7070,ARP,25,6,June,2012,2,Monday,0,15,1,13,2,116,32.38051944,-95.33161389,8,3,0,0,0,1,0
481281,TEXAS,TX,2,2,0,0,2,2,441,30,ABILENE,25,6,June,2012,2,Monday,8,50,1,13,3,33,32.48169444,-99.69066667,12,1,0,0,0,1,0
481282,TEXAS,TX,1,1,0,0,17,17,215,5183,BIBB CITY,10,4,April,2012,3,Tuesday,22,27,1,12,7,136,26.23443056,-98.38105000,18,3,0,0,0,9,0
481283,TEXAS,TX,2,2,0,0,3,3,331,1100,BEN ARNOLD,29,6,June,2012,6,Friday,19,46,1,13,2,159,30.85512222,-96.98349167,12,1,0,0,0,1,0
481284,TEXAS,TX,1,1,1,1,1,1,201,3280,ANNETTE,1,6,June,2012,6,Friday,2,6,1,11,1,72,29.78518889,-95.69664167,8,3,0,0,0,1,0
481285,TEXAS,TX,2,2,0,0,2,2,361,7200,BRIDGE CITY,2,6,June,2012,7,Saturday,22,35,1,13,8,3,30.11910278,-94.01008333,1,3,0,0,0,1,0
481286,TEXAS,TX,1,1,0,0,4,4,309,0,ALAMO,22,6,June,2012,6,Friday,5,40,0,5,8,70,31.42434722,-97.31597500,38,2,0,0,0,2,1
481287,TEXAS,TX,1,1,0,0,1,1,401,0,EASTON,22,6,June,2012,6,Friday,18,58,0,4,8,0,32.37103056,-94.80943611,42,1,0,0,0,1,1
481288,TEXAS,TX,2,2,0,0,2,2,453,0,ANDERSON MILL,22,6,June,2012,6,Friday,14,45,0,6,4,0,30.31805278,-97.87278333,12,1,0,0,0,1,0
481289,TEXAS,TX,2,2,0,0,6,6,493,6610,FLORESVILLE,22,6,June,2012,6,Friday,11,20,0,3,3,99,29.23676389,-97.95990833,12,1,0,0,0,1,0
481290,TEXAS,TX,2,2,0,0,5,5,61,940,BELLWOOD,23,6,June,2012,7,Saturday,2,23,1,13,3,33,25.92322778,-97.46208056,12,3,0,0,0,2,0
481291,TEXAS,TX,1,1,1,1,1,1,397,2330,DALLAS,23,6,June,2012,7,Saturday,22,20,1,1,7,88,32.92389722,-96.39984444,8,2,0,0,0,1,0
481293,TEXAS,TX,2,2,0,0,2,2,201,3280,ANNETTE,24,6,June,2012,1,Sunday,18,24,0,16,5,0,29.61383333,-95.39685556,12,1,0,0,0,1,0
481294,TEXAS,TX,4,2,1,1,4,4,215,4197,BIBB CITY,24,6,June,2012,1,Sunday,1,26,1,12,2,228,26.19265833,-98.24839167,12,3,0,0,0,1,0
481295,TEXAS,TX,1,1,0,0,2,2,35,0,BROOKLYN,25,6,June,2012,2,Monday,18,5,0,4,8,146,31.91897500,-97.46854444,42,1,0,0,0,1,0
481296,TEXAS,TX,1,1,1,1,1,1,201,0,ANNETTE,25,6,June,2012,2,Monday,4,58,0,6,4,0,29.92870000,-95.45311111,8,2,0,0,0,1,0
481297,TEXAS,TX,1,1,0,0,1,1,439,2420,ARLINGTON,26,6,June,2012,3,Tuesday,17,19,1,11,1,144,32.66515833,-97.24207778,24,1,0,0,0,1,0
481298,TEXAS,TX,1,1,2,2,2,2,355,1550,AGUA DULCE,27,6,June,2012,4,Wednesday,21,27,0,16,5,0,27.66411111,-97.29034722,8,2,0,0,0,1,0
481299,TEXAS,TX,2,2,0,0,4,4,381,0,AMARILLO,27,6,June,2012,4,Wednesday,17,25,0,4,8,63,35.09708889,-101.84827500,12,1,0,0,0,1,0
481300,TEXAS,TX,1,1,0,0,1,1,403,0,BRONSON,27,6,June,2012,4,Wednesday,12,45,0,5,8,10,31.34138056,-93.87668333,42,1,0,0,0,1,0
481301,TEXAS,TX,2,2,0,0,2,2,365,0,BECKVILLE,28,6,June,2012,5,Thursday,5,25,1,2,2,261,32.01546111,-94.25903056,12,4,0,0,0,1,0
481302,TEXAS,TX,1,1,1,1,1,1,37,4831,BRADFORD,29,6,June,2012,6,Friday,22,50,1,13,2,91,33.44258056,-94.12481667,8,2,0,0,0,1,0
481303,TEXAS,TX,1,1,0,0,1,1,113,7520,COTTONTON,29,6,June,2012,6,Friday,13,30,1,11,7,12,32.56398056,-96.66552778,33,1,0,0,0,1,0
481304,TEXAS,TX,1,1,0,0,2,2,365,0,BECKVILLE,29,6,June,2012,6,Friday,14,45,0,4,8,307,32.23077222,-94.20770278,42,1,0,0,0,1,0
481305,TEXAS,TX,1,1,0,0,1,1,441,30,ABILENE,29,6,June,2012,6,Friday,21,48,1,12,7,35,32.41615278,-99.70183333,24,2,0,0,0,1,1
481306,TEXAS,TX,4,4,0,0,5,5,121,1840,BON AIR,30,6,June,2012,7,Saturday,21,0,1,13,2,107,33.23123056,-97.20621667,12,2,0,0,0,2,0
481307,TEXAS,TX,1,1,0,0,1,1,25,0,BARLOW BEND,1,6,June,2012,6,Friday,18,43,0,6,4,0,28.29645000,-97.81050278,35,1,0,0,0,1,1
481308,TEXAS,TX,1,1,0,0,2,2,29,0,BORDEN SPRINGS,1,6,June,2012,6,Friday,17,18,1,1,1,51,29.14452778,-98.42859722,1,1,0,0,0,1,0
481309,TEXAS,TX,1,1,0,0,1,1,113,4530,COTTONTON,1,6,June,2012,6,Friday,2,49,1,11,1,87,32.81921944,-96.62915833,1,3,0,0,0,1,1
481310,TEXAS,TX,2,2,0,0,2,2,135,5030,ASH FLAT,9,6,June,2012,7,Saturday,23,9,1,13,8,126,31.86888889,-102.32102778,12,3,0,0,0,1,1
481311,TEXAS,TX,3,3,0,0,3,3,439,2850,ARLINGTON,13,6,June,2012,4,Wednesday,11,4,1,12,3,82,32.92274444,-97.06783611,20,1,0,0,0,1,0
481312,TEXAS,TX,1,1,1,1,1,1,441,4500,ABILENE,28,4,April,2012,7,Saturday,9,35,0,16,5,0,32.47313056,-100.01505833,8,1,0,0,0,1,0
481313,TEXAS,TX,1,1,0,0,1,1,241,0,CLAYTON,27,6,June,2012,4,Wednesday,11,0,1,2,2,105,30.51526667,-93.94339167,35,1,0,0,0,1,0
481314,TEXAS,TX,1,1,0,0,1,1,135,5030,ASH FLAT,28,6,June,2012,5,Thursday,2,9,1,11,1,364,31.83930278,-102.33404444,24,2,0,0,0,1,1
481315,TEXAS,TX,1,1,0,0,1,1,85,2520,BENTON,30,6,June,2012,7,Saturday,3,29,0,14,8,126,33.15228056,-96.75921944,42,2,0,0,0,1,1
481316,TEXAS,TX,2,2,0,0,3,3,113,1730,COTTONTON,2,6,June,2012,7,Saturday,12,30,1,13,8,347,32.68751944,-96.82448889,12,1,0,0,0,1,0
481317,TEXAS,TX,1,1,0,0,1,1,139,4570,CALION,2,6,June,2012,7,Saturday,22,46,1,12,7,40,32.49801389,-96.99039167,1,3,0,0,0,1,1
481318,TEXAS,TX,1,1,1,1,3,3,497,0,ALVORD,2,6,June,2012,7,Saturday,1,18,0,5,8,19,33.17268056,-97.75925000,8,2,0,0,0,1,0
481319,TEXAS,TX,2,2,0,0,2,2,31,0,COFFEE,3,6,June,2012,1,Sunday,17,26,0,4,8,97,30.13495833,-98.28036667,12,1,0,0,0,1,0
481320,TEXAS,TX,2,2,0,0,3,3,91,0,DAYTON,3,6,June,2012,1,Sunday,0,14,1,13,8,42,29.86544167,-98.16651667,12,2,0,0,0,1,2
481321,TEXAS,TX,1,1,0,0,1,1,185,0,ANAKTUVUK PASS,3,6,June,2012,1,Sunday,10,47,0,5,8,130,30.48570556,-96.06299722,38,1,0,0,0,1,0
481323,TEXAS,TX,2,2,0,0,4,4,399,0,BALLINGER,10,6,June,2012,1,Sunday,6,0,0,5,8,18,31.82708056,-99.95600000,12,2,0,0,0,3,1
481324,TEXAS,TX,2,2,0,0,2,2,85,5730,BENTON,12,6,June,2012,3,Tuesday,2,20,0,16,5,0,33.00369722,-96.73165278,12,3,0,0,0,1,1
481325,TEXAS,TX,2,2,0,0,2,2,143,6590,CANEHILL,12,6,June,2012,3,Tuesday,23,45,0,14,8,206,32.22958611,-98.21513889,12,3,0,0,0,1,1
481326,TEXAS,TX,1,1,0,0,1,1,497,0,ALVORD,13,6,June,2012,4,Wednesday,18,15,1,2,2,80,33.15028889,-97.50748889,1,1,0,0,0,1,0
481327,TEXAS,TX,2,2,0,0,2,2,55,0,ATTALLA,16,6,June,2012,7,Saturday,21,28,0,4,8,257,29.92725833,-97.59567778,12,2,0,0,0,1,1
481328,TEXAS,TX,2,2,0,0,3,3,173,0,LAKELAND,16,6,June,2012,7,Saturday,8,23,0,4,3,176,31.80531667,-101.68317778,12,1,0,0,0,1,0
481329,TEXAS,TX,1,1,0,0,2,2,439,2450,ARLINGTON,16,6,June,2012,7,Saturday,0,35,0,16,5,0,32.93893056,-97.28925278,30,2,0,0,0,1,1
481330,TEXAS,TX,1,1,1,1,1,1,481,7410,BOLING,16,6,June,2012,7,Saturday,1,32,0,14,8,189,29.32459167,-96.11655556,8,2,0,0,0,1,0
481331,TEXAS,TX,1,1,1,1,1,1,439,2450,ARLINGTON,17,6,June,2012,1,Sunday,3,47,1,11,1,239,32.78477222,-97.46539444,8,2,0,0,0,1,0
481332,TEXAS,TX,2,2,0,0,2,2,439,2450,ARLINGTON,17,6,June,2012,1,Sunday,3,55,1,11,1,239,32.78473611,-97.46543611,12,2,0,0,0,1,0
481333,TEXAS,TX,3,3,0,0,3,3,223,0,BRASWELL,19,6,June,2012,3,Tuesday,17,1,0,3,3,214,33.16147500,-95.68139722,12,1,0,0,0,1,0
481334,TEXAS,TX,3,3,0,0,3,3,439,2450,ARLINGTON,19,6,June,2012,3,Tuesday,7,47,1,11,1,287,32.73283889,-97.22496111,24,1,0,0,0,1,0
481335,TEXAS,TX,2,2,0,0,3,3,201,1790,ANNETTE,20,6,June,2012,4,Wednesday,14,9,0,16,5,0,29.66421667,-95.12296111,12,1,0,0,0,1,0
481336,TEXAS,TX,3,3,0,0,5,5,201,3280,ANNETTE,20,6,June,2012,4,Wednesday,17,35,0,16,5,0,29.82601111,-95.60534444,12,1,0,0,0,3,0
481337,TEXAS,TX,3,3,0,0,3,3,29,0,BORDEN SPRINGS,21,6,June,2012,5,Thursday,23,0,1,1,1,56,29.67403056,-98.63456944,12,2,0,0,0,1,0
481338,TEXAS,TX,1,1,0,0,1,1,113,1730,COTTONTON,21,6,June,2012,5,Thursday,2,40,1,13,8,295,32.85818611,-96.72496944,18,2,0,0,0,1,1
481339,TEXAS,TX,1,1,0,0,3,3,97,7112,AXIS,24,6,June,2012,1,Sunday,21,35,1,1,1,49,33.48904722,-97.16258333,1,3,0,0,0,1,0
481340,TEXAS,TX,1,1,0,0,1,1,113,2678,COTTONTON,24,6,June,2012,1,Sunday,10,8,0,16,5,0,32.56194167,-96.85698333,1,1,0,0,0,1,1
481341,TEXAS,TX,2,2,0,0,10,10,453,330,ANDERSON MILL,24,6,June,2012,1,Sunday,1,38,0,16,5,0,30.25301111,-97.71278889,12,3,0,0,0,1,0
481342,TEXAS,TX,3,3,0,0,3,3,113,4530,COTTONTON,25,6,June,2012,2,Monday,21,35,1,11,1,37,32.75019722,-96.61469444,12,3,0,0,0,1,0
481343,TEXAS,TX,1,1,0,0,1,1,371,0,COYANOSA,25,6,June,2012,2,Monday,8,30,1,2,2,510,30.31373333,-102.44188611,39,2,0,0,0,1,0
481344,TEXAS,TX,1,1,0,0,1,1,479,3899,AGUILARES,25,6,June,2012,2,Monday,21,4,1,11,1,18,27.68538611,-99.46308889,23,3,0,0,0,1,0
481345,TEXAS,TX,1,1,0,0,1,1,29,0,BORDEN SPRINGS,26,6,June,2012,3,Tuesday,21,55,0,6,4,0,29.54213889,-98.70165000,30,3,0,0,0,1,1
481346,TEXAS,TX,3,3,0,0,3,3,257,4190,AVALON,27,6,June,2012,4,Wednesday,9,46,0,4,3,11,32.34193611,-96.10894167,12,1,0,0,0,1,0
481347,TEXAS,TX,2,2,0,0,2,2,29,6090,BORDEN SPRINGS,30,6,June,2012,7,Saturday,7,55,0,16,5,0,29.40591111,-98.46126111,12,1,0,0,0,1,0
481348,TEXAS,TX,1,1,0,0,2,2,181,1830,LINCOLN,30,6,June,2012,7,Saturday,4,45,1,12,2,101,33.72011111,-96.58507500,1,2,0,0,0,1,0
481349,TEXAS,TX,2,2,0,0,3,3,215,2110,BIBB CITY,30,6,June,2012,7,Saturday,3,29,0,16,5,0,26.31180556,-98.18499444,12,3,0,0,0,1,1
481350,TEXAS,TX,2,2,0,0,7,7,215,0,BIBB CITY,1,6,June,2012,6,Friday,22,40,0,6,4,0,26.27392500,-98.34690278,12,2,0,0,0,1,1
481351,TEXAS,TX,2,2,0,0,2,2,347,0,APPLEBY,1,6,June,2012,6,Friday,10,42,1,2,2,135,31.70848333,-94.63362500,12,1,0,0,0,1,0
481352,TEXAS,TX,1,1,0,0,1,1,449,0,COOKVILLE,1,6,June,2012,6,Friday,20,40,0,6,4,0,33.20134722,-95.00312222,38,2,0,0,0,1,1
481353,TEXAS,TX,1,1,0,0,1,1,457,0,CHESTER,1,6,June,2012,6,Friday,16,45,1,2,2,62,30.70645278,-94.40831944,42,1,0,0,0,1,0
481354,TEXAS,TX,2,2,0,0,2,2,201,0,ANNETTE,2,6,June,2012,7,Saturday,2,0,0,14,8,171,30.07051389,-95.47650556,12,3,0,0,0,1,1
481355,TEXAS,TX,1,1,0,0,3,3,257,0,AVALON,2,6,June,2012,7,Saturday,0,45,0,6,4,0,32.68364167,-96.40518889,1,2,0,0,0,1,0
481356,TEXAS,TX,1,1,0,0,1,1,439,2450,ARLINGTON,2,6,June,2012,7,Saturday,6,45,1,11,1,144,32.83973889,-97.30971944,18,4,0,0,0,1,0
481357,TEXAS,TX,2,2,0,0,3,3,177,0,LEE,3,6,June,2012,1,Sunday,15,56,0,4,3,81,29.49861111,-97.70516944,12,1,0,0,0,1,0
481358,TEXAS,TX,2,1,0,0,1,1,309,7210,ALAMO,3,6,June,2012,1,Sunday,2,50,0,16,5,0,31.53917500,-97.10710000,14,2,0,0,0,1,1
481359,TEXAS,TX,1,1,0,0,1,1,141,2190,BEE BRANCH,10,6,June,2012,1,Sunday,3,57,0,16,5,0,31.93124722,-106.41723333,42,3,0,0,0,1,1
481360,TEXAS,TX,1,1,1,1,1,1,201,3280,ANNETTE,10,6,June,2012,1,Sunday,7,27,0,16,5,0,29.79097222,-95.31603056,8,1,0,0,0,1,1
481361,TEXAS,TX,2,2,0,0,4,4,339,0,CONROE,16,6,June,2012,7,Saturday,17,39,0,6,4,0,30.34096389,-95.58335833,12,1,0,0,0,1,0
481362,TEXAS,TX,1,1,0,0,3,3,457,0,CHESTER,19,6,June,2012,3,Tuesday,10,0,0,3,2,93,30.83888056,-94.27493889,1,1,0,0,0,1,0
481363,TEXAS,TX,1,1,0,0,1,1,21,0,CHILTON,22,6,June,2012,6,Friday,9,15,0,4,8,89,30.01485833,-97.17500278,5,1,0,0,0,1,0
481364,TEXAS,TX,1,1,0,0,1,1,339,4999,CONROE,23,6,June,2012,7,Saturday,0,15,1,11,1,33,30.15747500,-95.44928611,25,3,0,0,0,1,1
481365,TEXAS,TX,1,1,1,1,1,1,259,0,CHARLES,28,6,June,2012,5,Thursday,19,8,1,11,7,166,29.82323889,-98.75620000,9,1,0,0,0,1,0
481366,TEXAS,TX,1,1,0,0,1,1,51,0,CENTRAL,29,6,June,2012,6,Friday,11,5,0,6,4,0,30.38245833,-96.63612222,38,1,0,0,0,1,0
481367,TEXAS,TX,2,2,0,0,4,4,339,0,CONROE,29,6,June,2012,6,Friday,2,55,1,11,1,69,30.20912500,-95.45650833,12,2,0,0,0,2,1
481368,TEXAS,TX,1,1,0,0,5,5,31,0,COFFEE,30,6,June,2012,7,Saturday,4,52,0,3,2,135,30.30160278,-98.39562778,1,2,0,0,0,2,0
481369,TEXAS,TX,2,2,0,0,2,2,251,0,DOVER,30,6,June,2012,7,Saturday,17,48,0,15,8,307,32.49688056,-97.18431111,12,1,0,0,0,1,0
481370,TEXAS,TX,2,2,0,0,2,2,453,0,ANDERSON MILL,30,6,June,2012,7,Saturday,2,23,0,6,4,0,30.47074444,-97.67432500,12,2,0,0,0,1,1
481371,TEXAS,TX,1,1,0,0,1,1,213,0,CARTERS,23,6,June,2012,7,Saturday,22,50,0,3,8,46,32.32244722,-96.29185000,1,2,0,0,0,1,1
481372,TEXAS,TX,1,1,0,0,3,3,375,0,AMARILLO,23,6,June,2012,7,Saturday,4,15,0,4,8,95,35.38533889,-102.09700833,31,2,0,0,0,1,1
481373,TEXAS,TX,2,2,0,0,3,3,183,0,FORT STEWART,27,6,June,2012,4,Wednesday,8,5,1,2,3,54,32.43606944,-94.82646667,12,1,0,0,0,1,0
481374,TEXAS,TX,2,2,0,0,5,5,211,0,APALACHEE,27,6,June,2012,4,Wednesday,6,52,1,2,2,78,35.79590000,-100.42204444,12,1,0,0,0,2,0
481376,TEXAS,TX,2,2,0,0,3,3,459,0,BETTIE,30,6,June,2012,7,Saturday,16,25,0,3,2,125,32.73926111,-94.74803333,12,1,0,0,0,1,0
481377,TEXAS,TX,1,1,0,0,1,1,213,0,CARTERS,1,6,June,2012,6,Friday,4,0,0,4,8,74,32.23872500,-95.53009167,1,6,0,0,0,1,1
481378,TEXAS,TX,1,1,0,0,2,2,41,1440,BRANTLEY,2,6,June,2012,7,Saturday,3,54,0,15,8,17,30.59587778,-96.34888056,33,3,0,0,0,2,0
481379,TEXAS,TX,1,1,0,0,1,1,259,0,CHARLES,2,6,June,2012,7,Saturday,3,51,1,1,1,44,29.95327778,-98.88449722,32,2,0,0,0,1,1
481380,TEXAS,TX,1,1,0,0,7,7,389,0,BALMORHEA,3,6,June,2012,1,Sunday,17,30,1,1,1,336,30.97078333,-103.50708056,1,1,0,0,0,2,0
481381,TEXAS,TX,2,2,0,0,2,2,135,0,ASH FLAT,5,6,June,2012,3,Tuesday,13,35,1,11,1,278,31.79543889,-102.46212500,12,1,0,0,0,1,0
481382,TEXAS,TX,1,1,0,0,1,1,3,0,BALDWIN,12,6,June,2012,3,Tuesday,11,37,0,6,4,0,32.11150556,-102.70563611,1,1,0,0,0,1,0
481383,TEXAS,TX,2,2,0,0,2,2,495,0,KERMIT,13,6,June,2012,4,Wednesday,5,26,0,3,3,208,31.88038056,-102.91200833,12,2,0,0,0,1,0
481384,TEXAS,TX,2,2,0,0,2,2,329,0,MIDLAND,15,6,June,2012,6,Friday,17,18,1,2,8,228,32.03995278,-101.98897222,12,1,0,0,0,1,0
481385,TEXAS,TX,2,2,0,0,3,3,3,0,BALDWIN,19,6,June,2012,3,Tuesday,10,17,0,3,3,155,32.18199444,-102.74875833,12,1,0,0,0,1,0
481386,TEXAS,TX,2,2,0,0,2,2,329,0,MIDLAND,24,6,June,2012,1,Sunday,23,19,1,1,1,262,32.07600000,-101.91894444,12,2,0,0,0,1,0
481387,TEXAS,TX,2,2,0,0,3,3,201,3280,ANNETTE,25,6,June,2012,2,Monday,16,50,0,16,5,0,29.81317500,-95.34236944,12,1,0,0,0,1,0
481388,TEXAS,TX,2,2,0,0,2,2,201,3280,ANNETTE,25,6,June,2012,2,Monday,18,46,0,16,5,0,29.85096944,-95.54510833,12,5,0,0,0,1,1
481389,TEXAS,TX,2,2,0,0,2,2,477,880,BRENHAM,25,6,June,2012,2,Monday,9,10,0,14,8,29,30.17003333,-96.38130833,12,1,0,0,0,1,0
481390,TEXAS,TX,2,2,0,0,4,4,311,0,CLEVELAND,26,6,June,2012,3,Tuesday,11,20,0,4,3,110,28.47170000,-98.62221111,12,1,0,0,0,1,0
481391,TEXAS,TX,1,1,1,1,1,1,349,196,ANGUS,27,6,June,2012,4,Wednesday,21,15,1,1,1,118,32.00505278,-96.43238056,8,5,0,0,0,1,0
481392,TEXAS,TX,2,2,0,0,6,6,215,0,BIBB CITY,29,6,June,2012,6,Friday,19,14,0,15,8,16,26.27391944,-98.07079722,12,1,0,0,0,2,0
481393,TEXAS,TX,2,2,0,0,2,2,475,0,BARSTOW,29,6,June,2012,6,Friday,9,15,1,1,1,231,31.54992500,-103.03397778,12,1,0,0,0,1,0
481394,TEXAS,TX,2,2,0,0,4,4,329,0,MIDLAND,30,6,June,2012,7,Saturday,16,31,0,4,3,32,32.05655278,-101.78006944,12,1,0,0,0,1,0
481395,TEXAS,TX,1,1,0,0,1,1,241,0,CLAYTON,29,3,March,2012,5,Thursday,13,52,0,4,8,69,30.25173056,-94.09566389,42,9,0,0,0,1,0
481397,TEXAS,TX,1,1,0,0,1,1,329,0,MIDLAND,28,6,June,2012,5,Thursday,6,40,0,6,4,0,31.69088333,-101.93066944,1,1,0,0,0,1,1
481398,TEXAS,TX,2,2,0,0,2,2,171,0,ALDORA,11,4,April,2012,4,Wednesday,11,57,1,2,2,52,30.22528333,-98.80504444,12,1,0,0,0,1,0
481399,TEXAS,TX,2,1,0,1,1,2,71,0,BRIDGEPORT,24,6,June,2012,1,Sunday,19,30,1,1,1,52,29.82810556,-94.82495556,14,1,0,0,0,1,0
481400,TEXAS,TX,1,1,0,0,2,2,39,0,ANDALUSIA,3,6,June,2012,1,Sunday,22,20,0,6,4,0,28.99175278,-95.30599167,1,2,0,0,0,1,1
481401,TEXAS,TX,1,1,0,0,4,4,347,0,APPLEBY,1,6,June,2012,6,Friday,9,30,1,2,2,308,31.48593056,-94.72096667,1,1,0,0,0,1,0
481402,TEXAS,TX,1,1,0,0,1,1,439,2450,ARLINGTON,3,6,June,2012,1,Sunday,2,30,1,11,1,116,32.81818333,-97.31280833,1,3,0,0,0,1,1
481403,TEXAS,TX,1,1,0,0,1,1,85,5390,BENTON,4,6,June,2012,2,Monday,17,25,1,12,7,237,33.08560278,-96.83996944,38,1,0,0,0,1,0
481404,TEXAS,TX,2,2,0,0,2,2,479,0,AGUILARES,15,6,June,2012,6,Friday,6,25,1,2,2,294,27.80175556,-99.46329722,12,1,0,0,0,1,0
481405,TEXAS,TX,2,2,0,0,2,2,201,3280,ANNETTE,26,6,June,2012,3,Tuesday,10,27,1,11,7,105,29.80695833,-95.30180000,12,1,0,0,0,1,0
481406,TEXAS,TX,1,1,0,0,1,1,395,870,BREMOND,2,6,June,2012,7,Saturday,23,47,0,4,8,1,31.15686111,-96.68005278,43,2,0,0,0,1,1
481407,TEXAS,TX,2,2,0,0,2,2,67,0,ABBEVILLE,9,6,June,2012,7,Saturday,0,19,0,3,3,69,33.00211667,-94.53667500,12,2,0,0,0,1,1
481408,TEXAS,TX,1,1,0,0,3,3,201,0,ANNETTE,15,6,June,2012,6,Friday,23,50,0,6,4,0,30.02521111,-95.58582778,1,2,0,0,0,1,0
481409,TEXAS,TX,2,2,0,0,2,2,331,5880,BEN ARNOLD,15,6,June,2012,6,Friday,22,43,0,3,2,122,30.66567222,-96.98040000,12,3,0,0,0,1,0
481410,TEXAS,TX,1,1,0,0,1,1,29,0,BORDEN SPRINGS,22,6,June,2012,6,Friday,3,48,0,6,4,0,29.17439167,-98.52644167,42,2,0,0,0,1,1
481411,TEXAS,TX,2,2,0,0,3,3,201,3280,ANNETTE,22,3,March,2012,5,Thursday,15,15,0,16,5,0,29.77041111,-95.60620556,12,1,0,0,0,1,0
481412,TEXAS,TX,1,1,0,0,1,1,61,0,BELLWOOD,9,6,June,2012,7,Saturday,20,10,0,6,4,0,26.27447500,-97.81403056,30,1,0,0,0,1,0
481413,TEXAS,TX,1,1,1,1,2,2,303,4140,DAVISBORO,11,6,June,2012,2,Monday,21,24,1,13,2,24,33.56935000,-101.85531111,8,2,0,0,0,1,0
481414,TEXAS,TX,1,1,0,0,1,1,201,3280,ANNETTE,30,6,June,2012,7,Saturday,1,53,0,16,5,0,29.69146944,-95.40425833,25,3,0,0,0,1,0
481415,TEXAS,TX,2,2,0,0,3,3,355,1550,AGUA DULCE,30,6,June,2012,7,Saturday,20,25,0,16,5,0,27.75283056,-97.42003056,12,3,0,0,0,1,0
481416,TEXAS,TX,1,1,0,0,1,1,59,0,FRANKLIN,25,6,June,2012,2,Monday,10,10,0,3,3,151,32.23190833,-99.42536667,42,1,0,0,0,1,0
481417,TEXAS,TX,2,2,0,0,2,2,17,0,CHAMBERS,27,6,June,2012,4,Wednesday,7,38,1,2,2,50,34.27844444,-102.81031944,12,1,0,0,0,1,0
481418,TEXAS,TX,1,1,0,0,2,2,37,0,BRADFORD,28,6,June,2012,5,Thursday,14,32,1,1,1,309,33.46936389,-94.24427222,32,1,0,0,0,1,0
481419,TEXAS,TX,1,1,0,0,1,1,275,0,BARWICK,30,6,June,2012,7,Saturday,5,0,0,4,3,220,33.64723611,-99.80194444,1,2,0,0,0,1,1
481420,TEXAS,TX,3,3,0,0,8,8,479,3899,AGUILARES,16,3,March,2012,6,Friday,19,28,1,13,8,179,27.53208333,-99.44647778,12,1,0,0,0,1,0
481421,TEXAS,TX,1,1,0,0,1,1,201,480,ANNETTE,27,4,April,2012,6,Friday,10,9,1,12,8,31,29.76879722,-95.01175278,33,1,0,0,0,1,0
481422,TEXAS,TX,1,1,1,1,1,1,309,545,ALAMO,24,4,April,2012,3,Tuesday,22,5,1,13,2,22,31.60042778,-97.08738333,8,2,0,0,0,1,0
481423,TEXAS,TX,1,1,1,1,1,1,439,0,ARLINGTON,28,4,April,2012,7,Saturday,3,30,1,11,1,43,32.69347222,-97.49390000,8,2,0,0,0,1,0
481424,TEXAS,TX,2,2,0,0,4,4,29,6090,BORDEN SPRINGS,3,7,July,2012,3,Tuesday,23,50,1,13,8,134,29.45603611,-98.55338056,12,3,0,0,0,1,1
481425,TEXAS,TX,2,2,0,0,4,4,71,4666,BRIDGEPORT,3,7,July,2012,3,Tuesday,17,4,0,3,3,10,29.87606667,-94.89369444,12,1,0,0,0,1,1
481426,TEXAS,TX,2,2,0,0,6,6,147,0,AUGUSTA,3,7,July,2012,3,Tuesday,15,30,0,3,3,105,33.47793056,-96.26178889,12,1,0,0,0,2,0
481427,TEXAS,TX,2,2,0,0,5,5,173,0,LAKELAND,3,7,July,2012,3,Tuesday,17,30,0,4,8,86,31.65515278,-101.74120000,12,1,0,0,0,2,0
481428,TEXAS,TX,2,2,0,0,2,2,185,0,ANAKTUVUK PASS,3,7,July,2012,3,Tuesday,8,45,0,2,3,20,30.37465278,-96.04887778,12,1,0,0,0,1,0
481429,TEXAS,TX,1,1,1,1,1,1,201,3280,ANNETTE,3,7,July,2012,3,Tuesday,20,50,0,16,5,0,29.79913889,-95.54486944,8,3,0,0,0,1,0
481430,TEXAS,TX,1,1,1,1,1,1,339,1510,CONROE,3,7,July,2012,3,Tuesday,5,30,0,14,8,141,30.31415278,-95.50858333,8,2,0,0,0,1,0
481431,TEXAS,TX,2,2,0,0,5,5,85,2520,BENTON,4,7,July,2012,4,Wednesday,10,3,0,14,8,89,33.13287222,-96.73285278,12,1,0,0,0,1,0
481432,TEXAS,TX,1,1,0,0,1,1,85,5730,BENTON,4,7,July,2012,4,Wednesday,1,12,0,16,5,0,32.99512222,-96.64038889,33,3,0,0,0,1,1
481433,TEXAS,TX,1,1,1,1,1,1,157,6660,ARCADE,4,7,July,2012,4,Wednesday,3,0,1,12,2,28,29.61738889,-95.60490556,8,3,0,0,0,1,0
481434,TEXAS,TX,1,1,0,0,1,1,285,0,GABBETTVILLE,4,7,July,2012,4,Wednesday,2,59,0,4,3,97,29.49124167,-97.14920833,1,2,0,0,0,1,0
481435,TEXAS,TX,1,1,0,0,1,1,373,0,ACE,4,7,July,2012,4,Wednesday,0,55,0,14,8,6,30.71120833,-94.96930833,59,2,0,0,0,1,1
481436,TEXAS,TX,1,1,0,0,1,1,401,0,EASTON,4,7,July,2012,4,Wednesday,2,3,0,6,4,0,32.17171944,-94.94598333,42,2,0,0,0,1,0
481437,TEXAS,TX,1,1,1,1,1,1,481,2130,BOLING,4,7,July,2012,4,Wednesday,6,5,1,2,2,265,29.17487778,-96.27904167,8,2,0,0,0,1,0