ST_CASE,State Name,State Abbreviation,# of Vehicle involved,Parked_Vehicles_Involved,Pedestrains,Person_Not_in_Motor_Vehicle,Persons_in_motor_vehicle,Total_Persons_in_accident,COUNTY,CITY,City_County_Name,Calendar_DAY,MONTH,Month_name,YEAR,DAY_WEEK,Day_Week_desc,HOUR,MINUTE,NHS_Desc,trafficway,Route,MILEPT,LATITUDE,LONGITUD,First_Crash_event,Light_cond_desc,Weather_condition,School_bus_involved,Crash_cause,FATALS,DRUNK_DR
481593,TEXAS,TX,1,1,0,0,1,1,213,5238,CARTERS,31,7,July,2012,3,Tuesday,15,0,0,4,8,66,32.28167222,-96.07183889,38,1,0,0,0,1,0
481594,TEXAS,TX,1,1,0,0,1,1,321,0,BRIDGEBORO,31,7,July,2012,3,Tuesday,0,53,0,6,4,0,29.00135278,-95.84861944,1,2,0,0,0,1,1
481595,TEXAS,TX,1,1,1,1,1,1,453,330,ANDERSON MILL,31,7,July,2012,3,Tuesday,6,20,1,12,2,24,30.22302778,-97.76391111,8,3,0,0,0,1,0
481596,TEXAS,TX,1,1,0,0,1,1,201,0,ANNETTE,14,7,July,2012,7,Saturday,7,0,1,12,3,205,29.89755556,-95.45991389,38,1,0,0,0,1,1
481597,TEXAS,TX,2,2,0,0,3,3,463,0,CLINE,28,7,July,2012,7,Saturday,13,59,1,2,2,60,29.31585833,-99.57267778,12,1,0,0,0,2,0
481598,TEXAS,TX,1,1,0,0,1,1,501,0,DENVER CITY,28,7,July,2012,7,Saturday,15,32,0,3,2,199,33.18195278,-102.65983611,1,1,0,0,0,1,0
481599,TEXAS,TX,1,1,0,0,1,1,161,0,DENTON,29,7,July,2012,1,Sunday,17,24,0,4,8,49,31.68656944,-96.32377222,1,1,0,0,0,1,0
481600,TEXAS,TX,3,3,3,3,1,1,91,9997,DAYTON,30,7,July,2012,2,Monday,3,10,1,11,1,21,29.62990278,-98.23109167,12,3,0,0,0,3,0
481601,TEXAS,TX,3,3,0,0,3,3,311,0,CLEVELAND,30,7,July,2012,2,Monday,9,50,0,4,3,289,28.45992500,-98.40338056,12,1,0,0,0,2,0
481602,TEXAS,TX,1,1,0,0,1,1,251,0,DOVER,15,7,July,2012,1,Sunday,10,54,0,4,8,46,32.48680833,-97.12380833,38,1,0,0,0,1,0
481603,TEXAS,TX,3,3,0,0,6,6,85,0,BENTON,20,7,July,2012,6,Friday,12,53,0,3,8,26,33.22510556,-96.73270833,12,1,0,0,0,1,0
481604,TEXAS,TX,3,3,0,0,10,10,367,0,ALEDO,20,7,July,2012,6,Friday,18,20,0,4,8,159,32.79580278,-97.83207778,12,1,0,0,0,1,0
481605,TEXAS,TX,1,1,1,1,1,1,439,2450,ARLINGTON,22,7,July,2012,1,Sunday,3,35,1,12,2,223,32.73677500,-97.29925556,8,3,0,0,0,1,0
481606,TEXAS,TX,1,1,1,1,1,1,439,2450,ARLINGTON,25,7,July,2012,4,Wednesday,9,52,1,13,7,139,32.74623611,-97.31995556,8,1,0,1,0,1,0
481607,TEXAS,TX,1,1,0,0,5,5,105,0,MARION,26,7,July,2012,5,Thursday,14,24,1,1,1,319,30.69473611,-101.45762222,31,1,0,0,0,2,0
481608,TEXAS,TX,2,2,0,0,4,4,327,0,FORT MCKAVETT,26,7,July,2012,5,Thursday,11,27,0,4,3,136,30.86911667,-99.54028611,12,1,0,0,0,1,0
481609,TEXAS,TX,2,2,0,0,2,2,143,0,CANEHILL,27,7,July,2012,6,Friday,23,0,1,2,2,57,32.33065833,-98.06967778,12,2,0,0,0,1,1
481610,TEXAS,TX,2,2,0,0,3,3,303,4140,DAVISBORO,19,6,June,2012,3,Tuesday,12,3,0,16,5,0,33.54155556,-101.88773056,12,1,0,0,0,1,0
481611,TEXAS,TX,2,2,0,0,2,2,139,7270,CALION,28,7,July,2012,7,Saturday,0,22,1,13,2,108,32.40590000,-96.84271111,12,3,0,0,0,1,1
481612,TEXAS,TX,2,2,0,0,2,2,201,3280,ANNETTE,28,7,July,2012,7,Saturday,2,6,1,13,8,129,29.73787222,-95.48244722,12,3,0,0,0,1,0
481613,TEXAS,TX,1,1,0,0,2,2,201,0,ANNETTE,29,7,July,2012,1,Sunday,19,10,0,6,4,0,29.88551111,-95.15951389,30,1,0,0,0,2,1
481614,TEXAS,TX,2,2,0,0,2,2,497,0,ALVORD,29,7,July,2012,1,Sunday,22,32,0,3,3,264,33.10938056,-97.65789444,12,2,0,0,0,1,0
481615,TEXAS,TX,1,1,0,0,5,5,201,3280,ANNETTE,30,7,July,2012,2,Monday,15,0,1,12,2,4,29.86070833,-95.33332500,25,1,0,0,0,1,0
481616,TEXAS,TX,1,1,1,1,2,2,203,0,BENSON,30,7,July,2012,2,Monday,21,0,0,3,2,123,32.51759722,-94.50170278,8,2,0,0,0,1,1
481617,TEXAS,TX,2,2,0,0,3,3,13,0,BOLLING,31,7,July,2012,3,Tuesday,7,31,0,4,8,170,28.89476667,-98.71339167,54,1,0,0,0,2,0
481618,TEXAS,TX,2,2,1,1,3,3,141,2190,BEE BRANCH,24,7,July,2012,3,Tuesday,21,46,1,13,3,337,31.67677222,-106.30970000,8,2,0,0,0,1,0
481619,TEXAS,TX,3,1,0,0,4,4,113,1730,COTTONTON,20,6,June,2012,4,Wednesday,0,30,0,16,5,0,32.72242222,-96.70012500,19,3,0,0,0,1,1
481620,TEXAS,TX,1,1,1,1,1,1,303,4140,DAVISBORO,7,7,July,2012,7,Saturday,2,37,1,13,8,79,33.59237778,-101.88993889,9,3,0,0,0,1,1
481621,TEXAS,TX,1,1,0,0,1,1,245,5430,AUGUSTA,8,7,July,2012,1,Sunday,19,24,0,16,5,0,29.89940833,-93.90629167,38,1,0,0,0,1,0
481622,TEXAS,TX,2,2,0,0,3,3,113,1730,COTTONTON,13,7,July,2012,6,Friday,21,27,0,16,5,0,32.90931944,-96.88163056,12,3,0,0,0,1,0
481623,TEXAS,TX,1,1,0,0,1,1,49,0,COLLINSVILLE,15,7,July,2012,1,Sunday,1,0,1,2,2,34,31.72085278,-99.01735556,35,2,0,0,0,1,1
481624,TEXAS,TX,2,2,0,0,6,6,35,4490,BROOKLYN,6,7,July,2012,6,Friday,19,19,0,3,3,145,31.91545833,-97.66534722,12,1,0,0,0,1,0
481625,TEXAS,TX,1,1,0,0,1,1,441,0,ABILENE,16,7,July,2012,2,Monday,16,55,0,3,3,142,32.34594444,-99.63835556,42,1,0,0,0,1,0
481626,TEXAS,TX,1,1,1,1,1,1,43,0,BAILEYTON,20,7,July,2012,6,Friday,14,15,0,3,2,304,30.26793056,-103.42135000,9,1,0,0,0,1,1
481627,TEXAS,TX,1,1,0,0,5,5,353,0,BLACKWELL,20,7,July,2012,6,Friday,12,44,1,1,1,115,32.45173611,-100.47561667,1,1,0,0,0,2,0
481628,TEXAS,TX,1,1,0,0,1,1,339,0,CONROE,21,7,July,2012,7,Saturday,0,45,0,4,8,8,30.15028889,-95.19988889,1,2,0,0,0,1,1
481629,TEXAS,TX,3,3,0,0,4,4,201,3280,ANNETTE,25,7,July,2012,4,Wednesday,15,1,1,12,2,92,29.72236667,-95.49296111,12,1,0,0,0,1,0
481630,TEXAS,TX,1,1,0,0,2,2,113,1730,COTTONTON,27,7,July,2012,6,Friday,23,55,0,16,5,0,32.77558056,-96.78618889,24,3,0,0,0,2,1
481631,TEXAS,TX,2,2,1,1,2,2,21,0,CHILTON,28,7,July,2012,7,Saturday,23,8,0,3,3,113,30.17792778,-97.31622778,8,3,0,0,0,1,0
481632,TEXAS,TX,1,1,0,0,3,3,229,0,BLACKSHEAR,28,7,July,2012,7,Saturday,18,33,0,4,8,179,31.57787222,-105.36049722,59,1,0,0,0,1,0
481633,TEXAS,TX,1,1,0,0,4,4,481,0,BOLING,29,7,July,2012,1,Sunday,17,8,1,2,2,331,29.13191389,-96.37107222,1,1,0,0,0,1,0
481634,TEXAS,TX,2,2,0,0,7,7,453,0,ANDERSON MILL,30,7,July,2012,2,Monday,9,45,0,3,3,4,30.41808889,-97.38076389,12,1,0,0,0,3,0
481635,TEXAS,TX,2,2,0,0,2,2,89,0,BROWNSBORO,31,7,July,2012,3,Tuesday,15,55,0,3,3,62,29.64007500,-96.51198889,12,1,0,0,0,1,0
481636,TEXAS,TX,3,3,0,0,3,3,339,0,CONROE,31,7,July,2012,3,Tuesday,20,35,0,4,8,90,30.17498889,-95.60094722,12,2,0,0,0,1,0
481637,TEXAS,TX,2,2,0,0,5,5,303,4140,DAVISBORO,25,5,May,2012,6,Friday,10,8,1,11,7,229,33.53427778,-101.84502778,12,1,0,0,0,1,0
481638,TEXAS,TX,1,1,0,0,4,4,463,0,CLINE,15,7,July,2012,1,Sunday,18,5,0,3,2,117,29.48833333,-99.74590833,42,1,0,0,0,1,0
481639,TEXAS,TX,1,1,0,0,1,1,273,0,BRONWOOD,23,7,July,2012,2,Monday,18,55,0,3,3,83,27.53108333,-97.92521667,1,1,0,0,0,1,0
481640,TEXAS,TX,2,2,0,0,2,2,83,1430,ARDMORE,2,7,July,2012,2,Monday,19,30,1,13,2,43,31.82277778,-99.41008333,12,1,0,0,0,1,0
481641,TEXAS,TX,1,1,0,0,1,1,331,5880,BEN ARNOLD,2,7,July,2012,2,Monday,18,39,0,14,8,10,30.65056667,-96.99690833,42,1,0,0,0,1,1
481642,TEXAS,TX,1,1,1,1,1,1,201,3280,ANNETTE,4,7,July,2012,4,Wednesday,22,15,0,13,8,66,29.60525000,-95.42281389,8,3,0,0,0,1,0
481643,TEXAS,TX,1,1,0,0,1,1,201,3280,ANNETTE,8,7,July,2012,1,Sunday,1,11,1,11,1,344,29.73377500,-95.45959444,25,3,0,0,0,1,1
481644,TEXAS,TX,3,3,0,0,5,5,201,3280,ANNETTE,8,7,July,2012,1,Sunday,22,50,1,13,8,173,29.72531944,-95.31086111,12,3,0,0,0,1,0
481645,TEXAS,TX,3,3,0,0,4,4,501,0,DENVER CITY,12,7,July,2012,5,Thursday,14,12,0,3,2,196,33.18210278,-102.75033889,12,1,0,0,0,2,0
481646,TEXAS,TX,2,2,0,0,5,5,491,0,ANDERSON MILL,18,7,July,2012,4,Wednesday,14,52,0,3,3,45,30.68115000,-97.95610000,12,1,0,0,0,1,0
481647,TEXAS,TX,1,1,0,0,1,1,487,0,HARROLD,20,7,July,2012,6,Friday,17,0,1,2,2,218,34.13029167,-99.15973611,57,1,0,0,0,1,0
481648,TEXAS,TX,3,3,0,0,8,8,453,0,ANDERSON MILL,23,7,July,2012,2,Monday,17,38,1,2,3,75,30.34539167,-98.04880000,12,1,0,0,0,1,0
481649,TEXAS,TX,2,2,0,0,2,2,147,0,AUGUSTA,24,7,July,2012,3,Tuesday,23,53,1,2,2,82,33.60413056,-96.24208611,12,2,0,0,0,1,1
481650,TEXAS,TX,2,2,0,0,3,3,303,4140,DAVISBORO,28,7,July,2012,7,Saturday,0,43,0,16,5,0,33.54871111,-101.85464722,12,3,0,0,0,1,1
481651,TEXAS,TX,3,3,0,0,12,12,141,2270,BEE BRANCH,30,7,July,2012,2,Monday,1,0,1,1,1,538,31.48648889,-106.08578056,1,2,0,0,0,5,0
481652,TEXAS,TX,2,2,0,0,3,3,331,0,BEN ARNOLD,2,7,July,2012,2,Monday,7,45,0,4,8,32,30.91003333,-96.94758056,12,1,0,0,0,2,0
481653,TEXAS,TX,2,2,0,0,5,5,427,0,DELMITA,2,7,July,2012,2,Monday,13,45,1,2,2,400,26.32080833,-98.67404167,12,1,0,0,0,1,0
481654,TEXAS,TX,1,1,0,0,1,1,181,0,LINCOLN,14,7,July,2012,7,Saturday,2,5,0,6,4,0,33.87223889,-96.65501667,1,2,0,0,0,1,1
481655,TEXAS,TX,1,1,1,1,1,1,303,4140,DAVISBORO,22,7,July,2012,1,Sunday,0,41,1,13,2,167,33.60178611,-101.86545556,8,3,0,0,0,1,0
481656,TEXAS,TX,1,1,0,0,1,1,181,0,LINCOLN,26,7,July,2012,5,Thursday,14,30,0,4,8,37,33.55909444,-96.85096667,24,1,0,0,0,1,0
481657,TEXAS,TX,1,1,1,1,4,4,113,1730,COTTONTON,26,7,July,2012,5,Thursday,22,25,9,19,8,304,32.86430278,-96.71170556,8,3,0,0,0,1,0
481658,TEXAS,TX,1,1,0,0,2,2,503,0,ELIASVILLE,3,7,July,2012,3,Tuesday,13,31,0,3,3,334,33.39975833,-98.75088889,1,1,0,0,0,1,0
481659,TEXAS,TX,1,1,0,0,1,1,19,0,CEDAR BLUFF,3,7,July,2012,3,Tuesday,7,55,1,2,3,150,29.70063333,-98.86257778,1,1,0,0,0,1,0
481660,TEXAS,TX,1,1,1,1,1,1,363,4630,BRAZOS,25,7,July,2012,4,Wednesday,0,47,1,13,3,384,32.81074167,-98.06830278,9,2,0,0,0,1,1
481662,TEXAS,TX,1,1,0,0,1,1,27,3690,ASHLAND,27,7,July,2012,6,Friday,9,6,1,12,7,86,31.07659167,-97.69134722,38,1,0,0,0,1,0
481663,TEXAS,TX,1,1,0,0,1,1,13,0,BOLLING,1,8,August,2012,4,Wednesday,21,20,1,1,1,148,28.78550556,-98.32240278,1,2,0,0,0,1,0
481665,TEXAS,TX,1,1,0,0,1,1,29,6090,BORDEN SPRINGS,21,8,August,2012,3,Tuesday,15,42,1,11,7,178,29.51112778,-98.53528611,33,1,0,0,0,1,0
481666,TEXAS,TX,1,1,1,1,1,1,141,2190,BEE BRANCH,1,8,August,2012,4,Wednesday,21,2,0,16,5,0,31.88440278,-106.41843056,8,2,0,0,0,1,1
481667,TEXAS,TX,2,2,0,0,7,7,277,0,BROOKFIELD,1,8,August,2012,4,Wednesday,15,18,1,2,2,80,33.64177778,-95.72903889,12,1,0,0,0,3,0
481668,TEXAS,TX,2,2,0,0,2,2,395,0,BREMOND,1,8,August,2012,4,Wednesday,4,8,1,2,2,120,30.75804722,-96.47271944,12,2,0,0,0,2,1
481669,TEXAS,TX,2,2,0,0,3,3,113,6685,COTTONTON,21,8,August,2012,3,Tuesday,11,40,1,13,3,117,32.78124722,-96.56483611,12,1,0,0,0,1,0
481670,TEXAS,TX,1,1,0,0,1,1,441,30,ABILENE,1,8,August,2012,4,Wednesday,15,46,0,16,5,0,32.44693889,-99.71374167,10,1,0,0,0,1,0
481671,TEXAS,TX,2,2,0,0,7,7,439,2450,ARLINGTON,24,2,February,2012,6,Friday,15,49,0,16,5,0,32.70253889,-97.28558056,12,1,0,0,0,2,1
481672,TEXAS,TX,1,1,1,1,1,1,113,1730,COTTONTON,3,4,April,2012,3,Tuesday,5,50,0,16,5,0,32.75860556,-96.82052778,8,3,0,0,0,1,0
481673,TEXAS,TX,1,1,0,0,5,5,215,2110,BIBB CITY,15,4,April,2012,1,Sunday,21,33,0,16,5,0,26.34835278,-98.16913611,30,3,0,0,0,2,0
481674,TEXAS,TX,1,1,1,1,1,1,167,2570,ADRIAN,5,5,May,2012,7,Saturday,23,42,0,16,5,0,29.29381389,-94.79738333,9,3,0,0,0,1,0
481675,TEXAS,TX,2,2,0,0,3,3,313,4260,COHUTTA,9,5,May,2012,4,Wednesday,15,23,1,2,2,159,30.92967500,-95.95391667,12,1,0,0,0,2,0
481676,TEXAS,TX,3,3,0,0,7,7,491,3925,ANDERSON MILL,10,5,May,2012,5,Thursday,18,40,1,13,3,205,30.55155833,-97.84161944,12,5,0,0,0,1,0
481677,TEXAS,TX,1,1,1,1,2,2,355,1550,AGUA DULCE,29,5,May,2012,3,Tuesday,2,53,1,11,7,109,27.84494167,-97.56593056,8,3,0,0,0,1,0
481678,TEXAS,TX,2,2,0,0,2,2,215,3165,BIBB CITY,16,6,June,2012,7,Saturday,6,37,1,13,2,25,26.09940000,-98.23606667,12,4,0,0,0,1,1
481680,TEXAS,TX,3,3,0,0,4,4,3,0,BALDWIN,28,6,June,2012,5,Thursday,7,38,0,4,3,464,32.32475000,-102.24558333,12,1,0,0,0,1,0
481681,TEXAS,TX,2,2,0,0,5,5,181,0,LINCOLN,27,7,July,2012,6,Friday,22,0,0,3,2,52,33.79863611,-96.87327222,12,2,0,0,0,1,1
481682,TEXAS,TX,1,1,0,0,3,3,183,0,FORT STEWART,3,8,August,2012,6,Friday,14,45,1,11,1,64,32.43259722,-94.87808611,59,1,0,0,0,2,0
481683,TEXAS,TX,1,1,0,0,2,2,211,0,APALACHEE,3,8,August,2012,6,Friday,23,28,1,2,2,165,35.93933333,-100.36944167,24,2,0,0,0,1,1
481684,TEXAS,TX,2,2,0,0,4,4,381,0,AMARILLO,3,8,August,2012,6,Friday,10,20,0,4,8,69,35.09203611,-101.84823611,12,1,0,0,0,1,0
481685,TEXAS,TX,3,3,2,2,1,1,39,0,ANDALUSIA,4,8,August,2012,7,Saturday,5,29,0,4,8,20,28.92667222,-95.61696667,12,2,0,0,0,2,1
481686,TEXAS,TX,2,2,0,0,5,5,91,4870,DAYTON,4,8,August,2012,7,Saturday,18,51,1,13,8,162,29.72981944,-98.12039167,12,1,0,0,0,2,0
481687,TEXAS,TX,1,1,1,1,1,1,113,1730,COTTONTON,4,8,August,2012,7,Saturday,4,50,1,13,3,78,32.88691389,-96.88776111,33,3,0,0,0,1,0
481688,TEXAS,TX,1,1,1,1,1,1,141,0,BEE BRANCH,4,8,August,2012,7,Saturday,23,16,1,11,1,384,31.66602500,-106.24493056,8,3,0,0,0,1,0
481689,TEXAS,TX,1,1,0,0,1,1,179,0,ALLENHURST,4,8,August,2012,7,Saturday,22,30,0,4,3,159,35.49308611,-100.86998611,5,2,0,0,0,1,1
481690,TEXAS,TX,1,1,0,0,1,1,201,3280,ANNETTE,4,8,August,2012,7,Saturday,1,20,1,11,1,173,29.70214722,-95.29549722,24,2,0,0,0,1,1
481691,TEXAS,TX,2,2,0,0,2,2,223,6670,BRASWELL,4,8,August,2012,7,Saturday,9,18,0,14,3,50,33.08268056,-95.59833333,12,1,0,0,0,1,0
481692,TEXAS,TX,1,1,0,0,2,2,253,0,DONALSONVILLE,4,8,August,2012,7,Saturday,19,4,0,4,8,79,32.66244722,-99.76938333,1,1,0,0,0,1,1
481693,TEXAS,TX,1,1,0,0,1,1,283,0,SOPERTON,4,8,August,2012,7,Saturday,16,22,0,6,4,0,28.05496667,-99.36521111,1,1,0,0,0,1,0
481694,TEXAS,TX,1,1,0,0,3,3,309,7210,ALAMO,4,8,August,2012,7,Saturday,2,1,0,16,5,0,31.58590556,-97.15143611,32,3,0,0,0,2,1
481695,TEXAS,TX,1,1,0,0,1,1,415,0,DERMOTT,4,8,August,2012,7,Saturday,1,33,0,6,4,0,32.63832222,-100.74380833,1,2,0,0,0,1,1
481696,TEXAS,TX,2,2,0,0,3,3,41,0,BRANTLEY,5,8,August,2012,1,Sunday,14,19,1,2,2,117,30.81026667,-96.23847500,54,1,0,0,0,1,0
481697,TEXAS,TX,1,1,0,0,1,1,53,4310,ATMORE,5,8,August,2012,1,Sunday,1,0,0,16,5,0,30.59810278,-98.23968611,38,2,0,0,0,1,1
481698,TEXAS,TX,2,2,0,0,5,5,113,1730,COTTONTON,5,8,August,2012,1,Sunday,17,32,0,16,5,0,32.80208056,-96.81670556,12,1,0,0,0,1,0
481699,TEXAS,TX,1,1,0,0,1,1,215,4197,BIBB CITY,5,8,August,2012,1,Sunday,2,22,1,12,7,229,26.19277222,-98.24636944,38,3,0,0,0,1,1
481700,TEXAS,TX,1,1,1,1,1,1,423,7070,ARP,5,8,August,2012,1,Sunday,22,53,1,13,3,102,32.32985278,-95.31223889,8,2,0,0,0,1,0
481701,TEXAS,TX,2,2,0,0,3,3,439,2450,ARLINGTON,5,8,August,2012,1,Sunday,2,30,1,12,3,68,32.82296389,-97.47201944,12,2,0,0,0,1,1
481702,TEXAS,TX,1,1,1,1,2,2,113,1730,COTTONTON,6,8,August,2012,2,Monday,1,0,1,11,1,318,32.87444444,-96.52306389,8,2,0,0,0,1,0
481703,TEXAS,TX,1,1,0,0,1,1,249,0,ELLAVILLE,6,8,August,2012,2,Monday,12,26,0,6,4,0,27.46120278,-98.19215833,38,1,0,0,0,1,0
481704,TEXAS,TX,1,1,0,0,1,1,401,0,EASTON,6,8,August,2012,2,Monday,18,0,0,4,3,63,31.99957222,-94.63656944,35,1,0,0,0,1,0
481705,TEXAS,TX,2,2,0,0,2,2,485,0,BURKBURNETT,6,8,August,2012,2,Monday,16,57,1,1,1,90,34.01768611,-98.55283611,12,1,0,0,0,1,0
481706,TEXAS,TX,1,1,0,0,1,1,29,0,BORDEN SPRINGS,7,8,August,2012,3,Tuesday,19,19,1,1,7,41,29.69217222,-98.64754444,32,1,0,0,0,1,1
481707,TEXAS,TX,3,3,0,0,3,3,99,0,BEATRICE,7,8,August,2012,3,Tuesday,16,46,0,3,3,37,31.58032222,-97.83901667,12,1,0,0,0,1,0
481708,TEXAS,TX,1,1,0,0,1,1,133,0,ARLEY,7,8,August,2012,3,Tuesday,14,5,1,1,1,182,32.38850278,-98.79899444,1,1,0,0,0,1,1
481709,TEXAS,TX,1,1,1,1,2,2,201,3280,ANNETTE,7,8,August,2012,3,Tuesday,13,53,0,16,5,0,29.78551389,-95.34193056,9,1,0,0,0,1,0
481710,TEXAS,TX,3,3,0,0,3,3,215,5330,BIBB CITY,7,8,August,2012,3,Tuesday,17,50,0,16,5,0,26.09075278,-98.20157222,12,1,0,0,0,1,0
481711,TEXAS,TX,2,2,0,0,2,2,225,0,BYRON,7,8,August,2012,3,Tuesday,12,59,0,5,8,0,31.47621111,-95.37837778,12,1,0,0,0,1,0
481712,TEXAS,TX,2,2,0,0,2,2,329,4560,MIDLAND,7,8,August,2012,3,Tuesday,9,27,1,2,3,71,31.98320556,-102.21328333,12,1,0,0,0,2,0
481713,TEXAS,TX,1,1,1,1,1,1,423,0,ARP,7,8,August,2012,3,Tuesday,20,31,1,13,3,54,32.33278056,-95.38163889,9,5,0,0,0,1,0
481714,TEXAS,TX,2,2,0,0,2,2,113,1190,COTTONTON,8,8,August,2012,4,Wednesday,12,4,1,11,7,325,32.96846667,-96.91906944,12,1,0,0,0,1,0
481715,TEXAS,TX,2,1,1,1,2,2,453,330,ANDERSON MILL,8,8,August,2012,4,Wednesday,19,59,0,16,5,0,30.28263333,-97.69375556,8,5,0,0,0,1,1
481716,TEXAS,TX,2,2,0,0,2,2,479,3899,AGUILARES,8,8,August,2012,4,Wednesday,6,15,1,13,3,37,27.49716389,-99.44784167,12,3,0,0,0,1,1
481717,TEXAS,TX,2,2,0,0,3,3,85,4445,BENTON,9,8,August,2012,5,Thursday,14,59,1,2,3,145,33.27978333,-96.56742500,12,1,0,0,0,1,0
481718,TEXAS,TX,2,2,0,0,2,2,113,1730,COTTONTON,9,8,August,2012,5,Thursday,21,18,1,12,3,110,32.81616111,-96.86907778,12,3,0,0,0,1,0
481719,TEXAS,TX,1,1,0,0,2,2,113,2590,COTTONTON,9,8,August,2012,5,Thursday,1,28,1,11,1,4,32.87291944,-96.68048611,34,3,0,0,0,2,0
481720,TEXAS,TX,2,2,0,0,2,2,133,0,ARLEY,9,8,August,2012,5,Thursday,7,45,1,1,1,123,32.37547500,-98.90747222,12,1,0,0,0,1,0
481721,TEXAS,TX,2,2,0,0,3,3,201,0,ANNETTE,9,8,August,2012,5,Thursday,5,55,0,4,8,72,30.06985000,-95.10296389,12,2,0,0,0,2,0
481722,TEXAS,TX,2,2,1,1,3,3,201,3280,ANNETTE,9,8,August,2012,5,Thursday,5,40,0,16,5,0,29.84723056,-95.40815556,8,3,0,0,0,1,0
481723,TEXAS,TX,2,2,0,0,4,4,287,2640,ASHBURN,9,8,August,2012,5,Thursday,9,59,0,14,2,257,30.18571111,-96.93664444,12,1,0,0,0,1,0
481724,TEXAS,TX,1,1,1,1,2,2,329,4560,MIDLAND,9,8,August,2012,5,Thursday,22,7,0,16,5,0,32.00785000,-102.06745278,9,3,0,0,0,1,0
481725,TEXAS,TX,1,1,0,0,1,1,415,6440,DERMOTT,9,8,August,2012,5,Thursday,21,20,0,15,8,13,32.73379444,-100.90471667,1,2,0,0,0,1,1
481726,TEXAS,TX,1,1,0,0,1,1,65,0,CYPRESS,10,8,August,2012,6,Friday,20,20,1,2,2,30,35.27950556,-101.56303333,1,1,0,0,0,1,0
481727,TEXAS,TX,1,1,0,0,1,1,113,4530,COTTONTON,10,8,August,2012,6,Friday,8,36,1,11,1,80,32.81156667,-96.62801944,24,1,0,0,0,1,0
481728,TEXAS,TX,2,2,0,0,7,7,297,0,BETWEEN,10,8,August,2012,6,Friday,14,30,1,1,7,202,28.33782778,-98.02569167,12,1,0,0,0,1,1
481729,TEXAS,TX,2,2,0,0,2,2,361,0,BRIDGE CITY,10,8,August,2012,6,Friday,5,1,0,3,3,25,30.22470278,-93.88342778,12,2,0,0,0,2,0
481730,TEXAS,TX,2,2,0,0,2,2,439,2450,ARLINGTON,10,8,August,2012,6,Friday,16,25,0,16,5,0,32.82896389,-97.29043333,1,1,0,0,0,1,0
481731,TEXAS,TX,2,2,1,1,3,3,29,6090,BORDEN SPRINGS,11,8,August,2012,7,Saturday,0,3,1,11,1,451,29.32201111,-98.47750000,8,3,0,0,0,1,0
481732,TEXAS,TX,1,1,0,0,1,1,113,1730,COTTONTON,11,8,August,2012,7,Saturday,17,48,1,11,1,41,32.90749722,-96.72912500,52,1,0,0,0,1,1
481733,TEXAS,TX,1,1,0,0,1,1,113,3420,COTTONTON,11,8,August,2012,7,Saturday,2,26,0,16,5,0,32.88334167,-96.94676111,33,3,0,0,0,1,1
481734,TEXAS,TX,1,1,0,0,1,1,167,2570,ADRIAN,11,8,August,2012,7,Saturday,3,23,1,13,8,11,29.28671111,-94.83700556,30,3,0,0,0,1,1
481735,TEXAS,TX,1,1,0,0,1,1,201,3280,ANNETTE,11,8,August,2012,7,Saturday,8,30,1,13,8,232,29.78731111,-95.28000000,32,1,0,0,0,1,0
481736,TEXAS,TX,2,2,0,0,3,3,201,3280,ANNETTE,11,8,August,2012,7,Saturday,21,5,1,11,7,257,29.77715278,-95.38820556,12,3,0,0,0,1,0
481737,TEXAS,TX,2,1,0,1,1,2,367,0,ALEDO,11,8,August,2012,7,Saturday,6,10,1,1,1,259,32.74748611,-97.67391944,14,4,0,0,0,1,0
481738,TEXAS,TX,2,2,0,0,5,5,375,0,AMARILLO,11,8,August,2012,7,Saturday,11,15,0,3,3,2,35.61597500,-101.62370278,12,1,0,0,0,1,1
481739,TEXAS,TX,1,1,0,0,1,1,41,970,BRANTLEY,12,8,August,2012,1,Sunday,1,52,0,16,5,0,30.67166389,-96.35587500,1,3,0,0,0,1,0
481740,TEXAS,TX,1,1,0,0,1,1,141,0,BEE BRANCH,12,8,August,2012,1,Sunday,8,54,1,2,8,90,31.89426389,-106.47456667,24,1,0,0,0,1,0
481741,TEXAS,TX,1,1,0,0,2,2,201,0,ANNETTE,12,8,August,2012,1,Sunday,4,5,0,6,4,0,29.83147500,-95.79030000,1,2,0,0,0,1,1
481742,TEXAS,TX,2,2,0,0,3,3,215,7330,BIBB CITY,12,8,August,2012,1,Sunday,10,34,0,14,8,80,26.14724444,-97.95818333,12,1,0,0,0,1,0
481743,TEXAS,TX,1,1,0,0,1,1,225,0,BYRON,12,8,August,2012,1,Sunday,2,35,1,2,3,6,31.08573333,-95.69423889,1,2,0,0,0,1,1
481744,TEXAS,TX,1,1,0,0,7,7,289,0,ALLENTOWN,12,8,August,2012,1,Sunday,18,43,1,1,1,286,31.47962778,-96.09078333,1,1,0,0,0,1,0
481745,TEXAS,TX,2,2,0,0,3,3,303,4140,DAVISBORO,12,8,August,2012,1,Sunday,19,28,1,13,2,229,33.51498056,-101.76887222,12,1,0,0,0,1,1
481746,TEXAS,TX,2,2,0,0,2,2,311,0,CLEVELAND,12,8,August,2012,1,Sunday,11,3,0,3,3,369,28.13385833,-98.58972222,12,1,0,0,0,1,0
481747,TEXAS,TX,1,1,0,0,1,1,339,0,CONROE,12,8,August,2012,1,Sunday,2,20,0,6,4,0,30.11710833,-95.72736111,38,2,0,0,0,1,1
481748,TEXAS,TX,2,2,0,0,7,7,91,1012,DAYTON,13,8,August,2012,2,Monday,15,30,0,3,3,17,29.81176389,-98.52498056,12,1,0,0,0,1,0