ST_CASE,State Name,State Abbreviation,# of Vehicle involved,Parked_Vehicles_Involved,Pedestrains,Person_Not_in_Motor_Vehicle,Persons_in_motor_vehicle,Total_Persons_in_accident,COUNTY,CITY,City_County_Name,Calendar_DAY,MONTH,Month_name,YEAR,DAY_WEEK,Day_Week_desc,HOUR,MINUTE,NHS_Desc,trafficway,Route,MILEPT,LATITUDE,LONGITUD,First_Crash_event,Light_cond_desc,Weather_condition,School_bus_involved,Crash_cause,FATALS,DRUNK_DR
482057,TEXAS,TX,1,1,0,0,1,1,201,3580,ANNETTE,22,9,September,2012,7,Saturday,2,40,0,16,5,0,29.79728889,-95.81076944,32,2,0,0,0,1,0
482058,TEXAS,TX,2,2,0,0,2,2,355,1550,AGUA DULCE,22,9,September,2012,7,Saturday,2,50,1,11,1,108,27.84410278,-97.56491111,12,2,0,0,0,1,0
482059,TEXAS,TX,1,1,1,1,1,1,439,260,ARLINGTON,22,9,September,2012,7,Saturday,4,9,1,11,1,255,32.75987500,-97.12799444,8,3,0,0,0,1,0
482061,TEXAS,TX,1,1,0,0,1,1,113,1730,COTTONTON,23,9,September,2012,1,Sunday,23,10,1,11,1,60,32.66994167,-96.95255556,1,3,0,0,0,1,1
482062,TEXAS,TX,1,1,0,0,3,3,201,3280,ANNETTE,23,9,September,2012,1,Sunday,2,45,0,16,5,0,29.83320000,-95.48357500,21,3,0,0,0,1,0
482063,TEXAS,TX,2,2,0,0,7,7,201,3280,ANNETTE,23,9,September,2012,1,Sunday,20,19,0,16,5,0,29.77648056,-95.30322500,12,3,0,0,0,1,1
482064,TEXAS,TX,1,1,0,0,2,2,201,3280,ANNETTE,23,9,September,2012,1,Sunday,21,10,0,16,5,0,29.76953889,-95.26502500,33,3,0,0,0,1,1
482065,TEXAS,TX,2,2,0,0,4,4,209,0,AILEY,23,9,September,2012,1,Sunday,9,49,0,4,8,42,30.04198611,-97.78973611,12,1,0,0,0,2,0
482066,TEXAS,TX,1,1,1,1,1,1,453,330,ANDERSON MILL,23,9,September,2012,1,Sunday,4,35,0,16,5,0,30.26013889,-97.74570556,9,3,0,0,0,1,1
482067,TEXAS,TX,1,1,0,0,1,1,441,30,ABILENE,24,9,September,2012,2,Monday,0,35,0,14,8,4,32.46438611,-99.80774444,1,2,0,0,0,1,1
482068,TEXAS,TX,2,2,0,0,2,2,85,5390,BENTON,25,9,September,2012,3,Tuesday,18,27,0,16,5,0,33.00781667,-96.69946111,12,1,0,0,0,1,0
482069,TEXAS,TX,3,3,0,0,4,4,113,2590,COTTONTON,25,9,September,2012,3,Tuesday,23,9,1,11,1,121,32.86054722,-96.65569167,12,2,0,0,0,1,1
482070,TEXAS,TX,2,2,0,0,2,2,235,0,FINLEYSON,25,9,September,2012,3,Tuesday,13,33,0,3,2,81,31.18527778,-100.90535833,12,1,0,0,0,1,0
482071,TEXAS,TX,1,1,0,0,1,1,451,0,CARLSBAD,25,9,September,2012,3,Tuesday,9,45,1,2,2,82,31.52970833,-100.34170833,1,1,0,0,0,1,0
482072,TEXAS,TX,2,2,0,0,4,4,19,0,CEDAR BLUFF,26,9,September,2012,4,Wednesday,18,55,0,4,3,85,29.73568056,-98.84396111,12,1,0,0,0,1,0
482073,TEXAS,TX,1,1,1,1,1,1,29,6090,BORDEN SPRINGS,26,9,September,2012,4,Wednesday,15,17,0,16,5,0,29.55018611,-98.50486667,9,1,0,0,0,1,0
482074,TEXAS,TX,1,1,0,0,1,1,201,3280,ANNETTE,26,9,September,2012,4,Wednesday,16,30,0,16,5,0,29.61898333,-95.21415833,30,1,0,0,0,1,0
482075,TEXAS,TX,3,3,0,0,6,6,355,1550,AGUA DULCE,27,9,September,2012,5,Thursday,17,52,0,16,5,0,27.77897500,-97.39768889,12,1,0,0,0,1,0
482076,TEXAS,TX,1,1,0,0,1,1,29,6090,BORDEN SPRINGS,28,9,September,2012,6,Friday,8,30,1,11,1,325,29.51044444,-98.53887222,1,1,0,0,0,1,0
482077,TEXAS,TX,1,1,0,0,2,2,157,5970,ARCADE,29,9,September,2012,7,Saturday,1,0,1,13,8,761,29.55862222,-95.79247500,31,3,0,0,0,1,0
482078,TEXAS,TX,1,1,0,0,1,1,265,0,CRAWFORDVILLE,29,9,September,2012,7,Saturday,14,50,0,4,3,160,30.06933611,-99.29413056,42,1,0,0,0,1,0
482079,TEXAS,TX,3,1,0,0,1,1,113,1730,COTTONTON,30,9,September,2012,1,Sunday,14,25,0,16,5,0,32.80856389,-96.69744722,5,1,0,0,0,1,1
482080,TEXAS,TX,2,2,0,0,6,6,113,1730,COTTONTON,30,9,September,2012,1,Sunday,23,56,1,13,3,92,32.74957500,-96.88080278,12,3,0,0,0,2,1
482081,TEXAS,TX,1,1,1,1,1,1,201,3280,ANNETTE,30,9,September,2012,1,Sunday,1,15,0,16,5,0,29.63759444,-95.33096667,8,3,0,0,0,1,0
482082,TEXAS,TX,2,2,0,0,4,4,201,3280,ANNETTE,30,9,September,2012,1,Sunday,2,28,0,16,5,0,29.72911944,-95.52393889,12,3,0,0,0,1,1
482083,TEXAS,TX,1,1,0,0,1,1,201,3280,ANNETTE,30,9,September,2012,1,Sunday,19,48,1,12,7,156,29.65290556,-95.56723333,30,3,0,0,0,1,0
482084,TEXAS,TX,1,1,1,1,1,1,245,490,AUGUSTA,12,2,February,2012,1,Sunday,5,38,1,13,5,0,30.07717500,-94.10451111,8,2,0,0,0,1,0
482085,TEXAS,TX,1,1,1,1,1,1,201,3280,ANNETTE,16,2,February,2012,5,Thursday,0,27,1,13,8,40,29.73588056,-95.62835278,8,2,0,0,0,1,0
482086,TEXAS,TX,1,1,1,1,1,1,201,3280,ANNETTE,17,4,April,2012,3,Tuesday,17,30,0,16,5,0,29.73426944,-95.38280833,8,1,0,0,0,1,0
482087,TEXAS,TX,2,2,0,0,2,2,147,0,AUGUSTA,1,9,September,2012,7,Saturday,17,33,1,2,2,37,33.60629167,-96.11172778,12,1,0,0,0,1,0
482088,TEXAS,TX,4,4,0,0,6,6,67,0,ABBEVILLE,5,9,September,2012,4,Wednesday,14,23,0,3,3,0,33.25707222,-94.35390000,12,1,0,0,0,1,0
482089,TEXAS,TX,1,1,0,0,1,1,113,1190,COTTONTON,15,9,September,2012,7,Saturday,6,21,0,16,5,0,32.97761944,-96.93357222,25,3,0,0,0,1,1
482090,TEXAS,TX,2,2,0,0,4,4,231,0,CONCORD,15,9,September,2012,7,Saturday,19,15,1,2,3,38,32.91693611,-96.24220833,12,1,0,0,0,1,0
482091,TEXAS,TX,3,3,0,0,4,4,257,0,AVALON,16,9,September,2012,1,Sunday,18,10,1,1,1,83,32.69043333,-96.23363611,12,1,0,0,0,2,0
482092,TEXAS,TX,2,2,0,0,3,3,201,0,ANNETTE,19,9,September,2012,4,Wednesday,7,0,0,6,4,0,29.91070000,-95.30183333,12,1,0,0,0,1,0
482093,TEXAS,TX,2,2,0,0,3,3,257,0,AVALON,19,9,September,2012,4,Wednesday,13,30,0,4,8,159,32.54913889,-96.41956111,12,1,0,0,0,1,0
482094,TEXAS,TX,1,1,1,1,1,1,439,2450,ARLINGTON,24,9,September,2012,2,Monday,12,34,0,16,5,0,32.84930278,-97.29022222,31,1,0,0,0,1,0
482095,TEXAS,TX,5,1,0,0,1,1,201,3280,ANNETTE,30,9,September,2012,1,Sunday,7,20,0,16,5,0,29.70474444,-95.54966667,42,4,0,0,0,1,0
482096,TEXAS,TX,1,1,0,0,2,2,245,490,AUGUSTA,13,4,April,2012,6,Friday,0,5,0,16,5,0,30.08168056,-94.11556389,30,3,0,0,0,1,0
482097,TEXAS,TX,1,1,1,1,1,1,493,2390,FLORESVILLE,28,7,July,2012,7,Saturday,5,15,0,16,5,0,29.13676667,-98.16309722,8,2,0,0,0,1,0
482098,TEXAS,TX,1,1,1,1,1,1,317,0,DANBURG,10,8,August,2012,6,Friday,7,15,1,1,7,108,32.14925000,-101.73669444,8,2,0,0,0,1,0
482099,TEXAS,TX,1,1,0,0,2,2,283,0,SOPERTON,18,8,August,2012,7,Saturday,9,20,0,4,8,377,28.25518889,-99.04557222,51,1,0,0,0,1,0
482100,TEXAS,TX,1,1,1,1,1,1,141,2190,BEE BRANCH,30,8,August,2012,5,Thursday,22,0,0,16,5,0,31.75862778,-106.49094722,8,3,0,0,0,1,0
482101,TEXAS,TX,1,1,1,1,4,4,141,2190,BEE BRANCH,13,9,September,2012,5,Thursday,20,0,1,13,2,58,31.75532500,-106.48699722,8,2,0,0,0,1,0
482102,TEXAS,TX,1,1,0,0,2,2,355,0,AGUA DULCE,2,9,September,2012,1,Sunday,1,44,0,4,8,271,27.57583889,-97.66067500,42,2,0,0,0,1,1
482103,TEXAS,TX,1,1,1,1,1,1,143,1990,CANEHILL,11,9,September,2012,3,Tuesday,18,7,0,4,2,14,32.08028333,-98.34405556,49,1,0,0,0,1,0
482104,TEXAS,TX,1,1,0,0,1,1,339,0,CONROE,13,9,September,2012,5,Thursday,16,8,0,6,4,0,30.15689444,-95.63541944,16,1,0,0,0,1,0
482105,TEXAS,TX,1,1,0,0,3,3,201,0,ANNETTE,16,9,September,2012,1,Sunday,2,52,0,6,4,0,29.91617222,-95.49576389,40,2,0,0,0,1,1
482106,TEXAS,TX,1,1,1,1,1,1,363,0,BRAZOS,17,9,September,2012,2,Monday,17,34,0,3,2,313,32.79790278,-98.18614167,9,1,0,0,0,1,0
482107,TEXAS,TX,1,1,0,0,1,1,497,0,ALVORD,17,9,September,2012,2,Monday,5,55,1,2,2,63,33.37013056,-97.70632222,52,2,0,0,0,1,0
482108,TEXAS,TX,2,2,0,0,2,2,257,3590,AVALON,18,9,September,2012,3,Tuesday,9,22,0,14,8,110,32.56159444,-96.31720278,12,1,0,0,0,1,0
482109,TEXAS,TX,1,1,1,1,1,1,381,0,AMARILLO,20,9,September,2012,5,Thursday,15,15,0,4,3,51,34.98505833,-101.83148611,9,1,0,0,0,1,0
482110,TEXAS,TX,1,1,0,0,2,2,401,0,EASTON,20,9,September,2012,5,Thursday,4,19,0,3,3,46,32.32794444,-94.53954167,1,2,0,0,0,1,1
482111,TEXAS,TX,4,4,0,0,14,14,141,2190,BEE BRANCH,21,9,September,2012,6,Friday,22,55,1,13,3,337,31.67636667,-106.30929167,12,2,0,0,0,1,0
482112,TEXAS,TX,2,2,0,0,2,2,157,0,ARCADE,21,9,September,2012,6,Friday,23,10,0,4,8,46,29.62689444,-95.97515556,12,2,0,0,0,1,1
482113,TEXAS,TX,3,3,0,0,3,3,291,0,BLAIRSVILLE,21,9,September,2012,6,Friday,14,33,0,3,8,111,30.04626667,-94.94074722,12,1,0,0,0,1,0
482114,TEXAS,TX,2,2,0,0,2,2,341,0,CACTUS,24,9,September,2012,2,Monday,9,3,1,2,2,83,35.93860556,-101.98494444,12,1,0,0,0,1,0
482115,TEXAS,TX,2,2,0,0,3,3,367,0,ALEDO,24,9,September,2012,2,Monday,6,50,1,2,3,52,32.98233056,-97.76748889,12,2,0,0,0,2,0
482116,TEXAS,TX,1,1,0,0,1,1,201,0,ANNETTE,25,9,September,2012,3,Tuesday,21,55,1,13,8,302,29.84280556,-95.18566389,21,2,0,0,0,1,0
482117,TEXAS,TX,1,1,0,0,1,1,1,0,AUTAUGA,26,9,September,2012,4,Wednesday,23,3,0,3,2,50,31.74683889,-95.56420556,32,2,0,0,0,1,0
482118,TEXAS,TX,1,1,1,1,3,3,201,6568,ANNETTE,26,9,September,2012,4,Wednesday,21,0,0,16,5,0,29.63589722,-95.54070833,8,2,0,0,0,1,0
482119,TEXAS,TX,1,1,0,0,3,3,241,0,CLAYTON,26,9,September,2012,4,Wednesday,12,10,0,6,4,0,30.49824444,-93.95448333,5,1,0,0,0,1,0
482120,TEXAS,TX,1,1,0,0,1,1,339,0,CONROE,26,9,September,2012,4,Wednesday,15,0,0,6,4,0,30.42562222,-95.54243333,34,1,0,0,0,1,1
482121,TEXAS,TX,2,2,0,0,2,2,113,1730,COTTONTON,27,9,September,2012,5,Thursday,16,25,1,11,1,122,32.64581389,-96.85366111,12,1,0,0,0,1,1
482122,TEXAS,TX,1,1,0,0,2,2,179,0,ALLENHURST,27,9,September,2012,5,Thursday,5,45,0,3,2,67,35.48809167,-101.05959167,33,2,0,0,0,2,0
482123,TEXAS,TX,1,1,0,0,2,2,407,0,COLDSPRING,27,9,September,2012,5,Thursday,16,31,0,6,4,0,30.37060000,-95.18086944,1,1,0,0,0,1,0
482124,TEXAS,TX,1,1,0,0,3,3,5,0,BAKER HILL,29,9,September,2012,7,Saturday,17,10,0,6,4,0,31.42568056,-94.66767500,42,1,0,0,0,1,1
482125,TEXAS,TX,2,2,0,0,2,2,141,2190,BEE BRANCH,29,9,September,2012,7,Saturday,14,5,1,11,7,252,31.78186389,-106.41139444,12,1,0,0,0,1,0
482126,TEXAS,TX,1,1,0,0,1,1,199,0,ALVATON,29,9,September,2012,7,Saturday,0,35,0,6,4,0,30.43637222,-94.19587222,42,2,0,0,0,1,0
482127,TEXAS,TX,1,1,1,1,1,1,201,480,ANNETTE,29,9,September,2012,7,Saturday,18,0,0,16,5,0,29.74916944,-94.95377500,8,1,0,0,0,1,0
482128,TEXAS,TX,1,1,2,2,3,3,375,150,AMARILLO,30,9,September,2012,1,Sunday,20,14,0,16,5,0,35.21892778,-101.81816944,8,3,0,0,0,2,0
482129,TEXAS,TX,2,2,0,0,2,2,167,2570,ADRIAN,8,9,September,2012,7,Saturday,2,30,1,11,1,10,29.33576667,-94.93979444,12,2,0,0,0,1,0
482130,TEXAS,TX,1,1,0,0,2,2,201,3280,ANNETTE,1,1,January,2012,1,Sunday,4,0,0,16,5,0,29.66902500,-95.43985000,42,3,0,0,0,1,1
482131,TEXAS,TX,2,2,0,0,3,3,277,5220,BROOKFIELD,27,5,May,2012,1,Sunday,22,20,0,14,8,88,33.66048056,-95.54825278,12,3,0,0,0,1,2
482132,TEXAS,TX,1,1,0,0,4,4,201,3280,ANNETTE,8,6,June,2012,6,Friday,11,50,0,16,5,0,29.65089444,-95.21419444,33,1,0,0,0,1,0
482134,TEXAS,TX,2,1,0,0,1,1,201,3280,ANNETTE,19,8,August,2012,1,Sunday,21,25,0,16,5,0,29.85000833,-95.27920278,14,3,0,0,0,1,0
482135,TEXAS,TX,1,1,1,1,1,1,309,545,ALAMO,19,8,August,2012,1,Sunday,0,38,1,13,8,79,31.60070000,-97.09206667,8,2,0,0,0,1,0
482136,TEXAS,TX,1,1,0,0,2,2,67,0,ABBEVILLE,31,8,August,2012,6,Friday,23,20,0,4,3,24,33.20484444,-94.62743611,32,2,0,0,0,1,0
482137,TEXAS,TX,1,1,0,0,1,1,479,0,AGUILARES,31,8,August,2012,6,Friday,4,5,0,4,3,306,27.96392500,-98.96530000,24,4,0,0,0,1,0
482138,TEXAS,TX,3,3,0,0,3,3,85,5530,BENTON,6,9,September,2012,5,Thursday,7,58,1,2,2,159,33.18446667,-96.53601944,12,1,0,0,0,1,0
482139,TEXAS,TX,1,1,0,0,1,1,221,0,ARNOLDSVILLE,6,9,September,2012,5,Thursday,9,0,1,2,2,125,32.39359444,-97.90444444,59,1,0,0,0,1,0
482140,TEXAS,TX,3,1,0,0,1,1,3,180,BALDWIN,8,9,September,2012,7,Saturday,6,30,0,16,5,0,32.33201111,-102.53556944,14,2,0,0,0,1,1
482141,TEXAS,TX,2,2,0,0,2,2,97,7112,AXIS,10,9,September,2012,2,Monday,11,30,1,1,1,33,33.46921389,-97.16334722,12,1,0,0,0,1,0
482142,TEXAS,TX,1,1,0,0,5,5,387,0,ANNONA,15,9,September,2012,7,Saturday,10,35,1,2,2,103,33.42658611,-95.17340000,24,1,0,0,0,1,0
482143,TEXAS,TX,1,1,0,0,1,1,37,6850,BRADFORD,21,9,September,2012,6,Friday,3,15,1,11,1,392,33.45123333,-94.09724167,23,3,0,0,0,1,1
482144,TEXAS,TX,2,2,0,0,2,2,65,0,CYPRESS,24,9,September,2012,2,Monday,5,56,0,3,3,155,35.47748056,-101.38523333,12,2,0,0,0,2,0
482145,TEXAS,TX,1,1,1,1,1,1,273,3700,BRONWOOD,26,9,September,2012,4,Wednesday,5,17,1,13,3,128,27.51573889,-97.85625556,8,3,0,0,0,1,0
482146,TEXAS,TX,1,1,0,0,1,1,349,0,ANGUS,26,9,September,2012,4,Wednesday,16,0,0,5,8,93,31.83500000,-96.61421944,1,1,0,0,0,1,0
482147,TEXAS,TX,1,1,0,0,1,1,147,0,AUGUSTA,27,9,September,2012,5,Thursday,13,50,0,4,3,77,33.37555000,-96.36534444,42,1,0,0,0,1,0
482148,TEXAS,TX,2,2,0,0,2,2,85,2520,BENTON,28,9,September,2012,6,Friday,12,25,0,16,5,0,33.16296944,-96.75038333,12,1,0,0,0,1,0
482149,TEXAS,TX,2,2,0,0,3,3,209,990,AILEY,28,9,September,2012,6,Friday,10,30,0,15,8,142,30.08663889,-97.84875000,12,1,0,0,0,1,0
482150,TEXAS,TX,2,2,0,0,4,4,201,3280,ANNETTE,29,9,September,2012,7,Saturday,21,20,0,16,5,0,29.77854167,-95.53960000,12,3,0,0,0,1,0
482151,TEXAS,TX,1,1,0,0,1,1,427,5780,DELMITA,29,9,September,2012,7,Saturday,22,59,0,16,5,0,26.32012222,-98.68232222,38,2,0,0,0,1,0
482152,TEXAS,TX,1,1,0,0,1,1,113,4530,COTTONTON,29,9,September,2012,7,Saturday,5,17,1,11,1,67,32.79080000,-96.62516111,43,3,0,0,0,1,0
482153,TEXAS,TX,1,1,0,0,8,8,489,0,LASARA,17,9,September,2012,2,Monday,19,30,0,6,4,0,26.43505000,-97.66038889,1,1,0,0,0,1,0
482154,TEXAS,TX,2,2,0,0,2,2,201,3280,ANNETTE,19,9,September,2012,4,Wednesday,17,44,0,16,5,0,29.64745000,-95.30596944,12,1,0,0,0,1,0
482155,TEXAS,TX,1,1,1,1,4,4,215,0,BIBB CITY,21,9,September,2012,6,Friday,20,20,1,13,8,79,26.23110000,-98.11510278,8,2,0,0,0,1,0
482156,TEXAS,TX,1,1,1,1,1,1,439,2450,ARLINGTON,26,9,September,2012,4,Wednesday,6,18,0,16,5,0,32.76040556,-97.39986944,8,2,0,0,0,1,0
482157,TEXAS,TX,2,2,0,0,4,4,257,3590,AVALON,27,9,September,2012,5,Thursday,14,25,1,2,2,23,32.59156667,-96.34975000,12,1,0,0,0,1,0
482158,TEXAS,TX,2,2,0,0,2,2,341,0,CACTUS,28,9,September,2012,6,Friday,15,43,0,4,8,127,35.82224444,-102.02503056,12,1,0,0,0,1,0
482159,TEXAS,TX,2,2,0,0,2,2,27,6810,ASHLAND,29,9,September,2012,7,Saturday,20,13,0,16,5,0,31.09180278,-97.37344722,12,3,0,0,0,1,1
482160,TEXAS,TX,1,1,0,0,5,5,39,0,ANDALUSIA,1,7,July,2012,1,Sunday,14,20,0,4,8,13,29.05841667,-95.55394722,21,1,0,0,0,1,0
482161,TEXAS,TX,1,1,0,0,2,2,375,0,AMARILLO,26,7,July,2012,5,Thursday,1,0,0,3,3,160,35.39360000,-101.63594444,1,2,0,0,0,1,1
482162,TEXAS,TX,1,1,0,0,1,1,439,2255,ARLINGTON,2,8,August,2012,5,Thursday,10,8,0,16,5,0,32.92240278,-97.04073611,42,1,0,0,0,1,0
482163,TEXAS,TX,2,2,0,0,2,2,201,0,ANNETTE,5,8,August,2012,1,Sunday,13,42,0,6,4,0,29.79623333,-95.05526944,12,1,0,0,0,1,0
482164,TEXAS,TX,1,1,0,0,1,1,157,0,ARCADE,22,9,September,2012,7,Saturday,7,0,0,6,4,0,29.44482500,-95.77805833,1,1,0,0,0,1,1
482165,TEXAS,TX,1,1,0,0,1,1,339,0,CONROE,25,9,September,2012,3,Tuesday,23,3,0,6,4,0,30.39755278,-95.51633889,42,2,0,0,0,1,0
482166,TEXAS,TX,3,3,0,0,3,3,121,1840,BON AIR,26,9,September,2012,4,Wednesday,12,20,1,11,1,103,33.19245556,-97.11793889,12,1,0,0,0,1,1
482167,TEXAS,TX,4,4,0,0,6,6,303,4140,DAVISBORO,28,9,September,2012,6,Friday,16,18,1,12,8,94,33.52941944,-101.86098889,12,1,0,0,0,1,0
482168,TEXAS,TX,1,1,0,0,2,2,339,0,CONROE,23,8,August,2012,5,Thursday,12,45,0,4,8,23,30.14663056,-95.17583611,42,1,0,0,0,1,0
482169,TEXAS,TX,2,2,0,0,2,2,253,0,DONALSONVILLE,12,9,September,2012,4,Wednesday,5,55,1,2,2,269,32.68119167,-99.86320278,12,2,0,0,0,1,0
482170,TEXAS,TX,1,1,1,1,1,1,113,1730,COTTONTON,15,9,September,2012,7,Saturday,19,56,0,16,5,0,32.72015833,-96.80335278,8,5,0,0,0,1,0
482171,TEXAS,TX,1,1,1,1,1,1,215,5330,BIBB CITY,19,9,September,2012,4,Wednesday,3,19,1,12,2,57,26.23644444,-98.17744722,8,2,0,0,0,1,0
482172,TEXAS,TX,2,2,0,0,3,3,291,0,BLAIRSVILLE,19,9,September,2012,4,Wednesday,5,34,0,3,3,126,30.30831944,-94.74944167,12,2,0,0,0,1,0
482173,TEXAS,TX,3,3,0,0,4,4,251,3593,DOVER,21,9,September,2012,6,Friday,8,41,0,14,8,5,32.38536111,-97.33858889,12,1,0,0,0,1,0
482174,TEXAS,TX,1,1,0,0,1,1,423,0,ARP,22,9,September,2012,7,Saturday,7,46,0,14,3,189,32.38301111,-95.36032778,11,1,0,0,0,1,0
482175,TEXAS,TX,1,1,0,0,5,5,353,0,BLACKWELL,24,9,September,2012,2,Monday,14,35,1,2,2,84,32.45396111,-100.55782222,1,1,0,0,0,1,0
482176,TEXAS,TX,3,2,1,1,2,2,353,6720,BLACKWELL,26,9,September,2012,4,Wednesday,5,0,1,1,1,133,32.44983889,-100.44333056,12,2,0,0,0,1,0
482177,TEXAS,TX,2,2,0,0,3,3,441,0,ABILENE,28,9,September,2012,6,Friday,16,20,1,1,1,6,32.49456944,-100.14670000,12,1,0,0,0,1,0
482178,TEXAS,TX,2,2,0,0,3,3,339,0,CONROE,29,9,September,2012,7,Saturday,7,23,1,2,3,45,30.38875000,-95.74067778,12,1,0,0,0,1,0
482179,TEXAS,TX,1,1,1,1,1,1,245,490,AUGUSTA,15,2,February,2012,4,Wednesday,14,45,1,11,1,17,30.09606667,-94.13168889,8,1,0,0,0,1,0
482180,TEXAS,TX,2,2,0,0,3,3,219,3950,BISHOP,8,3,March,2012,5,Thursday,21,42,1,13,3,170,33.59357500,-102.32911944,12,2,0,0,0,1,1
482181,TEXAS,TX,2,2,0,0,5,5,209,3760,AILEY,16,7,July,2012,2,Monday,10,16,0,15,7,98,30.00280556,-97.86606111,12,1,0,0,0,1,0
482182,TEXAS,TX,1,1,0,0,3,3,167,0,ADRIAN,7,9,September,2012,6,Friday,9,50,0,6,4,0,29.35188611,-95.10660278,32,1,0,0,0,1,0
482183,TEXAS,TX,1,1,0,0,1,1,415,6440,DERMOTT,23,9,September,2012,1,Sunday,1,48,1,13,2,83,32.73073056,-100.90167500,35,2,0,0,0,1,1
482184,TEXAS,TX,2,2,0,0,3,3,135,0,ASH FLAT,1,9,September,2012,7,Saturday,2,0,1,2,8,318,31.85423333,-102.30051944,12,2,0,0,0,2,2
482185,TEXAS,TX,2,2,0,0,3,3,135,0,ASH FLAT,8,9,September,2012,7,Saturday,3,4,1,13,8,166,31.91293333,-102.43076389,12,2,0,0,0,2,2
482186,TEXAS,TX,1,1,0,0,2,2,447,6930,ELBERT,14,9,September,2012,6,Friday,14,43,0,3,2,46,33.33777222,-99.20136111,1,1,0,0,0,1,0
482187,TEXAS,TX,2,2,0,0,2,2,3,0,BALDWIN,21,9,September,2012,6,Friday,19,51,0,3,8,114,32.16467778,-102.34448889,12,1,0,0,0,1,0
482188,TEXAS,TX,2,2,0,0,5,5,149,0,BELLEVILLE,29,9,September,2012,7,Saturday,5,50,0,3,2,185,29.84050000,-96.91058889,12,2,0,0,0,1,0
482189,TEXAS,TX,4,4,0,0,4,4,257,3590,AVALON,26,4,April,2012,5,Thursday,20,53,1,12,2,65,32.56561667,-96.29415556,12,2,0,0,0,1,2
482190,TEXAS,TX,2,2,0,0,2,2,113,1730,COTTONTON,1,6,June,2012,6,Friday,23,39,1,11,1,129,32.91245000,-96.87495833,12,3,0,0,0,1,0
482191,TEXAS,TX,1,1,1,1,1,1,375,150,AMARILLO,9,6,June,2012,7,Saturday,1,29,1,13,2,146,35.22194722,-101.75061944,8,6,0,0,0,1,0
482193,TEXAS,TX,1,1,1,1,1,1,439,2255,ARLINGTON,7,9,September,2012,6,Friday,5,45,1,13,8,72,32.83201944,-97.09969444,8,3,0,0,0,1,0
482194,TEXAS,TX,1,1,2,2,2,2,245,5430,AUGUSTA,14,9,September,2012,6,Friday,19,11,0,16,5,0,29.92082222,-93.93869444,8,1,0,0,0,1,0
482195,TEXAS,TX,2,1,0,4,1,5,215,6160,BIBB CITY,16,9,September,2012,1,Sunday,21,35,1,12,2,307,26.19250000,-98.13220556,14,3,0,0,0,1,1
482196,TEXAS,TX,2,2,0,0,3,3,389,0,BALMORHEA,20,9,September,2012,5,Thursday,23,30,0,4,8,290,31.46783889,-103.63597500,12,2,0,0,0,1,0
482197,TEXAS,TX,1,1,0,0,1,1,85,4230,BENTON,23,9,September,2012,1,Sunday,2,20,1,12,5,21,33.15340000,-96.64685278,1,3,0,0,0,1,1
482198,TEXAS,TX,2,2,0,0,5,5,257,3610,AVALON,23,9,September,2012,1,Sunday,12,40,1,2,2,155,32.44637778,-96.22116111,12,1,0,0,0,2,1
482199,TEXAS,TX,1,1,0,0,2,2,3,0,BALDWIN,28,9,September,2012,6,Friday,13,3,1,2,2,258,32.16544722,-102.48131111,1,1,0,0,0,2,0
482200,TEXAS,TX,2,2,0,0,5,5,377,0,MARFA,28,9,September,2012,6,Friday,14,39,0,3,2,357,29.87831667,-104.27780000,12,1,0,0,0,1,1
482201,TEXAS,TX,1,1,0,0,2,2,479,3899,AGUILARES,18,8,August,2012,7,Saturday,10,55,0,16,5,0,27.54500278,-99.47710556,30,1,0,0,0,1,0
482202,TEXAS,TX,2,2,0,0,3,3,375,150,AMARILLO,10,9,September,2012,2,Monday,13,5,1,13,2,134,35.22200278,-101.77115833,12,1,0,0,0,2,0
482203,TEXAS,TX,1,1,0,0,1,1,439,590,ARLINGTON,6,9,September,2012,5,Thursday,19,11,1,13,2,77,32.64975278,-97.50108889,39,1,0,0,0,1,0
482204,TEXAS,TX,1,1,1,1,1,1,303,0,DAVISBORO,18,9,September,2012,3,Tuesday,13,11,1,2,2,217,33.65321944,-101.71810556,8,1,0,0,0,1,0
482205,TEXAS,TX,1,1,0,0,3,3,303,0,DAVISBORO,26,9,September,2012,4,Wednesday,14,30,1,2,2,318,33.47282778,-101.69382500,1,1,0,0,0,1,0
482206,TEXAS,TX,1,1,1,1,1,1,201,3280,ANNETTE,24,9,September,2012,2,Monday,9,20,0,16,5,0,29.84558611,-95.38445556,15,1,0,0,0,1,0
482207,TEXAS,TX,1,1,0,0,2,2,255,0,EAST GRIFFIN,22,9,September,2012,7,Saturday,5,0,0,3,3,11,29.05971389,-97.93452222,42,2,0,0,0,1,0
482208,TEXAS,TX,1,1,0,0,1,1,469,0,BLOOMINGTON,30,9,September,2012,1,Sunday,16,25,0,6,4,0,28.77740278,-97.00134722,34,1,0,0,0,1,0