ST_CASE,State Name,State Abbreviation,# of Vehicle involved,Parked_Vehicles_Involved,Pedestrains,Person_Not_in_Motor_Vehicle,Persons_in_motor_vehicle,Total_Persons_in_accident,COUNTY,CITY,City_County_Name,Calendar_DAY,MONTH,Month_name,YEAR,DAY_WEEK,Day_Week_desc,HOUR,MINUTE,NHS_Desc,trafficway,Route,MILEPT,LATITUDE,LONGITUD,First_Crash_event,Light_cond_desc,Weather_condition,School_bus_involved,Crash_cause,FATALS,DRUNK_DR
482209,TEXAS,TX,2,2,0,0,4,4,29,6090,BORDEN SPRINGS,1,10,October,2012,2,Monday,6,49,0,16,5,0,29.45726389,-98.35948333,12,4,0,1,0,1,0
482210,TEXAS,TX,2,2,0,0,2,2,39,0,ANDALUSIA,1,10,October,2012,2,Monday,16,20,0,4,8,89,29.37206111,-95.32123611,12,1,0,0,0,1,0
482211,TEXAS,TX,2,2,0,0,3,3,441,0,ABILENE,1,10,October,2012,2,Monday,20,40,1,2,2,72,32.16944444,-99.80940000,12,2,0,0,0,1,0
482212,TEXAS,TX,2,2,0,0,4,4,113,1730,COTTONTON,2,10,October,2012,3,Tuesday,21,5,1,13,8,89,32.74399167,-96.68289722,12,2,0,0,0,1,0
482213,TEXAS,TX,2,2,0,0,3,3,135,0,ASH FLAT,2,10,October,2012,3,Tuesday,6,57,1,13,8,159,31.90253889,-102.42773611,12,3,0,0,0,1,0
482215,TEXAS,TX,1,1,0,0,1,1,201,3280,ANNETTE,2,10,October,2012,3,Tuesday,19,15,0,16,5,0,29.57783611,-95.09353056,24,1,0,0,0,1,0
482216,TEXAS,TX,1,1,1,1,1,1,201,3280,ANNETTE,2,10,October,2012,3,Tuesday,21,25,1,11,1,97,29.67922778,-95.44047222,8,3,0,0,0,1,0
482217,TEXAS,TX,1,1,0,0,1,1,215,0,BIBB CITY,2,10,October,2012,3,Tuesday,22,0,0,3,3,87,26.49287222,-98.00455833,59,3,0,0,0,1,1
482218,TEXAS,TX,2,1,0,0,5,5,453,330,ANDERSON MILL,2,10,October,2012,3,Tuesday,0,22,0,16,5,0,30.25263056,-97.72102222,14,3,0,0,0,2,0
482219,TEXAS,TX,1,1,1,1,1,1,453,1821,ANDERSON MILL,2,10,October,2012,3,Tuesday,4,20,1,12,3,148,30.20333333,-97.63935833,8,2,0,0,0,1,0
482220,TEXAS,TX,2,2,0,0,2,2,13,0,BOLLING,3,10,October,2012,4,Wednesday,16,57,0,3,3,275,28.78974167,-98.54021667,12,1,0,0,0,1,0
482221,TEXAS,TX,2,2,0,0,2,2,121,0,BON AIR,3,10,October,2012,4,Wednesday,2,34,0,6,4,0,33.20247778,-97.32654167,12,2,0,0,0,2,2
482222,TEXAS,TX,1,1,1,1,1,1,201,3280,ANNETTE,3,10,October,2012,4,Wednesday,19,45,1,11,7,140,29.78478333,-95.58232222,8,3,0,0,0,1,0
482223,TEXAS,TX,1,1,0,0,1,1,287,0,ASHBURN,3,10,October,2012,4,Wednesday,17,24,0,6,4,0,30.15117500,-96.94595000,42,1,0,0,0,1,1
482224,TEXAS,TX,2,2,0,0,2,2,439,2450,ARLINGTON,3,10,October,2012,4,Wednesday,18,38,1,13,2,12,32.73400556,-97.44068611,12,1,0,0,0,1,1
482225,TEXAS,TX,2,2,0,0,2,2,113,6260,COTTONTON,4,10,October,2012,5,Thursday,6,49,0,4,8,5,32.63561111,-96.51188056,12,1,0,0,0,1,0
482226,TEXAS,TX,2,2,0,0,6,6,201,2560,ANNETTE,4,10,October,2012,5,Thursday,21,45,0,16,5,0,29.73244444,-95.22956944,12,2,0,0,0,1,1
482227,TEXAS,TX,2,2,0,0,3,3,303,4140,DAVISBORO,4,10,October,2012,5,Thursday,2,44,1,12,8,136,33.53683611,-101.92865278,12,3,0,0,0,1,1
482228,TEXAS,TX,1,1,0,0,1,1,479,3899,AGUILARES,4,10,October,2012,5,Thursday,4,5,1,13,7,205,27.50474722,-99.44801667,33,2,0,0,0,1,0
482229,TEXAS,TX,1,1,0,0,4,4,113,1730,COTTONTON,5,10,October,2012,6,Friday,1,20,1,12,7,147,32.80111944,-96.79270833,38,3,0,0,0,2,1
482230,TEXAS,TX,1,1,0,0,1,1,265,0,CRAWFORDVILLE,5,10,October,2012,6,Friday,9,8,0,3,3,95,29.96313333,-99.20803611,11,1,0,0,0,1,0
482231,TEXAS,TX,1,1,1,1,2,2,339,1510,CONROE,5,10,October,2012,6,Friday,19,56,1,11,1,172,30.35303611,-95.48395000,8,2,0,0,0,1,0
482232,TEXAS,TX,4,4,0,0,4,4,347,0,APPLEBY,5,10,October,2012,6,Friday,7,55,1,2,2,259,31.54953056,-94.68720833,12,1,0,0,0,1,1
482233,TEXAS,TX,1,1,0,0,2,2,423,7070,ARP,5,10,October,2012,6,Friday,0,37,0,14,3,7,32.28221944,-95.34547500,1,2,0,0,0,1,1
482234,TEXAS,TX,1,1,0,0,1,1,439,2850,ARLINGTON,5,10,October,2012,6,Friday,1,33,0,16,5,0,32.92198333,-97.09747778,42,2,0,0,0,1,0
482235,TEXAS,TX,2,2,1,1,2,2,453,330,ANDERSON MILL,5,10,October,2012,6,Friday,19,54,1,12,7,295,30.43743333,-97.77497778,12,3,0,0,0,1,0
482236,TEXAS,TX,2,2,0,0,2,2,481,0,BOLING,5,10,October,2012,6,Friday,20,7,1,2,2,47,29.40603611,-96.06555833,12,2,0,0,0,1,0
482237,TEXAS,TX,2,2,0,0,2,2,139,2240,CALION,6,10,October,2012,7,Saturday,0,39,1,13,2,66,32.32667778,-96.74838056,12,2,0,0,0,1,1
482238,TEXAS,TX,1,1,1,1,1,1,201,3280,ANNETTE,6,10,October,2012,7,Saturday,23,4,0,16,5,0,29.68606389,-95.55138333,8,3,0,0,0,1,0
482239,TEXAS,TX,3,3,0,0,9,9,323,2030,EAGLE PASS,6,10,October,2012,7,Saturday,6,37,1,13,2,9,28.72171389,-100.46187222,12,2,0,0,0,1,0
482240,TEXAS,TX,2,2,0,0,6,6,439,2450,ARLINGTON,6,10,October,2012,7,Saturday,16,30,0,16,5,0,32.68871944,-97.39346111,12,1,0,0,0,1,0
482241,TEXAS,TX,1,1,0,0,1,1,471,0,DODGE,6,10,October,2012,7,Saturday,9,30,0,3,3,130,30.55711111,-95.47668611,32,1,0,0,0,1,1
482242,TEXAS,TX,3,1,0,3,1,4,91,4870,DAYTON,7,10,October,2012,1,Sunday,12,54,1,11,1,85,29.68115278,-98.14462500,14,1,0,0,0,1,0
482243,TEXAS,TX,1,1,0,0,1,1,113,6001,COTTONTON,7,10,October,2012,1,Sunday,16,10,0,16,5,0,32.92466111,-96.58150278,42,1,0,0,0,1,0
482244,TEXAS,TX,1,1,0,0,1,1,243,0,BENEVOLENCE,7,10,October,2012,1,Sunday,12,54,0,3,2,243,30.52891667,-104.42391111,1,1,0,0,0,1,0
482245,TEXAS,TX,1,1,0,0,1,1,459,0,BETTIE,7,10,October,2012,1,Sunday,4,10,0,6,4,0,32.68833056,-94.92810278,35,2,0,0,0,1,1
482246,TEXAS,TX,1,1,0,0,2,2,1,0,AUTAUGA,8,10,October,2012,2,Monday,3,0,0,3,2,91,31.91396944,-95.91442778,11,2,0,0,0,1,0
482247,TEXAS,TX,3,3,0,0,7,7,29,6090,BORDEN SPRINGS,8,10,October,2012,2,Monday,8,1,1,13,8,45,29.36280556,-98.57596944,12,1,0,0,0,1,0
482248,TEXAS,TX,2,2,0,0,2,2,147,0,AUGUSTA,8,10,October,2012,2,Monday,6,53,1,2,2,64,33.60582778,-96.25943056,12,4,0,0,0,2,1
482249,TEXAS,TX,1,1,1,1,2,2,29,6090,BORDEN SPRINGS,9,10,October,2012,3,Tuesday,7,8,1,13,8,222,29.45821111,-98.51984444,15,3,0,0,0,1,0
482250,TEXAS,TX,1,1,1,1,2,2,29,6090,BORDEN SPRINGS,9,10,October,2012,3,Tuesday,19,30,1,13,8,21,29.50957778,-98.37122778,8,2,0,0,0,1,0
482251,TEXAS,TX,1,1,1,1,1,1,29,6090,BORDEN SPRINGS,9,10,October,2012,3,Tuesday,20,5,1,11,7,113,29.30572778,-98.62058611,8,2,0,0,0,1,0
482252,TEXAS,TX,3,3,0,0,4,4,135,5030,ASH FLAT,9,10,October,2012,3,Tuesday,15,10,0,14,8,294,31.88344167,-102.31341389,12,1,0,1,0,2,0
482253,TEXAS,TX,2,2,0,0,2,2,147,7010,AUGUSTA,9,10,October,2012,3,Tuesday,14,25,0,3,2,112,33.42066111,-96.31939722,12,1,0,0,0,1,0
482254,TEXAS,TX,1,1,0,0,1,1,347,0,APPLEBY,9,10,October,2012,3,Tuesday,20,8,1,2,2,155,31.68828333,-94.65786944,32,2,0,0,0,1,1
482255,TEXAS,TX,1,1,1,1,2,2,439,2450,ARLINGTON,9,10,October,2012,3,Tuesday,22,2,1,11,1,162,32.84267778,-97.34159444,8,3,0,0,0,1,0
482256,TEXAS,TX,2,2,0,0,2,2,27,6810,ASHLAND,10,10,October,2012,4,Wednesday,22,24,1,13,7,41,31.07258333,-97.36828056,12,3,0,0,0,1,0
482257,TEXAS,TX,2,2,0,0,2,2,205,0,BACONTON,10,10,October,2012,4,Wednesday,11,20,1,2,2,38,36.02382222,-102.47657500,12,1,0,0,0,1,0
482258,TEXAS,TX,1,1,0,0,13,13,249,0,ELLAVILLE,10,10,October,2012,4,Wednesday,10,19,0,6,4,0,27.41400278,-98.20085833,1,1,0,0,0,1,0
482259,TEXAS,TX,1,1,1,1,1,1,29,6090,BORDEN SPRINGS,11,10,October,2012,5,Thursday,7,12,1,12,2,18,29.40152778,-98.63225833,8,3,0,0,0,1,0
482260,TEXAS,TX,1,1,0,0,1,1,87,0,ARMSTRONG,11,10,October,2012,5,Thursday,18,25,0,5,8,13,34.81979444,-100.09730833,1,1,0,0,0,1,0
482261,TEXAS,TX,3,3,0,0,3,3,183,4080,FORT STEWART,11,10,October,2012,5,Thursday,7,22,1,13,8,17,32.45255556,-94.73506944,12,1,0,0,0,1,0
482262,TEXAS,TX,1,1,1,1,1,1,183,4080,FORT STEWART,11,10,October,2012,5,Thursday,22,5,0,16,5,0,32.45403889,-94.72713333,9,2,0,0,0,1,0
482263,TEXAS,TX,1,1,0,0,1,1,201,3280,ANNETTE,11,10,October,2012,5,Thursday,2,5,0,16,5,0,29.83247500,-95.44262222,42,3,0,0,0,1,1
482264,TEXAS,TX,1,1,0,0,1,1,201,3280,ANNETTE,11,10,October,2012,5,Thursday,4,30,1,12,7,53,29.69327500,-95.55669167,52,3,0,0,0,1,0
482265,TEXAS,TX,1,1,0,0,1,1,201,3280,ANNETTE,11,10,October,2012,5,Thursday,5,2,1,11,1,217,29.69646389,-95.28811111,26,2,0,0,0,1,0
482266,TEXAS,TX,1,1,0,0,3,3,201,3280,ANNETTE,11,10,October,2012,5,Thursday,6,45,1,13,8,115,29.73735556,-95.52153611,33,3,0,0,0,1,1
482267,TEXAS,TX,2,2,0,0,3,3,221,0,ARNOLDSVILLE,11,10,October,2012,5,Thursday,6,55,0,4,8,14,32.37751111,-97.73877778,12,2,0,0,0,1,0
482269,TEXAS,TX,2,2,0,0,2,2,21,0,CHILTON,12,10,October,2012,6,Friday,6,22,0,4,3,112,29.98422778,-97.30252222,12,2,0,0,0,2,2
482270,TEXAS,TX,2,1,3,3,1,1,85,200,BENTON,12,10,October,2012,6,Friday,13,59,0,4,8,10,33.34911944,-96.55026667,30,1,0,0,0,1,0
482271,TEXAS,TX,2,2,0,0,3,3,135,5030,ASH FLAT,12,10,October,2012,6,Friday,0,31,0,16,5,0,31.87443611,-102.36985833,12,3,0,0,0,1,1
482272,TEXAS,TX,2,2,2,2,4,4,201,0,ANNETTE,12,10,October,2012,6,Friday,19,14,0,6,4,0,29.91028056,-95.40330278,8,5,0,0,0,2,1
482273,TEXAS,TX,2,2,0,0,2,2,233,0,ARAGON,13,10,October,2012,7,Saturday,2,10,0,3,3,90,35.62455000,-101.54505833,12,2,0,0,0,1,1
482274,TEXAS,TX,1,1,1,1,1,1,245,0,AUGUSTA,12,10,October,2012,6,Friday,21,20,0,3,2,54,30.04474167,-94.35610000,8,2,0,0,0,1,0
482275,TEXAS,TX,1,1,0,0,1,1,293,0,EAST THOMASTON,12,10,October,2012,6,Friday,12,45,0,3,3,4,31.31005000,-96.65045833,38,1,0,0,0,1,0
482276,TEXAS,TX,2,2,0,0,2,2,303,4140,DAVISBORO,12,10,October,2012,6,Friday,22,6,0,16,5,0,33.51982778,-101.83567500,12,3,0,0,0,1,0
482277,TEXAS,TX,1,1,0,0,1,1,303,4140,DAVISBORO,12,10,October,2012,6,Friday,23,48,0,14,8,145,33.60378333,-101.94002500,32,3,0,0,0,1,0
482278,TEXAS,TX,2,2,0,0,8,8,329,4560,MIDLAND,13,10,October,2012,7,Saturday,15,4,0,16,5,0,32.04461667,-102.07748056,12,1,0,0,0,1,1
482279,TEXAS,TX,1,1,1,1,2,2,375,0,AMARILLO,13,10,October,2012,7,Saturday,21,29,1,13,2,89,35.19168333,-101.67873056,8,2,0,0,0,1,0
482280,TEXAS,TX,1,1,0,0,2,2,391,0,AUSTWELL,13,10,October,2012,7,Saturday,5,54,0,4,8,73,28.25318333,-97.34062500,32,2,0,0,0,1,1
482281,TEXAS,TX,2,2,0,0,3,3,453,330,ANDERSON MILL,13,10,October,2012,7,Saturday,18,14,1,13,8,35,30.19466944,-97.81070556,12,5,0,0,0,1,0
482282,TEXAS,TX,2,2,0,0,3,3,453,330,ANDERSON MILL,13,10,October,2012,7,Saturday,0,58,0,16,5,0,30.33136111,-97.68713056,12,3,0,0,0,1,1
482283,TEXAS,TX,1,1,1,1,1,1,113,1730,COTTONTON,14,10,October,2012,1,Sunday,19,49,0,16,5,0,32.71314167,-96.82198611,8,3,0,0,0,1,0
482284,TEXAS,TX,6,6,1,1,6,6,201,3280,ANNETTE,14,10,October,2012,1,Sunday,2,48,1,12,2,72,29.72681667,-95.46541389,8,3,0,0,0,1,0
482285,TEXAS,TX,2,1,0,0,1,1,201,3280,ANNETTE,14,10,October,2012,1,Sunday,4,34,0,16,5,0,29.63295278,-95.33960833,38,3,0,0,0,1,0
482286,TEXAS,TX,1,1,0,0,2,2,201,0,ANNETTE,14,10,October,2012,1,Sunday,20,5,1,12,7,242,29.93740556,-95.51498889,1,2,0,0,0,2,0
482287,TEXAS,TX,1,1,0,0,3,3,339,0,CONROE,14,10,October,2012,1,Sunday,22,40,0,6,4,0,30.44331944,-95.56209167,59,2,0,0,0,1,1
482288,TEXAS,TX,1,1,0,0,1,1,361,5100,BRIDGE CITY,14,10,October,2012,1,Sunday,2,31,0,16,5,0,30.17202222,-93.73280278,1,2,0,0,0,1,0
482289,TEXAS,TX,1,1,1,1,2,2,439,2450,ARLINGTON,14,10,October,2012,1,Sunday,3,17,1,11,1,150,32.75265278,-97.27344444,8,3,0,0,0,1,0
482290,TEXAS,TX,2,2,0,0,4,4,29,6090,BORDEN SPRINGS,15,10,October,2012,2,Monday,15,20,1,12,3,4,29.47954722,-98.70294444,12,1,0,0,0,1,0
482291,TEXAS,TX,1,1,0,0,8,8,61,940,BELLWOOD,15,10,October,2012,2,Monday,22,48,1,13,8,63,25.95055833,-97.51864167,42,3,0,0,0,2,0
482292,TEXAS,TX,2,2,0,0,3,3,201,3280,ANNETTE,15,10,October,2012,2,Monday,0,21,1,12,7,45,29.73016667,-95.41829722,33,3,0,0,0,2,1
482293,TEXAS,TX,1,1,0,0,1,1,201,7286,ANNETTE,15,10,October,2012,2,Monday,2,36,1,11,1,25,29.53715000,-95.13878889,59,2,0,0,0,1,1
482294,TEXAS,TX,2,2,0,0,7,7,121,4960,BON AIR,28,7,July,2012,7,Saturday,21,25,1,11,7,30,33.02657500,-97.27261667,12,2,0,0,0,1,0
482295,TEXAS,TX,1,1,0,0,1,1,385,0,CAMP WOOD,17,9,September,2012,2,Monday,12,35,0,4,8,325,29.74153056,-99.60928889,24,1,0,0,0,1,0
482296,TEXAS,TX,1,1,0,0,2,2,201,0,ANNETTE,23,9,September,2012,1,Sunday,17,57,1,12,8,183,29.87359722,-95.55753889,39,1,0,0,0,1,0
482297,TEXAS,TX,1,1,0,0,1,1,265,3670,CRAWFORDVILLE,4,10,October,2012,5,Thursday,1,21,0,16,5,0,30.05562778,-99.16559444,42,3,0,0,0,1,1
482298,TEXAS,TX,1,1,0,0,1,1,469,0,BLOOMINGTON,4,10,October,2012,5,Thursday,11,45,0,4,8,224,28.91890000,-96.81497778,1,1,0,0,0,1,0
482299,TEXAS,TX,1,1,0,0,1,1,221,0,ARNOLDSVILLE,6,10,October,2012,7,Saturday,14,5,0,4,8,27,32.47661667,-97.88625278,1,1,0,0,0,1,1
482300,TEXAS,TX,2,2,1,1,1,1,141,2190,BEE BRANCH,12,5,May,2012,7,Saturday,4,4,9,19,8,99999,31.82489167,-106.37148333,12,3,0,0,0,1,1
482301,TEXAS,TX,3,3,0,0,10,10,397,5910,DALLAS,18,8,August,2012,7,Saturday,22,36,0,4,3,10,32.90472500,-96.40099444,12,2,0,0,0,1,0
482302,TEXAS,TX,2,2,0,0,5,5,171,0,ALDORA,11,9,September,2012,3,Tuesday,16,49,0,3,2,243,30.19452778,-98.87037500,12,1,0,0,0,2,0
482303,TEXAS,TX,2,2,0,0,5,5,441,30,ABILENE,11,9,September,2012,3,Tuesday,11,23,1,11,8,100,32.44605000,-99.68249722,12,1,0,0,0,1,0
482304,TEXAS,TX,1,1,0,0,1,1,423,0,ARP,17,9,September,2012,2,Monday,7,39,0,3,3,124,32.34933611,-95.24882500,38,1,0,0,0,1,0
482305,TEXAS,TX,2,2,0,0,3,3,181,0,LINCOLN,23,9,September,2012,1,Sunday,1,35,0,6,4,0,33.73701944,-96.61378611,12,2,0,0,0,1,1
482306,TEXAS,TX,1,1,0,0,1,1,85,0,BENTON,27,9,September,2012,5,Thursday,13,20,0,4,8,76,33.08591111,-96.50222778,33,1,0,0,0,1,0
482307,TEXAS,TX,3,3,0,0,4,4,181,0,LINCOLN,2,10,October,2012,3,Tuesday,6,59,0,3,2,151,33.43979167,-96.92704167,12,4,0,0,0,1,0
482308,TEXAS,TX,1,1,0,0,1,1,231,0,CONCORD,4,10,October,2012,5,Thursday,20,20,0,5,8,33,33.13782778,-96.05256944,42,2,0,0,0,1,1
482309,TEXAS,TX,1,1,0,0,1,1,181,0,LINCOLN,10,10,October,2012,4,Wednesday,1,0,0,6,4,0,33.68333611,-96.51794167,1,2,0,0,0,1,1
482310,TEXAS,TX,1,1,0,0,2,2,423,0,ARP,10,10,October,2012,4,Wednesday,17,20,0,6,4,0,32.29876389,-95.00513333,42,1,0,0,0,1,1
482311,TEXAS,TX,2,2,0,0,3,3,55,0,ATTALLA,11,10,October,2012,5,Thursday,18,29,0,3,3,13,29.74218056,-97.76072778,12,2,0,0,0,1,0
482312,TEXAS,TX,1,1,1,1,1,1,401,0,EASTON,12,10,October,2012,6,Friday,2,20,0,4,3,109,32.18023056,-94.83566944,8,2,0,0,0,1,0
482313,TEXAS,TX,1,1,0,0,1,1,467,0,BEN WHEELER,12,10,October,2012,6,Friday,19,35,0,4,8,62,32.77856944,-95.98277222,35,2,0,0,0,1,1
482314,TEXAS,TX,2,2,0,0,3,3,51,0,CENTRAL,13,10,October,2012,7,Saturday,1,36,0,3,8,104,30.50517222,-96.47157778,12,2,0,0,0,1,1
482315,TEXAS,TX,2,2,0,0,3,3,85,0,BENTON,13,10,October,2012,7,Saturday,19,19,1,13,2,141,33.19502500,-96.56472222,12,2,0,0,0,1,1
482316,TEXAS,TX,1,1,0,0,1,1,315,0,ABBEVILLE,13,10,October,2012,7,Saturday,19,52,0,4,8,33,32.72860000,-94.53678889,1,2,0,0,0,1,1
482317,TEXAS,TX,1,1,0,0,1,1,213,0,CARTERS,15,10,October,2012,2,Monday,10,36,1,2,3,346,32.30746667,-95.57604167,53,1,0,0,0,1,0
482318,TEXAS,TX,1,1,0,0,1,1,499,0,ALBA,15,10,October,2012,2,Monday,8,16,0,4,8,108,32.92721944,-95.27197778,1,1,0,0,0,1,0
482319,TEXAS,TX,1,1,0,0,2,2,143,0,CANEHILL,29,8,August,2012,4,Wednesday,9,55,0,6,4,0,32.22323889,-98.06488611,38,1,0,0,0,1,1
482320,TEXAS,TX,2,2,0,0,2,2,463,0,CLINE,31,8,August,2012,6,Friday,21,41,1,2,2,350,29.18201944,-99.80118333,12,2,0,0,0,1,0
482321,TEXAS,TX,1,1,0,0,3,3,453,330,ANDERSON MILL,1,7,July,2012,1,Sunday,1,46,0,16,5,0,30.25136111,-97.73605278,3,3,0,0,0,1,1
482322,TEXAS,TX,2,2,0,0,2,2,221,2780,ARNOLDSVILLE,3,10,October,2012,4,Wednesday,19,46,1,13,2,95,32.45707778,-97.72686667,12,2,0,0,0,1,0
482323,TEXAS,TX,1,1,0,0,11,11,215,1970,BIBB CITY,7,10,October,2012,1,Sunday,7,57,0,15,8,263,26.12305278,-98.05183056,35,1,0,0,0,4,0
482324,TEXAS,TX,1,1,0,0,1,1,251,0,DOVER,9,10,October,2012,3,Tuesday,20,15,0,6,4,0,32.34302778,-97.21438889,43,2,0,0,0,1,1
482325,TEXAS,TX,1,1,0,0,1,1,257,3590,AVALON,10,10,October,2012,4,Wednesday,18,40,0,3,3,8,32.55441389,-96.34460833,1,1,0,0,0,1,0
482326,TEXAS,TX,3,3,0,0,4,4,1,0,AUTAUGA,16,10,October,2012,3,Tuesday,13,12,1,2,2,29,31.87870278,-95.46146667,12,1,0,0,0,1,0
482327,TEXAS,TX,2,2,0,0,5,5,27,6810,ASHLAND,16,10,October,2012,3,Tuesday,21,54,0,14,3,20,31.12916667,-97.39963333,12,6,0,0,0,1,1
482328,TEXAS,TX,1,1,1,1,1,1,113,1730,COTTONTON,16,10,October,2012,3,Tuesday,19,48,1,12,7,145,32.80346111,-96.79341111,8,3,0,0,0,1,0
482329,TEXAS,TX,4,4,0,0,5,5,183,0,FORT STEWART,16,10,October,2012,3,Tuesday,1,13,1,11,1,169,32.45223611,-94.70270000,12,2,0,0,0,2,1
482330,TEXAS,TX,2,2,0,0,2,2,187,6290,DAHLONEGA,16,10,October,2012,3,Tuesday,8,9,0,14,3,118,29.55983611,-97.99008611,12,1,0,0,0,1,0
482331,TEXAS,TX,1,1,0,0,1,1,189,0,BONEVILLE,16,10,October,2012,3,Tuesday,6,19,1,11,1,319,34.23172778,-101.71100278,30,3,0,0,0,1,0
482332,TEXAS,TX,3,3,0,0,5,5,339,0,CONROE,16,10,October,2012,3,Tuesday,9,28,0,4,8,95,30.17134167,-95.59912222,12,1,0,0,0,2,0
482333,TEXAS,TX,1,1,0,0,2,2,375,0,AMARILLO,16,10,October,2012,3,Tuesday,11,57,1,1,1,91,35.19039722,-102.02615833,31,1,0,0,0,1,0
482334,TEXAS,TX,1,1,1,1,1,1,13,3540,BOLLING,17,10,October,2012,4,Wednesday,2,55,0,3,3,6,28.92474167,-98.53575833,8,2,0,0,0,1,0
482335,TEXAS,TX,1,1,1,1,1,1,39,0,ANDALUSIA,17,10,October,2012,4,Wednesday,6,0,1,13,3,79,29.45688056,-95.32547222,8,1,0,0,0,1,0
482336,TEXAS,TX,2,2,0,0,6,6,203,4080,BENSON,17,10,October,2012,4,Wednesday,20,18,1,13,2,17,32.50377778,-94.67202778,12,3,0,0,0,1,0
482337,TEXAS,TX,2,2,0,0,2,2,309,0,ALAMO,17,10,October,2012,4,Wednesday,22,20,1,1,1,39,31.74274167,-97.10376389,12,2,0,0,0,1,0
482338,TEXAS,TX,1,1,1,1,3,3,453,330,ANDERSON MILL,17,10,October,2012,4,Wednesday,23,51,1,13,8,65,30.35332500,-97.70561944,8,3,0,0,0,1,0
482339,TEXAS,TX,1,1,0,0,1,1,39,5765,ANDALUSIA,18,10,October,2012,5,Thursday,2,14,1,13,8,216,29.09703611,-95.39365556,32,2,0,0,0,1,1
482340,TEXAS,TX,5,5,0,0,7,7,123,0,ALEXANDER CITY,19,10,October,2012,6,Friday,9,50,1,2,2,33,29.28839444,-97.29412778,12,1,0,0,0,1,1
482341,TEXAS,TX,2,2,0,0,3,3,373,0,ACE,18,10,October,2012,5,Thursday,6,40,1,2,2,360,30.64822778,-94.94496111,12,4,0,0,0,1,0
482342,TEXAS,TX,1,1,0,0,1,1,439,2450,ARLINGTON,18,10,October,2012,5,Thursday,7,52,1,11,1,171,32.73561111,-97.43422222,21,1,0,0,0,1,0
482343,TEXAS,TX,1,1,0,0,1,1,445,0,BROWNFIELD,18,10,October,2012,5,Thursday,21,40,1,2,2,9,33.35287500,-102.19699167,1,2,0,0,0,1,0
482344,TEXAS,TX,1,1,1,1,1,1,59,1400,FRANKLIN,19,10,October,2012,6,Friday,5,5,1,1,1,97,32.40836111,-99.45995556,8,3,0,0,0,1,0
482345,TEXAS,TX,3,3,0,0,3,3,167,6213,ADRIAN,19,10,October,2012,6,Friday,19,16,1,13,3,28,29.39105833,-95.14248611,12,3,0,0,0,2,0
482346,TEXAS,TX,1,1,0,0,1,1,201,0,ANNETTE,19,10,October,2012,6,Friday,13,30,0,16,5,0,29.90879444,-95.37462500,20,1,0,0,0,1,0
482347,TEXAS,TX,3,3,0,0,6,6,201,480,ANNETTE,19,10,October,2012,6,Friday,22,10,0,16,5,0,29.76128889,-94.97737222,12,3,0,0,0,1,0
482348,TEXAS,TX,1,1,0,0,1,1,113,31,COTTONTON,20,10,October,2012,7,Saturday,14,44,0,16,5,0,32.95324444,-96.85580000,1,1,0,0,0,1,0
482349,TEXAS,TX,1,1,1,1,2,2,113,1730,COTTONTON,20,10,October,2012,7,Saturday,2,5,1,11,1,69,32.79779167,-96.68417778,8,3,0,0,0,1,0
482350,TEXAS,TX,1,1,0,0,1,1,113,1730,COTTONTON,20,10,October,2012,7,Saturday,4,9,1,11,1,50,32.67088611,-96.96974722,24,3,0,0,0,1,1
482351,TEXAS,TX,3,3,0,0,8,8,157,0,ARCADE,20,10,October,2012,7,Saturday,5,55,1,13,3,28,29.59893889,-95.68260833,12,3,0,0,0,1,1
482352,TEXAS,TX,2,2,0,0,6,6,171,0,ALDORA,20,10,October,2012,7,Saturday,12,20,1,2,2,78,30.22087778,-98.76146111,12,1,0,0,0,1,0
482353,TEXAS,TX,4,4,0,0,12,12,245,0,AUGUSTA,20,10,October,2012,7,Saturday,14,51,1,11,1,36,30.09456389,-94.09862778,12,1,0,0,0,1,0
482354,TEXAS,TX,1,1,1,1,5,5,355,1550,AGUA DULCE,20,10,October,2012,7,Saturday,23,29,0,16,5,0,27.80443889,-97.39361389,8,3,0,0,0,1,0
482355,TEXAS,TX,1,1,0,0,1,1,383,0,BEST,20,10,October,2012,7,Saturday,21,15,0,4,8,50,31.55138056,-101.47885000,1,2,0,0,0,1,0
482356,TEXAS,TX,1,1,0,0,1,1,391,0,AUSTWELL,20,10,October,2012,7,Saturday,22,12,0,4,3,60,28.33902778,-97.30238333,1,2,0,0,0,1,1
482357,TEXAS,TX,1,1,0,0,1,1,463,0,CLINE,20,10,October,2012,7,Saturday,16,23,0,3,2,26,29.58800278,-99.74683056,24,1,0,0,0,1,0
482358,TEXAS,TX,1,1,0,0,1,1,5,0,BAKER HILL,21,10,October,2012,1,Sunday,3,46,1,2,2,124,31.15222500,-94.80045556,1,2,0,0,0,1,1
482359,TEXAS,TX,2,2,0,0,2,2,13,0,BOLLING,21,10,October,2012,1,Sunday,5,5,0,3,3,363,28.66343611,-98.54138611,12,2,0,0,0,1,1