ST_CASE,State Name,State Abbreviation,# of Vehicle involved,Parked_Vehicles_Involved,Pedestrains,Person_Not_in_Motor_Vehicle,Persons_in_motor_vehicle,Total_Persons_in_accident,COUNTY,CITY,City_County_Name,Calendar_DAY,MONTH,Month_name,YEAR,DAY_WEEK,Day_Week_desc,HOUR,MINUTE,NHS_Desc,trafficway,Route,MILEPT,LATITUDE,LONGITUD,First_Crash_event,Light_cond_desc,Weather_condition,School_bus_involved,Crash_cause,FATALS,DRUNK_DR
482360,TEXAS,TX,3,3,0,0,5,5,27,3690,ASHLAND,21,10,October,2012,1,Sunday,14,12,1,13,3,11,31.11753333,-97.74427500,12,1,0,0,0,1,0
482361,TEXAS,TX,3,3,2,2,3,3,113,1730,COTTONTON,21,10,October,2012,1,Sunday,0,22,1,12,2,74,32.90030833,-96.76916944,12,3,0,0,0,1,1
482362,TEXAS,TX,1,1,1,1,2,2,135,5030,ASH FLAT,21,10,October,2012,1,Sunday,2,14,1,12,3,61,31.89279167,-102.33727778,8,3,0,0,0,1,0
482363,TEXAS,TX,2,2,0,0,4,4,143,0,CANEHILL,21,10,October,2012,1,Sunday,17,30,1,2,2,78,32.15509444,-98.29062222,1,1,0,0,0,1,0
482364,TEXAS,TX,1,1,0,0,4,4,177,0,LEE,21,10,October,2012,1,Sunday,4,19,0,6,4,0,29.27057222,-97.40454722,42,2,0,0,0,1,1
482365,TEXAS,TX,2,2,1,1,2,2,201,3280,ANNETTE,21,10,October,2012,1,Sunday,4,7,1,12,8,51,29.64892222,-95.46003333,8,2,0,0,0,1,0
482366,TEXAS,TX,1,1,0,0,1,1,231,0,CONCORD,21,10,October,2012,1,Sunday,20,25,0,6,4,0,32.85551667,-96.29513889,1,2,0,0,0,1,1
482367,TEXAS,TX,2,2,0,0,3,3,289,0,ALLENTOWN,21,10,October,2012,1,Sunday,5,45,0,3,3,189,31.33621667,-95.68130556,12,2,0,0,0,2,1
482368,TEXAS,TX,1,1,1,1,1,1,29,6090,BORDEN SPRINGS,22,10,October,2012,2,Monday,22,16,1,13,8,257,29.49744167,-98.55618889,8,2,0,0,0,1,0
482369,TEXAS,TX,1,1,0,0,1,1,113,1730,COTTONTON,22,10,October,2012,2,Monday,20,5,0,16,5,0,32.76699722,-96.66558056,30,3,0,0,0,1,0
482370,TEXAS,TX,1,1,1,1,2,2,167,3850,ADRIAN,22,10,October,2012,2,Monday,17,14,0,16,5,0,29.36508611,-94.98683889,15,1,0,0,0,1,0
482371,TEXAS,TX,1,1,1,1,1,1,241,0,CLAYTON,22,10,October,2012,2,Monday,5,36,0,3,3,67,30.36645000,-93.93370833,8,3,0,0,0,1,0
482372,TEXAS,TX,1,1,1,1,1,1,453,330,ANDERSON MILL,22,10,October,2012,2,Monday,0,56,1,12,2,30,30.32138889,-97.69453333,8,3,0,0,0,1,0
482373,TEXAS,TX,1,1,1,1,2,2,215,3795,BIBB CITY,23,10,October,2012,3,Tuesday,6,4,1,13,2,84,26.24644444,-98.46665000,8,2,0,0,0,1,0
482374,TEXAS,TX,2,2,0,0,4,4,469,0,BLOOMINGTON,23,10,October,2012,3,Tuesday,7,30,0,3,3,121,28.71464167,-96.94442222,12,1,0,0,0,1,0
482375,TEXAS,TX,2,2,0,0,2,2,29,6090,BORDEN SPRINGS,24,10,October,2012,4,Wednesday,0,48,1,13,8,6,29.35731944,-98.54908611,12,3,0,0,0,1,1
482376,TEXAS,TX,1,1,0,0,1,1,319,0,ALLENTOWN,24,10,October,2012,4,Wednesday,12,8,0,4,3,65,30.82823056,-99.39143611,1,1,0,0,0,1,0
482377,TEXAS,TX,3,3,0,0,3,3,355,1550,AGUA DULCE,24,10,October,2012,4,Wednesday,21,52,1,13,3,154,27.68524444,-97.34661389,12,3,0,0,0,1,0
482378,TEXAS,TX,2,2,0,0,5,5,481,0,BOLING,24,10,October,2012,4,Wednesday,9,25,0,4,8,81,29.41338056,-96.24752500,12,1,0,0,0,1,0
482379,TEXAS,TX,1,1,1,1,4,4,157,6660,ARCADE,25,10,October,2012,5,Thursday,20,51,1,12,2,94,29.56474444,-95.67507222,8,2,0,0,0,1,0
482380,TEXAS,TX,4,1,2,5,1,4,309,0,ALAMO,25,10,October,2012,5,Thursday,0,34,1,1,1,12,31.68580278,-97.09974444,45,2,0,0,0,1,0
482381,TEXAS,TX,1,1,1,1,1,1,439,260,ARLINGTON,25,10,October,2012,5,Thursday,23,55,1,11,1,117,32.67916111,-97.06519167,8,2,0,0,0,1,0
482382,TEXAS,TX,1,1,1,1,1,1,497,1780,ALVORD,25,10,October,2012,5,Thursday,5,25,1,13,2,175,33.23985833,-97.60064167,8,2,0,0,0,1,0
482383,TEXAS,TX,2,2,0,0,2,2,29,6090,BORDEN SPRINGS,26,10,October,2012,6,Friday,3,40,1,12,3,91,29.42253889,-98.59281111,12,3,0,0,0,1,1
482384,TEXAS,TX,2,2,0,0,5,5,113,1730,COTTONTON,26,10,October,2012,6,Friday,16,30,0,16,5,0,32.71970278,-96.79168611,12,1,0,0,0,1,0
482385,TEXAS,TX,2,2,0,0,3,3,201,0,ANNETTE,26,10,October,2012,6,Friday,18,50,0,4,8,53,29.85675278,-95.00096111,12,2,0,0,0,2,0
482386,TEXAS,TX,2,2,1,1,3,3,201,530,ANNETTE,26,10,October,2012,6,Friday,7,34,0,16,5,0,29.69472500,-95.47612222,12,1,0,0,0,1,0
482387,TEXAS,TX,3,3,0,0,3,3,201,3280,ANNETTE,26,10,October,2012,6,Friday,17,22,0,16,5,0,29.85785000,-95.42174167,12,1,0,0,0,1,0
482388,TEXAS,TX,1,1,0,0,1,1,201,3280,ANNETTE,26,10,October,2012,6,Friday,23,45,0,16,5,0,30.05602778,-95.16037500,42,3,0,0,0,1,0
482389,TEXAS,TX,1,1,0,0,4,4,339,0,CONROE,26,10,October,2012,6,Friday,22,39,0,6,4,0,30.12833611,-95.75287778,1,2,0,0,0,2,1
482390,TEXAS,TX,2,2,0,0,2,2,355,9997,AGUA DULCE,26,10,October,2012,6,Friday,18,29,0,3,8,86,27.68739167,-97.62617222,12,5,0,0,0,1,0
482391,TEXAS,TX,1,1,0,0,1,1,439,4300,ARLINGTON,26,10,October,2012,6,Friday,6,37,0,16,5,0,32.57312500,-97.14934444,42,3,0,0,0,1,0
482392,TEXAS,TX,2,2,0,0,2,2,113,1730,COTTONTON,27,10,October,2012,7,Saturday,6,44,1,11,1,28,32.89611111,-96.71288056,12,3,0,0,0,1,0
482393,TEXAS,TX,2,2,0,0,4,4,127,0,BURNWELL,27,10,October,2012,7,Saturday,5,13,1,2,2,66,28.62619722,-100.08716944,12,2,0,0,0,4,0
482394,TEXAS,TX,1,1,0,0,1,1,215,2110,BIBB CITY,27,10,October,2012,7,Saturday,0,6,1,12,7,330,26.31054722,-98.14694167,1,2,0,0,0,1,0
482395,TEXAS,TX,2,2,0,0,2,2,245,490,AUGUSTA,27,10,October,2012,7,Saturday,19,23,1,11,1,191,30.05907222,-94.13617500,25,3,0,0,0,1,0
482396,TEXAS,TX,2,1,1,2,1,2,339,1510,CONROE,27,10,October,2012,7,Saturday,8,25,1,11,7,146,30.31704722,-95.47256667,45,1,0,0,0,1,0
482397,TEXAS,TX,1,1,0,0,2,2,157,3580,ARCADE,28,10,October,2012,1,Sunday,0,11,1,11,7,24,29.77845556,-95.81644444,33,2,0,0,0,1,1
482398,TEXAS,TX,2,2,0,0,3,3,201,0,ANNETTE,28,10,October,2012,1,Sunday,2,2,1,12,3,193,29.91121389,-95.48001389,12,3,0,0,0,2,1
482399,TEXAS,TX,1,1,5,5,1,1,201,0,ANNETTE,28,10,October,2012,1,Sunday,0,45,0,6,4,0,29.85641389,-95.68981111,38,2,0,0,0,1,1
482400,TEXAS,TX,2,2,0,0,2,2,255,0,EAST GRIFFIN,28,10,October,2012,1,Sunday,23,46,1,2,2,66,28.93454167,-97.90190278,12,2,0,0,0,1,0
482401,TEXAS,TX,1,1,0,0,1,1,375,150,AMARILLO,28,10,October,2012,1,Sunday,0,9,1,12,2,275,35.26328056,-101.83329444,33,3,0,0,0,1,1
482402,TEXAS,TX,2,1,1,1,2,2,439,2450,ARLINGTON,28,10,October,2012,1,Sunday,2,40,1,11,1,58,32.73308056,-97.32060833,8,3,0,0,0,1,1
482403,TEXAS,TX,1,1,0,0,1,1,439,2450,ARLINGTON,28,10,October,2012,1,Sunday,3,10,0,16,5,0,32.88331111,-97.27314167,33,3,0,0,0,1,1
482404,TEXAS,TX,1,1,1,1,1,1,453,330,ANDERSON MILL,28,10,October,2012,1,Sunday,2,7,0,16,5,0,30.20552778,-97.78296111,8,3,0,0,0,1,0
482405,TEXAS,TX,4,4,0,0,6,6,113,1730,COTTONTON,29,10,October,2012,2,Monday,21,24,0,16,5,0,32.77270556,-96.70014167,12,3,0,0,0,2,1
482406,TEXAS,TX,2,2,0,0,3,3,113,2800,COTTONTON,29,10,October,2012,2,Monday,18,23,1,11,1,23,32.75905833,-96.99483056,12,1,0,0,0,1,0
482407,TEXAS,TX,1,1,0,0,1,1,201,3280,ANNETTE,29,10,October,2012,2,Monday,9,41,0,16,5,0,29.61671944,-95.35704444,32,1,0,0,0,1,0
482408,TEXAS,TX,2,2,0,0,4,4,453,330,ANDERSON MILL,29,10,October,2012,2,Monday,17,22,1,11,7,10,30.11248889,-97.80621944,12,1,0,0,0,1,0
482409,TEXAS,TX,1,1,1,1,1,1,113,1730,COTTONTON,30,10,October,2012,3,Tuesday,5,36,0,16,5,0,32.78166944,-96.78590000,8,2,0,0,0,1,0
482410,TEXAS,TX,1,1,0,0,1,1,113,2010,COTTONTON,30,10,October,2012,3,Tuesday,11,43,1,11,1,87,32.66538889,-96.90789444,21,1,0,0,0,1,0
482411,TEXAS,TX,1,1,0,0,1,1,201,0,ANNETTE,30,10,October,2012,3,Tuesday,20,5,0,6,4,0,29.88235833,-95.64178333,42,3,0,0,0,1,0
482412,TEXAS,TX,1,1,1,1,2,2,113,1730,COTTONTON,31,10,October,2012,4,Wednesday,21,8,0,16,5,0,32.96209444,-96.77009722,8,3,0,0,0,1,0
482413,TEXAS,TX,1,1,0,0,1,1,187,1325,DAHLONEGA,31,10,October,2012,4,Wednesday,3,25,0,16,5,0,29.56168333,-98.22710833,10,2,0,0,0,1,0
482414,TEXAS,TX,1,1,0,0,2,2,147,0,AUGUSTA,19,9,September,2012,4,Wednesday,18,35,0,6,4,0,33.41860833,-96.35070833,25,1,0,0,0,1,0
482415,TEXAS,TX,3,3,0,0,4,4,491,0,ANDERSON MILL,25,9,September,2012,3,Tuesday,17,17,1,2,2,110,30.68882222,-97.87896667,12,1,0,0,0,1,0
482416,TEXAS,TX,4,4,0,0,4,4,441,0,ABILENE,11,10,October,2012,5,Thursday,6,41,0,4,8,12,32.37030833,-99.84438333,12,2,0,0,0,1,0
482417,TEXAS,TX,2,2,0,0,3,3,251,0,DOVER,15,10,October,2012,2,Monday,19,41,0,6,4,0,32.50575000,-97.25644444,12,2,0,0,0,1,1
482418,TEXAS,TX,2,2,0,0,3,3,449,4750,COOKVILLE,12,10,October,2012,6,Friday,22,3,1,13,2,195,33.15113611,-94.96860556,12,3,0,0,0,1,0
482419,TEXAS,TX,2,2,0,0,5,5,297,0,BETWEEN,16,10,October,2012,3,Tuesday,20,31,0,3,3,45,28.45366944,-98.27820833,12,2,0,0,0,1,1
482420,TEXAS,TX,1,1,0,0,2,2,65,0,CYPRESS,23,10,October,2012,3,Tuesday,15,47,0,6,4,0,35.30820000,-101.36401944,38,1,0,0,0,1,0
482421,TEXAS,TX,2,2,0,0,2,2,395,0,BREMOND,23,10,October,2012,3,Tuesday,14,22,1,2,2,71,30.81194167,-96.52417222,12,1,0,0,0,1,1
482422,TEXAS,TX,2,2,0,0,5,5,427,0,DELMITA,23,10,October,2012,3,Tuesday,20,25,1,2,2,236,26.38982778,-98.91310833,12,2,0,0,0,1,1
482423,TEXAS,TX,1,1,1,1,1,1,251,3593,DOVER,25,10,October,2012,5,Thursday,23,50,1,2,2,27,32.40048611,-97.28515556,8,2,0,0,0,1,0
482424,TEXAS,TX,2,2,0,0,2,2,281,0,HIAWASSEE,25,10,October,2012,5,Thursday,11,16,1,13,2,153,31.09163611,-97.95832222,12,1,0,0,0,1,0
482425,TEXAS,TX,3,3,0,0,10,10,201,3280,ANNETTE,26,10,October,2012,6,Friday,23,40,1,11,7,385,29.77105556,-95.18644444,12,3,0,0,0,1,0
482426,TEXAS,TX,1,1,0,0,1,1,361,5100,BRIDGE CITY,27,10,October,2012,7,Saturday,7,1,0,3,3,154,30.05453611,-93.82020833,30,1,0,0,0,1,0
482427,TEXAS,TX,2,2,0,0,4,4,463,0,CLINE,27,10,October,2012,7,Saturday,23,23,1,2,2,128,29.21127778,-99.92183889,12,2,0,0,0,3,0
482428,TEXAS,TX,3,3,0,0,4,4,149,0,BELLEVILLE,28,10,October,2012,1,Sunday,15,20,0,3,2,149,29.88105556,-96.87739722,12,1,0,0,0,1,0
482429,TEXAS,TX,1,1,0,0,1,1,289,0,ALLENTOWN,28,10,October,2012,1,Sunday,2,53,0,3,3,126,31.24320556,-96.06460000,42,2,0,0,0,1,0
482430,TEXAS,TX,1,1,0,0,4,4,421,0,SHERMAN,28,10,October,2012,1,Sunday,14,30,1,2,2,132,36.15875278,-102.02603889,1,1,0,0,0,1,0
482431,TEXAS,TX,2,1,0,0,4,4,185,0,ANAKTUVUK PASS,31,10,October,2012,4,Wednesday,11,25,1,2,3,45,30.36973333,-96.06620278,26,1,0,0,0,1,0
482432,TEXAS,TX,1,1,0,0,1,1,167,6860,ADRIAN,31,8,August,2012,6,Friday,17,19,0,16,5,0,29.38510000,-94.96783611,19,1,0,0,0,1,0
482433,TEXAS,TX,1,1,1,1,1,1,41,1440,BRANTLEY,12,10,October,2012,6,Friday,5,20,0,16,5,0,30.58373889,-96.28725000,8,3,0,0,0,1,0
482434,TEXAS,TX,2,2,0,0,2,2,439,590,ARLINGTON,22,10,October,2012,2,Monday,21,47,0,16,5,0,32.67281389,-97.46851667,12,6,0,0,0,1,0
482435,TEXAS,TX,1,1,0,0,1,1,331,0,BEN ARNOLD,28,10,October,2012,1,Sunday,0,50,0,4,8,147,30.73882222,-97.07872778,1,2,0,0,0,1,1
482436,TEXAS,TX,1,1,2,2,1,1,167,2570,ADRIAN,26,1,January,2012,5,Thursday,15,36,0,16,5,0,29.27067778,-94.81944444,8,1,0,0,0,1,0
482437,TEXAS,TX,2,2,0,0,2,2,439,2450,ARLINGTON,8,2,February,2012,4,Wednesday,16,50,1,11,1,20,32.67680278,-97.32054167,12,1,0,0,0,1,0
482438,TEXAS,TX,1,1,1,1,1,1,85,4230,BENTON,15,3,March,2012,5,Thursday,19,55,0,16,5,0,33.20375278,-96.63064722,9,2,0,0,0,1,1
482439,TEXAS,TX,2,2,0,0,2,2,439,0,ARLINGTON,18,4,April,2012,4,Wednesday,7,45,1,13,8,54,32.56943611,-97.46408611,12,4,0,0,0,1,0
482440,TEXAS,TX,1,1,0,0,2,2,141,9997,BEE BRANCH,19,4,April,2012,5,Thursday,23,45,1,11,7,417,31.62431111,-106.21292500,34,2,0,0,0,1,1
482441,TEXAS,TX,2,2,0,0,2,2,41,1440,BRANTLEY,15,6,June,2012,6,Friday,13,32,1,13,8,130,30.58670278,-96.33804444,1,1,0,0,0,1,0
482442,TEXAS,TX,1,1,1,1,1,1,439,2450,ARLINGTON,18,7,July,2012,4,Wednesday,8,5,1,11,7,167,32.73648611,-97.43799444,8,1,0,0,0,1,0
482443,TEXAS,TX,2,2,0,0,2,2,37,6850,BRADFORD,11,8,August,2012,7,Saturday,0,9,1,11,1,394,33.45321389,-94.09451944,12,3,0,0,0,1,1
482444,TEXAS,TX,1,1,1,1,1,1,491,5990,ANDERSON MILL,11,8,August,2012,7,Saturday,5,17,1,13,8,98,30.51268056,-97.70188056,8,3,0,0,0,1,0
482445,TEXAS,TX,1,1,1,1,1,1,215,4197,BIBB CITY,21,8,August,2012,3,Tuesday,21,28,0,16,5,0,26.23806389,-98.21229722,9,3,0,0,0,1,0
482446,TEXAS,TX,3,3,0,0,3,3,491,5990,ANDERSON MILL,28,8,August,2012,3,Tuesday,16,16,1,13,7,69,30.48508611,-97.64981944,12,1,0,0,0,1,0
482448,TEXAS,TX,2,2,0,0,2,2,491,5990,ANDERSON MILL,10,9,September,2012,2,Monday,6,53,1,11,7,7,30.48930833,-97.67607778,12,1,0,0,0,1,0
482449,TEXAS,TX,2,2,0,0,2,2,233,780,ARAGON,14,9,September,2012,6,Friday,16,54,1,13,3,5,35.66063333,-101.40658333,12,1,0,0,0,1,0
482450,TEXAS,TX,1,1,0,0,2,2,215,0,BIBB CITY,2,10,October,2012,3,Tuesday,18,50,0,6,4,0,26.12731944,-98.03471389,43,5,0,0,0,1,0
482452,TEXAS,TX,3,3,2,2,1,1,201,3280,ANNETTE,13,10,October,2012,7,Saturday,1,43,1,1,2,374,29.81176389,-95.46060833,8,3,0,0,0,2,1
482453,TEXAS,TX,1,1,0,0,2,2,231,2860,CONCORD,17,10,October,2012,4,Wednesday,11,55,1,11,1,148,33.11133611,-96.10170000,25,1,0,0,0,1,0
482454,TEXAS,TX,2,2,0,0,4,4,315,0,ABBEVILLE,21,10,October,2012,1,Sunday,9,44,0,4,8,77,32.80103889,-94.58690000,12,1,0,0,0,1,0
482455,TEXAS,TX,2,2,0,0,2,2,63,0,BOLIGEE,23,10,October,2012,3,Tuesday,4,30,1,2,2,57,32.91048611,-94.95295000,12,2,0,0,0,1,0
482456,TEXAS,TX,1,1,0,0,1,1,39,0,ANDALUSIA,26,10,October,2012,6,Friday,23,33,1,12,3,81,28.99755556,-95.38519444,52,2,0,0,0,1,0
482457,TEXAS,TX,1,1,1,1,1,1,13,0,BOLLING,28,10,October,2012,1,Sunday,3,55,0,4,8,53,29.13205556,-98.68228611,8,2,0,0,0,1,0
482458,TEXAS,TX,2,2,0,0,3,3,453,330,ANDERSON MILL,28,10,October,2012,1,Sunday,18,59,0,16,5,0,30.23456111,-97.69735000,1,3,0,0,0,1,1
482459,TEXAS,TX,2,2,0,0,5,5,423,0,ARP,30,10,October,2012,3,Tuesday,20,41,1,1,1,64,32.47891111,-95.48718333,12,1,0,0,0,1,0
482460,TEXAS,TX,1,1,0,0,1,1,223,0,BRASWELL,31,10,October,2012,4,Wednesday,0,50,1,2,3,63,33.26301667,-95.58430833,1,2,0,0,0,1,0
482461,TEXAS,TX,2,2,0,0,2,2,283,0,SOPERTON,31,10,October,2012,4,Wednesday,14,27,0,4,8,289,28.34112500,-99.13861944,12,1,0,0,0,2,0
482462,TEXAS,TX,2,2,0,0,2,2,141,2190,BEE BRANCH,7,10,October,2012,1,Sunday,2,26,1,11,1,169,31.77924167,-106.51719722,12,3,0,0,0,1,0
482463,TEXAS,TX,2,2,0,0,2,2,39,0,ANDALUSIA,21,10,October,2012,1,Sunday,19,15,0,4,8,34,29.35173056,-95.40741944,12,2,0,0,0,1,0
482464,TEXAS,TX,1,1,0,0,1,1,479,0,AGUILARES,21,10,October,2012,1,Sunday,0,39,1,2,2,350,27.58044167,-99.32348611,1,2,0,0,0,1,1
482466,TEXAS,TX,2,2,0,0,3,3,81,0,AUBURN,28,10,October,2012,1,Sunday,3,40,0,3,3,113,31.90446389,-100.64064167,12,2,0,0,0,1,0
482467,TEXAS,TX,1,1,0,0,1,1,497,0,ALVORD,28,10,October,2012,1,Sunday,2,28,0,4,8,286,32.99930278,-97.54425000,38,2,0,0,0,1,1
482468,TEXAS,TX,1,1,1,1,1,1,231,0,CONCORD,29,10,October,2012,2,Monday,17,28,0,4,8,44,33.02269722,-96.20634722,8,1,0,0,0,1,0
482469,TEXAS,TX,1,1,0,0,1,1,21,0,CHILTON,30,10,October,2012,3,Tuesday,5,39,1,2,2,64,30.31802500,-97.31374722,38,2,0,0,0,1,0
482470,TEXAS,TX,3,3,0,0,5,5,471,0,DODGE,30,10,October,2012,3,Tuesday,16,3,0,3,3,108,30.69268611,-95.66097778,12,1,0,0,0,1,0
482471,TEXAS,TX,1,1,1,1,1,1,21,0,CHILTON,31,10,October,2012,4,Wednesday,21,13,0,4,8,7,30.16128333,-97.30723611,8,2,0,0,0,1,0
482472,TEXAS,TX,1,1,0,0,5,5,149,0,BELLEVILLE,26,10,October,2012,6,Friday,15,2,0,3,3,77,29.93819722,-96.99673889,1,1,0,0,0,2,0
482473,TEXAS,TX,3,3,0,0,6,6,13,0,BOLLING,1,11,November,2012,5,Thursday,6,58,0,3,3,281,28.77991944,-98.54031389,12,2,0,0,0,2,0
482474,TEXAS,TX,2,2,0,0,2,2,39,0,ANDALUSIA,1,11,November,2012,5,Thursday,13,24,0,4,8,97,29.27558056,-95.45598889,12,1,0,0,0,1,0
482475,TEXAS,TX,2,2,0,0,3,3,67,5580,ABBEVILLE,1,11,November,2012,5,Thursday,17,53,1,2,2,85,33.17620833,-94.15226944,12,1,0,0,0,1,0
482476,TEXAS,TX,2,2,0,0,4,4,201,0,ANNETTE,1,11,November,2012,5,Thursday,22,21,1,12,3,228,29.89808056,-95.41862778,12,3,0,0,0,1,0
482477,TEXAS,TX,1,1,0,0,1,1,209,6170,AILEY,1,11,November,2012,5,Thursday,3,10,1,13,3,110,29.85505278,-97.93979444,46,2,0,0,0,1,1
482478,TEXAS,TX,2,2,0,0,2,2,423,0,ARP,1,11,November,2012,5,Thursday,15,40,0,3,3,123,32.34927778,-95.25036111,12,1,0,0,0,1,0
482479,TEXAS,TX,2,2,0,0,2,2,451,0,CARLSBAD,1,11,November,2012,5,Thursday,6,21,1,2,2,28,31.35568056,-100.43364444,12,2,0,0,0,1,0
482480,TEXAS,TX,1,1,0,0,1,1,453,330,ANDERSON MILL,1,11,November,2012,5,Thursday,2,17,1,12,2,60,30.36666944,-97.71843889,25,3,0,0,0,1,1
482481,TEXAS,TX,2,2,0,0,3,3,29,6090,BORDEN SPRINGS,2,11,November,2012,6,Friday,20,26,0,16,5,0,29.51208611,-98.36595000,12,3,0,0,0,1,0
482482,TEXAS,TX,1,1,0,0,3,3,85,5730,BENTON,2,11,November,2012,6,Friday,12,12,0,16,5,0,32.98623056,-96.64769167,5,1,0,0,0,1,0
482483,TEXAS,TX,2,2,0,0,2,2,167,3920,ADRIAN,2,11,November,2012,6,Friday,4,19,1,11,1,148,29.47120556,-95.09501944,12,3,0,0,0,1,1
482484,TEXAS,TX,2,2,0,0,2,2,199,6380,ALVATON,2,11,November,2012,6,Friday,19,0,0,14,3,121,30.35283889,-94.17649722,12,3,0,0,0,1,0
482485,TEXAS,TX,1,1,1,1,3,3,439,2450,ARLINGTON,2,11,November,2012,6,Friday,20,17,1,13,3,181,32.74098056,-97.24952778,8,3,0,0,0,1,0
482486,TEXAS,TX,2,2,0,0,6,6,157,0,ARCADE,2,11,November,2012,6,Friday,20,5,1,2,3,194,29.32704444,-95.75069722,12,2,0,0,0,2,1
482487,TEXAS,TX,1,1,0,0,1,1,381,150,AMARILLO,2,11,November,2012,6,Friday,2,16,0,16,5,0,35.16233333,-101.85225833,43,2,0,0,0,1,0
482488,TEXAS,TX,2,2,0,0,2,2,497,0,ALVORD,2,11,November,2012,6,Friday,12,5,0,4,8,9,33.05680278,-97.52664722,12,1,0,0,0,1,0
482489,TEXAS,TX,3,1,0,0,1,1,29,6090,BORDEN SPRINGS,3,11,November,2012,7,Saturday,17,37,0,16,5,0,29.50388056,-98.63411667,33,1,0,0,0,1,0
482490,TEXAS,TX,1,1,0,0,1,1,59,0,FRANKLIN,3,11,November,2012,7,Saturday,23,26,1,1,1,215,32.38101944,-99.27076944,52,2,0,0,0,1,0
482491,TEXAS,TX,2,2,0,0,3,3,63,0,BOLIGEE,3,11,November,2012,7,Saturday,19,34,0,4,8,60,33.02968333,-94.97941944,12,2,0,0,0,1,0
482492,TEXAS,TX,1,1,0,0,2,2,121,0,BON AIR,3,11,November,2012,7,Saturday,3,54,0,6,4,0,33.40471667,-97.20176111,30,2,0,0,0,1,1
482493,TEXAS,TX,1,1,0,0,1,1,133,0,ARLEY,3,11,November,2012,7,Saturday,8,42,1,1,1,138,32.37559722,-98.88125833,59,1,0,0,0,1,0
482494,TEXAS,TX,2,1,0,1,1,2,167,3220,ADRIAN,3,11,November,2012,7,Saturday,0,49,1,13,3,116,29.35509444,-95.03825278,14,2,0,0,0,1,1
482495,TEXAS,TX,1,1,0,0,1,1,201,0,ANNETTE,3,11,November,2012,7,Saturday,2,55,0,6,4,0,29.80166944,-95.74244444,33,3,0,0,0,1,1
482496,TEXAS,TX,1,1,0,0,2,2,201,3280,ANNETTE,3,11,November,2012,7,Saturday,6,25,0,16,5,0,29.68752500,-95.49238056,30,3,0,0,0,1,0
482497,TEXAS,TX,1,1,1,1,1,1,201,0,ANNETTE,3,11,November,2012,7,Saturday,23,15,0,13,2,188,29.94132500,-95.65670833,8,2,0,0,0,1,0
482498,TEXAS,TX,2,2,0,0,2,2,259,0,CHARLES,3,11,November,2012,7,Saturday,10,35,1,1,1,76,29.92122778,-98.84793333,12,1,0,0,0,1,0
482499,TEXAS,TX,2,2,0,0,3,3,339,0,CONROE,3,11,November,2012,7,Saturday,23,37,0,6,4,0,30.14291944,-95.75284722,12,2,0,0,0,1,0
482500,TEXAS,TX,1,1,0,0,2,2,397,9997,DALLAS,3,11,November,2012,7,Saturday,0,1,0,16,5,0,32.91888611,-96.50958056,33,3,0,0,0,1,0
482501,TEXAS,TX,2,2,1,1,6,6,439,2450,ARLINGTON,3,11,November,2012,7,Saturday,1,11,1,11,1,176,32.75729167,-97.26416111,12,3,0,0,0,1,0
482502,TEXAS,TX,1,1,1,1,2,2,453,330,ANDERSON MILL,3,11,November,2012,7,Saturday,0,20,0,16,5,0,30.22084167,-97.69478333,9,2,0,0,0,1,1
482503,TEXAS,TX,1,1,0,0,1,1,167,2570,ADRIAN,4,11,November,2012,1,Sunday,1,5,0,16,5,0,29.29782500,-94.77815556,31,3,0,0,0,1,0
482504,TEXAS,TX,1,1,1,1,2,2,485,7490,BURKBURNETT,3,11,November,2012,7,Saturday,1,35,1,11,1,66,33.98270556,-98.53941944,8,2,0,0,0,1,0
482506,TEXAS,TX,1,1,0,0,1,1,201,0,ANNETTE,4,11,November,2012,1,Sunday,1,13,0,6,4,0,29.79572500,-95.05531944,31,2,0,0,0,1,1
482507,TEXAS,TX,3,3,0,0,5,5,201,3280,ANNETTE,4,11,November,2012,1,Sunday,2,26,1,11,1,347,29.91486944,-95.41241111,12,3,0,0,0,1,1
482509,TEXAS,TX,4,4,0,0,9,9,215,4197,BIBB CITY,4,11,November,2012,1,Sunday,2,50,1,12,2,229,26.19235833,-98.24732778,12,3,0,0,0,1,1
482510,TEXAS,TX,2,2,0,0,3,3,249,0,ELLAVILLE,4,11,November,2012,1,Sunday,18,25,1,2,3,71,27.75017778,-98.12812778,12,2,0,0,0,1,0
482511,TEXAS,TX,2,2,0,0,2,2,255,0,EAST GRIFFIN,4,11,November,2012,1,Sunday,0,2,0,4,3,78,29.11808611,-97.78453333,12,2,0,0,0,1,0
482512,TEXAS,TX,1,1,0,0,1,1,281,0,HIAWASSEE,4,11,November,2012,1,Sunday,9,35,0,4,8,47,31.12465833,-98.47811389,38,1,0,0,0,1,0
482513,TEXAS,TX,2,2,0,0,4,4,481,2130,BOLING,4,11,November,2012,1,Sunday,18,15,1,13,2,237,29.19473611,-96.24523333,12,5,0,0,0,2,2