ST_CASE,State Name,State Abbreviation,# of Vehicle involved,Parked_Vehicles_Involved,Pedestrains,Person_Not_in_Motor_Vehicle,Persons_in_motor_vehicle,Total_Persons_in_accident,COUNTY,CITY,City_County_Name,Calendar_DAY,MONTH,Month_name,YEAR,DAY_WEEK,Day_Week_desc,HOUR,MINUTE,NHS_Desc,trafficway,Route,MILEPT,LATITUDE,LONGITUD,First_Crash_event,Light_cond_desc,Weather_condition,School_bus_involved,Crash_cause,FATALS,DRUNK_DR
482818,TEXAS,TX,1,1,0,0,2,2,201,3280,ANNETTE,14,12,December,2012,6,Friday,13,27,1,11,1,211,29.69595833,-95.30127778,1,1,0,0,0,1,1
482819,TEXAS,TX,1,1,0,0,1,1,201,3280,ANNETTE,14,12,December,2012,6,Friday,20,46,0,16,5,0,29.64386389,-95.33788056,33,3,0,0,0,1,1
482820,TEXAS,TX,1,1,0,0,1,1,381,0,AMARILLO,14,12,December,2012,6,Friday,15,57,0,4,8,92,35.05784167,-101.84775000,1,1,6,0,0,1,0
482821,TEXAS,TX,1,1,0,0,1,1,29,6090,BORDEN SPRINGS,15,12,December,2012,7,Saturday,0,41,1,12,3,35,29.31151667,-98.55435556,1,2,0,0,0,1,1
482822,TEXAS,TX,3,3,0,0,4,4,29,6090,BORDEN SPRINGS,15,12,December,2012,7,Saturday,1,58,1,13,8,278,29.47324167,-98.53474444,30,3,0,0,0,1,1
482823,TEXAS,TX,1,1,0,0,1,1,91,0,DAYTON,15,12,December,2012,7,Saturday,6,59,0,5,8,96,29.77424444,-98.06661944,1,4,0,0,0,1,0
482824,TEXAS,TX,1,1,0,0,2,2,105,0,MARION,15,12,December,2012,7,Saturday,10,10,1,1,1,530,30.69421389,-101.26347500,1,1,0,0,0,1,0
482825,TEXAS,TX,1,1,1,1,4,4,113,1730,COTTONTON,15,12,December,2012,7,Saturday,21,50,0,16,5,0,32.66216389,-96.86795000,8,3,0,0,0,1,0
482826,TEXAS,TX,2,1,0,0,1,1,201,3280,ANNETTE,15,12,December,2012,7,Saturday,4,28,0,16,5,0,29.70111667,-95.48671389,30,3,0,0,0,1,1
482827,TEXAS,TX,2,2,0,0,5,5,201,3280,ANNETTE,15,12,December,2012,7,Saturday,4,30,0,16,5,0,29.90867778,-95.49567222,12,3,0,0,0,3,0
482829,TEXAS,TX,1,1,0,0,2,2,453,330,ANDERSON MILL,15,12,December,2012,7,Saturday,2,0,1,11,7,248,30.35868611,-97.68693889,42,3,0,0,0,2,0
482830,TEXAS,TX,1,1,1,1,1,1,113,3420,COTTONTON,16,12,December,2012,1,Sunday,17,55,0,16,5,0,32.79825833,-96.97704444,8,3,0,0,0,1,0
482831,TEXAS,TX,1,1,1,1,2,2,203,4360,BENSON,16,12,December,2012,1,Sunday,19,26,1,13,2,126,32.53458333,-94.35013333,8,3,0,0,0,1,0
482832,TEXAS,TX,2,2,0,0,4,4,67,310,ABBEVILLE,17,12,December,2012,2,Monday,13,1,0,14,8,229,33.10665833,-94.15733056,12,1,0,0,0,1,0
482833,TEXAS,TX,1,1,0,0,1,1,121,3960,BON AIR,17,12,December,2012,2,Monday,0,8,0,16,5,0,33.00197500,-97.01570556,1,2,0,0,0,1,1
482834,TEXAS,TX,2,2,0,0,3,3,201,0,ANNETTE,18,12,December,2012,3,Tuesday,7,20,0,6,4,0,29.77664444,-95.71123333,33,1,0,0,0,1,0
482835,TEXAS,TX,2,1,0,0,1,1,201,0,ANNETTE,18,12,December,2012,3,Tuesday,7,35,0,6,4,0,29.98233611,-95.20298056,14,1,0,0,0,1,0
482836,TEXAS,TX,1,1,0,0,1,1,289,5000,ALLENTOWN,18,12,December,2012,3,Tuesday,7,5,1,2,2,10,31.58324444,-95.85225000,42,1,0,0,0,1,0
482837,TEXAS,TX,3,1,0,0,1,1,201,3280,ANNETTE,19,12,December,2012,4,Wednesday,2,30,1,12,2,143,29.66666667,-95.55215556,24,3,0,0,0,1,1
482838,TEXAS,TX,1,1,0,0,2,2,407,0,COLDSPRING,19,12,December,2012,4,Wednesday,14,32,0,3,2,18,30.73992778,-95.32625000,42,1,0,0,0,1,1
482839,TEXAS,TX,2,2,0,0,3,3,419,0,CENTER,19,12,December,2012,4,Wednesday,9,16,0,4,8,110,31.95145278,-94.02969444,12,1,0,0,0,2,0
482840,TEXAS,TX,3,3,0,0,3,3,29,6090,BORDEN SPRINGS,20,12,December,2012,5,Thursday,9,50,0,16,5,0,29.64052222,-98.42479722,12,1,0,0,0,2,0
482841,TEXAS,TX,1,1,0,0,1,1,29,6090,BORDEN SPRINGS,20,12,December,2012,5,Thursday,23,26,1,11,1,14,29.30536111,-98.39738611,24,2,0,0,0,1,0
482842,TEXAS,TX,2,1,0,1,1,2,113,1730,COTTONTON,20,12,December,2012,5,Thursday,1,37,1,12,8,14,32.78476667,-96.80731389,14,3,0,0,0,1,1
482843,TEXAS,TX,1,1,1,1,2,2,439,260,ARLINGTON,20,12,December,2012,5,Thursday,2,18,1,13,8,124,32.75707222,-97.09717222,8,3,0,0,0,1,0
482844,TEXAS,TX,1,1,1,1,1,1,129,0,BIGBEE,21,12,December,2012,6,Friday,1,28,1,2,2,111,34.95748333,-100.92467222,8,2,0,0,0,1,0
482845,TEXAS,TX,2,2,0,0,4,4,141,2190,BEE BRANCH,21,12,December,2012,6,Friday,15,26,0,16,5,0,31.88969722,-106.57318056,12,1,0,0,0,1,0
482846,TEXAS,TX,1,1,0,0,1,1,113,3880,COTTONTON,22,12,December,2012,7,Saturday,13,36,0,16,5,0,32.61362500,-96.77755556,32,1,0,0,0,1,0
482847,TEXAS,TX,2,2,0,0,2,2,135,5030,ASH FLAT,22,12,December,2012,7,Saturday,23,44,1,13,2,0,31.84566944,-102.36757222,12,3,0,0,0,1,0
482848,TEXAS,TX,1,1,1,1,1,1,201,0,ANNETTE,22,12,December,2012,7,Saturday,6,0,1,12,3,207,29.89753056,-95.45635278,8,1,0,0,0,1,0
482849,TEXAS,TX,2,2,0,0,4,4,29,3095,BORDEN SPRINGS,23,12,December,2012,1,Sunday,22,23,1,13,3,19,29.56908611,-98.68942500,12,2,0,0,0,1,1
482850,TEXAS,TX,1,1,1,1,1,1,29,6090,BORDEN SPRINGS,23,12,December,2012,1,Sunday,23,4,0,16,5,0,29.44936944,-98.56940000,8,3,0,0,0,1,0
482851,TEXAS,TX,1,1,1,1,1,1,113,1730,COTTONTON,23,12,December,2012,1,Sunday,22,50,0,14,3,129,32.83903889,-96.69553611,8,3,0,0,0,1,0
482852,TEXAS,TX,1,1,1,1,1,1,201,0,ANNETTE,23,12,December,2012,1,Sunday,2,5,1,13,3,72,29.83377500,-95.64564722,8,3,0,0,0,1,0
482853,TEXAS,TX,1,1,0,0,1,1,325,0,CASTROVILLE,23,12,December,2012,1,Sunday,18,20,1,13,8,39,29.46300556,-99.34838889,1,2,0,0,0,1,0
482854,TEXAS,TX,1,1,1,1,1,1,5,0,BAKER HILL,24,12,December,2012,2,Monday,23,45,1,13,2,79,31.22723333,-94.76948889,8,2,0,0,0,1,0
482855,TEXAS,TX,1,1,1,1,1,1,29,6090,BORDEN SPRINGS,24,12,December,2012,2,Monday,20,23,0,16,5,0,29.37191389,-98.44580833,8,3,0,0,0,1,0
482856,TEXAS,TX,3,3,0,0,7,7,215,5330,BIBB CITY,24,12,December,2012,2,Monday,18,27,1,13,8,42,26.13658333,-98.21451111,12,2,0,0,0,1,0
482857,TEXAS,TX,2,2,0,0,6,6,85,7620,BENTON,25,12,December,2012,3,Tuesday,14,50,0,15,8,32,33.02658333,-96.53898056,12,1,0,0,0,1,0
482858,TEXAS,TX,1,1,0,0,2,2,201,3280,ANNETTE,25,12,December,2012,3,Tuesday,6,54,0,16,5,0,29.62221944,-95.28250556,1,4,0,0,0,1,1
482859,TEXAS,TX,2,1,0,0,1,1,209,6170,AILEY,25,12,December,2012,3,Tuesday,22,40,0,16,5,0,29.90721944,-97.91152222,30,2,0,0,0,1,1
482860,TEXAS,TX,2,2,0,0,2,2,201,3280,ANNETTE,26,12,December,2012,4,Wednesday,6,30,1,12,2,145,29.66475833,-95.55360556,18,3,0,0,0,1,0
482861,TEXAS,TX,1,1,0,0,1,1,201,3320,ANNETTE,26,12,December,2012,4,Wednesday,4,4,1,12,2,10,29.98329722,-95.27636667,20,2,0,0,0,1,0
482862,TEXAS,TX,2,2,0,0,6,6,201,0,ANNETTE,27,12,December,2012,5,Thursday,21,3,0,6,4,0,30.06932222,-95.56264722,12,2,0,0,0,1,1
482863,TEXAS,TX,1,1,0,0,1,1,201,3280,ANNETTE,27,12,December,2012,5,Thursday,5,20,1,11,7,346,29.77403889,-95.25697778,41,3,0,0,0,1,1
482864,TEXAS,TX,2,2,0,0,3,3,29,6090,BORDEN SPRINGS,28,12,December,2012,6,Friday,23,10,0,16,5,0,29.28606667,-98.54818056,1,2,0,0,0,2,1
482865,TEXAS,TX,1,1,0,0,3,3,61,940,BELLWOOD,28,12,December,2012,6,Friday,6,17,1,13,2,103,25.95367500,-97.56178056,1,2,0,0,0,1,0
482866,TEXAS,TX,1,1,0,0,1,1,373,4020,ACE,28,12,December,2012,6,Friday,14,44,1,2,7,337,30.69215833,-94.95276111,34,1,0,0,0,1,0
482867,TEXAS,TX,1,1,0,0,2,2,373,0,ACE,29,12,December,2012,7,Saturday,4,55,0,3,2,319,30.74537500,-95.01686111,24,2,0,0,0,1,1
482868,TEXAS,TX,3,1,1,3,1,3,29,6090,BORDEN SPRINGS,30,12,December,2012,1,Sunday,2,2,1,11,1,46,29.40443056,-98.44227500,14,2,0,0,0,1,0
482869,TEXAS,TX,1,1,0,0,1,1,157,5970,ARCADE,31,12,December,2012,2,Monday,1,12,0,16,5,0,29.54677778,-95.84998056,34,2,0,0,0,1,1
482870,TEXAS,TX,1,1,0,0,4,4,355,1550,AGUA DULCE,31,12,December,2012,2,Monday,5,47,0,16,5,0,27.75402222,-97.39755556,33,3,0,0,0,1,1
482871,TEXAS,TX,1,1,0,0,1,1,209,990,AILEY,16,5,May,2012,4,Wednesday,21,21,1,11,7,218,30.06532778,-97.83152222,1,2,0,0,0,1,1
482872,TEXAS,TX,1,1,0,0,1,1,27,6810,ASHLAND,18,9,September,2012,3,Tuesday,16,2,1,13,7,43,31.07331944,-97.36609722,33,1,0,0,0,1,0
482873,TEXAS,TX,2,1,0,1,1,2,201,3280,ANNETTE,22,10,October,2012,2,Monday,18,56,1,11,1,131,29.78442778,-95.59611111,14,3,0,0,0,1,1
482874,TEXAS,TX,2,2,0,0,2,2,363,4630,BRAZOS,31,10,October,2012,4,Wednesday,17,55,0,16,5,0,32.79621667,-98.12113889,12,5,0,0,0,1,1
482875,TEXAS,TX,1,1,1,1,1,1,27,570,ASHLAND,4,11,November,2012,1,Sunday,4,45,0,14,3,137,31.08932500,-97.45600000,8,2,0,0,0,1,0
482876,TEXAS,TX,3,3,0,0,6,6,221,0,ARNOLDSVILLE,7,11,November,2012,4,Wednesday,21,35,0,4,8,77,32.47953611,-97.83893056,12,3,0,0,0,2,0
482877,TEXAS,TX,1,1,1,1,1,1,201,3280,ANNETTE,11,11,November,2012,1,Sunday,20,37,1,12,7,90,29.72419722,-95.49130556,8,2,0,0,0,1,0
482878,TEXAS,TX,1,1,0,0,6,6,475,0,BARSTOW,15,11,November,2012,5,Thursday,14,20,0,4,8,154,31.49754722,-102.81406944,1,1,0,0,0,1,0
482879,TEXAS,TX,3,3,0,0,5,5,187,0,DAHLONEGA,16,11,November,2012,6,Friday,13,55,0,4,8,156,29.38542500,-98.09960833,12,1,0,0,0,1,0
482880,TEXAS,TX,1,1,0,0,5,5,271,0,HELENA,17,11,November,2012,7,Saturday,16,18,1,2,2,11,29.25610556,-100.22428611,1,1,0,0,0,1,0
482881,TEXAS,TX,1,1,0,0,1,1,491,5990,ANDERSON MILL,17,11,November,2012,7,Saturday,3,14,0,14,8,55,30.53038611,-97.72074722,42,2,0,0,0,1,1
482882,TEXAS,TX,2,2,0,0,4,4,61,0,BELLWOOD,29,11,November,2012,5,Thursday,17,10,1,13,3,93,26.06859167,-97.43303611,12,1,0,0,0,2,0
482883,TEXAS,TX,3,3,0,0,6,6,389,0,BALMORHEA,29,11,November,2012,5,Thursday,19,25,1,1,1,208,31.23747222,-103.88206667,1,2,0,0,0,1,0
482884,TEXAS,TX,2,2,0,0,2,2,305,0,DOCTORTOWN,29,11,November,2012,5,Thursday,18,6,1,2,2,100,33.15195000,-101.79713333,1,2,0,0,0,1,1
482885,TEXAS,TX,1,1,0,0,3,3,465,0,COMSTOCK,29,11,November,2012,5,Thursday,16,44,0,4,3,60,30.22858056,-101.10308611,32,1,0,0,0,1,0
482886,TEXAS,TX,1,1,0,0,3,3,43,0,BAILEYTON,30,11,November,2012,6,Friday,22,52,0,5,8,85,30.35799444,-103.69335278,59,2,0,0,0,1,1
482887,TEXAS,TX,2,2,0,0,2,2,313,0,COHUTTA,30,11,November,2012,6,Friday,12,32,1,2,2,148,30.89422222,-96.15596667,12,1,0,0,0,1,0
482888,TEXAS,TX,2,2,0,0,2,2,251,120,DOVER,1,12,December,2012,7,Saturday,21,37,0,4,8,94,32.39383333,-97.23462778,12,2,0,0,0,1,1
482889,TEXAS,TX,1,1,0,0,2,2,215,0,BIBB CITY,2,12,December,2012,1,Sunday,17,26,0,6,4,0,26.43781389,-98.01443889,5,1,0,0,0,1,0
482890,TEXAS,TX,1,1,0,0,1,1,229,0,BLACKSHEAR,2,12,December,2012,1,Sunday,15,40,1,1,1,518,31.11386944,-105.14996944,1,1,0,0,0,1,0
482891,TEXAS,TX,2,2,0,0,2,2,435,6470,SONORA,4,12,December,2012,3,Tuesday,22,13,1,2,2,255,30.57519167,-100.65200278,12,3,0,0,0,1,0
482893,TEXAS,TX,1,1,1,1,1,1,37,0,BRADFORD,9,12,December,2012,1,Sunday,6,25,0,4,8,32,33.45728611,-94.59077778,8,2,0,0,0,1,0
482894,TEXAS,TX,1,1,0,0,1,1,49,0,COLLINSVILLE,9,12,December,2012,1,Sunday,14,51,0,3,3,229,31.89952222,-99.12251389,38,1,0,0,0,1,0
482895,TEXAS,TX,2,2,0,0,3,3,149,0,BELLEVILLE,9,12,December,2012,1,Sunday,17,43,0,3,3,111,29.85330278,-96.72925000,12,2,0,0,0,2,1
482896,TEXAS,TX,1,1,0,0,1,1,371,0,COYANOSA,9,12,December,2012,1,Sunday,4,43,0,3,3,1,31.30510556,-102.87850000,24,2,0,0,0,1,1
482897,TEXAS,TX,1,1,0,0,2,2,385,0,CAMP WOOD,9,12,December,2012,1,Sunday,5,15,0,4,3,60,29.63732500,-100.00745833,42,2,0,0,0,1,0
482898,TEXAS,TX,1,1,0,0,2,2,303,0,DAVISBORO,10,12,December,2012,2,Monday,9,37,0,3,3,62,33.58216667,-102.05970833,1,1,0,0,0,1,0
482899,TEXAS,TX,1,1,1,1,1,1,439,260,ARLINGTON,12,12,December,2012,4,Wednesday,18,50,0,16,5,0,32.75013333,-97.13168889,8,3,0,0,0,1,0
482900,TEXAS,TX,2,2,0,0,3,3,187,0,DAHLONEGA,13,12,December,2012,5,Thursday,14,25,0,4,2,146,29.65233333,-97.78970000,12,1,0,0,0,2,0
482901,TEXAS,TX,2,2,0,0,2,2,389,0,BALMORHEA,14,12,December,2012,6,Friday,14,50,1,1,1,374,31.36796944,-103.66779167,12,1,0,0,0,1,0
482902,TEXAS,TX,3,3,0,0,3,3,201,3280,ANNETTE,15,12,December,2012,7,Saturday,2,59,1,11,1,99,29.67924444,-95.44171667,12,3,0,0,0,1,1
482903,TEXAS,TX,3,3,0,0,9,9,249,0,ELLAVILLE,15,12,December,2012,7,Saturday,22,50,0,6,4,0,28.02423611,-97.90694444,12,2,0,0,0,2,1
482904,TEXAS,TX,1,1,0,0,1,1,401,0,EASTON,15,12,December,2012,7,Saturday,21,0,0,5,8,77,31.91760000,-94.91467222,42,2,0,0,0,1,1
482905,TEXAS,TX,1,1,0,0,1,1,39,0,ANDALUSIA,17,12,December,2012,2,Monday,4,50,0,6,4,0,29.41255833,-95.44383611,35,2,0,0,0,1,1
482906,TEXAS,TX,2,2,0,0,2,2,127,0,BURNWELL,17,12,December,2012,2,Monday,19,25,1,2,2,142,28.57388889,-99.90887500,12,2,0,0,0,1,1
482907,TEXAS,TX,1,1,1,1,1,1,139,0,CALION,17,12,December,2012,2,Monday,17,54,1,11,7,8,32.27472500,-96.52046944,8,2,0,0,0,1,0
482908,TEXAS,TX,2,2,0,0,2,2,39,0,ANDALUSIA,18,12,December,2012,3,Tuesday,5,55,0,4,8,89,29.40128056,-95.47986111,12,3,0,0,0,1,0
482909,TEXAS,TX,2,2,0,0,2,2,123,0,ALEXANDER CITY,18,12,December,2012,3,Tuesday,13,27,0,4,8,123,29.15320556,-97.27448611,12,1,0,0,0,1,0
482910,TEXAS,TX,1,1,0,0,2,2,487,0,HARROLD,18,12,December,2012,3,Tuesday,10,20,1,2,2,200,34.14025833,-99.19458056,1,1,0,0,0,1,0
482911,TEXAS,TX,1,1,0,0,1,1,185,0,ANAKTUVUK PASS,19,12,December,2012,4,Wednesday,3,16,0,3,3,275,30.64928333,-95.85110278,32,2,0,0,0,1,1
482912,TEXAS,TX,2,2,0,0,4,4,303,0,DAVISBORO,19,12,December,2012,4,Wednesday,12,45,1,1,1,210,33.80415833,-101.83794444,12,1,0,0,0,1,0
482913,TEXAS,TX,1,1,0,0,2,2,389,0,BALMORHEA,20,12,December,2012,5,Thursday,21,15,1,1,1,316,30.97766389,-103.57927222,1,2,0,0,0,1,0
482914,TEXAS,TX,2,2,1,1,2,2,29,6090,BORDEN SPRINGS,21,12,December,2012,6,Friday,18,49,1,11,1,119,29.43399167,-98.47819722,8,3,0,0,0,1,0
482915,TEXAS,TX,2,1,0,0,1,1,251,0,DOVER,23,12,December,2012,1,Sunday,15,54,0,6,4,0,32.47338889,-97.36786667,42,1,0,0,0,1,0
482916,TEXAS,TX,2,2,0,0,2,2,309,5845,ALAMO,23,12,December,2012,1,Sunday,12,32,1,13,3,69,31.45653056,-97.11047778,12,1,0,0,0,1,0
482917,TEXAS,TX,1,1,0,0,1,1,289,0,ALLENTOWN,24,12,December,2012,2,Monday,20,24,1,1,1,209,31.39502778,-96.03159167,1,2,0,0,0,1,0
482918,TEXAS,TX,1,1,0,0,1,1,55,0,ATTALLA,25,12,December,2012,3,Tuesday,2,58,0,5,8,31,29.93091944,-97.76077778,38,2,0,0,0,1,1
482919,TEXAS,TX,3,3,0,0,3,3,231,0,CONCORD,26,12,December,2012,4,Wednesday,17,30,1,2,2,69,33.13688333,-96.17180278,12,5,8,0,0,1,0
482920,TEXAS,TX,2,2,0,0,4,4,439,502,ARLINGTON,26,12,December,2012,4,Wednesday,23,39,1,12,3,3,32.83772222,-97.11784722,25,2,0,0,0,1,1
482921,TEXAS,TX,2,2,0,0,7,7,113,1730,COTTONTON,27,12,December,2012,5,Thursday,15,0,1,11,1,254,32.86484722,-96.89536111,25,1,0,0,0,1,0
482922,TEXAS,TX,1,1,0,0,1,1,291,0,BLAIRSVILLE,27,12,December,2012,5,Thursday,17,24,0,6,4,0,30.36652778,-94.99843889,42,2,0,0,0,1,0
482923,TEXAS,TX,2,2,0,0,6,6,401,0,EASTON,27,12,December,2012,5,Thursday,9,0,0,4,8,126,32.31551111,-94.97223611,12,1,0,0,0,1,0
482924,TEXAS,TX,1,1,0,0,1,1,183,0,FORT STEWART,28,12,December,2012,6,Friday,9,30,1,1,1,113,32.43267778,-94.77706389,42,1,0,0,0,1,0
482925,TEXAS,TX,2,2,0,0,2,2,201,0,ANNETTE,28,12,December,2012,6,Friday,15,18,1,13,8,130,30.01220833,-95.45432222,12,1,0,0,0,1,0
482926,TEXAS,TX,1,1,0,0,1,1,297,0,BETWEEN,28,12,December,2012,6,Friday,4,3,1,1,1,289,28.48532778,-98.13727778,23,2,0,0,0,1,0
482927,TEXAS,TX,3,3,0,0,3,3,355,0,AGUA DULCE,28,12,December,2012,6,Friday,14,10,0,4,8,45,27.71741667,-97.90813056,12,1,0,0,0,1,0
482928,TEXAS,TX,2,2,0,0,4,4,389,0,BALMORHEA,28,12,December,2012,6,Friday,13,30,1,2,2,152,31.80514722,-103.89148889,12,1,0,0,0,2,1
482929,TEXAS,TX,1,1,0,0,1,1,395,0,BREMOND,28,12,December,2012,6,Friday,13,55,0,5,8,14,30.74416111,-96.46781944,10,1,0,0,0,1,0
482930,TEXAS,TX,3,3,0,0,4,4,441,30,ABILENE,28,12,December,2012,6,Friday,8,37,0,14,8,104,32.44502222,-99.67746667,12,1,0,0,0,1,0
482931,TEXAS,TX,1,1,0,0,1,1,497,0,ALVORD,29,12,December,2012,7,Saturday,21,53,0,6,4,0,33.16770833,-97.41791389,18,2,0,0,0,1,1
482932,TEXAS,TX,2,2,0,0,4,4,113,1730,COTTONTON,30,12,December,2012,1,Sunday,3,5,0,16,5,0,32.74916944,-96.79908889,12,3,0,0,0,1,1
482933,TEXAS,TX,1,1,0,0,5,5,257,0,AVALON,30,12,December,2012,1,Sunday,1,45,0,4,3,38,32.40559444,-96.24183333,58,2,0,0,0,1,0
482934,TEXAS,TX,1,1,0,0,1,1,29,6090,BORDEN SPRINGS,31,12,December,2012,2,Monday,5,45,1,11,1,96,29.44278611,-98.63837222,1,3,0,0,0,1,0
482935,TEXAS,TX,2,2,0,0,3,3,187,3698,DAHLONEGA,31,12,December,2012,2,Monday,17,4,0,6,4,0,29.66739167,-97.83613056,12,5,0,0,0,1,0
482936,TEXAS,TX,2,2,0,0,2,2,201,0,ANNETTE,31,12,December,2012,2,Monday,17,19,0,6,4,0,29.98563611,-95.38293333,12,5,0,0,0,1,2
482937,TEXAS,TX,1,1,0,0,1,1,367,0,ALEDO,31,12,December,2012,2,Monday,0,10,1,1,1,291,32.73573889,-97.63625278,52,2,0,0,0,1,1
482938,TEXAS,TX,1,1,0,0,2,2,451,6080,CARLSBAD,31,12,December,2012,2,Monday,23,30,0,14,8,8,31.43424444,-100.43394444,30,3,0,0,0,1,1
482939,TEXAS,TX,2,2,0,0,5,5,141,2190,BEE BRANCH,14,11,November,2012,4,Wednesday,18,26,1,13,8,136,31.68683056,-106.29845278,12,3,0,0,0,1,0
482940,TEXAS,TX,1,1,1,1,1,1,367,7280,ALEDO,25,11,November,2012,1,Sunday,18,45,0,15,8,31,32.73966389,-97.77058889,8,3,0,0,0,1,0
482941,TEXAS,TX,1,1,0,0,4,4,453,0,ANDERSON MILL,30,11,November,2012,6,Friday,6,35,1,12,3,470,30.17499167,-97.63841389,1,4,0,0,0,1,0
482942,TEXAS,TX,1,1,1,1,1,1,201,3280,ANNETTE,5,12,December,2012,4,Wednesday,20,46,0,16,5,0,29.71092778,-95.34581389,8,3,0,0,0,1,0
482943,TEXAS,TX,1,1,0,0,1,1,21,0,CHILTON,6,12,December,2012,5,Thursday,4,58,0,6,4,0,30.04424444,-97.32025833,1,2,0,0,0,1,0
482944,TEXAS,TX,1,1,1,1,2,2,261,0,ALAGANIK,8,12,December,2012,7,Saturday,18,45,1,2,2,52,26.71114722,-97.76858611,8,2,0,0,0,1,0
482945,TEXAS,TX,1,1,0,0,1,1,439,2450,ARLINGTON,12,12,December,2012,4,Wednesday,0,24,0,16,5,0,32.59972778,-97.43266389,1,2,0,0,0,1,0
482946,TEXAS,TX,2,2,0,0,2,2,53,0,ATMORE,15,12,December,2012,7,Saturday,10,42,1,2,2,189,30.86741667,-97.91457778,12,1,0,0,0,1,0
482947,TEXAS,TX,2,2,0,0,4,4,85,2520,BENTON,16,12,December,2012,1,Sunday,20,31,1,13,3,186,33.16570556,-96.80309722,12,2,0,0,0,2,0
482948,TEXAS,TX,3,3,0,0,4,4,453,330,ANDERSON MILL,19,12,December,2012,4,Wednesday,23,3,1,12,7,21,30.22612222,-97.76966944,12,3,0,0,0,1,0
482949,TEXAS,TX,2,2,0,0,3,3,323,0,EAGLE PASS,23,12,December,2012,1,Sunday,8,18,0,3,2,110,28.91185556,-100.13375833,12,4,0,0,0,1,0
482950,TEXAS,TX,2,2,0,0,4,4,215,0,BIBB CITY,28,12,December,2012,6,Friday,11,35,0,14,8,266,26.32721111,-98.33745000,12,1,0,0,0,3,0
482951,TEXAS,TX,1,1,0,0,1,1,363,0,BRAZOS,29,12,December,2012,7,Saturday,17,5,1,1,1,175,32.61220278,-98.10720000,52,1,0,0,0,1,0
482952,TEXAS,TX,2,2,0,0,7,7,453,330,ANDERSON MILL,29,12,December,2012,7,Saturday,12,58,1,12,3,149,30.20330833,-97.63941389,12,1,0,0,0,1,0
482953,TEXAS,TX,1,1,0,0,1,1,309,5845,ALAMO,31,12,December,2012,2,Monday,11,19,1,13,3,224,31.49043611,-97.14284167,43,1,0,0,0,1,0
482954,TEXAS,TX,5,5,0,0,6,6,453,330,ANDERSON MILL,31,12,December,2012,2,Monday,9,12,0,16,5,0,30.45194722,-97.82154722,12,1,0,0,0,1,0
482955,TEXAS,TX,2,2,0,0,2,2,215,3165,BIBB CITY,25,2,February,2012,7,Saturday,15,11,1,13,2,15,26.09736389,-98.22119167,12,1,0,0,0,1,0
482956,TEXAS,TX,2,2,0,0,2,2,29,6090,BORDEN SPRINGS,26,10,October,2012,6,Friday,22,35,0,4,8,380,29.21364167,-98.51141389,12,2,0,0,0,1,0
482957,TEXAS,TX,1,1,0,0,1,1,29,6090,BORDEN SPRINGS,11,11,November,2012,1,Sunday,2,42,0,4,8,77,29.66726944,-98.52047222,33,2,0,0,0,1,1
482958,TEXAS,TX,2,2,0,0,2,2,453,0,ANDERSON MILL,14,11,November,2012,4,Wednesday,20,12,0,14,8,70,30.14944722,-97.83318889,12,1,0,0,0,1,1
482960,TEXAS,TX,1,1,0,0,2,2,29,0,BORDEN SPRINGS,16,11,November,2012,6,Friday,4,5,0,6,4,0,29.67627778,-98.43447500,38,2,0,0,0,1,1
482961,TEXAS,TX,14,14,0,0,19,19,145,0,BALD KNOB,19,11,November,2012,2,Monday,12,43,1,1,1,10,31.28022500,-97.25960278,12,1,0,0,0,1,0
482962,TEXAS,TX,1,1,0,0,1,1,257,0,AVALON,24,11,November,2012,7,Saturday,19,15,0,4,8,199,32.52149167,-96.38752778,59,2,0,0,0,1,0
482963,TEXAS,TX,1,1,0,0,1,1,275,0,BARWICK,3,12,December,2012,2,Monday,2,0,1,2,2,43,33.58984167,-99.72389444,1,2,0,0,0,1,1
482964,TEXAS,TX,1,1,0,0,2,2,147,0,AUGUSTA,8,12,December,2012,7,Saturday,3,6,0,4,3,80,33.64158333,-96.18051389,42,6,0,0,0,2,1
482965,TEXAS,TX,5,5,0,0,13,13,423,0,ARP,8,12,December,2012,7,Saturday,14,5,0,3,8,33,32.31078889,-95.35236944,12,1,0,0,0,2,0
482966,TEXAS,TX,2,2,0,0,5,5,257,0,AVALON,9,12,December,2012,1,Sunday,19,52,0,4,8,56,32.61473611,-96.31786389,12,2,0,0,0,1,0
482967,TEXAS,TX,1,1,1,1,1,1,277,0,BROOKFIELD,19,12,December,2012,4,Wednesday,18,28,1,2,2,3,33.87440833,-95.50271944,8,2,0,0,0,1,0