ST_CASE,State Name,State Abbreviation,# of Vehicle involved,Parked_Vehicles_Involved,Pedestrains,Person_Not_in_Motor_Vehicle,Persons_in_motor_vehicle,Total_Persons_in_accident,COUNTY,CITY,City_County_Name,Calendar_DAY,MONTH,Month_name,YEAR,DAY_WEEK,Day_Week_desc,HOUR,MINUTE,NHS_Desc,trafficway,Route,MILEPT,LATITUDE,LONGITUD,First_Crash_event,Light_cond_desc,Weather_condition,School_bus_involved,Crash_cause,FATALS,DRUNK_DR
482968,TEXAS,TX,1,1,0,0,2,2,471,3340,DODGE,19,12,December,2012,4,Wednesday,20,20,0,14,3,0,30.73308333,-95.52789167,5,2,0,0,0,1,0
482969,TEXAS,TX,1,1,0,0,1,1,185,0,ANAKTUVUK PASS,21,12,December,2012,6,Friday,22,59,1,2,3,64,30.34039167,-96.04960000,42,2,0,0,0,1,0
482970,TEXAS,TX,2,2,0,0,2,2,231,0,CONCORD,21,12,December,2012,6,Friday,7,0,1,2,3,115,32.91058333,-96.15760556,12,4,0,0,0,1,0
482971,TEXAS,TX,1,1,0,0,1,1,291,0,BLAIRSVILLE,21,12,December,2012,6,Friday,12,59,0,4,8,122,30.07918056,-94.86576389,1,1,0,0,0,1,0
482972,TEXAS,TX,1,1,0,0,2,2,167,6860,ADRIAN,22,12,December,2012,7,Saturday,17,14,1,13,8,62,29.36928611,-94.91392500,30,1,0,0,0,1,0
482973,TEXAS,TX,1,1,0,0,3,3,339,0,CONROE,23,12,December,2012,1,Sunday,1,45,0,6,4,0,30.32313056,-95.69328889,30,3,0,0,0,1,1
482974,TEXAS,TX,1,1,0,0,2,2,231,2860,CONCORD,24,12,December,2012,2,Monday,10,53,1,11,1,137,33.09737778,-96.10802778,1,1,0,0,0,1,0
482975,TEXAS,TX,1,1,0,0,1,1,257,3610,AVALON,24,12,December,2012,2,Monday,22,43,0,4,3,62,32.36953333,-96.24011111,43,2,0,0,0,1,1
482976,TEXAS,TX,2,2,0,0,2,2,147,0,AUGUSTA,26,12,December,2012,4,Wednesday,13,52,0,4,8,49,33.68202222,-96.15475833,12,1,0,0,0,1,0
482977,TEXAS,TX,2,2,1,1,1,1,201,3505,ANNETTE,31,12,December,2012,2,Monday,1,55,1,12,2,229,29.89528333,-95.59112778,8,3,0,0,0,1,0
482978,TEXAS,TX,2,2,0,0,5,5,157,5970,ARCADE,20,4,April,2012,6,Friday,17,45,1,2,2,206,29.53225556,-95.86022222,12,1,0,0,0,1,0
482979,TEXAS,TX,1,1,1,1,1,1,439,0,ARLINGTON,21,6,June,2012,5,Thursday,5,44,0,6,4,0,32.98043889,-97.39793611,8,2,0,0,0,1,0
482980,TEXAS,TX,2,2,0,0,3,3,439,0,ARLINGTON,9,7,July,2012,2,Monday,17,19,0,15,8,6,32.82528056,-97.53784722,12,1,0,0,0,1,0
482981,TEXAS,TX,1,1,0,0,2,2,439,0,ARLINGTON,16,8,August,2012,5,Thursday,2,7,0,15,8,14,32.98428889,-97.44774722,24,2,0,0,0,1,1
482982,TEXAS,TX,2,2,0,0,3,3,439,0,ARLINGTON,23,8,August,2012,5,Thursday,1,43,1,11,1,42,32.69257222,-97.49748611,12,2,0,0,0,1,1
482983,TEXAS,TX,2,2,0,0,4,4,113,2010,COTTONTON,30,8,August,2012,5,Thursday,19,57,0,6,5,0,32.64728056,-96.93927500,12,5,0,0,0,2,1
482984,TEXAS,TX,2,2,0,0,2,2,439,0,ARLINGTON,27,9,September,2012,5,Thursday,19,15,0,6,4,0,32.85640556,-97.46415556,12,5,0,0,0,1,0
482985,TEXAS,TX,1,1,1,1,2,2,15,560,ANNISTON,12,10,October,2012,6,Friday,0,21,0,16,5,0,29.94042222,-96.25074722,8,3,0,0,0,1,1
482986,TEXAS,TX,2,2,0,0,2,2,141,2190,BEE BRANCH,19,10,October,2012,6,Friday,10,13,1,11,1,241,31.77708889,-106.42866667,24,1,0,0,0,1,0
482987,TEXAS,TX,1,1,0,0,1,1,363,0,BRAZOS,6,11,November,2012,3,Tuesday,7,52,0,14,8,28,32.55114167,-98.52051111,43,2,0,0,0,1,0
482988,TEXAS,TX,1,1,0,0,1,1,491,0,ANDERSON MILL,11,11,November,2012,1,Sunday,2,28,0,6,4,0,30.48224444,-97.64687222,42,2,0,0,0,1,1
482989,TEXAS,TX,2,2,0,0,2,2,133,0,ARLEY,3,12,December,2012,2,Monday,15,38,0,4,8,97,32.32017500,-98.63209722,12,1,0,0,0,1,0
482990,TEXAS,TX,2,2,0,0,2,2,303,0,DAVISBORO,6,12,December,2012,5,Thursday,21,15,1,2,2,282,33.50279444,-101.74715000,12,2,0,0,0,1,0
482991,TEXAS,TX,3,3,0,0,3,3,453,330,ANDERSON MILL,10,12,December,2012,2,Monday,12,40,0,16,5,0,30.20565278,-97.80640278,12,1,0,0,0,1,0
482992,TEXAS,TX,2,2,0,0,2,2,201,0,ANNETTE,12,12,December,2012,4,Wednesday,5,55,0,3,8,78,30.06675833,-95.79523889,12,2,0,1,0,1,0
482993,TEXAS,TX,1,1,0,0,3,3,85,1260,BENTON,21,12,December,2012,6,Friday,22,54,0,4,8,26,33.26242222,-96.75600278,5,2,0,0,0,1,0
482994,TEXAS,TX,1,1,0,0,2,2,141,0,BEE BRANCH,22,12,December,2012,7,Saturday,8,30,1,11,1,382,31.66643889,-106.24537222,1,1,0,0,0,1,0
482995,TEXAS,TX,1,1,0,0,1,1,425,0,GLEN ROSE,22,12,December,2012,7,Saturday,20,0,1,2,2,67,32.19264722,-97.84990000,32,2,0,0,0,1,0
482996,TEXAS,TX,1,1,0,0,3,3,273,0,BRONWOOD,23,12,December,2012,1,Sunday,12,20,1,2,2,7,27.55179444,-97.80992778,1,1,0,0,0,1,0
482997,TEXAS,TX,1,1,0,0,2,2,189,5380,BONEVILLE,24,12,December,2012,2,Monday,2,17,1,11,1,298,34.21800556,-101.72613056,33,3,0,0,0,2,1
482998,TEXAS,TX,2,2,0,0,5,5,109,0,ANSLEY,26,12,December,2012,4,Wednesday,14,30,1,1,1,60,31.06185556,-104.50800556,12,1,0,0,0,1,0
482999,TEXAS,TX,1,1,1,1,1,1,167,2570,ADRIAN,7,6,June,2012,5,Thursday,19,7,0,16,5,0,29.29387500,-94.78984444,8,1,0,0,0,1,0
483000,TEXAS,TX,2,2,0,0,4,4,27,6810,ASHLAND,2,8,August,2012,5,Thursday,20,30,0,15,8,28,31.12324722,-97.45100278,12,1,0,0,0,1,0
483001,TEXAS,TX,2,2,0,0,3,3,215,114,BIBB CITY,20,8,August,2012,2,Monday,21,16,0,16,5,0,26.28918611,-98.28886944,12,2,0,0,0,1,0
483002,TEXAS,TX,1,1,0,0,1,1,113,1730,COTTONTON,26,8,August,2012,1,Sunday,3,48,1,12,8,19,32.78856111,-96.80264167,25,3,0,0,0,1,0
483003,TEXAS,TX,2,2,0,0,4,4,439,0,ARLINGTON,14,9,September,2012,6,Friday,16,51,1,13,8,250,32.57621667,-97.23707222,12,1,0,0,0,1,0
483004,TEXAS,TX,1,1,2,2,1,1,213,300,CARTERS,6,10,October,2012,7,Saturday,21,45,0,14,8,1,32.20925000,-95.82924722,8,2,0,0,0,1,1
483005,TEXAS,TX,1,1,0,0,2,2,491,3360,ANDERSON MILL,24,10,October,2012,4,Wednesday,23,22,0,15,8,15,30.52094444,-97.54577222,35,2,0,0,0,1,0
483006,TEXAS,TX,3,3,0,0,3,3,201,3280,ANNETTE,5,11,November,2012,2,Monday,14,15,0,16,5,0,29.80186944,-95.39918611,12,1,0,0,0,1,0
483007,TEXAS,TX,1,1,1,1,2,2,29,6090,BORDEN SPRINGS,12,11,November,2012,2,Monday,18,50,0,16,5,0,29.50892500,-98.56546389,8,3,0,0,0,1,0
483008,TEXAS,TX,2,2,0,0,5,5,201,3280,ANNETTE,18,11,November,2012,1,Sunday,3,50,0,14,8,13,29.93186944,-95.39117222,12,3,0,0,0,1,1
483009,TEXAS,TX,1,1,0,0,7,7,469,0,BLOOMINGTON,21,11,November,2012,4,Wednesday,16,8,1,2,2,39,28.89501389,-96.81509444,1,1,0,0,0,1,0
483010,TEXAS,TX,1,1,1,1,1,1,355,1550,AGUA DULCE,23,11,November,2012,6,Friday,3,45,1,12,8,16,27.66579444,-97.27726111,8,3,0,0,0,1,0
483011,TEXAS,TX,1,1,0,0,2,2,423,0,ARP,29,11,November,2012,5,Thursday,16,44,1,2,2,56,32.55347222,-95.42417778,35,5,0,0,0,1,0
483012,TEXAS,TX,2,1,1,2,1,2,479,0,AGUILARES,30,11,November,2012,6,Friday,17,39,1,2,2,45,27.77150833,-98.85246667,8,5,0,0,0,1,0
483013,TEXAS,TX,2,2,0,0,2,2,355,0,AGUA DULCE,1,12,December,2012,7,Saturday,22,5,0,3,8,14,27.66850833,-97.72648889,12,1,0,0,0,2,1
483014,TEXAS,TX,2,2,0,0,2,2,147,0,AUGUSTA,5,12,December,2012,4,Wednesday,7,36,0,4,8,16,33.73097500,-95.88328889,12,1,0,0,0,1,0
483015,TEXAS,TX,2,2,0,0,2,2,135,5030,ASH FLAT,7,12,December,2012,6,Friday,23,10,0,16,5,0,31.87843889,-102.33433056,12,3,0,0,0,1,1
483016,TEXAS,TX,1,1,0,0,1,1,157,0,ARCADE,8,12,December,2012,7,Saturday,2,50,1,2,3,80,29.45679167,-95.82146111,23,2,0,0,0,1,1
483017,TEXAS,TX,2,2,0,0,3,3,495,0,KERMIT,8,12,December,2012,7,Saturday,14,30,0,3,3,130,31.82620278,-103.12544722,12,1,0,0,0,1,1
483018,TEXAS,TX,1,1,0,0,2,2,135,0,ASH FLAT,9,12,December,2012,1,Sunday,16,44,1,2,2,71,31.74976389,-102.36005000,1,1,0,0,0,1,0
483019,TEXAS,TX,1,1,1,1,1,1,245,5430,AUGUSTA,14,12,December,2012,6,Friday,8,58,0,16,5,0,29.89651111,-94.01192778,8,1,0,0,0,1,0
483020,TEXAS,TX,1,1,0,0,5,5,201,3280,ANNETTE,16,12,December,2012,1,Sunday,2,40,1,12,7,2,29.86691389,-95.33245278,33,2,0,0,0,4,0
483021,TEXAS,TX,2,2,0,0,7,7,475,0,BARSTOW,17,12,December,2012,2,Monday,0,15,1,11,1,319,31.57633333,-102.88756667,12,3,0,0,0,2,0
483022,TEXAS,TX,1,1,0,0,1,1,215,7330,BIBB CITY,19,12,December,2012,4,Wednesday,2,13,1,12,7,392,26.17246389,-97.99889444,25,3,0,0,0,1,1
483023,TEXAS,TX,1,1,1,1,3,3,439,2450,ARLINGTON,21,12,December,2012,6,Friday,20,52,1,11,7,26,32.68418611,-97.32023333,8,3,0,0,0,1,0
483024,TEXAS,TX,1,1,0,0,2,2,133,0,ARLEY,22,12,December,2012,7,Saturday,14,53,1,1,1,18,32.37559444,-99.08511944,1,1,0,0,0,1,0
483025,TEXAS,TX,1,1,0,0,1,1,121,1545,BON AIR,23,12,December,2012,1,Sunday,12,28,1,11,1,131,33.14365000,-97.05318056,24,1,0,0,0,1,0
483026,TEXAS,TX,2,2,0,0,5,5,201,3280,ANNETTE,24,12,December,2012,2,Monday,19,50,0,16,5,0,29.85006667,-95.26683611,12,3,0,0,0,1,0
483028,TEXAS,TX,1,1,0,0,2,2,339,0,CONROE,24,12,December,2012,2,Monday,0,18,0,6,4,0,30.33288056,-95.38484444,32,2,0,0,0,1,1
483029,TEXAS,TX,2,2,0,0,3,3,339,0,CONROE,27,12,December,2012,5,Thursday,18,0,0,15,8,3,30.15007500,-95.20886111,12,2,0,0,0,1,0
483030,TEXAS,TX,1,1,0,0,1,1,85,4230,BENTON,31,12,December,2012,2,Monday,1,27,1,12,2,26,33.15921667,-96.64572222,23,2,0,0,0,1,1
483031,TEXAS,TX,2,2,0,0,4,4,453,330,ANDERSON MILL,31,12,December,2012,2,Monday,18,7,1,12,2,102,30.32583611,-97.67456389,12,3,0,0,0,1,0
483032,TEXAS,TX,1,1,0,0,2,2,475,0,BARSTOW,31,12,December,2012,2,Monday,9,5,1,1,1,366,31.61190278,-102.82980833,1,1,0,0,0,1,0
483033,TEXAS,TX,1,1,0,0,1,1,113,1730,COTTONTON,3,11,November,2012,7,Saturday,10,15,1,11,1,55,32.78260278,-96.77019444,24,1,0,0,0,1,0
483034,TEXAS,TX,2,2,0,0,2,2,215,114,BIBB CITY,8,8,August,2012,4,Wednesday,15,55,1,13,8,49,26.28473056,-98.29853611,43,1,0,0,0,1,1
483035,TEXAS,TX,2,2,0,0,3,3,381,150,AMARILLO,12,11,November,2012,2,Monday,13,17,0,16,5,0,35.17648889,-101.92024444,12,9,0,0,0,1,0
483036,TEXAS,TX,1,1,0,0,1,1,267,0,COBBTOWN,20,12,December,2012,5,Thursday,8,24,1,1,1,43,30.48469722,-100.04563889,1,9,0,0,0,1,0
483037,TEXAS,TX,2,2,0,0,2,2,303,4140,DAVISBORO,3,10,October,2012,4,Wednesday,19,52,1,13,8,83,33.59230000,-101.88220556,12,3,0,0,0,1,0
483038,TEXAS,TX,1,1,0,0,1,1,285,0,GABBETTVILLE,3,11,November,2012,7,Saturday,16,9,0,4,8,55,29.29694444,-97.12143889,1,1,0,0,0,1,0
483039,TEXAS,TX,1,1,1,1,3,3,475,4660,BARSTOW,10,11,November,2012,7,Saturday,11,40,0,16,5,0,31.58785833,-102.88232500,9,1,0,0,0,1,0
483040,TEXAS,TX,1,1,1,1,1,1,453,330,ANDERSON MILL,19,12,December,2012,4,Wednesday,13,14,0,16,5,0,30.30772778,-97.75160278,8,1,0,0,0,1,0
483041,TEXAS,TX,2,2,0,0,5,5,29,33,BORDEN SPRINGS,25,8,August,2012,7,Saturday,4,48,1,2,2,60,29.35898333,-98.20802222,5,2,0,0,0,1,1
483042,TEXAS,TX,1,1,1,1,1,1,141,2190,BEE BRANCH,26,11,November,2012,2,Monday,8,12,0,16,5,0,31.76135833,-106.42253889,8,1,0,0,0,1,0
483043,TEXAS,TX,1,1,1,1,2,2,141,2190,BEE BRANCH,4,12,December,2012,3,Tuesday,23,5,0,16,5,0,31.68735278,-106.32981111,8,3,0,0,0,1,0
483044,TEXAS,TX,4,4,1,1,6,6,141,2190,BEE BRANCH,16,12,December,2012,1,Sunday,7,15,1,11,1,274,31.77178611,-106.37821944,12,1,0,0,0,2,0
483045,TEXAS,TX,2,2,0,0,3,3,141,2190,BEE BRANCH,17,12,December,2012,2,Monday,0,34,1,13,2,220,31.80801944,-106.25712222,12,3,0,0,0,1,1
483046,TEXAS,TX,2,2,0,0,3,3,167,6860,ADRIAN,19,12,December,2012,4,Wednesday,11,46,1,13,8,110,29.39531667,-94.94235833,12,1,0,0,0,1,0
483047,TEXAS,TX,1,1,1,1,1,1,429,860,BRECKENRIDGE,3,12,December,2012,2,Monday,18,37,0,13,2,1,32.75361667,-98.90254722,8,3,0,0,0,1,0
483048,TEXAS,TX,1,1,0,0,2,2,113,1730,COTTONTON,14,10,October,2012,1,Sunday,6,47,1,12,2,82,32.69442778,-96.63781111,52,4,0,0,0,1,0
483049,TEXAS,TX,1,1,1,1,1,1,201,0,ANNETTE,1,12,December,2012,7,Saturday,20,7,1,12,3,181,29.91593889,-95.48759722,8,2,0,0,0,1,0
483050,TEXAS,TX,1,1,1,1,1,1,309,545,ALAMO,21,12,December,2012,6,Friday,18,16,0,13,8,75,31.60283056,-97.09758333,8,2,0,0,0,1,0
483051,TEXAS,TX,2,2,0,0,3,3,259,0,CHARLES,1,7,July,2012,1,Sunday,7,20,1,13,1,12,29.97983611,-98.90330833,12,1,0,0,0,1,0
483052,TEXAS,TX,2,2,0,0,2,2,167,6860,ADRIAN,10,9,September,2012,2,Monday,6,56,1,12,3,141,29.35835556,-94.94583611,12,1,0,0,0,1,0
483053,TEXAS,TX,1,1,0,0,1,1,199,0,ALVATON,4,12,December,2012,3,Tuesday,20,0,1,2,3,235,30.24941389,-94.58913889,35,2,0,0,0,1,0
483054,TEXAS,TX,2,2,0,0,2,2,159,0,FARRAR,20,11,November,2012,3,Tuesday,19,1,0,4,2,5,33.17311111,-95.13366111,12,2,0,0,0,1,0
483055,TEXAS,TX,1,1,0,0,1,1,441,4500,ABILENE,26,11,November,2012,2,Monday,0,18,1,1,1,91,32.47665556,-100.00561111,24,2,0,0,0,1,1
483056,TEXAS,TX,2,2,0,0,2,2,113,1730,COTTONTON,7,5,May,2012,2,Monday,8,0,0,16,5,0,32.94466944,-96.78591389,12,1,0,0,0,1,0
483057,TEXAS,TX,1,1,1,1,1,1,113,1730,COTTONTON,19,3,March,2012,2,Monday,23,5,0,16,5,0,32.75957778,-96.75710278,8,3,0,0,0,1,0
483058,TEXAS,TX,1,1,0,0,1,1,113,1730,COTTONTON,2,4,April,2012,2,Monday,10,43,0,16,5,0,32.82240833,-96.75293056,59,1,0,0,0,1,0
483059,TEXAS,TX,1,1,1,1,4,4,131,2500,ARLINGTON,19,12,December,2012,4,Wednesday,23,14,1,2,2,178,27.88276667,-98.61096667,8,2,0,0,0,1,0
483060,TEXAS,TX,2,2,0,0,3,3,39,130,ANDALUSIA,2,7,July,2012,2,Monday,16,13,1,13,3,34,29.41621944,-95.22946944,12,1,0,0,0,1,0
483061,TEXAS,TX,2,2,0,0,3,3,141,2190,BEE BRANCH,15,10,October,2012,2,Monday,1,59,1,11,7,330,31.72024167,-106.30501944,12,3,0,0,0,1,0
483062,TEXAS,TX,2,2,0,0,2,2,113,1730,COTTONTON,28,3,March,2012,4,Wednesday,22,20,1,13,8,247,32.86560278,-96.80059722,12,3,0,0,0,1,1
483063,TEXAS,TX,1,1,1,1,1,1,499,0,ALBA,17,8,August,2012,6,Friday,23,30,0,3,2,88,32.64381111,-95.39734444,8,2,0,0,0,1,0
483064,TEXAS,TX,2,2,1,1,3,3,141,2190,BEE BRANCH,18,8,August,2012,7,Saturday,2,25,1,11,1,278,31.76844167,-106.37088056,12,3,0,0,0,1,1
483065,TEXAS,TX,1,1,0,0,1,1,29,390,BORDEN SPRINGS,21,10,October,2012,1,Sunday,3,5,1,11,1,193,29.49058333,-98.54614444,1,3,0,0,0,1,1
483066,TEXAS,TX,1,1,1,1,1,1,141,0,BEE BRANCH,9,12,December,2012,1,Sunday,1,56,0,4,8,208,31.53183611,-106.16518056,8,2,0,0,0,1,0
483067,TEXAS,TX,2,2,0,0,2,2,41,970,BRANTLEY,20,9,September,2012,5,Thursday,18,55,1,13,8,70,30.64890556,-96.39457778,12,1,0,0,0,1,0
483068,TEXAS,TX,1,1,1,1,1,1,141,2190,BEE BRANCH,1,12,December,2012,7,Saturday,12,56,0,16,5,0,31.73495556,-106.30171944,8,1,0,0,0,1,0
483069,TEXAS,TX,3,3,0,0,4,4,157,0,ARCADE,9,12,December,2012,1,Sunday,9,0,0,15,8,28,29.55656389,-95.75508889,12,1,0,0,0,1,1
483070,TEXAS,TX,1,1,0,0,1,1,157,0,ARCADE,22,12,December,2012,7,Saturday,19,50,0,4,8,20,29.51573333,-95.75527500,1,2,0,0,0,1,1
483071,TEXAS,TX,2,2,0,0,4,4,187,6290,DAHLONEGA,31,12,December,2012,2,Monday,7,42,1,13,2,112,29.56890278,-97.98881667,12,4,0,0,0,1,0
483073,TEXAS,TX,4,4,0,0,7,7,257,6830,AVALON,23,10,October,2012,3,Tuesday,20,32,1,13,2,152,32.73611389,-96.27502500,12,3,0,0,0,1,0
483074,TEXAS,TX,1,1,0,0,1,1,61,6110,BELLWOOD,24,11,November,2012,7,Saturday,3,21,1,12,7,229,26.10991944,-97.60788611,33,2,0,0,0,1,1
483075,TEXAS,TX,3,3,0,0,6,6,201,0,ANNETTE,11,5,May,2012,6,Friday,15,47,1,13,8,198,30.01422778,-95.34594722,12,1,0,0,0,1,0
483076,TEXAS,TX,1,1,0,0,2,2,201,0,ANNETTE,3,11,November,2012,7,Saturday,17,50,0,6,4,0,29.96993056,-95.05651944,59,1,0,0,0,1,0
483077,TEXAS,TX,2,2,0,0,5,5,21,2160,CHILTON,29,12,December,2012,7,Saturday,11,0,0,14,3,42,30.35381389,-97.38484444,12,1,0,0,0,1,0
483078,TEXAS,TX,4,4,0,0,9,9,491,5990,ANDERSON MILL,26,10,October,2012,6,Friday,3,24,1,11,1,44,30.54396389,-97.69245833,12,3,0,0,0,1,0
483079,TEXAS,TX,1,1,1,1,1,1,39,3800,ANDALUSIA,29,11,November,2012,5,Thursday,18,17,0,16,5,0,29.02207778,-95.42092500,8,2,0,0,0,1,0
483080,TEXAS,TX,5,5,0,0,5,5,283,0,SOPERTON,11,11,November,2012,1,Sunday,6,1,1,1,1,3,28.43248611,-99.25130000,12,2,0,0,0,1,0
483081,TEXAS,TX,1,1,0,0,1,1,113,1730,COTTONTON,17,8,August,2012,6,Friday,23,55,0,16,5,0,32.83679722,-96.82495556,42,3,0,0,0,1,1
483082,TEXAS,TX,2,2,0,0,3,3,113,1730,COTTONTON,6,10,October,2012,7,Saturday,2,45,0,16,5,0,32.78709444,-96.75465278,12,3,0,0,0,1,1
483083,TEXAS,TX,2,2,0,0,2,2,29,6090,BORDEN SPRINGS,10,12,December,2012,2,Monday,2,46,0,16,5,0,29.52120833,-98.55781667,33,3,0,0,0,1,0
483084,TEXAS,TX,1,1,0,0,2,2,157,6660,ARCADE,8,10,October,2012,2,Monday,23,5,1,12,8,280,29.62328333,-95.61898889,33,3,0,0,0,1,1
483085,TEXAS,TX,2,2,0,0,2,2,67,690,ABBEVILLE,21,11,November,2012,4,Wednesday,10,25,0,4,8,380,33.13777222,-94.06004722,12,1,0,0,0,1,0
483086,TEXAS,TX,1,1,1,1,1,1,147,2070,AUGUSTA,24,11,November,2012,7,Saturday,18,12,0,4,8,2,33.57998333,-96.27347778,8,2,0,0,0,1,0
483087,TEXAS,TX,2,2,0,0,2,2,37,0,BRADFORD,25,11,November,2012,1,Sunday,9,5,1,13,2,146,33.37298056,-94.12122222,12,1,0,0,0,1,0
483088,TEXAS,TX,2,2,0,0,6,6,479,3899,AGUILARES,9,12,December,2012,1,Sunday,3,36,1,13,8,148,27.61044722,-99.52095556,12,3,0,0,0,1,1
483089,TEXAS,TX,1,1,1,1,2,2,217,3440,COVINGTON,2,11,November,2012,6,Friday,3,18,1,1,1,237,32.16768611,-97.13298889,8,2,0,0,0,1,0
483090,TEXAS,TX,1,1,1,1,1,1,29,6090,BORDEN SPRINGS,12,12,December,2012,4,Wednesday,7,0,0,16,5,0,29.42259167,-98.58235833,8,1,0,0,0,1,0
483091,TEXAS,TX,1,1,0,0,1,1,113,2590,COTTONTON,18,5,May,2012,6,Friday,13,49,1,12,7,119,32.96705556,-96.64231111,1,1,0,0,0,1,0
483092,TEXAS,TX,1,1,1,1,2,2,29,0,BORDEN SPRINGS,9,12,December,2012,1,Sunday,6,14,0,6,4,0,29.31326111,-98.73251389,8,2,0,0,0,1,0
483093,TEXAS,TX,3,2,0,0,3,3,439,4965,ARLINGTON,21,8,August,2012,3,Tuesday,15,59,1,13,3,30,32.81294444,-97.24206667,12,1,0,0,0,1,0
483094,TEXAS,TX,3,3,0,0,6,6,29,6090,BORDEN SPRINGS,19,12,December,2012,4,Wednesday,18,20,0,16,5,0,29.49543611,-98.52597778,12,3,0,0,0,1,0
483095,TEXAS,TX,1,1,0,0,4,4,29,0,BORDEN SPRINGS,3,9,September,2012,2,Monday,7,43,1,1,1,206,29.49468889,-98.20341667,1,1,0,0,0,1,0
483096,TEXAS,TX,2,2,0,0,2,2,29,6090,BORDEN SPRINGS,14,12,December,2012,6,Friday,9,54,0,16,5,0,29.51496389,-98.46769444,12,1,0,0,0,1,0
483097,TEXAS,TX,3,1,0,0,1,1,97,2550,AXIS,27,4,April,2012,6,Friday,13,2,0,14,8,16,33.62421111,-97.12269167,59,1,0,0,0,1,0
483098,TEXAS,TX,1,1,1,1,2,2,441,30,ABILENE,15,6,June,2012,6,Friday,21,55,0,14,8,58,32.45013611,-99.75364444,8,3,0,0,0,1,0
483099,TEXAS,TX,1,1,0,0,5,5,469,0,BLOOMINGTON,25,6,June,2012,2,Monday,15,6,1,2,2,116,28.74000556,-97.02653056,1,1,0,0,0,1,0
483100,TEXAS,TX,1,1,0,0,1,1,29,6090,BORDEN SPRINGS,6,1,January,2012,6,Friday,3,5,1,11,1,58,29.45801944,-98.32035833,25,3,0,0,0,1,1
483101,TEXAS,TX,1,1,1,1,1,1,29,6090,BORDEN SPRINGS,24,12,December,2012,2,Monday,18,11,0,16,5,0,29.35367778,-98.50390556,8,3,0,0,0,1,0
483102,TEXAS,TX,2,2,0,0,2,2,479,3899,AGUILARES,5,10,October,2012,6,Friday,4,58,1,13,3,36,27.49751944,-99.44768333,12,3,0,0,0,1,0
490001,UTAH,UT,2,1,0,0,1,1,57,1350,BANKSTON,5,1,January,2012,5,Thursday,16,58,0,16,6,0,41.25633889,-111.97306389,14,1,0,0,0,1,1
490002,UTAH,UT,1,1,0,0,2,2,57,1350,BANKSTON,14,1,January,2012,7,Saturday,12,37,0,16,5,0,41.24656944,-111.95424444,38,1,0,0,0,1,1
490003,UTAH,UT,1,1,0,0,3,3,45,0,ARITON,26,1,January,2012,5,Thursday,22,7,0,3,3,347,40.26120556,-112.39988056,1,2,0,0,0,1,0
490004,UTAH,UT,2,2,0,0,2,2,11,910,BULLOCK,31,1,January,2012,3,Tuesday,12,12,0,13,2,99998,41.08027222,-111.91105556,12,1,0,0,0,1,0
490005,UTAH,UT,1,1,0,0,2,2,7,0,BIBB,29,1,January,2012,1,Sunday,2,0,0,6,5,524,39.77455833,-110.45684167,1,2,0,0,0,2,1
490006,UTAH,UT,3,3,0,0,6,6,41,0,BRANTLEY,11,1,January,2012,4,Wednesday,13,36,1,1,1,382,38.76315000,-112.10437778,12,1,0,0,0,1,0
490007,UTAH,UT,1,1,0,0,3,3,47,0,BROWNS,10,2,February,2012,6,Friday,17,45,0,6,5,0,39.91508889,-109.60648889,1,2,0,0,0,1,1
490008,UTAH,UT,1,1,1,1,4,4,49,692,COLLINSVILLE,4,2,February,2012,7,Saturday,16,11,0,16,5,0,40.45795000,-111.80014722,8,1,0,0,0,1,0
490009,UTAH,UT,1,1,0,0,4,4,45,0,ARITON,19,2,February,2012,1,Sunday,22,10,0,6,5,0,40.56718333,-112.27464444,1,2,0,0,0,1,0
490010,UTAH,UT,1,1,0,0,3,3,45,0,ARITON,19,2,February,2012,1,Sunday,7,26,1,1,1,971,40.66780833,-112.30436667,1,1,0,0,0,1,1
490011,UTAH,UT,1,1,1,1,1,1,35,1700,BROOKLYN,21,2,February,2012,3,Tuesday,7,27,0,16,5,0,40.75201389,-111.88777222,8,1,0,0,0,1,0
490012,UTAH,UT,1,1,0,0,2,2,35,1710,BROOKLYN,26,2,February,2012,1,Sunday,3,52,0,16,5,0,40.60815000,-111.85703056,42,2,0,0,0,2,0
490013,UTAH,UT,1,1,0,0,4,4,35,1710,BROOKLYN,28,2,February,2012,3,Tuesday,17,33,0,14,2,99998,40.56831389,-111.89064167,33,1,0,0,0,1,0
490014,UTAH,UT,2,1,0,0,1,1,35,865,BROOKLYN,1,2,February,2012,4,Wednesday,2,46,0,14,3,0,40.66573611,-112.02473889,14,3,0,0,0,1,0
490015,UTAH,UT,1,1,0,0,5,5,43,0,BAILEYTON,27,2,February,2012,2,Monday,16,6,1,2,2,6,40.72820278,-111.49502778,31,1,0,0,0,1,0
490016,UTAH,UT,1,1,0,0,1,1,11,1320,BULLOCK,27,2,February,2012,2,Monday,12,6,1,11,1,284,40.83481667,-111.91832778,1,1,0,0,0,1,0