ST_CASE,State Name,State Abbreviation,# of Vehicle involved,Parked_Vehicles_Involved,Pedestrains,Person_Not_in_Motor_Vehicle,Persons_in_motor_vehicle,Total_Persons_in_accident,COUNTY,CITY,City_County_Name,Calendar_DAY,MONTH,Month_name,YEAR,DAY_WEEK,Day_Week_desc,HOUR,MINUTE,NHS_Desc,trafficway,Route,MILEPT,LATITUDE,LONGITUD,First_Crash_event,Light_cond_desc,Weather_condition,School_bus_involved,Crash_cause,FATALS,DRUNK_DR
490017,UTAH,UT,2,2,0,0,2,2,53,0,ATMORE,3,2,February,2012,6,Friday,15,19,0,3,3,116,37.11422500,-113.15378333,12,1,0,0,0,1,0
490018,UTAH,UT,2,2,0,0,3,3,47,0,BROWNS,19,2,February,2012,1,Sunday,16,48,1,2,2,1370,40.39877778,-109.59212778,12,1,0,0,0,1,0
490019,UTAH,UT,2,2,0,0,2,2,27,0,ASHLAND,22,2,February,2012,4,Wednesday,16,5,0,6,5,0,39.28681389,-112.57796111,12,1,0,0,0,1,0
490020,UTAH,UT,1,1,0,0,1,1,27,0,ASHLAND,4,3,March,2012,1,Sunday,18,20,1,1,1,1910,39.32269444,-112.08353889,58,1,0,0,0,1,0
490021,UTAH,UT,1,1,0,0,2,2,35,0,BROOKLYN,4,3,March,2012,1,Sunday,0,43,1,11,1,1305,40.73626111,-111.74488611,42,3,0,0,0,1,0
490022,UTAH,UT,1,1,2,2,1,1,35,2113,BROOKLYN,4,3,March,2012,1,Sunday,2,4,0,14,3,0,40.69896667,-111.93900556,8,2,0,0,0,2,0
490023,UTAH,UT,1,1,0,0,2,2,35,1700,BROOKLYN,7,3,March,2012,4,Wednesday,15,14,1,11,1,211,40.75155833,-111.94858056,59,1,0,0,0,1,0
490024,UTAH,UT,1,1,0,0,1,1,5,2080,BAKER HILL,9,3,March,2012,6,Friday,15,56,0,3,2,159,41.66372778,-111.89090000,25,1,0,0,0,1,0
490025,UTAH,UT,1,1,0,0,1,1,45,0,ARITON,10,3,March,2012,7,Saturday,23,38,1,1,1,217,40.73813889,-113.78280000,1,2,0,0,0,1,1
490026,UTAH,UT,1,1,0,0,2,2,57,1650,BANKSTON,14,3,March,2012,4,Wednesday,17,36,0,16,5,0,41.17612222,-112.02398889,30,3,0,0,0,1,0
490027,UTAH,UT,1,1,0,0,1,1,53,2050,ATMORE,21,3,March,2012,4,Wednesday,13,56,0,16,5,0,37.11327222,-113.52070000,5,1,0,0,0,1,0
490028,UTAH,UT,1,1,2,2,1,1,35,1700,BROOKLYN,14,3,March,2012,4,Wednesday,15,59,0,14,2,99998,40.73701667,-111.88831667,8,1,0,0,0,1,0
490029,UTAH,UT,2,1,0,2,1,3,35,344,BROOKLYN,3,3,March,2012,7,Saturday,23,52,1,11,1,2912,40.53454167,-111.89238611,14,3,0,0,0,1,0
490030,UTAH,UT,2,2,0,0,5,5,45,0,ARITON,4,3,March,2012,1,Sunday,5,51,0,3,3,132,40.60325278,-112.40195556,12,2,0,0,0,1,1
490031,UTAH,UT,2,2,1,1,2,2,49,1560,COLLINSVILLE,5,3,March,2012,2,Monday,16,54,0,14,3,0,40.23378333,-111.67446111,12,1,0,0,0,1,0
490032,UTAH,UT,2,2,0,0,3,3,11,260,BULLOCK,6,3,March,2012,3,Tuesday,20,13,1,11,1,3344,41.12651111,-112.02543333,57,2,0,0,0,2,0
490033,UTAH,UT,1,1,0,0,1,1,35,1700,BROOKLYN,25,3,March,2012,1,Sunday,14,21,0,16,5,0,40.78076944,-111.85803611,33,1,0,0,0,1,0
490034,UTAH,UT,1,1,0,0,1,1,37,0,BRADFORD,26,3,March,2012,2,Monday,5,40,0,3,3,1029,37.57821389,-109.51241944,1,2,0,0,0,1,0
490035,UTAH,UT,1,1,1,1,1,1,11,460,BULLOCK,27,3,March,2012,3,Tuesday,18,8,0,14,3,0,40.98076111,-111.89675000,8,1,0,0,0,1,0
490036,UTAH,UT,2,2,0,0,2,2,27,0,ASHLAND,31,3,March,2012,7,Saturday,9,20,1,1,1,1402,38.68800556,-112.60367500,31,1,0,0,0,1,0
490037,UTAH,UT,1,1,1,1,1,1,35,1700,BROOKLYN,5,4,April,2012,5,Thursday,21,32,0,16,5,0,40.73782222,-111.82513056,15,3,0,0,0,1,0
490038,UTAH,UT,1,1,0,0,1,1,35,1700,BROOKLYN,15,4,April,2012,1,Sunday,11,5,1,11,1,3069,40.74726389,-111.90648333,25,1,0,0,0,1,0
490039,UTAH,UT,1,1,0,0,2,2,17,0,CHAMBERS,19,4,April,2012,5,Thursday,18,55,1,2,2,1552,38.13304167,-112.31585833,11,1,0,0,0,1,0
490040,UTAH,UT,1,1,0,0,1,1,19,0,CEDAR BLUFF,21,4,April,2012,7,Saturday,15,0,0,6,5,0,38.50350556,-109.60371389,35,1,0,0,0,1,1
490041,UTAH,UT,1,1,0,0,1,1,43,0,BAILEYTON,23,4,April,2012,2,Monday,17,37,0,3,3,135,40.66065278,-111.28079444,1,1,0,0,0,1,0
490042,UTAH,UT,1,1,1,1,1,1,35,1700,BROOKLYN,25,4,April,2012,4,Wednesday,0,37,0,16,5,0,40.75829167,-111.89081944,8,3,0,0,0,1,1
490043,UTAH,UT,2,2,0,0,4,4,35,2100,BROOKLYN,6,2,February,2012,2,Monday,16,38,0,14,3,0,40.56622222,-112.06355833,12,1,0,0,0,1,0
490044,UTAH,UT,2,2,0,0,2,2,57,1350,BANKSTON,13,4,April,2012,6,Friday,16,14,0,14,3,0,41.24463889,-112.00953333,12,1,0,0,0,1,0
490045,UTAH,UT,2,2,0,0,2,2,37,0,BRADFORD,21,4,April,2012,7,Saturday,20,45,0,3,2,1098,38.03012778,-109.34623889,12,2,0,0,0,1,1
490046,UTAH,UT,2,2,0,0,2,2,11,1900,BULLOCK,23,4,April,2012,2,Monday,19,1,1,11,1,3376,41.14801667,-112.02560556,57,1,0,0,0,1,0
490047,UTAH,UT,3,3,0,0,3,3,49,940,COLLINSVILLE,3,5,May,2012,5,Thursday,7,27,1,11,1,2850,40.44094167,-111.90098889,12,1,0,0,0,1,0
490048,UTAH,UT,2,2,0,0,7,7,51,0,CENTRAL,6,5,May,2012,1,Sunday,14,0,1,2,2,227,40.44045278,-111.48911944,12,1,0,0,0,3,0
490049,UTAH,UT,2,2,0,0,5,5,35,2113,BROOKLYN,9,5,May,2012,4,Wednesday,12,15,0,14,3,99998,40.68258611,-112.02478056,12,1,0,0,0,2,0
490050,UTAH,UT,3,3,0,0,4,4,49,1560,COLLINSVILLE,20,5,May,2012,1,Sunday,20,23,0,14,2,99998,40.20851111,-111.65873056,12,5,0,0,0,1,0
490051,UTAH,UT,3,3,0,0,4,4,11,2140,BULLOCK,24,5,May,2012,5,Thursday,8,13,0,14,6,0,40.86131111,-111.89937500,12,1,0,0,0,1,1
490052,UTAH,UT,2,2,0,0,3,3,27,0,ASHLAND,30,5,May,2012,4,Wednesday,16,36,1,1,1,1774,39.13600000,-112.24009444,12,1,0,0,0,2,0
490053,UTAH,UT,2,2,0,0,4,4,35,1240,BROOKLYN,23,4,April,2012,2,Monday,13,5,0,13,3,99998,40.65381667,-111.91022222,12,1,0,0,0,1,0
490054,UTAH,UT,1,1,0,0,1,1,1,0,AUTAUGA,18,5,May,2012,6,Friday,22,13,1,1,1,1312,38.55389444,-112.60790556,31,2,0,0,0,1,1
490055,UTAH,UT,1,1,0,0,1,1,35,1240,BROOKLYN,30,5,May,2012,4,Wednesday,2,12,1,11,1,109,40.63490000,-111.89837778,25,3,0,0,0,1,0
490056,UTAH,UT,2,2,0,0,2,2,5,990,BAKER HILL,29,4,April,2012,1,Sunday,8,7,1,13,2,99999,41.68962778,-111.86892778,12,1,0,0,0,1,0
490057,UTAH,UT,1,1,0,0,1,1,35,1700,BROOKLYN,13,5,May,2012,1,Sunday,19,25,1,11,1,3101,40.79117500,-111.91630833,25,1,0,0,0,1,0
490058,UTAH,UT,1,1,1,1,1,1,35,1700,BROOKLYN,12,5,May,2012,7,Saturday,22,28,0,14,3,99998,40.73329167,-111.93874722,8,3,0,0,0,1,0
490059,UTAH,UT,2,2,0,0,2,2,49,1460,COLLINSVILLE,3,5,May,2012,5,Thursday,7,1,1,11,1,2510,40.05928889,-111.72864167,57,1,0,0,0,1,0
490060,UTAH,UT,1,1,0,0,1,1,27,0,ASHLAND,21,3,March,2012,4,Wednesday,12,30,1,1,1,1468,38.76996111,-112.55011667,1,1,0,0,0,1,0
490061,UTAH,UT,2,2,0,0,4,4,35,1820,BROOKLYN,13,5,May,2012,1,Sunday,17,14,0,14,3,0,40.69989167,-111.89391389,12,1,0,0,0,2,0
490062,UTAH,UT,3,3,0,0,4,4,49,0,COLLINSVILLE,27,4,April,2012,6,Friday,18,20,0,2,2,3032,39.89413611,-111.55045556,12,1,0,0,0,1,0
490063,UTAH,UT,2,2,0,0,3,3,17,0,CHAMBERS,14,5,May,2012,2,Monday,17,25,0,6,6,1394,37.94240833,-112.42228889,12,1,0,0,0,1,0
490064,UTAH,UT,2,1,0,0,1,1,19,0,CEDAR BLUFF,19,5,May,2012,7,Saturday,1,9,1,2,2,1292,38.60550556,-109.59235000,45,2,0,0,0,1,0
490065,UTAH,UT,2,2,0,0,3,3,53,1670,ATMORE,23,5,May,2012,4,Wednesday,6,40,0,16,6,0,37.08345278,-113.53302778,12,1,0,0,0,1,0
490066,UTAH,UT,1,1,0,0,2,2,47,0,BROWNS,5,6,June,2012,3,Tuesday,14,34,0,6,5,0,39.69588611,-109.42647778,1,1,0,0,0,1,1
490067,UTAH,UT,1,1,0,0,2,2,51,0,CENTRAL,8,6,June,2012,6,Friday,10,11,0,6,8,0,40.22741111,-111.26661667,34,1,0,0,0,1,0
490068,UTAH,UT,2,2,0,0,3,3,3,0,BALDWIN,4,6,June,2012,2,Monday,22,43,1,1,1,3526,41.38115278,-112.04258611,54,2,0,0,0,1,0
490069,UTAH,UT,1,1,0,0,1,1,53,790,ATMORE,9,6,June,2012,7,Saturday,8,30,0,16,6,0,37.16811667,-113.70554444,1,1,0,0,0,1,0
490070,UTAH,UT,2,2,0,0,2,2,51,0,CENTRAL,10,6,June,2012,1,Sunday,11,3,1,2,2,227,40.45482222,-111.47332500,12,1,0,0,0,1,0
490071,UTAH,UT,2,2,0,0,5,5,47,2010,BROWNS,13,6,June,2012,4,Wednesday,17,41,0,16,6,0,40.43400000,-109.49960278,12,1,0,0,0,1,0
490072,UTAH,UT,1,1,0,0,1,1,37,0,BRADFORD,21,6,June,2012,5,Thursday,13,2,0,3,3,1198,37.55789167,-109.56258889,17,1,0,0,0,1,0
490073,UTAH,UT,1,1,1,1,1,1,49,1390,COLLINSVILLE,8,5,May,2012,3,Tuesday,20,16,0,16,5,0,40.28677222,-111.69541111,15,5,0,0,0,1,0
490074,UTAH,UT,2,2,0,0,4,4,43,0,BAILEYTON,16,6,June,2012,7,Saturday,14,30,0,3,3,101,40.59373333,-111.07254167,12,1,0,0,0,2,1
490075,UTAH,UT,2,2,0,0,4,4,37,0,BRADFORD,15,6,June,2012,6,Friday,14,37,0,6,6,0,38.48718056,-109.46265278,12,1,0,0,0,1,0
490076,UTAH,UT,2,2,0,0,2,2,35,1800,BROOKLYN,23,6,June,2012,7,Saturday,3,12,0,13,3,0,40.57334167,-111.97736667,12,3,0,0,0,1,1
490077,UTAH,UT,3,3,0,0,6,6,35,1800,BROOKLYN,27,6,June,2012,4,Wednesday,14,19,0,13,3,0,40.56580556,-111.93875556,12,1,0,0,0,1,0
490078,UTAH,UT,1,1,0,0,2,2,49,0,COLLINSVILLE,8,7,July,2012,1,Sunday,4,25,1,2,2,101,40.34569722,-111.59903611,57,2,0,0,0,2,0
490079,UTAH,UT,2,1,0,0,3,3,51,0,CENTRAL,6,7,July,2012,6,Friday,10,36,1,2,2,345,40.28585000,-111.24089722,14,1,0,0,0,1,0
490080,UTAH,UT,1,1,0,0,2,2,13,0,BOLLING,12,7,July,2012,5,Thursday,23,31,1,2,2,922,40.16978611,-110.30276389,1,2,0,0,0,1,0
490081,UTAH,UT,2,2,0,0,6,6,23,0,BLADON SPRINGS,12,7,July,2012,5,Thursday,15,24,0,3,3,226,39.47011389,-111.89689167,12,1,0,0,0,1,0
490082,UTAH,UT,1,1,0,0,2,2,53,2050,ATMORE,18,7,July,2012,4,Wednesday,18,15,1,11,1,129,37.14303056,-113.50020000,1,1,0,0,0,2,0
490083,UTAH,UT,3,3,0,0,6,6,35,1020,BROOKLYN,13,7,July,2012,6,Friday,10,5,1,12,3,20,40.72761111,-112.18463889,25,1,0,0,0,2,0
490084,UTAH,UT,2,2,0,0,2,2,9,0,BLOUNT,24,7,July,2012,3,Tuesday,18,42,0,3,2,3831,40.81328056,-109.46680000,31,1,0,0,0,1,0
490085,UTAH,UT,2,2,0,0,5,5,35,0,BROOKLYN,28,7,July,2012,7,Saturday,22,10,0,14,3,1,40.72611389,-112.16266667,12,3,0,0,0,3,0
490086,UTAH,UT,1,1,0,0,4,4,45,0,ARITON,9,7,July,2012,2,Monday,4,5,1,1,1,701,40.75478611,-112.76381944,1,2,0,0,0,1,0
490087,UTAH,UT,1,1,0,0,1,1,33,0,CHEROKEE,30,6,June,2012,7,Saturday,20,30,0,3,3,1292,41.76824722,-111.17161944,31,5,0,0,0,1,1
490089,UTAH,UT,1,1,0,0,1,1,35,1700,BROOKLYN,9,6,June,2012,7,Saturday,3,30,0,14,3,0,40.71968889,-111.87121944,33,6,0,0,0,1,0
490090,UTAH,UT,1,1,0,0,1,1,53,1670,ATMORE,19,7,July,2012,5,Thursday,14,24,1,11,1,70,37.09050556,-113.57495556,57,1,0,0,0,1,1
490091,UTAH,UT,1,1,0,0,2,2,47,0,BROWNS,25,7,July,2012,4,Wednesday,17,25,0,6,5,0,40.22236944,-109.68734722,1,1,0,0,0,1,1
490092,UTAH,UT,1,1,0,0,1,1,35,1924,BROOKLYN,19,7,July,2012,5,Thursday,14,1,0,16,5,0,40.67931944,-111.92933889,42,1,0,0,0,1,0
490093,UTAH,UT,1,1,1,1,5,5,45,1940,ARITON,30,7,July,2012,2,Monday,22,23,0,13,3,99998,40.55400000,-112.29758611,8,2,0,0,0,1,0
490094,UTAH,UT,1,1,0,0,1,1,17,1990,CHAMBERS,5,8,August,2012,1,Sunday,17,45,0,3,3,220,37.61467778,-112.07459444,31,1,0,0,0,1,0
490095,UTAH,UT,1,1,0,0,1,1,35,712,BROOKLYN,13,8,August,2012,2,Monday,17,45,0,16,5,0,40.64944722,-111.84012222,38,1,0,0,0,1,0
490096,UTAH,UT,1,1,0,0,1,1,35,1710,BROOKLYN,14,8,August,2012,3,Tuesday,23,21,0,16,5,0,40.55560833,-111.80256389,31,3,0,0,0,1,1
490097,UTAH,UT,1,1,1,1,1,1,35,1240,BROOKLYN,18,7,July,2012,4,Wednesday,16,11,0,14,3,99998,40.67435278,-111.88276667,8,1,0,0,0,1,0
490098,UTAH,UT,2,2,0,0,5,5,35,2100,BROOKLYN,13,5,May,2012,1,Sunday,6,30,0,13,3,99998,40.60430278,-111.97684444,12,4,0,0,0,1,0
490099,UTAH,UT,2,2,0,0,2,2,49,1560,COLLINSVILLE,10,7,July,2012,3,Tuesday,10,56,0,14,2,99998,40.25348056,-111.65858056,5,1,0,0,0,1,0
490100,UTAH,UT,2,2,0,0,3,3,5,2080,BAKER HILL,20,7,July,2012,6,Friday,21,55,1,2,2,190,41.64480833,-111.91405000,12,3,0,0,0,1,0
490101,UTAH,UT,1,1,0,0,2,2,35,1240,BROOKLYN,15,8,August,2012,4,Wednesday,11,56,0,16,6,0,40.64292500,-111.89839444,10,1,0,0,0,1,0
490102,UTAH,UT,3,3,0,0,6,6,5,990,BAKER HILL,25,8,August,2012,7,Saturday,15,43,1,13,2,219,41.67717778,-111.88135833,12,1,0,0,0,1,0
490103,UTAH,UT,3,3,0,0,4,4,3,1470,BALDWIN,27,8,August,2012,2,Monday,13,30,1,1,1,3600,41.45710278,-112.05537500,12,1,0,0,0,1,0
490104,UTAH,UT,1,1,0,0,2,2,45,0,ARITON,30,4,April,2012,2,Monday,9,42,1,1,1,485,40.73813889,-113.86794444,31,1,0,0,0,1,0
490105,UTAH,UT,3,2,1,1,2,2,11,460,BULLOCK,28,8,August,2012,3,Tuesday,21,1,1,11,1,3234,40.98285833,-111.89788889,8,2,0,0,0,1,0
490106,UTAH,UT,2,2,0,0,2,2,57,1650,BANKSTON,31,8,August,2012,6,Friday,14,55,0,16,6,0,41.16909444,-112.02291944,12,1,0,0,0,1,0
490107,UTAH,UT,1,1,0,0,2,2,27,0,ASHLAND,19,5,May,2012,7,Saturday,10,0,1,2,2,268,39.08245556,-113.58557778,31,1,0,0,0,1,0
490108,UTAH,UT,1,1,0,0,1,1,45,0,ARITON,9,6,June,2012,7,Saturday,18,58,0,6,5,110,40.48767778,-112.49328056,32,1,0,0,0,1,0
490109,UTAH,UT,1,1,1,1,1,1,35,344,BROOKLYN,18,4,April,2012,4,Wednesday,17,4,0,16,6,0,40.53336944,-111.88650833,8,1,0,0,0,1,0
490110,UTAH,UT,2,2,0,0,3,3,5,1770,BAKER HILL,13,6,June,2012,4,Wednesday,14,55,0,14,2,99998,41.84006667,-111.83260833,12,1,0,0,0,1,0
490111,UTAH,UT,2,2,0,0,2,2,35,865,BROOKLYN,17,7,July,2012,3,Tuesday,6,44,0,16,5,0,40.63858611,-112.02454444,12,4,0,0,0,1,0
490112,UTAH,UT,1,1,0,0,2,2,57,1350,BANKSTON,14,7,July,2012,7,Saturday,17,34,0,14,3,99998,41.23656111,-111.92801111,1,1,0,0,0,1,0
490113,UTAH,UT,1,1,0,0,2,2,35,1924,BROOKLYN,5,8,August,2012,1,Sunday,14,42,0,16,5,0,40.67366667,-111.91095833,1,1,0,0,0,1,0
490114,UTAH,UT,1,1,1,1,1,1,35,1924,BROOKLYN,19,8,August,2012,1,Sunday,2,24,0,14,3,99998,40.66771389,-111.93499444,9,2,0,0,0,1,0
490115,UTAH,UT,2,2,0,0,3,3,37,1205,BRADFORD,5,8,August,2012,1,Sunday,20,18,1,2,2,58,37.06392222,-109.55950000,12,2,0,0,0,1,1
490116,UTAH,UT,1,1,0,0,3,3,45,0,ARITON,20,7,July,2012,6,Friday,20,42,0,2,3,341,40.28142222,-112.39883333,1,1,0,0,0,1,0
490117,UTAH,UT,1,1,0,0,1,1,27,0,ASHLAND,24,8,August,2012,6,Friday,19,9,1,1,1,1536,38.84941667,-112.46428611,1,1,0,0,0,1,1
490118,UTAH,UT,2,2,0,0,2,2,35,2113,BROOKLYN,3,8,August,2012,6,Friday,16,12,0,13,3,0,40.71871389,-111.98594444,1,1,0,0,0,1,0
490119,UTAH,UT,2,2,0,0,4,4,13,1640,BOLLING,4,8,August,2012,7,Saturday,16,58,1,13,2,99998,40.30210833,-109.97686667,12,1,0,0,0,1,0
490120,UTAH,UT,1,1,0,0,1,1,3,390,BALDWIN,19,8,August,2012,1,Sunday,12,19,1,1,1,3761,41.67877500,-112.13940278,57,1,0,0,0,1,0
490121,UTAH,UT,1,1,1,1,1,1,47,2010,BROWNS,2,9,September,2012,1,Sunday,21,9,0,16,5,0,40.43737778,-109.53780278,8,2,0,0,0,1,0
490122,UTAH,UT,1,1,0,0,2,2,55,0,ATTALLA,3,9,September,2012,2,Monday,20,13,0,3,3,50,38.30157778,-110.66948333,1,2,0,0,0,1,0
490123,UTAH,UT,1,1,0,0,1,1,15,0,ANNISTON,7,9,September,2012,6,Friday,16,39,0,6,5,0,39.37378889,-110.82371944,1,1,0,0,0,1,0
490124,UTAH,UT,1,1,0,0,1,1,57,9997,BANKSTON,10,9,September,2012,2,Monday,5,40,0,3,3,99999,41.32267778,-111.86152500,1,2,0,0,0,1,0
490125,UTAH,UT,1,1,1,1,1,1,11,2140,BULLOCK,11,9,September,2012,3,Tuesday,20,23,0,14,3,99998,40.87128333,-111.93001111,8,2,0,0,0,1,0
490126,UTAH,UT,1,1,0,0,1,1,39,0,ANDALUSIA,21,9,September,2012,6,Friday,12,49,0,3,2,2933,39.79787500,-111.49988056,31,1,0,0,0,1,0
490127,UTAH,UT,1,1,0,0,1,1,43,0,BAILEYTON,22,9,September,2012,7,Saturday,1,5,1,2,2,32,40.68669167,-111.46412778,5,2,0,0,0,1,0
490128,UTAH,UT,1,1,0,0,1,1,49,1860,COLLINSVILLE,25,9,September,2012,3,Tuesday,22,22,0,16,5,0,40.16875833,-111.63876667,42,2,0,0,0,1,0
490129,UTAH,UT,1,1,0,0,1,1,57,1350,BANKSTON,22,9,September,2012,7,Saturday,17,20,0,16,5,0,41.18557222,-112.06038333,42,1,0,0,0,1,0
490130,UTAH,UT,1,1,1,1,1,1,35,1700,BROOKLYN,25,9,September,2012,3,Tuesday,7,9,0,16,5,0,40.79111944,-111.93316389,8,3,0,0,0,1,0
490131,UTAH,UT,4,4,0,0,11,11,57,1810,BANKSTON,6,7,July,2012,6,Friday,10,42,1,13,2,99998,41.16865000,-111.96480278,12,1,0,0,0,1,0
490132,UTAH,UT,1,1,0,0,1,1,45,0,ARITON,7,8,August,2012,3,Tuesday,19,21,1,1,1,99,40.73189444,-113.80202778,31,1,0,0,0,1,0
490133,UTAH,UT,7,7,0,0,8,8,49,970,COLLINSVILLE,14,9,September,2012,6,Friday,0,2,1,11,1,2740,40.33706111,-111.74889722,12,2,0,0,0,1,1
490134,UTAH,UT,2,2,0,0,3,3,49,1860,COLLINSVILLE,21,9,September,2012,6,Friday,1,57,1,11,1,2590,40.14876944,-111.64693056,12,2,0,0,0,1,0
490135,UTAH,UT,2,2,0,0,2,2,49,1560,COLLINSVILLE,6,8,August,2012,2,Monday,17,33,1,13,2,99998,40.25593056,-111.65903889,12,1,0,0,0,1,0
490136,UTAH,UT,2,2,0,0,3,3,13,0,BOLLING,21,9,September,2012,6,Friday,16,43,1,2,2,1092,40.25499444,-110.06570000,12,1,0,0,0,1,0
490137,UTAH,UT,3,3,0,0,6,6,35,2113,BROOKLYN,22,9,September,2012,7,Saturday,6,7,0,13,3,99998,40.72696944,-111.98636111,12,3,0,0,0,1,1
490138,UTAH,UT,2,2,0,0,7,7,49,0,COLLINSVILLE,7,8,August,2012,3,Tuesday,14,43,1,2,2,1932,39.98994722,-111.37330278,12,1,0,0,0,1,0
490139,UTAH,UT,2,2,0,0,3,3,3,2120,BALDWIN,2,10,October,2012,3,Tuesday,17,13,1,1,1,3548,41.38012222,-112.04189722,12,1,0,0,0,1,0
490140,UTAH,UT,3,3,0,0,3,3,11,210,BULLOCK,4,10,October,2012,5,Thursday,6,1,1,11,1,3218,40.95228056,-111.89121111,12,2,0,0,0,1,0
490141,UTAH,UT,2,1,0,0,1,1,11,910,BULLOCK,20,8,August,2012,2,Monday,23,50,0,13,3,99998,41.10197222,-111.94629722,14,2,0,0,0,1,0
490142,UTAH,UT,1,1,1,1,1,1,35,1020,BROOKLYN,23,9,September,2012,1,Sunday,0,25,0,14,3,99998,40.69653056,-112.08605278,8,2,0,0,0,1,0
490143,UTAH,UT,1,1,0,0,5,5,57,0,BANKSTON,22,9,September,2012,7,Saturday,3,20,0,13,3,99998,41.16622500,-112.00767500,5,6,0,0,0,1,1
490144,UTAH,UT,2,2,0,0,2,2,11,1320,BULLOCK,20,8,August,2012,2,Monday,17,29,1,13,2,99998,40.84360278,-111.90930556,12,1,0,0,0,1,0
490145,UTAH,UT,2,2,0,0,2,2,11,910,BULLOCK,24,8,August,2012,6,Friday,19,30,0,13,3,0,41.10124444,-111.93919722,12,1,0,0,0,1,0
490146,UTAH,UT,1,1,0,0,2,2,53,0,ATMORE,6,10,October,2012,7,Saturday,16,32,0,6,5,0,37.31128889,-113.73800556,1,1,0,0,0,1,0
490147,UTAH,UT,1,1,0,0,2,2,43,0,BAILEYTON,6,10,October,2012,7,Saturday,16,51,0,6,5,0,40.91669167,-111.46206944,38,1,0,0,0,1,1
490148,UTAH,UT,1,1,0,0,1,1,27,0,ASHLAND,7,10,October,2012,1,Sunday,8,9,0,6,5,0,39.34023611,-112.62486944,1,2,0,0,0,1,1
490149,UTAH,UT,1,1,0,0,1,1,43,0,BAILEYTON,8,10,October,2012,2,Monday,20,18,1,1,1,1785,41.03954722,-111.32771111,31,2,0,0,0,1,0
490150,UTAH,UT,1,1,1,1,1,1,35,1700,BROOKLYN,5,10,October,2012,6,Friday,20,58,0,16,5,0,40.76238333,-111.90302778,8,2,0,0,0,1,0
490151,UTAH,UT,1,1,1,1,1,1,35,2100,BROOKLYN,6,10,October,2012,7,Saturday,13,8,0,16,6,0,40.60877500,-112.01665556,8,1,0,0,0,1,0
490152,UTAH,UT,1,1,0,0,1,1,45,9997,ARITON,10,10,October,2012,4,Wednesday,16,40,1,1,1,669,40.78754722,-112.82561667,1,1,0,0,0,1,0
490153,UTAH,UT,1,1,1,1,1,1,35,1700,BROOKLYN,11,10,October,2012,5,Thursday,20,36,0,14,2,99998,40.68038333,-111.88822222,8,2,0,0,0,1,0
490154,UTAH,UT,1,1,0,0,1,1,53,0,ATMORE,15,10,October,2012,2,Monday,14,16,1,1,1,292,37.30917500,-113.29591944,24,1,0,0,0,1,0
490155,UTAH,UT,1,1,0,0,1,1,53,1484,ATMORE,20,10,October,2012,7,Saturday,17,45,0,6,5,0,37.38253056,-113.50247500,35,1,0,0,0,1,1
490156,UTAH,UT,1,1,0,0,1,1,35,1120,BROOKLYN,21,10,October,2012,1,Sunday,0,18,1,11,1,2978,40.61868056,-111.90470000,25,3,0,0,0,1,1
490157,UTAH,UT,1,1,0,0,3,3,45,0,ARITON,29,10,October,2012,2,Monday,8,25,1,1,1,430,40.72656111,-113.24412778,1,1,0,0,0,1,0
490158,UTAH,UT,1,1,1,1,2,2,35,1924,BROOKLYN,18,10,October,2012,5,Thursday,21,54,0,14,3,99998,40.65308889,-111.94718889,8,2,0,0,0,1,0
490159,UTAH,UT,1,1,1,1,1,1,35,1820,BROOKLYN,3,11,November,2012,7,Saturday,20,53,0,16,5,0,40.71103889,-111.88266111,8,2,0,0,0,1,0
490160,UTAH,UT,1,1,0,0,1,1,29,0,BORDEN SPRINGS,4,11,November,2012,1,Sunday,14,36,0,3,3,55,41.18424722,-111.80799722,24,1,0,0,0,1,0
490161,UTAH,UT,1,1,0,0,2,2,49,0,COLLINSVILLE,6,8,August,2012,2,Monday,0,7,0,16,6,0,40.03073889,-111.77116944,10,2,0,0,0,1,1
490162,UTAH,UT,2,2,0,0,3,3,5,990,BAKER HILL,1,11,November,2012,5,Thursday,14,16,0,16,6,0,41.75747778,-111.82901389,12,1,0,0,0,1,0
490163,UTAH,UT,2,2,0,0,3,3,45,0,ARITON,21,11,November,2012,4,Wednesday,17,36,1,1,1,536,40.75868611,-113.01787778,1,2,0,0,0,1,0
490164,UTAH,UT,1,1,0,0,1,1,35,1710,BROOKLYN,24,11,November,2012,7,Saturday,22,28,0,16,6,0,40.58061111,-111.86856667,18,3,0,0,0,1,1
490165,UTAH,UT,1,1,0,0,1,1,35,0,BROOKLYN,15,11,November,2012,5,Thursday,19,30,0,14,3,99998,40.57112500,-111.74523056,24,1,0,0,0,1,0
490166,UTAH,UT,1,1,0,0,1,1,15,0,ANNISTON,21,11,November,2012,4,Wednesday,19,0,0,6,5,0,39.42631944,-110.97362778,1,2,0,0,0,1,0
490167,UTAH,UT,1,1,0,0,1,1,25,0,BARLOW BEND,20,11,November,2012,3,Tuesday,10,20,0,3,3,355,37.49882222,-112.60171389,1,1,0,0,0,1,0
490168,UTAH,UT,2,2,0,0,3,3,49,1560,COLLINSVILLE,3,11,November,2012,7,Saturday,5,22,1,11,1,2625,40.19988333,-111.65274444,12,2,0,0,0,1,0