ST_CASE,State Name,State Abbreviation,# of Vehicle involved,Parked_Vehicles_Involved,Pedestrains,Person_Not_in_Motor_Vehicle,Persons_in_motor_vehicle,Total_Persons_in_accident,COUNTY,CITY,City_County_Name,Calendar_DAY,MONTH,Month_name,YEAR,DAY_WEEK,Day_Week_desc,HOUR,MINUTE,NHS_Desc,trafficway,Route,MILEPT,LATITUDE,LONGITUD,First_Crash_event,Light_cond_desc,Weather_condition,School_bus_involved,Crash_cause,FATALS,DRUNK_DR
510636,VIRGINIA,VA,1,1,0,0,1,1,29,0,BORDEN SPRINGS,22,11,November,2012,5,Thursday,17,0,0,5,4,18,37.69121667,-78.35467778,34,5,10,0,0,1,0
510637,VIRGINIA,VA,1,1,0,0,3,3,59,0,FRANKLIN,23,11,November,2012,6,Friday,6,9,1,11,1,5636,38.85647500,-77.38090556,42,3,10,0,0,2,0
510638,VIRGINIA,VA,1,1,0,0,2,2,153,0,BONAIRE,22,11,November,2012,5,Thursday,22,32,0,14,4,96,38.78905833,-77.45749167,32,3,10,0,0,1,1
510639,VIRGINIA,VA,2,2,0,0,5,5,137,0,ALCO,9,11,November,2012,6,Friday,22,5,0,3,2,6600,38.18122222,-78.29143889,12,2,10,0,0,1,0
510640,VIRGINIA,VA,1,1,1,1,1,1,107,0,CARROLLTON,21,11,November,2012,4,Wednesday,15,14,0,15,4,21,39.03580278,-77.35482778,8,1,10,0,0,1,0
510641,VIRGINIA,VA,1,1,1,1,1,1,179,0,ALLENHURST,25,11,November,2012,1,Sunday,20,55,0,4,4,843,38.47360278,-77.44283889,8,2,10,0,0,1,0
510642,VIRGINIA,VA,1,1,1,1,1,1,41,0,BRANTLEY,22,11,November,2012,5,Thursday,6,27,1,13,2,13388,37.47379722,-77.52393611,8,2,10,0,0,1,0
510643,VIRGINIA,VA,2,2,0,0,5,5,19,0,CEDAR BLUFF,14,11,November,2012,4,Wednesday,8,35,0,3,3,1429,37.25243333,-79.70402778,12,1,10,0,0,2,0
510644,VIRGINIA,VA,1,1,0,0,3,3,109,0,ANSLEY,23,11,November,2012,6,Friday,23,5,0,6,4,490,37.98613333,-78.00175278,42,2,10,0,0,1,1
510645,VIRGINIA,VA,1,1,1,1,1,1,700,1720,FORT EUSTIS,27,11,November,2012,3,Tuesday,11,12,1,13,2,5608,37.07879167,-76.46256944,8,1,10,0,0,1,0
510646,VIRGINIA,VA,2,2,0,0,2,2,61,0,BELLWOOD,25,11,November,2012,1,Sunday,13,14,1,2,2,21023,38.75186944,-77.74731389,12,1,10,0,0,1,0
510647,VIRGINIA,VA,1,1,0,0,2,2,67,0,ABBEVILLE,25,11,November,2012,1,Sunday,17,5,0,4,4,244,37.10826944,-79.71655833,35,5,10,0,0,1,0
510648,VIRGINIA,VA,1,1,0,0,1,1,67,0,ABBEVILLE,28,11,November,2012,4,Wednesday,0,30,0,4,4,303,37.20763889,-79.79031111,42,2,10,0,0,1,0
510649,VIRGINIA,VA,1,1,0,0,1,1,5,0,BAKER HILL,16,11,November,2012,6,Friday,10,11,0,3,2,148,37.81575000,-79.82570000,19,1,10,0,0,1,0
510650,VIRGINIA,VA,1,1,0,0,2,2,121,0,BON AIR,26,11,November,2012,2,Monday,12,5,1,11,1,11549,37.12800000,-80.37281944,1,1,10,0,0,1,0
510651,VIRGINIA,VA,1,1,1,1,1,1,47,0,BROWNS,28,11,November,2012,4,Wednesday,19,27,1,2,2,17600,38.44988889,-78.09417500,8,2,10,0,0,1,0
510652,VIRGINIA,VA,1,1,0,0,1,1,59,0,FRANKLIN,27,11,November,2012,3,Tuesday,19,27,0,14,4,57,38.77909444,-77.23340556,33,3,10,0,0,1,0
510653,VIRGINIA,VA,2,2,0,0,3,3,105,0,MARION,3,12,December,2012,2,Monday,10,57,0,3,2,208,36.71113333,-83.11683611,12,1,10,0,0,1,0
510654,VIRGINIA,VA,1,1,0,0,1,1,133,0,ARLEY,2,12,December,2012,1,Sunday,19,15,0,6,4,405,37.97978889,-76.45257500,34,2,0,0,0,1,0
510655,VIRGINIA,VA,2,2,0,0,2,2,59,0,FRANKLIN,4,12,December,2012,3,Tuesday,14,30,1,11,1,234,38.87867778,-77.21960833,12,1,10,0,0,1,0
510656,VIRGINIA,VA,1,1,1,1,1,1,41,0,BRANTLEY,2,12,December,2012,1,Sunday,18,30,0,13,2,7545,37.29197778,-77.41104167,8,2,10,0,0,1,0
510657,VIRGINIA,VA,1,1,1,1,1,1,89,0,BROWNSBORO,4,12,December,2012,3,Tuesday,21,33,0,6,4,144,36.77330278,-79.98161111,8,2,10,0,0,1,0
510658,VIRGINIA,VA,2,2,1,1,2,2,41,0,BRANTLEY,4,12,December,2012,3,Tuesday,17,29,0,14,4,406,37.43499722,-77.47318333,8,2,10,0,0,1,0
510659,VIRGINIA,VA,1,1,1,1,1,1,650,1180,FORT MONROE,6,12,December,2012,5,Thursday,17,55,0,13,2,2705,37.00052778,-76.38195000,8,3,10,0,0,1,0
510660,VIRGINIA,VA,1,1,1,1,1,1,47,0,BROWNS,7,12,December,2012,6,Friday,4,5,0,3,3,118,38.63293889,-77.93435278,8,2,10,0,0,1,0
510661,VIRGINIA,VA,3,3,0,0,4,4,41,0,BRANTLEY,7,12,December,2012,6,Friday,16,53,0,13,4,129,37.45905278,-77.59121944,59,5,0,0,0,1,0
510662,VIRGINIA,VA,1,1,0,0,2,2,135,0,ASH FLAT,8,12,December,2012,7,Saturday,11,52,0,4,4,42,37.07670556,-78.19731667,42,1,10,0,0,1,1
510663,VIRGINIA,VA,1,1,0,0,1,1,75,0,BEAVERTON,8,12,December,2012,7,Saturday,14,56,1,1,1,16825,37.70622500,-77.76865278,34,1,10,0,0,1,0
510664,VIRGINIA,VA,1,1,0,0,1,1,141,0,BEE BRANCH,9,12,December,2012,1,Sunday,11,14,0,3,3,2733,36.69154722,-80.26379444,42,1,10,0,0,1,0
510665,VIRGINIA,VA,1,1,0,0,1,1,810,2540,DAM NECK NAVAL FACILITLY,27,11,November,2012,3,Tuesday,14,19,0,16,5,0,36.80637500,-76.18600000,19,1,10,0,0,1,0
510666,VIRGINIA,VA,2,2,0,0,3,3,700,1720,FORT EUSTIS,9,12,December,2012,1,Sunday,15,20,0,13,2,2589,37.08388889,-76.49828889,12,1,10,0,0,1,0
510667,VIRGINIA,VA,1,1,0,0,1,1,167,0,ADRIAN,8,12,December,2012,7,Saturday,19,30,0,6,4,167,36.82281111,-82.37455000,1,2,10,0,0,1,0
510668,VIRGINIA,VA,2,2,0,0,3,3,175,0,CADWELL,6,12,December,2012,5,Thursday,17,50,0,4,2,18,36.68704722,-76.97444167,12,2,10,0,0,1,0
510669,VIRGINIA,VA,1,1,0,0,1,1,177,0,LEE,8,12,December,2012,7,Saturday,23,26,0,4,4,286,38.22581667,-77.62675278,35,6,10,0,0,1,1
510670,VIRGINIA,VA,1,1,0,0,1,1,7,0,BIBB,9,12,December,2012,1,Sunday,16,53,0,4,4,697,37.40001111,-77.89757500,18,1,0,0,0,1,0
510671,VIRGINIA,VA,1,1,0,0,1,1,67,0,ABBEVILLE,9,12,December,2012,1,Sunday,20,14,0,3,3,266,37.04563056,-79.84265000,35,2,10,0,0,1,0
510672,VIRGINIA,VA,1,1,1,1,1,1,89,0,BROWNSBORO,6,12,December,2012,5,Thursday,22,37,0,3,2,715,36.69725000,-79.89965278,8,2,10,0,0,1,0
510673,VIRGINIA,VA,1,1,1,1,1,1,107,0,CARROLLTON,10,12,December,2012,2,Monday,3,57,1,13,3,470,39.03521389,-77.41073611,8,2,0,0,0,1,0
510674,VIRGINIA,VA,1,1,0,0,1,1,101,0,BOYLSTON,13,12,December,2012,5,Thursday,5,2,0,3,3,236,37.72510000,-77.09065833,42,2,10,0,0,1,0
510675,VIRGINIA,VA,1,1,0,0,1,1,19,0,CEDAR BLUFF,13,12,December,2012,5,Thursday,13,0,1,2,3,98,37.35351667,-78.83180833,18,1,10,0,0,1,0
510676,VIRGINIA,VA,1,1,0,0,3,3,75,0,BEAVERTON,14,12,December,2012,6,Friday,17,23,1,1,1,1660,37.72583333,-77.81958889,35,5,10,0,0,1,1
510677,VIRGINIA,VA,1,1,0,0,1,1,41,0,BRANTLEY,13,12,December,2012,5,Thursday,11,30,0,3,3,987,37.37757778,-77.51501111,42,1,10,0,0,1,0
510678,VIRGINIA,VA,1,1,0,0,1,1,143,0,CANEHILL,14,12,December,2012,6,Friday,13,45,0,5,4,31,36.66485556,-79.54363611,35,1,10,0,0,1,0
510679,VIRGINIA,VA,2,2,0,0,2,2,59,0,FRANKLIN,17,12,December,2012,2,Monday,18,49,1,13,3,280,38.80987500,-77.44912222,12,2,10,0,0,1,0
510680,VIRGINIA,VA,1,1,1,1,1,1,161,0,DENTON,17,12,December,2012,2,Monday,21,27,0,14,2,944,37.28960278,-79.99712500,8,3,0,0,0,1,0
510681,VIRGINIA,VA,2,2,0,0,2,2,49,0,COLLINSVILLE,20,12,December,2012,5,Thursday,17,25,0,4,3,2,37.30455000,-78.13697222,12,2,0,0,0,1,0
510682,VIRGINIA,VA,2,2,0,0,6,6,85,0,BENTON,15,12,December,2012,7,Saturday,17,33,0,5,4,24,37.81607500,-77.69930278,12,2,10,0,0,1,0
510683,VIRGINIA,VA,1,1,0,0,1,1,165,0,HERNDON,19,12,December,2012,4,Wednesday,11,38,1,2,2,2672,38.40045556,-78.83803056,30,1,10,0,0,1,0
510684,VIRGINIA,VA,1,1,0,0,1,1,61,0,BELLWOOD,20,12,December,2012,5,Thursday,15,0,0,4,4,54,38.92277778,-77.85228889,38,1,10,0,0,1,0
510685,VIRGINIA,VA,1,1,0,0,1,1,69,0,ASHFORD,18,12,December,2012,3,Tuesday,21,45,1,1,1,3046,39.31270000,-78.14603056,24,3,10,0,0,1,0
510686,VIRGINIA,VA,1,1,0,0,2,2,33,0,CHEROKEE,21,12,December,2012,6,Friday,7,0,1,2,2,1613,38.22599444,-77.30905278,1,1,10,0,0,1,1
510687,VIRGINIA,VA,2,2,0,0,2,2,59,0,FRANKLIN,19,12,December,2012,4,Wednesday,4,45,1,11,1,32,38.81210000,-77.14596389,24,3,10,0,0,1,0
510688,VIRGINIA,VA,3,3,0,0,3,3,23,0,BLADON SPRINGS,24,12,December,2012,2,Monday,7,5,1,2,2,974,37.64615833,-79.81480556,12,2,0,0,0,1,0
510689,VIRGINIA,VA,1,1,0,0,3,3,83,0,ARDMORE,24,12,December,2012,2,Monday,23,40,1,2,4,58,36.71437500,-78.81431944,42,2,10,0,0,1,0
510690,VIRGINIA,VA,2,2,1,1,2,2,13,0,BOLLING,24,12,December,2012,2,Monday,16,36,1,13,3,47,38.87708611,-77.10965278,12,5,0,0,0,1,0
510691,VIRGINIA,VA,2,2,0,0,2,2,15,0,ANNISTON,23,12,December,2012,1,Sunday,20,23,0,4,2,2284,38.03168611,-79.13860556,35,2,10,0,0,1,1
510692,VIRGINIA,VA,3,3,1,1,3,3,7,0,BIBB,16,12,December,2012,1,Sunday,3,28,1,13,3,395,38.96480278,-77.42796111,8,2,0,0,0,1,0
510693,VIRGINIA,VA,2,2,0,0,3,3,23,0,BLADON SPRINGS,26,12,December,2012,4,Wednesday,7,40,1,2,2,974,37.66291944,-79.79579722,12,1,0,0,0,1,0
510694,VIRGINIA,VA,1,1,0,0,3,3,31,0,COFFEE,26,12,December,2012,4,Wednesday,13,0,0,6,4,27,37.20294722,-79.25140556,42,1,0,0,0,1,0
510695,VIRGINIA,VA,1,1,0,0,1,1,15,0,ANNISTON,25,12,December,2012,3,Tuesday,23,15,0,3,2,114,38.05590278,-78.95306389,46,2,10,0,0,1,0
510696,VIRGINIA,VA,2,2,1,1,2,2,510,40,BALTIMORE,14,12,December,2012,6,Friday,6,50,0,14,6,2,38.83550278,-77.10918889,8,4,10,0,0,1,0
510697,VIRGINIA,VA,3,3,0,0,4,4,680,1490,LYNCHBURG,25,12,December,2012,3,Tuesday,16,25,1,13,2,19,37.36317778,-79.18197778,12,1,10,0,0,1,0
510698,VIRGINIA,VA,3,3,0,0,4,4,61,0,BELLWOOD,23,12,December,2012,1,Sunday,18,16,1,2,2,2055,38.58032222,-77.76720278,12,2,10,0,0,1,0
510699,VIRGINIA,VA,1,1,0,0,1,1,177,0,LEE,27,12,December,2012,5,Thursday,7,54,0,4,2,1359,38.14236944,-77.52292778,32,2,10,0,0,1,0
510700,VIRGINIA,VA,1,1,0,0,2,2,53,0,ATMORE,24,12,December,2012,2,Monday,6,30,1,1,1,429,36.88189167,-77.81956111,42,2,10,0,0,1,0
510701,VIRGINIA,VA,1,1,0,0,1,1,185,0,ANAKTUVUK PASS,17,12,December,2012,2,Monday,17,30,0,4,4,127,37.28900278,-81.37210000,24,2,0,0,0,1,0
510702,VIRGINIA,VA,2,2,0,0,4,4,107,0,CARROLLTON,25,12,December,2012,3,Tuesday,12,43,1,2,2,2277,39.23005556,-77.53275833,12,1,0,0,0,1,0
510703,VIRGINIA,VA,2,1,0,0,1,1,19,0,CEDAR BLUFF,28,12,December,2012,6,Friday,16,41,0,3,3,399,37.23064722,-79.30145278,1,1,10,0,0,1,0
510704,VIRGINIA,VA,2,2,0,0,2,2,165,0,HERNDON,28,12,December,2012,6,Friday,13,0,0,3,3,11,38.57460278,-78.75806667,12,1,10,0,0,1,0
510705,VIRGINIA,VA,1,1,0,0,1,1,121,0,BON AIR,29,12,December,2012,7,Saturday,6,15,0,4,4,21,37.05454167,-80.32546389,35,2,0,0,0,1,0
510706,VIRGINIA,VA,1,1,1,1,1,1,810,2540,DAM NECK NAVAL FACILITLY,18,12,December,2012,3,Tuesday,23,27,0,13,2,5076,36.85195556,-76.00740556,9,3,10,0,0,1,0
510707,VIRGINIA,VA,2,2,0,0,4,4,59,0,FRANKLIN,27,12,December,2012,5,Thursday,19,3,1,11,1,1711,38.79105833,-77.17229444,12,3,10,0,0,3,0
510708,VIRGINIA,VA,2,2,0,0,2,2,59,0,FRANKLIN,31,12,December,2012,2,Monday,1,45,1,13,3,309,38.84631667,-77.43221667,12,2,10,0,0,1,0
510709,VIRGINIA,VA,2,2,0,0,3,3,153,0,BONAIRE,31,12,December,2012,2,Monday,14,3,9,14,3,197,38.73772222,-77.53295278,12,1,10,0,0,1,0
510710,VIRGINIA,VA,1,1,0,0,1,1,550,468,CHESAPEAKE,16,12,December,2012,1,Sunday,1,1,0,6,6,0,36.64408333,-76.25956111,5,3,0,0,0,1,1
510711,VIRGINIA,VA,2,2,0,0,2,2,121,0,BON AIR,25,12,December,2012,3,Tuesday,1,0,1,11,1,1135,37.11276389,-80.44134444,12,2,0,0,0,1,0
510712,VIRGINIA,VA,3,3,0,0,3,3,59,0,FRANKLIN,26,12,December,2012,4,Wednesday,9,31,1,13,2,2392,38.87329722,-77.24485833,12,1,0,0,0,1,0
510713,VIRGINIA,VA,1,1,0,0,1,1,800,2390,SUFFOLK,23,12,December,2012,1,Sunday,15,2,0,5,6,9,36.62309444,-76.64525278,34,1,10,0,0,1,0
510714,VIRGINIA,VA,1,1,0,0,2,2,175,0,CADWELL,26,12,December,2012,4,Wednesday,12,36,1,2,2,4338,36.70736111,-77.16748889,42,1,0,0,0,1,0
510715,VIRGINIA,VA,1,1,1,1,1,1,810,2540,DAM NECK NAVAL FACILITLY,29,12,December,2012,7,Saturday,6,40,0,13,2,4997,36.84361389,-76.14508333,8,3,0,0,0,1,0
510716,VIRGINIA,VA,3,3,0,0,3,3,600,900,FAIRFAX,28,11,November,2012,4,Wednesday,13,23,0,14,6,5,38.85847500,-77.33003056,12,1,10,0,0,1,0
510717,VIRGINIA,VA,1,1,0,0,2,2,59,0,FRANKLIN,19,11,November,2012,2,Monday,5,11,0,13,8,99999,99.99990000,999.99990000,99,2,10,0,0,1,1
530001,WASHINGTON,WA,2,2,0,0,5,5,43,0,BAILEYTON,1,1,January,2012,1,Sunday,2,0,1,2,2,2587,47.65763611,-117.98856667,12,2,0,0,0,4,1
530002,WASHINGTON,WA,3,3,0,0,3,3,5,1850,BAKER HILL,3,1,January,2012,3,Tuesday,4,50,0,13,3,338,46.26776389,-119.30226111,12,2,0,0,0,1,0
530003,WASHINGTON,WA,2,2,0,0,3,3,73,1210,ARGO,4,1,January,2012,4,Wednesday,16,45,0,15,4,20,48.96475278,-122.57076667,12,2,0,0,0,2,0
530004,WASHINGTON,WA,2,2,0,0,3,3,29,0,BORDEN SPRINGS,8,1,January,2012,1,Sunday,11,0,0,2,3,298,48.16168333,-122.60516944,12,1,0,0,0,1,0
530005,WASHINGTON,WA,2,2,0,0,2,2,53,0,ATMORE,9,1,January,2012,2,Monday,15,55,0,14,3,12,47.23361111,-122.38703611,12,1,0,0,0,2,0
530006,WASHINGTON,WA,1,1,0,0,1,1,67,0,ABBEVILLE,14,1,January,2012,7,Saturday,19,19,0,4,4,29,47.11248333,-122.86504444,53,2,0,0,0,1,1
530007,WASHINGTON,WA,1,1,0,0,1,1,33,1960,CHEROKEE,15,1,January,2012,1,Sunday,6,6,0,12,3,269,47.54548889,-122.33360556,25,3,0,0,0,1,1
530008,WASHINGTON,WA,2,2,0,0,2,2,7,0,BIBB,17,1,January,2012,3,Tuesday,15,30,1,2,2,2113,47.60140000,-120.24273056,12,1,0,0,0,1,0
530009,WASHINGTON,WA,2,2,0,0,2,2,53,0,ATMORE,17,1,January,2012,3,Tuesday,15,40,0,2,3,181,47.16450000,-122.10453333,12,1,0,0,0,1,0
530010,WASHINGTON,WA,1,1,0,0,3,3,47,0,BROWNS,22,1,January,2012,1,Sunday,1,10,0,3,3,1370,48.01372500,-119.66650000,24,2,0,0,0,1,1
530011,WASHINGTON,WA,1,1,1,1,1,1,61,690,BELLWOOD,23,1,January,2012,2,Monday,4,47,0,12,3,17,47.92288333,-122.25769722,8,3,0,0,0,1,0
530012,WASHINGTON,WA,1,1,0,0,2,2,33,1960,CHEROKEE,23,1,January,2012,2,Monday,4,58,0,12,3,295,47.52378611,-122.33335000,25,2,0,0,0,1,0
530013,WASHINGTON,WA,2,2,0,0,2,2,63,0,BOLIGEE,24,1,January,2012,3,Tuesday,21,25,1,2,2,1725,47.85988611,-117.42185556,12,2,0,0,0,1,0
530014,WASHINGTON,WA,1,1,1,1,1,1,57,0,BANKSTON,25,1,January,2012,4,Wednesday,18,20,0,5,4,16,48.51751111,-122.18395278,8,2,0,0,0,1,0
530015,WASHINGTON,WA,2,2,0,0,2,2,23,0,BLADON SPRINGS,19,1,January,2012,5,Thursday,15,25,1,2,2,3940,46.49807500,-117.77343611,12,1,0,0,0,1,0
530016,WASHINGTON,WA,1,1,0,0,2,2,29,0,BORDEN SPRINGS,25,1,January,2012,4,Wednesday,22,24,0,16,6,0,48.22558333,-122.52107778,24,2,0,0,0,1,1
530017,WASHINGTON,WA,2,2,0,0,2,2,53,2230,ATMORE,30,1,January,2012,2,Monday,18,22,1,11,1,1337,47.23278611,-122.43558056,12,3,0,0,0,1,0
530018,WASHINGTON,WA,1,1,1,1,1,1,63,2110,BOLIGEE,28,1,January,2012,7,Saturday,2,11,0,13,6,0,47.69246667,-117.36509444,8,3,0,0,0,1,1
530019,WASHINGTON,WA,1,1,0,0,1,1,35,0,BROOKLYN,30,1,January,2012,2,Monday,14,23,0,4,4,10,47.41610000,-122.75837500,35,1,0,0,0,1,0
530020,WASHINGTON,WA,1,1,1,1,1,1,33,1030,CHEROKEE,31,1,January,2012,3,Tuesday,20,43,0,13,3,155,47.39251389,-122.29504444,8,3,0,0,0,1,0
530021,WASHINGTON,WA,2,2,0,0,3,3,41,0,BRANTLEY,26,1,January,2012,5,Thursday,8,18,1,1,1,642,46.48491944,-122.87960278,12,1,0,0,0,2,0
530022,WASHINGTON,WA,1,1,0,0,1,1,61,0,BELLWOOD,2,2,February,2012,5,Thursday,16,21,0,6,9,13,47.85017222,-121.78984444,38,1,0,0,0,1,0
530023,WASHINGTON,WA,3,3,0,0,3,3,33,1960,CHEROKEE,2,2,February,2012,5,Thursday,6,44,0,13,6,0,47.56036111,-122.32945556,12,4,0,0,0,1,0
530024,WASHINGTON,WA,2,2,0,0,6,6,67,0,ABBEVILLE,3,2,February,2012,6,Friday,18,7,0,4,4,12,47.08680000,-122.80112778,12,5,0,0,0,1,1
530025,WASHINGTON,WA,1,1,1,1,1,1,67,0,ABBEVILLE,4,2,February,2012,7,Saturday,10,56,0,6,4,99999,47.08887500,-122.73831667,9,1,0,0,0,1,0
530026,WASHINGTON,WA,1,1,0,0,1,1,63,0,BOLIGEE,6,2,February,2012,2,Monday,9,23,1,2,2,2825,47.64306389,-117.50582778,42,1,0,0,0,1,1
530027,WASHINGTON,WA,1,1,0,0,1,1,25,680,BARLOW BEND,7,2,February,2012,3,Tuesday,8,45,0,14,6,0,47.31700000,-119.55191389,10,1,0,0,0,1,0
530028,WASHINGTON,WA,1,1,0,0,1,1,39,0,ANDALUSIA,11,2,February,2012,7,Saturday,2,50,0,2,3,1230,45.70478333,-120.43466111,18,2,0,0,0,1,0
530029,WASHINGTON,WA,1,1,0,0,2,2,63,2113,BOLIGEE,14,2,February,2012,3,Tuesday,19,5,0,15,6,0,47.66429167,-117.27549722,33,3,0,0,0,2,1
530030,WASHINGTON,WA,1,1,1,1,1,1,61,0,BELLWOOD,14,2,February,2012,3,Tuesday,14,43,0,3,3,500,47.86120833,-122.28468611,15,1,0,0,0,1,0
530031,WASHINGTON,WA,1,1,0,0,1,1,63,0,BOLIGEE,17,1,January,2012,3,Tuesday,16,45,1,2,2,890,47.55743333,-117.39552778,39,1,0,0,0,1,0
530032,WASHINGTON,WA,1,1,0,0,3,3,51,0,CENTRAL,14,2,February,2012,3,Tuesday,22,35,1,2,2,3252,48.12028889,-117.20540000,53,2,0,0,0,2,0
530033,WASHINGTON,WA,2,2,1,1,2,2,63,22,BOLIGEE,15,2,February,2012,4,Wednesday,5,54,0,15,6,0,47.64921667,-117.56086667,8,2,0,0,0,1,0
530034,WASHINGTON,WA,1,1,1,1,1,1,77,0,ANDERSON,17,2,February,2012,6,Friday,17,45,0,3,4,39,46.55796944,-120.56195833,8,2,0,0,0,1,0
530035,WASHINGTON,WA,1,1,1,1,1,1,63,0,BOLIGEE,17,2,February,2012,6,Friday,20,15,1,2,2,3111,48.00344722,-117.34961389,8,2,0,0,0,1,0
530036,WASHINGTON,WA,1,1,1,1,1,1,29,0,BORDEN SPRINGS,12,2,February,2012,1,Sunday,5,57,0,2,3,417,48.40473056,-122.64453611,8,2,0,0,0,1,0
530037,WASHINGTON,WA,2,2,0,0,4,4,15,2570,ANNISTON,18,2,February,2012,7,Saturday,16,4,0,14,3,539,45.91146944,-122.74093889,12,1,0,0,0,1,1
530038,WASHINGTON,WA,2,2,0,0,2,2,27,0,ASHLAND,18,2,February,2012,7,Saturday,11,9,0,2,3,295,46.84776389,-124.10570833,30,1,0,0,0,1,1
530039,WASHINGTON,WA,2,2,0,0,4,4,33,0,CHEROKEE,19,2,February,2012,1,Sunday,0,25,0,3,4,25,47.24270556,-122.05901944,12,2,0,0,0,1,1
530040,WASHINGTON,WA,1,1,0,0,1,1,33,1960,CHEROKEE,20,2,February,2012,2,Monday,3,52,1,11,1,1645,47.59495000,-122.32061389,25,3,0,0,0,1,1
530041,WASHINGTON,WA,2,2,0,0,2,2,7,2460,BIBB,21,2,February,2012,3,Tuesday,14,54,0,2,3,7,47.41090833,-120.30355000,12,1,0,0,0,1,0
530042,WASHINGTON,WA,2,2,0,0,2,2,33,109,CHEROKEE,22,2,February,2012,4,Wednesday,3,56,0,12,3,62,47.63808333,-122.19406667,12,3,0,0,0,1,1
530043,WASHINGTON,WA,2,2,0,0,2,2,45,0,ARITON,23,2,February,2012,5,Thursday,21,19,0,4,4,122,47.24260278,-123.32005556,12,2,0,0,0,1,1
530044,WASHINGTON,WA,2,2,0,0,3,3,35,0,BROOKLYN,24,2,February,2012,6,Friday,19,57,0,4,4,23,47.59753333,-122.80580000,12,2,0,0,0,1,0
530045,WASHINGTON,WA,2,2,0,0,2,2,35,0,BROOKLYN,24,2,February,2012,6,Friday,5,47,0,14,3,340,47.52961389,-122.69613333,12,3,0,0,0,1,0
530046,WASHINGTON,WA,1,1,1,1,1,1,73,110,ARGO,25,2,February,2012,7,Saturday,19,20,0,13,6,0,48.73934444,-122.46985556,8,3,0,0,0,1,0
530047,WASHINGTON,WA,2,2,0,0,4,4,59,0,FRANKLIN,26,2,February,2012,1,Sunday,7,25,0,2,3,490,45.71653889,-121.79444722,12,1,0,0,0,1,1
530048,WASHINGTON,WA,1,1,1,1,3,3,5,1750,BAKER HILL,28,2,February,2012,3,Tuesday,16,20,0,16,6,0,46.21040556,-119.76093333,8,1,0,0,0,1,0
530049,WASHINGTON,WA,1,1,1,1,1,1,33,0,CHEROKEE,29,2,February,2012,4,Wednesday,9,9,0,3,4,11,47.35727778,-122.29248889,9,1,0,0,0,1,0
530050,WASHINGTON,WA,2,2,0,0,4,4,7,0,BIBB,1,3,March,2012,5,Thursday,16,16,1,2,2,1835,47.54711111,-120.61258889,12,1,0,0,0,2,0
530051,WASHINGTON,WA,3,3,0,0,4,4,33,2310,CHEROKEE,2,3,March,2012,6,Friday,14,36,1,11,1,1560,47.48415278,-122.27024167,12,1,0,0,0,1,0
530052,WASHINGTON,WA,1,1,0,0,2,2,33,2310,CHEROKEE,2,3,March,2012,6,Friday,0,40,0,13,6,0,47.48660000,-122.27594167,25,3,0,0,0,1,1
530053,WASHINGTON,WA,1,1,0,0,2,2,33,475,CHEROKEE,3,3,March,2012,7,Saturday,21,10,0,14,6,0,47.36253333,-122.10200556,42,3,0,0,0,1,0
530054,WASHINGTON,WA,1,1,1,1,1,1,63,2110,BOLIGEE,14,2,February,2012,3,Tuesday,17,24,0,13,6,0,47.65651111,-117.43250556,8,5,0,0,0,1,0
530055,WASHINGTON,WA,1,1,0,0,2,2,57,1970,BANKSTON,5,3,March,2012,2,Monday,3,16,0,16,6,0,48.51591389,-122.23759444,1,2,0,0,0,1,0
530056,WASHINGTON,WA,3,3,0,0,4,4,33,1018,CHEROKEE,6,3,March,2012,3,Tuesday,6,57,0,13,3,70,47.75864444,-122.25311944,12,4,0,0,0,1,0
530057,WASHINGTON,WA,1,1,1,1,1,1,47,0,BROWNS,8,3,March,2012,5,Thursday,22,12,0,3,3,769,48.39281111,-119.46519167,8,2,0,0,0,1,0
530058,WASHINGTON,WA,1,1,1,1,1,1,33,532,CHEROKEE,8,3,March,2012,5,Thursday,15,19,0,16,6,0,47.40837222,-122.31551667,8,1,0,0,0,1,0
530059,WASHINGTON,WA,2,2,0,0,2,2,67,0,ABBEVILLE,13,3,March,2012,3,Tuesday,16,51,1,1,1,950,46.89695000,-122.96057222,12,1,0,0,0,1,0
530060,WASHINGTON,WA,2,2,0,0,2,2,5,0,BAKER HILL,14,3,March,2012,4,Wednesday,5,59,0,3,3,47,46.03876111,-119.60249167,12,2,0,0,0,1,0
530061,WASHINGTON,WA,4,1,3,5,1,3,53,0,ATMORE,23,1,January,2012,2,Monday,5,24,0,2,3,148,47.35829167,-122.61431389,14,2,0,0,0,1,0
530062,WASHINGTON,WA,2,2,0,0,3,3,61,0,BELLWOOD,14,3,March,2012,4,Wednesday,21,0,0,4,3,301,48.20686944,-122.13022778,12,2,0,0,0,2,1