ST_CASE,State Name,State Abbreviation,# of Vehicle involved,Parked_Vehicles_Involved,Pedestrains,Person_Not_in_Motor_Vehicle,Persons_in_motor_vehicle,Total_Persons_in_accident,COUNTY,CITY,City_County_Name,Calendar_DAY,MONTH,Month_name,YEAR,DAY_WEEK,Day_Week_desc,HOUR,MINUTE,NHS_Desc,trafficway,Route,MILEPT,LATITUDE,LONGITUD,First_Crash_event,Light_cond_desc,Weather_condition,School_bus_involved,Crash_cause,FATALS,DRUNK_DR
550367,WISCONSIN,WI,1,1,0,0,1,1,25,0,BARLOW BEND,1,9,September,2012,7,Saturday,17,30,0,15,6,0,43.17323056,-89.25430556,1,1,0,0,0,1,0
550368,WISCONSIN,WI,3,2,0,0,5,5,79,3100,COURTLAND,1,9,September,2012,7,Saturday,17,50,0,14,6,0,43.12395000,-88.05557778,12,1,0,0,0,1,1
550369,WISCONSIN,WI,2,2,0,0,2,2,9,1330,BLOUNT,5,9,September,2012,4,Wednesday,9,48,0,13,3,0,44.40919722,-88.08413889,1,1,0,0,0,1,0
550370,WISCONSIN,WI,1,1,1,1,1,1,63,2490,BOLIGEE,5,9,September,2012,4,Wednesday,5,33,1,13,2,0,43.75663889,-91.20421111,8,3,0,0,0,1,0
550371,WISCONSIN,WI,1,1,0,0,1,1,33,0,CHEROKEE,7,9,September,2012,6,Friday,9,35,1,1,1,349,44.91936944,-92.07141111,24,1,0,0,0,1,0
550372,WISCONSIN,WI,1,1,0,0,1,1,105,0,MARION,8,9,September,2012,7,Saturday,8,46,0,6,5,0,42.64977222,-88.91428333,21,1,0,0,0,1,0
550373,WISCONSIN,WI,2,2,0,0,4,4,59,3795,FRANKLIN,8,9,September,2012,7,Saturday,9,30,0,14,4,0,42.56673611,-87.91419167,12,1,0,0,0,1,0
550374,WISCONSIN,WI,1,1,0,0,2,2,99,0,BEATRICE,7,9,September,2012,6,Friday,19,15,0,6,5,0,45.55830000,-90.22823889,42,5,0,0,0,2,0
550375,WISCONSIN,WI,2,2,0,0,10,10,17,0,CHAMBERS,8,9,September,2012,7,Saturday,21,27,0,3,3,0,44.99530833,-91.38832778,12,2,0,0,0,2,1
550376,WISCONSIN,WI,1,1,0,0,2,2,97,0,AXIS,9,9,September,2012,1,Sunday,17,28,0,5,4,0,44.67465833,-89.63337222,34,1,0,0,0,2,1
550378,WISCONSIN,WI,1,1,0,0,1,1,53,0,ATMORE,10,9,September,2012,2,Monday,6,24,0,4,4,0,44.53857778,-91.10934444,42,4,0,0,0,1,1
550379,WISCONSIN,WI,1,1,0,0,1,1,71,0,BRIDGEPORT,10,9,September,2012,2,Monday,15,25,0,4,4,0,43.92090278,-87.80340556,34,1,0,0,0,1,1
550380,WISCONSIN,WI,1,1,1,1,1,1,63,2490,BOLIGEE,7,9,September,2012,6,Friday,20,30,1,13,3,0,43.81776667,-91.23687500,8,2,0,0,0,1,0
550381,WISCONSIN,WI,1,1,0,0,1,1,79,3100,COURTLAND,9,9,September,2012,1,Sunday,7,40,1,11,1,3118,43.02196667,-87.92116667,33,1,0,0,0,1,1
550382,WISCONSIN,WI,3,3,0,0,6,6,79,2015,COURTLAND,8,9,September,2012,7,Saturday,17,10,0,13,3,0,42.96668333,-87.94867500,12,1,0,0,0,2,0
550383,WISCONSIN,WI,1,1,0,0,3,3,89,0,BROWNSBORO,10,9,September,2012,2,Monday,22,51,0,6,5,0,43.44033611,-87.98050556,42,2,0,0,0,3,1
550384,WISCONSIN,WI,1,1,1,1,1,1,139,3620,CALION,7,9,September,2012,6,Friday,1,50,1,13,3,0,44.01110278,-88.55242500,8,3,0,0,0,1,1
550385,WISCONSIN,WI,2,2,0,0,2,2,97,0,AXIS,11,9,September,2012,3,Tuesday,10,7,0,3,3,0,44.59691944,-89.80772222,12,1,0,0,0,1,0
550386,WISCONSIN,WI,2,2,0,0,4,4,117,4330,BIRMINGHAM,12,9,September,2012,4,Wednesday,7,57,0,14,6,0,43.78288333,-87.72671667,1,1,0,0,0,1,0
550387,WISCONSIN,WI,3,3,0,0,4,4,71,0,BRIDGEPORT,13,9,September,2012,5,Thursday,12,13,0,3,3,0,44.26945278,-87.56333056,12,1,0,0,0,1,0
550388,WISCONSIN,WI,2,2,0,0,4,4,39,0,ANDALUSIA,13,9,September,2012,5,Thursday,17,34,0,3,2,0,43.54538889,-88.23946944,12,1,0,0,0,2,1
550389,WISCONSIN,WI,2,2,0,0,3,3,131,0,ARLINGTON,14,9,September,2012,6,Friday,12,50,0,3,3,0,43.28157778,-88.37059444,12,1,0,0,0,1,0
550390,WISCONSIN,WI,2,2,0,0,2,2,63,3560,BOLIGEE,14,9,September,2012,6,Friday,15,37,1,11,1,60,43.87469444,-91.16445278,12,1,0,0,0,1,1
550391,WISCONSIN,WI,2,2,0,0,2,2,137,4010,ALCO,18,9,September,2012,3,Tuesday,14,50,1,2,3,0,44.04395556,-89.10319444,12,1,0,0,0,1,0
550392,WISCONSIN,WI,1,1,0,0,1,1,78,0,KESHENA,30,9,September,2012,1,Sunday,4,25,0,3,3,0,44.91536111,-88.72233056,1,2,0,0,0,1,1
550393,WISCONSIN,WI,1,1,0,0,2,2,9,2000,BLOUNT,11,9,September,2012,3,Tuesday,2,3,0,15,6,0,44.47370556,-87.93519722,33,3,0,0,0,1,1
550394,WISCONSIN,WI,2,2,0,0,2,2,25,0,BARLOW BEND,11,9,September,2012,3,Tuesday,6,0,0,3,4,0,43.07262778,-89.19966944,12,4,0,0,0,1,0
550395,WISCONSIN,WI,1,1,2,2,1,1,73,0,ARGO,11,9,September,2012,3,Tuesday,19,28,0,6,5,0,45.03351944,-90.16012500,49,5,0,0,0,2,0
550396,WISCONSIN,WI,1,1,0,0,2,2,97,4620,AXIS,15,9,September,2012,7,Saturday,9,21,1,11,1,0,44.55058333,-89.57780278,35,1,0,0,0,1,0
550397,WISCONSIN,WI,1,1,0,0,1,1,85,0,BENTON,15,9,September,2012,7,Saturday,11,3,1,2,2,0,45.61300278,-89.53989444,34,1,0,0,0,1,0
550398,WISCONSIN,WI,1,1,1,1,1,1,69,0,ASHFORD,16,9,September,2012,1,Sunday,0,55,0,4,4,0,45.45100278,-89.72227222,8,2,0,0,0,1,0
550399,WISCONSIN,WI,1,1,0,0,1,1,1,0,AUTAUGA,17,9,September,2012,2,Monday,6,29,0,3,3,0,44.03795833,-89.80790556,34,4,0,0,0,1,0
550400,WISCONSIN,WI,1,1,0,0,1,1,105,2320,MARION,18,9,September,2012,3,Tuesday,20,54,0,14,6,0,42.68565556,-88.98708056,18,2,0,0,0,1,1
550401,WISCONSIN,WI,1,1,1,1,1,1,109,0,ANSLEY,19,9,September,2012,4,Wednesday,15,5,0,4,4,0,44.97821389,-92.52049444,8,1,0,0,0,1,0
550402,WISCONSIN,WI,2,2,0,0,3,3,59,3795,FRANKLIN,14,9,September,2012,6,Friday,13,36,0,13,3,0,42.52285833,-87.88523889,12,1,0,0,0,1,0
550403,WISCONSIN,WI,1,1,0,0,2,2,105,0,MARION,23,9,September,2012,1,Sunday,18,33,0,3,3,0,42.64759444,-89.28394444,35,1,0,0,0,1,1
550404,WISCONSIN,WI,1,1,0,0,1,1,115,0,ASHVILLE,22,9,September,2012,7,Saturday,19,4,0,4,4,0,44.78776389,-88.31423611,34,5,0,0,0,1,1
550405,WISCONSIN,WI,1,1,0,0,1,1,109,0,ANSLEY,20,9,September,2012,5,Thursday,19,25,0,6,4,0,45.12206111,-92.36796111,11,5,0,0,0,1,0
550406,WISCONSIN,WI,2,2,0,0,3,3,135,0,ASH FLAT,22,9,September,2012,7,Saturday,15,14,0,3,3,0,44.39197222,-89.09284444,12,1,0,0,0,1,0
550407,WISCONSIN,WI,1,1,0,0,1,1,17,0,CHAMBERS,24,9,September,2012,2,Monday,99,99,0,3,3,0,45.19505000,-91.43968611,31,2,0,0,0,1,1
550408,WISCONSIN,WI,2,2,0,0,3,3,79,3100,COURTLAND,21,9,September,2012,6,Friday,16,40,0,13,6,0,43.14863056,-87.95911944,12,1,0,1,0,1,1
550409,WISCONSIN,WI,1,1,0,0,1,1,57,0,BANKSTON,23,9,September,2012,1,Sunday,3,7,0,4,4,0,43.89761389,-90.04555833,1,2,0,0,0,1,1
550410,WISCONSIN,WI,1,1,0,0,1,1,79,3100,COURTLAND,24,9,September,2012,2,Monday,17,50,0,13,5,0,42.98818333,-87.91746667,33,1,10,0,0,1,0
550411,WISCONSIN,WI,1,1,0,0,1,1,83,0,ARDMORE,25,9,September,2012,3,Tuesday,99,99,0,3,3,0,45.35755278,-88.60394722,42,2,0,0,0,1,1
550412,WISCONSIN,WI,1,1,0,0,4,4,49,0,COLLINSVILLE,23,9,September,2012,1,Sunday,3,45,0,3,3,0,43.03475556,-90.14125556,35,2,0,0,0,1,1
550413,WISCONSIN,WI,1,1,0,0,1,1,87,0,ARMSTRONG,20,9,September,2012,5,Thursday,4,44,0,13,4,0,44.25646389,-88.30577500,11,2,0,0,0,1,0
550414,WISCONSIN,WI,1,1,0,0,1,1,41,0,BRANTLEY,29,9,September,2012,7,Saturday,16,40,0,4,3,0,45.89588611,-88.82045556,11,1,0,0,0,1,0
550415,WISCONSIN,WI,2,2,0,0,6,6,35,110,BROOKLYN,26,9,September,2012,4,Wednesday,19,29,0,13,2,0,44.79560000,-91.44069444,12,3,0,0,0,1,0
550416,WISCONSIN,WI,1,1,0,0,1,1,117,0,BIRMINGHAM,23,9,September,2012,1,Sunday,7,30,0,6,5,0,43.60090556,-88.16021111,42,2,0,0,0,1,1
550417,WISCONSIN,WI,3,3,0,0,11,11,45,0,ARITON,23,9,September,2012,1,Sunday,13,50,1,2,3,0,42.58696667,-89.41035556,12,1,0,0,0,1,0
550418,WISCONSIN,WI,2,2,0,0,2,2,57,5430,BANKSTON,25,9,September,2012,3,Tuesday,15,52,0,4,4,0,43.64343333,-90.22192222,12,1,0,0,0,1,0
550419,WISCONSIN,WI,2,2,0,0,2,2,131,4089,ARLINGTON,26,9,September,2012,4,Wednesday,7,7,1,13,3,0,43.25084167,-88.18444444,12,4,0,0,0,1,0
550420,WISCONSIN,WI,1,1,0,0,1,1,53,0,ATMORE,2,9,September,2012,1,Sunday,18,45,0,6,5,0,44.34851111,-90.75804722,35,1,0,0,0,1,0
550421,WISCONSIN,WI,2,2,0,0,2,2,83,0,ARDMORE,1,10,October,2012,2,Monday,16,53,0,6,5,0,44.77682222,-88.04693056,12,1,0,0,0,1,1
550422,WISCONSIN,WI,1,1,0,0,1,1,117,0,BIRMINGHAM,27,9,September,2012,5,Thursday,99,99,0,3,3,0,43.71333611,-87.84150556,42,2,0,0,0,1,1
550423,WISCONSIN,WI,2,2,0,0,2,2,79,1921,COURTLAND,27,9,September,2012,5,Thursday,11,36,1,13,3,0,43.15196389,-87.94043333,12,1,0,0,0,1,0
550424,WISCONSIN,WI,2,2,0,0,2,2,121,0,BON AIR,2,10,October,2012,3,Tuesday,16,15,0,3,3,0,44.09036389,-91.23086389,1,1,0,0,0,1,0
550425,WISCONSIN,WI,1,1,0,0,2,2,79,4490,COURTLAND,17,9,September,2012,2,Monday,21,55,0,13,3,0,42.93004444,-87.85579722,33,3,0,0,0,1,1
550426,WISCONSIN,WI,2,2,0,0,3,3,137,0,ALCO,27,9,September,2012,5,Thursday,10,43,0,4,4,0,44.02429167,-89.15906389,12,1,0,0,0,1,1
550427,WISCONSIN,WI,2,2,0,0,2,2,15,0,ANNISTON,20,9,September,2012,5,Thursday,12,20,1,2,2,0,44.21279167,-88.22438333,12,1,0,0,0,1,0
550428,WISCONSIN,WI,1,1,0,0,1,1,39,0,ANDALUSIA,2,10,October,2012,3,Tuesday,22,56,0,4,4,0,43.85517222,-88.18945556,34,2,0,0,0,1,0
550429,WISCONSIN,WI,2,2,0,0,5,5,113,0,COTTONTON,25,9,September,2012,3,Tuesday,13,30,0,6,5,0,45.90757222,-91.30968056,12,1,0,0,0,1,0
550430,WISCONSIN,WI,3,3,0,0,4,4,63,3560,BOLIGEE,30,9,September,2012,1,Sunday,13,46,1,12,2,0,43.87151667,-91.20982778,12,1,0,0,0,1,0
550431,WISCONSIN,WI,2,2,0,0,3,3,93,0,BEAR CREEK,3,10,October,2012,4,Wednesday,16,25,0,2,2,0,44.69017500,-92.51721667,12,1,0,0,0,1,0
550432,WISCONSIN,WI,1,1,0,0,1,1,25,2780,BARLOW BEND,19,12,December,2012,4,Wednesday,10,55,0,16,8,0,43.04975556,-89.47428333,5,1,0,0,0,1,0
550433,WISCONSIN,WI,2,2,0,0,3,3,43,0,BAILEYTON,4,10,October,2012,5,Thursday,11,10,1,2,3,0,42.84249167,-90.68466111,12,1,0,0,0,1,0
550434,WISCONSIN,WI,2,2,0,0,4,4,115,0,ASHVILLE,4,10,October,2012,5,Thursday,13,35,0,4,4,0,44.79551389,-88.29144444,12,1,0,0,0,2,0
550435,WISCONSIN,WI,1,1,0,0,1,1,27,0,ASHLAND,3,10,October,2012,4,Wednesday,17,10,0,4,4,0,43.50720000,-88.57116667,1,1,0,0,0,1,0
550436,WISCONSIN,WI,2,2,0,0,2,2,89,0,BROWNSBORO,5,10,October,2012,6,Friday,12,47,0,13,4,0,43.33123056,-87.93493611,12,1,0,0,0,1,0
550437,WISCONSIN,WI,2,2,0,0,5,5,75,0,BEAVERTON,5,10,October,2012,6,Friday,23,29,1,2,2,0,45.29234444,-87.99203889,12,3,0,0,0,1,1
550438,WISCONSIN,WI,1,1,1,1,1,1,47,3950,BROWNS,3,10,October,2012,4,Wednesday,14,58,0,5,4,0,43.84170556,-89.12858056,8,1,0,0,0,1,0
550439,WISCONSIN,WI,1,1,1,1,1,1,25,2780,BARLOW BEND,3,10,October,2012,4,Wednesday,17,1,0,14,6,0,43.11411944,-89.35902222,9,1,0,0,0,1,0
550440,WISCONSIN,WI,1,1,1,1,1,1,25,0,BARLOW BEND,8,10,October,2012,2,Monday,11,37,0,2,4,0,43.12976944,-89.44210278,9,1,0,0,0,1,0
550441,WISCONSIN,WI,2,2,0,0,3,3,53,0,ATMORE,10,10,October,2012,4,Wednesday,10,8,0,3,2,0,44.32582222,-90.83263333,12,1,0,0,0,1,0
550442,WISCONSIN,WI,1,1,0,0,2,2,51,0,CENTRAL,6,10,October,2012,7,Saturday,13,9,0,3,3,0,46.08707222,-89.98595000,42,1,0,0,0,1,0
550443,WISCONSIN,WI,1,1,0,0,1,1,31,0,COFFEE,6,10,October,2012,7,Saturday,17,23,0,3,3,0,46.52650556,-91.58130278,34,1,0,0,0,1,1
550444,WISCONSIN,WI,1,1,0,0,1,1,81,0,AUBURN,11,10,October,2012,5,Thursday,5,0,1,1,1,294,43.94383056,-90.74131389,34,3,0,0,0,1,1
550446,WISCONSIN,WI,1,1,0,0,1,1,75,0,BEAVERTON,12,10,October,2012,6,Friday,1,9,0,6,5,0,45.31257222,-88.19841944,42,2,0,0,0,1,1
550447,WISCONSIN,WI,1,1,1,1,1,1,131,2070,ARLINGTON,14,10,October,2012,1,Sunday,18,55,0,14,4,0,43.31179444,-88.35440000,8,2,0,0,0,1,0
550448,WISCONSIN,WI,1,1,0,0,3,3,25,2780,BARLOW BEND,13,10,October,2012,7,Saturday,5,27,0,14,6,0,43.05200000,-89.48270833,42,3,0,0,0,1,1
550449,WISCONSIN,WI,1,1,0,0,1,1,77,0,ANDERSON,13,10,October,2012,7,Saturday,23,35,0,2,3,0,43.78875833,-89.49723056,35,2,0,0,0,1,1
550450,WISCONSIN,WI,2,2,0,0,2,2,73,0,ARGO,9,10,October,2012,3,Tuesday,6,52,0,4,4,0,44.90173333,-89.71588611,11,1,0,0,0,1,0
550451,WISCONSIN,WI,1,1,0,0,1,1,39,5090,ANDALUSIA,2,10,October,2012,3,Tuesday,19,26,0,16,6,0,43.64080278,-88.71698333,11,3,0,0,0,1,0
550452,WISCONSIN,WI,2,2,0,0,2,2,73,4230,ARGO,3,10,October,2012,4,Wednesday,19,10,0,13,2,0,44.86621111,-89.63987222,12,2,0,0,0,1,0
550453,WISCONSIN,WI,2,2,0,0,2,2,27,0,ASHLAND,16,10,October,2012,3,Tuesday,10,53,0,3,3,0,43.32858056,-88.77651944,12,1,0,0,0,1,0
550454,WISCONSIN,WI,1,1,0,0,1,1,7,0,BIBB,16,10,October,2012,3,Tuesday,21,15,1,2,2,0,46.58581111,-90.92928333,59,2,0,0,0,1,0
550455,WISCONSIN,WI,1,1,1,1,1,1,79,2015,COURTLAND,15,10,October,2012,2,Monday,15,2,1,13,3,0,42.95800278,-87.97039722,8,1,0,0,0,1,0
550456,WISCONSIN,WI,1,1,1,1,1,1,119,0,BELLAMY,18,10,October,2012,5,Thursday,7,1,0,3,3,0,45.16393056,-90.78188333,8,2,0,0,0,1,0
550457,WISCONSIN,WI,1,1,0,0,1,1,75,0,BEAVERTON,21,10,October,2012,1,Sunday,3,5,0,6,5,0,45.62620556,-87.96717222,42,2,0,0,0,1,1
550458,WISCONSIN,WI,2,2,0,0,2,2,133,2080,ARLEY,21,10,October,2012,1,Sunday,15,46,0,12,3,0,43.10985000,-88.34683056,12,1,0,0,0,1,0
550459,WISCONSIN,WI,2,2,0,0,3,3,21,0,CHILTON,23,10,October,2012,3,Tuesday,10,57,0,5,4,0,43.61398056,-89.26344722,12,1,0,0,0,2,0
550460,WISCONSIN,WI,2,2,0,0,3,3,95,0,ALBERTVILLE,23,10,October,2012,3,Tuesday,14,17,0,3,3,0,45.56270278,-92.48891944,12,1,0,0,0,1,0
550461,WISCONSIN,WI,1,1,0,0,1,1,123,0,ALEXANDER CITY,18,10,October,2012,5,Thursday,21,20,0,6,5,0,43.62706944,-90.41952500,35,2,0,0,0,1,1
550462,WISCONSIN,WI,2,2,0,0,3,3,133,0,ARLEY,24,10,October,2012,4,Wednesday,14,55,0,13,3,0,43.01661111,-88.38369722,12,1,0,0,0,1,0
550463,WISCONSIN,WI,1,1,0,0,3,3,127,0,BURNWELL,24,10,October,2012,4,Wednesday,18,15,0,3,3,0,42.77670000,-88.74930833,30,5,0,0,0,1,0
550464,WISCONSIN,WI,1,1,0,0,1,1,67,0,ABBEVILLE,24,10,October,2012,4,Wednesday,12,51,0,5,4,0,45.10181944,-89.15467500,42,1,0,0,0,1,0
550465,WISCONSIN,WI,1,1,0,0,2,2,117,0,BIRMINGHAM,30,10,October,2012,3,Tuesday,17,10,0,6,5,0,43.68395556,-88.04065833,42,1,0,0,0,1,0
550466,WISCONSIN,WI,1,1,0,0,1,1,49,0,COLLINSVILLE,31,10,October,2012,4,Wednesday,6,36,0,4,4,0,43.15174444,-90.03068333,11,2,0,0,0,1,0
550467,WISCONSIN,WI,1,1,0,0,1,1,31,3540,COFFEE,13,10,October,2012,7,Saturday,18,43,0,15,4,0,46.64900556,-92.19786944,11,2,0,0,0,1,1
550468,WISCONSIN,WI,1,1,0,0,1,1,101,0,BOYLSTON,19,10,October,2012,6,Friday,10,32,0,4,4,0,42.83417778,-88.28313333,32,1,0,0,0,1,0
550469,WISCONSIN,WI,2,1,0,0,1,1,79,5160,COURTLAND,20,10,October,2012,7,Saturday,20,12,0,14,6,0,42.99742500,-88.00700000,45,3,0,0,0,1,1
550470,WISCONSIN,WI,1,1,0,0,2,2,27,5050,ASHLAND,20,10,October,2012,7,Saturday,1,49,0,16,6,0,43.20205556,-88.70907222,30,3,0,0,0,1,1
550471,WISCONSIN,WI,1,1,1,1,1,1,79,3100,COURTLAND,23,10,October,2012,3,Tuesday,18,50,0,15,6,0,43.08839167,-87.95198056,8,3,0,0,0,1,0
550472,WISCONSIN,WI,2,2,0,0,4,4,21,3830,CHILTON,19,10,October,2012,6,Friday,14,23,0,13,2,0,43.54346944,-89.46259167,12,1,0,0,0,1,0
550473,WISCONSIN,WI,2,2,0,0,2,2,95,0,ALBERTVILLE,20,10,October,2012,7,Saturday,8,51,0,6,5,0,45.23733056,-92.33676389,12,1,0,0,0,1,0
550474,WISCONSIN,WI,2,2,0,0,3,3,27,0,ASHLAND,24,10,October,2012,4,Wednesday,14,18,0,5,4,0,43.53655556,-88.48005833,12,1,0,0,0,1,0
550475,WISCONSIN,WI,2,2,0,0,4,4,55,0,ATTALLA,25,10,October,2012,5,Thursday,9,29,0,2,3,0,43.13488333,-88.55382778,33,1,0,0,0,1,0
550476,WISCONSIN,WI,3,3,0,0,3,3,133,0,ARLEY,30,10,October,2012,3,Tuesday,5,56,0,13,3,0,42.95930000,-88.34020278,12,2,0,0,0,1,0
550477,WISCONSIN,WI,1,1,0,0,3,3,25,0,BARLOW BEND,26,10,October,2012,6,Friday,2,3,0,13,2,0,42.95984444,-89.28165833,42,2,0,0,0,3,1
550478,WISCONSIN,WI,1,1,1,1,1,1,131,5170,ARLINGTON,30,10,October,2012,3,Tuesday,18,30,0,13,6,0,43.41366667,-88.18106111,8,3,0,0,0,1,0
550479,WISCONSIN,WI,2,2,0,0,2,2,35,1470,BROOKLYN,26,10,October,2012,6,Friday,11,42,1,13,3,0,44.78015278,-91.53174444,12,1,0,0,0,1,0
550480,WISCONSIN,WI,5,4,0,0,4,4,79,5160,COURTLAND,21,10,October,2012,1,Sunday,19,24,0,13,3,0,43.01650000,-88.02332222,1,3,0,0,0,1,2
550481,WISCONSIN,WI,3,3,0,0,8,8,39,0,ANDALUSIA,28,10,October,2012,1,Sunday,13,25,1,2,3,0,43.69219167,-88.67440833,12,1,0,0,0,1,0
550482,WISCONSIN,WI,1,1,0,0,1,1,73,0,ARGO,4,11,November,2012,1,Sunday,2,40,0,6,5,0,44.78601111,-89.81021389,42,2,0,0,0,1,1
550483,WISCONSIN,WI,1,1,0,0,1,1,127,0,BURNWELL,5,11,November,2012,2,Monday,19,16,1,2,3,0,42.62784722,-88.59108333,42,2,0,0,0,1,1
550484,WISCONSIN,WI,1,1,0,0,2,2,35,0,BROOKLYN,4,11,November,2012,1,Sunday,2,4,1,2,3,0,44.61864444,-91.44967500,1,2,0,0,0,1,1
550485,WISCONSIN,WI,2,2,0,0,5,5,35,0,BROOKLYN,6,11,November,2012,3,Tuesday,7,10,1,2,3,0,44.66449444,-91.44810833,12,1,0,0,0,1,0
550486,WISCONSIN,WI,2,2,0,0,3,3,103,0,DANVILLE,9,11,November,2012,6,Friday,16,12,0,3,3,0,43.37800000,-90.38885278,12,1,0,0,0,2,0
550487,WISCONSIN,WI,1,1,0,0,2,2,57,0,BANKSTON,10,11,November,2012,7,Saturday,10,13,0,6,5,0,43.82996667,-90.05538333,34,1,0,0,0,1,0
550488,WISCONSIN,WI,1,1,0,0,1,1,133,470,ARLEY,12,11,November,2012,2,Monday,0,19,0,16,6,0,42.89356667,-88.19820556,42,2,0,0,0,1,1
550489,WISCONSIN,WI,2,1,0,2,2,4,133,708,ARLEY,1,11,November,2012,5,Thursday,2,44,1,11,1,3022,43.02555000,-88.08978056,14,3,0,0,0,1,1
550490,WISCONSIN,WI,2,2,0,0,2,2,25,0,BARLOW BEND,13,11,November,2012,3,Tuesday,7,52,0,13,2,0,42.94884444,-89.26964167,12,1,0,0,0,1,0
550491,WISCONSIN,WI,1,1,1,1,1,1,79,3100,COURTLAND,4,11,November,2012,1,Sunday,2,9,1,13,3,0,43.10170000,-87.99108611,8,3,0,0,0,1,0
550492,WISCONSIN,WI,1,1,0,0,1,1,35,1470,BROOKLYN,4,11,November,2012,1,Sunday,22,56,1,12,2,0,44.77939444,-91.43828333,1,2,0,0,0,1,1
550493,WISCONSIN,WI,2,2,0,0,2,2,39,0,ANDALUSIA,14,11,November,2012,4,Wednesday,15,16,0,6,5,0,43.75685556,-88.80539167,12,1,0,0,0,1,0
550494,WISCONSIN,WI,2,2,0,0,2,2,73,0,ARGO,6,11,November,2012,3,Tuesday,17,17,0,3,3,0,45.03211944,-89.46851111,12,2,0,0,0,1,0
550495,WISCONSIN,WI,2,2,0,0,2,2,73,0,ARGO,15,11,November,2012,5,Thursday,10,32,1,2,3,0,44.92907222,-90.27006111,12,1,0,0,0,1,0
550496,WISCONSIN,WI,1,1,0,0,3,3,39,1730,ANDALUSIA,16,11,November,2012,6,Friday,2,54,0,14,2,0,43.75364722,-88.41348056,42,2,0,0,0,1,0
550497,WISCONSIN,WI,1,1,0,0,1,1,57,0,BANKSTON,16,11,November,2012,6,Friday,9,35,1,1,1,581,43.90650278,-90.21540556,1,1,0,0,0,1,0
550498,WISCONSIN,WI,1,1,1,1,1,1,131,5170,ARLINGTON,6,11,November,2012,3,Tuesday,17,12,0,14,6,0,43.41798611,-88.17606944,9,3,0,0,0,1,0
550499,WISCONSIN,WI,1,1,0,0,5,5,43,0,BAILEYTON,21,11,November,2012,4,Wednesday,16,40,0,6,5,0,42.90872778,-90.62596111,38,1,0,0,0,1,0
550500,WISCONSIN,WI,2,2,0,0,3,3,9,9997,BLOUNT,16,11,November,2012,6,Friday,12,59,1,2,3,0,44.59124444,-88.20544444,12,1,0,0,0,1,0
550501,WISCONSIN,WI,1,1,0,0,1,1,79,3100,COURTLAND,23,11,November,2012,6,Friday,3,50,0,13,6,0,43.11944167,-87.98293056,30,3,0,0,0,1,1
550502,WISCONSIN,WI,2,2,0,0,5,5,73,0,ARGO,16,11,November,2012,6,Friday,16,10,0,4,3,0,44.77098611,-89.41228611,12,1,0,0,0,2,0
550503,WISCONSIN,WI,1,1,0,0,2,2,79,3100,COURTLAND,24,11,November,2012,7,Saturday,0,47,0,13,6,0,43.11930278,-87.97910556,30,3,0,0,0,2,1
550504,WISCONSIN,WI,1,1,0,0,1,1,5,0,BAKER HILL,25,11,November,2012,1,Sunday,21,21,0,5,4,0,45.25262500,-91.97944444,34,2,0,0,0,1,0
550505,WISCONSIN,WI,1,1,0,0,1,1,85,0,BENTON,18,11,November,2012,1,Sunday,5,16,0,4,5,0,45.82417500,-89.12828889,42,2,0,0,0,1,1
550506,WISCONSIN,WI,2,2,0,0,2,2,59,3795,FRANKLIN,18,11,November,2012,1,Sunday,9,7,0,13,4,0,42.49623889,-87.85287500,12,1,0,0,0,1,0
550507,WISCONSIN,WI,1,1,0,0,1,1,21,0,CHILTON,21,11,November,2012,4,Wednesday,14,30,0,5,4,0,43.32878889,-89.57599167,34,1,0,0,0,1,1
550508,WISCONSIN,WI,1,1,0,0,4,4,25,1724,BARLOW BEND,26,11,November,2012,2,Monday,17,15,0,13,4,0,43.01365556,-89.42703611,6,1,0,0,0,1,0
550509,WISCONSIN,WI,2,2,0,0,2,2,79,9997,COURTLAND,9,9,September,2012,1,Sunday,7,29,0,14,6,0,42.92666389,-87.87078056,12,1,0,0,0,1,1
550510,WISCONSIN,WI,1,1,1,1,1,1,79,3100,COURTLAND,28,11,November,2012,4,Wednesday,16,52,0,13,6,0,42.98826667,-87.89674167,8,3,0,0,0,1,0
550511,WISCONSIN,WI,1,1,0,0,1,1,35,1470,BROOKLYN,30,11,November,2012,6,Friday,0,19,1,12,2,0,44.84534167,-91.47372222,31,3,0,0,0,1,1
550512,WISCONSIN,WI,1,1,0,0,1,1,59,0,FRANKLIN,30,11,November,2012,6,Friday,10,48,0,15,4,0,42.53890833,-88.14333611,32,1,0,0,0,1,0
550513,WISCONSIN,WI,1,1,0,0,1,1,93,0,BEAR CREEK,28,11,November,2012,4,Wednesday,8,0,0,6,5,0,44.62673333,-92.25306389,42,1,0,0,0,1,1
550514,WISCONSIN,WI,1,1,0,0,1,1,109,2220,ANSLEY,23,11,November,2012,6,Friday,15,20,1,13,3,0,44.94864167,-92.69539167,24,1,0,0,0,1,0