ST_CASE,State Name,State Abbreviation,# of Vehicle involved,Parked_Vehicles_Involved,Pedestrains,Person_Not_in_Motor_Vehicle,Persons_in_motor_vehicle,Total_Persons_in_accident,COUNTY,CITY,City_County_Name,Calendar_DAY,MONTH,Month_name,YEAR,DAY_WEEK,Day_Week_desc,HOUR,MINUTE,NHS_Desc,trafficway,Route,MILEPT,LATITUDE,LONGITUD,First_Crash_event,Light_cond_desc,Weather_condition,School_bus_involved,Crash_cause,FATALS,DRUNK_DR
550515,WISCONSIN,WI,1,1,0,0,1,1,67,0,ABBEVILLE,26,11,November,2012,2,Monday,15,0,0,3,3,0,45.16796111,-88.80660556,42,1,0,0,0,1,0
550516,WISCONSIN,WI,1,1,0,0,1,1,39,0,ANDALUSIA,1,12,December,2012,7,Saturday,99,99,0,6,5,0,43.82230000,-88.69511111,35,9,0,0,0,1,1
550517,WISCONSIN,WI,1,1,0,0,1,1,135,0,ASH FLAT,2,12,December,2012,1,Sunday,1,19,0,6,5,0,44.30875000,-89.07328889,53,2,0,0,0,1,1
550518,WISCONSIN,WI,1,1,0,0,2,2,87,170,ARMSTRONG,2,12,December,2012,1,Sunday,1,34,0,16,6,0,44.26128611,-88.40602500,33,3,0,0,0,1,1
550519,WISCONSIN,WI,1,1,0,0,1,1,103,0,DANVILLE,2,12,December,2012,1,Sunday,1,45,0,5,4,0,43.45725278,-90.38661667,59,2,0,0,0,1,1
550520,WISCONSIN,WI,1,1,0,0,4,4,105,2320,MARION,2,12,December,2012,1,Sunday,1,55,1,11,1,1725,42.71388333,-88.98443889,34,2,0,0,0,1,0
550521,WISCONSIN,WI,1,1,0,0,1,1,111,0,GRAHAM,9,12,December,2012,1,Sunday,99,99,0,4,4,0,43.53637222,-89.63342222,53,2,0,0,0,1,1
550522,WISCONSIN,WI,1,1,0,0,1,1,81,4830,AUBURN,6,12,December,2012,5,Thursday,16,5,0,13,2,0,44.01461389,-90.50522222,59,1,0,0,0,1,0
550523,WISCONSIN,WI,2,2,0,0,3,3,93,0,BEAR CREEK,1,12,December,2012,7,Saturday,18,20,0,3,2,0,44.74183611,-92.63947778,12,2,0,0,0,1,0
550524,WISCONSIN,WI,1,1,1,1,1,1,117,0,BIRMINGHAM,4,12,December,2012,3,Tuesday,16,5,0,5,4,0,43.56736389,-88.12045278,8,1,0,0,0,1,0
550525,WISCONSIN,WI,1,1,0,0,1,1,1,0,AUTAUGA,12,12,December,2012,4,Wednesday,0,44,0,4,4,0,43.79780556,-89.87475000,42,2,0,0,0,1,1
550526,WISCONSIN,WI,1,1,0,0,1,1,99,0,BEATRICE,27,12,December,2012,5,Thursday,11,18,0,6,5,0,46.01254167,-90.13010833,43,1,0,0,0,1,0
550527,WISCONSIN,WI,1,1,0,0,1,1,1,0,AUTAUGA,30,12,December,2012,1,Sunday,1,0,0,6,5,0,43.83075833,-89.70508611,42,2,0,0,0,1,1
550528,WISCONSIN,WI,1,1,0,0,1,1,125,0,BROOKWOOD,31,12,December,2012,2,Monday,19,15,0,6,5,0,45.95708889,-89.52415278,1,2,0,0,0,1,1
550529,WISCONSIN,WI,2,2,0,0,2,2,101,3970,BOYLSTON,6,12,December,2012,5,Thursday,14,33,0,14,6,0,42.70755000,-87.79918889,12,1,0,0,0,1,0
550530,WISCONSIN,WI,2,2,0,0,3,3,59,0,FRANKLIN,7,12,December,2012,6,Friday,15,11,0,3,3,0,42.63655556,-88.09175000,12,1,0,0,0,1,0
550531,WISCONSIN,WI,2,2,1,1,2,2,79,3100,COURTLAND,9,12,December,2012,1,Sunday,9,52,0,16,6,0,43.01995556,-87.94368333,12,1,0,0,0,1,0
550532,WISCONSIN,WI,1,1,0,0,1,1,79,9997,COURTLAND,13,12,December,2012,5,Thursday,1,52,0,16,6,0,42.89367222,-87.85763333,42,3,0,0,0,1,1
550533,WISCONSIN,WI,1,1,0,0,2,2,133,0,ARLEY,14,12,December,2012,6,Friday,2,8,0,14,4,0,43.10818333,-88.27245556,34,2,0,0,0,2,1
550534,WISCONSIN,WI,2,2,0,0,3,3,139,0,CALION,15,12,December,2012,7,Saturday,17,9,0,14,4,0,43.95326944,-88.54355556,12,2,0,0,0,1,1
550535,WISCONSIN,WI,1,1,0,0,1,1,23,0,BLADON SPRINGS,14,12,December,2012,6,Friday,10,34,0,2,3,0,43.08543889,-91.13749167,34,1,0,0,0,1,0
550536,WISCONSIN,WI,1,1,0,0,1,1,79,3100,COURTLAND,18,12,December,2012,3,Tuesday,21,48,0,16,6,0,43.05509722,-87.90838611,33,3,0,0,0,1,1
550537,WISCONSIN,WI,1,1,0,0,1,1,59,0,FRANKLIN,20,12,December,2012,5,Thursday,21,10,0,6,5,0,42.65432778,-87.88336944,10,2,0,0,0,1,0
550538,WISCONSIN,WI,2,2,0,0,3,3,127,0,BURNWELL,10,12,December,2012,2,Monday,19,50,0,4,5,0,42.53084722,-88.52288056,12,2,0,0,0,1,0
550539,WISCONSIN,WI,1,1,1,1,1,1,63,2490,BOLIGEE,10,12,December,2012,2,Monday,6,54,0,14,3,0,43.81264444,-91.23898889,8,3,0,0,0,1,0
550540,WISCONSIN,WI,1,1,1,1,1,1,27,0,ASHLAND,17,12,December,2012,2,Monday,20,16,0,4,4,0,43.36017500,-88.59592778,8,2,0,0,0,1,0
550541,WISCONSIN,WI,1,1,0,0,2,2,79,3100,COURTLAND,25,12,December,2012,3,Tuesday,23,43,0,14,6,0,42.99487500,-87.95846389,30,3,0,0,0,1,1
550542,WISCONSIN,WI,2,2,0,0,2,2,63,3560,BOLIGEE,11,12,December,2012,3,Tuesday,12,46,0,14,6,0,43.87248889,-91.19533333,12,1,0,0,0,1,0
550543,WISCONSIN,WI,2,2,0,0,2,2,43,3790,BAILEYTON,11,12,December,2012,3,Tuesday,15,33,1,2,2,0,42.70192222,-90.52774722,12,1,0,0,0,1,0
550544,WISCONSIN,WI,1,1,0,0,2,2,59,0,FRANKLIN,29,12,December,2012,7,Saturday,6,51,1,1,1,3472,42.52202500,-87.95161944,38,1,0,0,0,1,0
550545,WISCONSIN,WI,1,1,1,1,1,1,79,2010,COURTLAND,17,12,December,2012,2,Monday,17,48,0,14,6,0,42.94501111,-87.99851389,8,3,0,0,0,1,0
550546,WISCONSIN,WI,1,1,0,0,1,1,97,0,AXIS,18,12,December,2012,3,Tuesday,17,48,0,4,4,0,44.24628889,-89.64657500,59,2,0,0,0,1,1
550547,WISCONSIN,WI,2,2,0,0,3,3,105,0,MARION,19,12,December,2012,4,Wednesday,21,28,1,2,3,0,42.67205278,-89.19135278,12,2,0,0,0,2,0
550548,WISCONSIN,WI,3,3,0,0,7,7,131,2410,ARLINGTON,24,12,December,2012,2,Monday,21,50,0,3,2,0,43.51645000,-88.22551667,12,3,0,0,0,1,1
550549,WISCONSIN,WI,3,3,2,2,1,1,81,0,AUBURN,28,9,September,2012,6,Friday,8,5,0,3,3,0,44.13543889,-90.31676944,12,1,0,0,23,1,0
550550,WISCONSIN,WI,2,1,0,0,4,4,79,3100,COURTLAND,25,12,December,2012,3,Tuesday,15,17,0,14,6,0,43.07650000,-87.94721389,14,1,0,0,0,1,0
550551,WISCONSIN,WI,2,2,0,0,6,6,127,1310,BURNWELL,14,9,September,2012,6,Friday,18,14,1,13,3,0,42.62776944,-88.59998889,12,1,0,0,0,1,0
560001,WYOMING,WY,2,2,0,0,2,2,25,0,BARLOW BEND,2,1,January,2012,2,Monday,6,45,0,4,2,1820,42.84607778,-106.20343889,12,2,0,0,0,1,1
560002,WYOMING,WY,1,1,0,0,1,1,5,0,BAKER HILL,9,1,January,2012,2,Monday,7,59,1,2,3,780,43.80351389,-105.47041389,24,1,0,0,0,1,0
560003,WYOMING,WY,1,1,0,0,4,4,13,0,BOLLING,2,1,January,2012,2,Monday,11,50,0,6,8,0,42.98364167,-108.61205000,35,1,0,0,0,1,1
560004,WYOMING,WY,1,1,0,0,1,1,9,0,BLOUNT,12,1,January,2012,5,Thursday,12,0,0,5,3,80,42.64494167,-105.38847778,1,1,0,0,0,1,0
560005,WYOMING,WY,1,1,0,0,1,1,3,0,BALDWIN,15,1,January,2012,1,Sunday,11,23,1,2,2,1895,44.28376389,-108.04042500,1,1,0,0,0,1,1
560006,WYOMING,WY,2,2,0,0,6,6,21,0,CHILTON,22,1,January,2012,1,Sunday,7,45,1,1,1,3769,41.15815000,-104.52449722,12,4,11,0,0,1,0
560007,WYOMING,WY,1,1,0,0,1,1,13,460,BOLLING,28,1,January,2012,7,Saturday,18,44,1,13,3,813,42.83533889,-108.72029444,33,2,0,0,0,1,1
560008,WYOMING,WY,1,1,0,0,1,1,13,0,BOLLING,10,2,February,2012,6,Friday,8,40,1,2,2,1240,43.22058056,-108.17214444,31,1,0,0,0,1,1
560009,WYOMING,WY,1,1,1,1,1,1,19,0,CEDAR BLUFF,9,2,February,2012,5,Thursday,23,56,1,1,1,2531,43.70218611,-106.64669444,8,2,0,0,0,1,0
560010,WYOMING,WY,3,3,0,0,3,3,21,100,CHILTON,21,2,February,2012,3,Tuesday,14,28,0,13,6,0,41.14940556,-104.78916944,12,1,0,0,0,1,0
560011,WYOMING,WY,1,1,0,0,2,2,27,0,ASHLAND,20,2,February,2012,2,Monday,20,10,1,2,2,598,42.66402222,-104.12072778,1,2,0,0,0,1,1
560012,WYOMING,WY,3,3,0,0,3,3,1,0,AUTAUGA,3,3,March,2012,7,Saturday,9,10,0,3,2,2847,41.81432778,-105.99224167,12,1,0,0,0,1,0
560013,WYOMING,WY,1,1,0,0,1,1,3,0,BALDWIN,4,3,March,2012,1,Sunday,20,55,0,3,2,428,44.83293333,-108.44839444,1,2,0,0,0,1,1
560014,WYOMING,WY,2,2,0,0,10,10,37,0,BRADFORD,9,3,March,2012,6,Friday,3,25,1,1,1,1776,41.70124722,-107.90857500,12,2,0,0,0,1,1
560015,WYOMING,WY,1,1,0,0,4,4,33,0,CHEROKEE,10,3,March,2012,7,Saturday,21,48,0,5,4,97,44.76473056,-107.16565556,1,2,0,0,0,1,1
560016,WYOMING,WY,1,1,0,0,2,2,15,0,ANNISTON,17,3,March,2012,7,Saturday,13,0,1,2,2,1124,42.26116111,-104.29366944,1,1,0,0,0,1,0
560017,WYOMING,WY,2,2,0,0,3,3,11,0,BULLOCK,14,3,March,2012,4,Wednesday,17,50,1,2,2,114,44.90902222,-104.23757222,12,1,0,0,0,1,0
560018,WYOMING,WY,1,1,0,0,1,1,33,0,CHEROKEE,18,3,March,2012,1,Sunday,23,0,0,4,2,317,44.69126111,-106.93034722,34,2,0,0,0,1,1
560019,WYOMING,WY,2,2,0,0,5,5,23,0,BLADON SPRINGS,23,3,March,2012,6,Friday,14,42,1,2,2,595,41.76341667,-110.44783889,31,1,0,0,0,2,0
560020,WYOMING,WY,1,1,1,1,1,1,25,90,BARLOW BEND,29,3,March,2012,5,Thursday,8,36,0,16,6,0,42.84873333,-106.29806667,8,1,0,0,0,1,0
560021,WYOMING,WY,1,1,0,0,1,1,19,0,CEDAR BLUFF,1,4,April,2012,1,Sunday,16,5,1,2,2,866,44.33045000,-106.80432500,24,1,0,0,0,1,0
560022,WYOMING,WY,2,2,0,0,3,3,21,0,CHILTON,5,4,April,2012,5,Thursday,0,54,1,1,1,3540,41.11098611,-104.95539167,12,2,0,0,0,1,0
560023,WYOMING,WY,1,1,0,0,1,1,27,0,ASHLAND,8,4,April,2012,1,Sunday,12,15,0,4,3,5270,42.65242778,-104.62156389,34,1,0,0,0,1,1
560024,WYOMING,WY,1,1,1,1,1,1,25,90,BARLOW BEND,11,4,April,2012,4,Wednesday,8,48,0,14,6,0,42.84876944,-106.29277222,8,1,0,0,0,1,0
560025,WYOMING,WY,2,2,0,0,4,4,1,0,AUTAUGA,15,4,April,2012,1,Sunday,14,45,1,2,2,4230,41.02774167,-105.43222500,12,1,0,0,0,1,0
560026,WYOMING,WY,2,2,0,0,2,2,9,200,BLOUNT,18,4,April,2012,4,Wednesday,14,53,1,13,3,26,42.78191111,-105.37465556,12,1,0,0,0,1,0
560027,WYOMING,WY,1,1,0,0,2,2,7,0,BIBB,19,4,April,2012,5,Thursday,3,50,1,1,1,2725,41.59743056,-106.20093611,23,2,0,0,0,1,0
560028,WYOMING,WY,1,1,0,0,1,1,3,0,BALDWIN,22,4,April,2012,1,Sunday,19,40,0,4,3,1064,44.40120000,-108.14727500,31,1,0,0,0,1,1
560029,WYOMING,WY,4,4,0,0,7,7,21,100,CHILTON,29,4,April,2012,1,Sunday,10,37,1,11,1,3648,41.12443056,-104.75123333,12,1,0,0,0,1,0
560030,WYOMING,WY,2,2,0,0,2,2,21,100,CHILTON,1,5,May,2012,3,Tuesday,14,15,0,13,3,27,41.19991944,-104.82830833,12,1,0,0,0,1,0
560031,WYOMING,WY,1,1,0,0,2,2,5,0,BAKER HILL,2,5,May,2012,4,Wednesday,15,46,0,6,4,30,44.32758889,-105.10486111,1,1,0,0,0,1,0
560032,WYOMING,WY,1,1,0,0,1,1,7,0,BIBB,13,5,May,2012,1,Sunday,13,11,1,1,1,2487,41.74001389,-106.57496944,1,1,0,0,0,1,0
560033,WYOMING,WY,1,1,0,0,1,1,25,90,BARLOW BEND,15,5,May,2012,3,Tuesday,0,22,0,16,6,0,42.83546111,-106.32594444,42,2,0,0,0,1,0
560034,WYOMING,WY,1,1,0,0,4,4,13,0,BOLLING,18,5,May,2012,6,Friday,4,2,1,2,2,941,43.22138333,-107.99682500,1,2,0,0,0,1,0
560035,WYOMING,WY,1,1,0,0,1,1,7,0,BIBB,18,5,May,2012,6,Friday,19,48,1,1,1,2588,41.70129444,-106.39473611,52,5,0,0,0,1,1
560036,WYOMING,WY,2,2,0,0,3,3,25,0,BARLOW BEND,27,5,May,2012,1,Sunday,2,55,1,2,2,189,42.94350556,-106.61529444,12,2,0,0,0,2,0
560037,WYOMING,WY,1,1,0,0,4,4,1,0,AUTAUGA,29,5,May,2012,3,Tuesday,0,30,1,1,1,2987,41.35188889,-105.72165833,1,2,0,0,0,1,0
560038,WYOMING,WY,1,1,0,0,4,4,19,0,CEDAR BLUFF,31,5,May,2012,5,Thursday,20,43,1,1,1,2705,43.94435556,-106.64525278,1,2,0,0,0,2,0
560039,WYOMING,WY,2,2,0,0,2,2,33,750,CHEROKEE,4,6,June,2012,2,Monday,9,2,1,11,1,215,44.82555556,-106.94833333,1,1,0,0,0,1,0
560040,WYOMING,WY,1,1,0,0,1,1,29,0,BORDEN SPRINGS,3,6,June,2012,1,Sunday,22,45,0,5,4,25,44.89996111,-109.16089722,31,2,0,0,0,1,1
560041,WYOMING,WY,1,1,0,0,1,1,25,90,BARLOW BEND,6,6,June,2012,4,Wednesday,20,17,0,5,6,0,42.87955833,-106.31579167,11,1,0,0,0,1,0
560042,WYOMING,WY,1,1,0,0,3,3,5,0,BAKER HILL,6,6,June,2012,4,Wednesday,2,25,0,4,3,1410,44.27960278,-105.17610833,34,2,0,0,0,1,1
560043,WYOMING,WY,2,2,0,0,5,5,25,90,BARLOW BEND,8,6,June,2012,6,Friday,0,37,0,13,2,11,42.85133611,-106.31242500,12,3,0,0,0,1,0
560044,WYOMING,WY,2,2,0,0,4,4,39,0,ANDALUSIA,14,6,June,2012,5,Thursday,12,38,1,2,2,1870,44.44119722,-110.80137778,12,1,0,0,0,1,0
560045,WYOMING,WY,2,2,0,0,2,2,9,0,BLOUNT,21,6,June,2012,5,Thursday,22,15,1,2,3,90,42.84580833,-105.28680833,12,2,0,0,0,1,1
560046,WYOMING,WY,1,1,0,0,2,2,19,0,CEDAR BLUFF,23,6,June,2012,7,Saturday,15,10,1,1,1,440,44.45077778,-106.76909722,23,1,0,0,0,1,0
560047,WYOMING,WY,2,2,0,0,5,5,23,0,BLADON SPRINGS,28,6,June,2012,5,Thursday,10,32,1,2,2,961,42.86705000,-110.98463333,31,1,0,0,0,1,0
560048,WYOMING,WY,2,2,0,0,3,3,5,0,BAKER HILL,28,6,June,2012,5,Thursday,15,19,0,3,3,1483,43.74246389,-105.52758333,12,1,0,0,0,1,0
560049,WYOMING,WY,1,1,0,0,1,1,19,0,CEDAR BLUFF,29,6,June,2012,6,Friday,21,0,1,2,2,583,44.15227500,-107.02671111,31,5,0,0,0,1,1
560050,WYOMING,WY,2,2,0,0,9,9,17,0,CHAMBERS,30,6,June,2012,7,Saturday,10,23,1,2,3,335,43.98458611,-108.61224722,12,1,0,0,0,5,0
560051,WYOMING,WY,1,1,0,0,4,4,37,0,BRADFORD,23,6,June,2012,7,Saturday,11,0,0,3,2,5160,41.34656667,-109.26946667,31,1,0,0,0,1,0
560052,WYOMING,WY,1,1,0,0,1,1,23,0,BLADON SPRINGS,1,7,July,2012,1,Sunday,14,10,1,2,2,205,42.01642500,-110.93661944,1,1,0,0,0,1,0
560053,WYOMING,WY,1,1,0,0,7,7,31,0,COFFEE,7,7,July,2012,7,Saturday,12,20,1,1,1,1136,42.53068333,-105.02935278,1,1,0,0,0,1,0
560054,WYOMING,WY,1,1,0,0,4,4,5,310,BAKER HILL,7,7,July,2012,7,Saturday,1,50,1,11,1,1281,44.28690833,-105.46811667,1,2,0,0,0,1,1
560055,WYOMING,WY,1,1,0,0,1,1,37,0,BRADFORD,1,7,July,2012,1,Sunday,22,0,0,6,4,5,41.54739722,-109.30446667,41,2,0,0,0,1,1
560056,WYOMING,WY,1,1,0,0,3,3,37,0,BRADFORD,6,7,July,2012,6,Friday,16,19,0,6,8,0,41.63903333,-109.20106944,1,1,0,0,0,1,1
560057,WYOMING,WY,1,1,0,0,2,2,13,0,BOLLING,3,7,July,2012,3,Tuesday,17,11,1,2,2,860,43.17845833,-107.85832222,11,1,0,0,0,1,0
560058,WYOMING,WY,3,3,0,0,5,5,1,0,AUTAUGA,23,7,July,2012,2,Monday,14,45,1,2,2,4245,41.01065833,-105.42005278,12,1,0,0,0,1,0
560059,WYOMING,WY,2,2,0,0,3,3,37,0,BRADFORD,7,7,July,2012,7,Saturday,22,14,1,1,1,647,41.53493611,-109.93399444,12,2,0,0,0,1,1
560060,WYOMING,WY,1,1,0,0,2,2,37,0,BRADFORD,24,7,July,2012,3,Tuesday,18,41,1,1,1,954,41.53287778,-109.37328333,35,1,0,0,0,2,0
560061,WYOMING,WY,2,2,0,0,2,2,21,100,CHILTON,25,7,July,2012,4,Wednesday,21,55,0,15,7,20,41.15327222,-104.67044167,12,3,0,0,0,1,1
560062,WYOMING,WY,1,1,0,0,4,4,41,0,BRANTLEY,3,8,August,2012,6,Friday,23,25,1,1,1,158,41.29547500,-110.77440833,1,2,0,0,0,1,0
560063,WYOMING,WY,2,2,0,0,3,3,39,0,ANDALUSIA,4,8,August,2012,7,Saturday,15,20,1,2,2,1349,43.26505000,-110.78475556,12,1,0,0,0,2,0
560064,WYOMING,WY,1,1,0,0,2,2,1,0,AUTAUGA,6,8,August,2012,2,Monday,14,40,0,3,3,110,41.66376111,-105.53368333,38,1,0,0,0,1,0
560065,WYOMING,WY,2,2,0,0,2,2,21,100,CHILTON,10,8,August,2012,6,Friday,7,0,1,11,1,5,41.00545000,-104.90550278,12,1,0,0,0,1,0
560066,WYOMING,WY,2,2,0,0,3,3,23,0,BLADON SPRINGS,11,8,August,2012,7,Saturday,5,35,1,2,2,610,42.44616111,-110.98420556,12,4,0,0,0,1,1
560067,WYOMING,WY,2,2,0,0,7,7,27,0,ASHLAND,12,8,August,2012,1,Sunday,10,50,1,2,2,1773,43.13612222,-104.34613333,12,1,0,0,0,2,0
560068,WYOMING,WY,1,1,0,0,1,1,3,0,BALDWIN,13,8,August,2012,2,Monday,22,26,1,2,2,2030,44.47407222,-108.05736944,1,2,0,0,0,1,1
560069,WYOMING,WY,1,1,0,0,2,2,29,0,BORDEN SPRINGS,14,8,August,2012,3,Tuesday,23,14,0,6,4,20,44.75363611,-108.63071111,1,2,0,0,0,1,1
560070,WYOMING,WY,2,2,0,0,2,2,13,0,BOLLING,10,8,August,2012,6,Friday,16,45,1,2,2,150,42.99539722,-108.87516389,12,1,0,0,0,1,0
560071,WYOMING,WY,1,1,0,0,1,1,5,310,BAKER HILL,30,8,August,2012,5,Thursday,0,16,0,13,3,35,44.26730833,-105.54641667,35,2,0,0,0,1,1
560072,WYOMING,WY,1,1,1,1,1,1,29,130,BORDEN SPRINGS,30,8,August,2012,5,Thursday,19,25,1,13,2,10,44.53344444,-109.04555000,8,1,0,0,0,1,0
560073,WYOMING,WY,1,1,0,0,2,2,35,0,BROOKLYN,25,8,August,2012,7,Saturday,16,15,0,6,8,0,43.32611111,-109.86805556,35,1,0,0,0,1,1
560074,WYOMING,WY,1,1,0,0,2,2,13,0,BOLLING,1,9,September,2012,7,Saturday,11,37,0,4,3,41,42.99153611,-108.29172778,1,1,0,0,0,1,0
560075,WYOMING,WY,1,1,0,0,2,2,19,0,CEDAR BLUFF,4,9,September,2012,3,Tuesday,18,20,1,2,2,863,44.32900556,-106.80893889,24,1,0,0,0,2,0
560076,WYOMING,WY,1,1,0,0,1,1,5,0,BAKER HILL,2,9,September,2012,1,Sunday,1,30,0,3,3,1582,44.83228333,-105.37091667,31,2,0,0,0,1,1
560077,WYOMING,WY,2,2,0,0,2,2,7,0,BIBB,4,9,September,2012,3,Tuesday,19,10,0,3,3,291,41.31586389,-107.75348056,12,1,0,0,0,1,0
560078,WYOMING,WY,1,1,0,0,1,1,37,0,BRADFORD,11,9,September,2012,3,Tuesday,14,56,1,1,1,976,41.54660278,-109.33636389,31,1,0,0,0,1,0
560079,WYOMING,WY,1,1,0,0,2,2,25,90,BARLOW BEND,12,9,September,2012,4,Wednesday,1,40,0,14,3,24,42.87775556,-106.35191111,35,2,0,0,0,1,1
560080,WYOMING,WY,2,2,0,0,2,2,23,0,BLADON SPRINGS,18,9,September,2012,3,Tuesday,20,38,1,2,2,815,42.67379444,-110.92350833,12,2,0,1,0,1,1
560081,WYOMING,WY,1,1,0,0,1,1,9,200,BLOUNT,18,9,September,2012,3,Tuesday,22,15,0,15,3,4,42.75798333,-105.41450000,35,2,0,0,0,1,1
560082,WYOMING,WY,1,1,0,0,2,2,37,730,BRADFORD,23,9,September,2012,1,Sunday,17,15,0,14,3,14,41.56678333,-109.21469722,1,1,0,0,0,1,0
560083,WYOMING,WY,1,1,0,0,1,1,39,0,ANDALUSIA,30,9,September,2012,1,Sunday,17,30,0,3,3,57,43.49777500,-110.87729444,24,1,0,0,0,1,0
560084,WYOMING,WY,2,2,0,0,2,2,9,0,BLOUNT,1,10,October,2012,2,Monday,15,45,0,4,3,35,42.87708333,-105.85576667,23,1,0,0,0,1,1
560085,WYOMING,WY,1,1,0,0,3,3,27,0,ASHLAND,3,10,October,2012,4,Wednesday,19,10,0,6,4,3,43.24653056,-104.62805556,34,2,0,0,0,1,1
560086,WYOMING,WY,1,1,0,0,5,5,9,0,BLOUNT,6,10,October,2012,7,Saturday,8,15,1,1,1,1354,42.73136944,-105.34031944,1,1,0,0,0,1,0
560087,WYOMING,WY,3,3,0,0,3,3,1,0,AUTAUGA,6,10,October,2012,7,Saturday,2,37,1,1,1,3301,41.15066667,-105.39153611,12,2,0,0,0,1,0
560088,WYOMING,WY,2,2,0,0,3,3,37,350,BRADFORD,14,10,October,2012,1,Sunday,18,10,0,15,6,0,41.50326944,-109.45902778,12,1,0,0,0,1,1
560089,WYOMING,WY,1,1,0,0,2,2,29,0,BORDEN SPRINGS,17,10,October,2012,4,Wednesday,12,11,0,6,4,2,44.72177778,-108.71936667,1,1,0,0,0,1,0
560090,WYOMING,WY,2,2,0,0,5,5,25,0,BARLOW BEND,20,10,October,2012,7,Saturday,14,55,1,1,1,2150,43.22709722,-106.37851111,12,1,0,0,0,1,0
560091,WYOMING,WY,1,1,0,0,3,3,25,0,BARLOW BEND,25,10,October,2012,5,Thursday,0,3,1,1,1,2307,43.44911111,-106.38306389,1,2,0,0,0,1,0
560092,WYOMING,WY,2,2,0,0,4,4,17,830,CHAMBERS,27,10,October,2012,7,Saturday,21,4,1,2,2,1334,43.65411667,-108.20163611,12,2,0,0,0,1,0
560093,WYOMING,WY,1,1,0,0,1,1,39,0,ANDALUSIA,25,10,October,2012,5,Thursday,9,40,1,2,2,1554,43.28102500,-110.59321667,1,1,0,0,0,1,0
560094,WYOMING,WY,2,2,0,0,2,2,23,0,BLADON SPRINGS,12,11,November,2012,2,Monday,19,25,1,2,2,356,41.82302500,-110.87649722,12,2,0,0,0,1,1
560095,WYOMING,WY,1,1,0,0,1,1,11,0,BULLOCK,1,11,November,2012,5,Thursday,18,0,0,6,4,13,44.26331389,-104.99552222,35,5,0,0,0,1,0
560096,WYOMING,WY,1,1,0,0,1,1,27,0,ASHLAND,18,11,November,2012,1,Sunday,13,30,0,4,3,5248,42.62841389,-104.64844444,31,1,0,0,0,1,0
560097,WYOMING,WY,2,1,1,1,1,1,5,310,BAKER HILL,18,11,November,2012,1,Sunday,20,38,1,1,1,1268,44.27945000,-105.48503611,8,2,0,0,0,1,1
560098,WYOMING,WY,1,1,0,0,1,1,7,0,BIBB,24,11,November,2012,7,Saturday,23,3,0,3,3,218,41.43240833,-106.80237222,1,2,0,0,0,1,0
560099,WYOMING,WY,1,1,0,0,1,1,13,0,BOLLING,24,11,November,2012,7,Saturday,3,50,1,2,2,1192,43.19398056,-108.23794444,31,2,0,0,0,1,1
560100,WYOMING,WY,1,1,1,1,1,1,21,100,CHILTON,27,11,November,2012,3,Tuesday,18,57,0,16,6,0,41.16003889,-104.76615000,8,3,0,0,0,1,0
560101,WYOMING,WY,3,3,0,0,3,3,37,350,BRADFORD,9,11,November,2012,6,Friday,12,18,0,13,3,5,41.52121944,-109.46354167,12,1,10,0,0,1,0
560102,WYOMING,WY,1,1,0,0,1,1,29,0,BORDEN SPRINGS,18,11,November,2012,1,Sunday,15,8,0,6,4,15,44.92904722,-109.07974167,38,1,0,0,0,1,1
560103,WYOMING,WY,2,2,0,0,3,3,19,0,CEDAR BLUFF,7,12,December,2012,6,Friday,15,10,0,3,3,70,43.69154167,-106.50744167,12,1,0,0,0,1,0
560104,WYOMING,WY,2,2,0,0,2,2,7,0,BIBB,8,12,December,2012,7,Saturday,1,58,0,3,2,2594,41.90033056,-106.43493333,12,2,0,0,0,1,0
560105,WYOMING,WY,1,1,0,0,1,1,31,0,COFFEE,8,12,December,2012,7,Saturday,23,0,1,1,1,1044,42.40386111,-105.04246111,1,2,0,0,0,1,0
560106,WYOMING,WY,1,1,0,0,2,2,21,100,CHILTON,10,12,December,2012,2,Monday,7,42,1,11,1,3589,41.11583611,-104.86317500,1,1,0,0,0,1,0
560107,WYOMING,WY,1,1,0,0,3,3,37,0,BRADFORD,14,12,December,2012,6,Friday,10,47,0,5,3,695,41.54381944,-109.85743611,33,1,0,0,0,1,1
560109,WYOMING,WY,1,1,0,0,1,1,13,0,BOLLING,24,12,December,2012,2,Monday,7,10,0,6,8,45,42.95339722,-108.72273889,1,1,0,0,0,1,0
560110,WYOMING,WY,1,1,0,0,2,2,7,0,BIBB,21,12,December,2012,6,Friday,1,10,0,4,3,25,41.02186111,-107.61389167,1,2,0,0,0,1,1
560111,WYOMING,WY,2,2,0,0,4,4,0,0,#N/A,4,7,July,2012,4,Wednesday,16,47,9,9,9,99999,99.99990000,999.99990000,12,1,0,0,0,1,0
560112,WYOMING,WY,2,2,0,0,2,2,0,0,#N/A,14,8,August,2012,3,Tuesday,16,55,9,9,9,99999,99.99990000,999.99990000,12,1,0,0,0,1,0
560113,WYOMING,WY,2,2,0,0,9,9,0,0,#N/A,20,8,August,2012,2,Monday,15,16,9,9,9,99999,99.99990000,999.99990000,12,1,0,0,0,1,0