ST_CASE,State Name,State Abbreviation,# of Vehicle involved,Parked_Vehicles_Involved,Pedestrains,Person_Not_in_Motor_Vehicle,Persons_in_motor_vehicle,Total_Persons_in_accident,COUNTY,CITY,City_County_Name,Calendar_DAY,MONTH,Month_name,YEAR,DAY_WEEK,Day_Week_desc,HOUR,MINUTE,NHS_Desc,trafficway,Route,MILEPT,LATITUDE,LONGITUD,First_Crash_event,Light_cond_desc,Weather_condition,School_bus_involved,Crash_cause,FATALS,DRUNK_DR
60381,CALIFORNIA,CA,2,2,0,0,3,3,73,0,ARGO,3,3,March,2012,7,Saturday,14,30,0,2,3,205,33.34716944,-117.11851111,12,1,0,0,0,1,0
60382,CALIFORNIA,CA,2,2,1,1,2,2,37,1970,BRADFORD,2,3,March,2012,6,Friday,20,41,0,14,6,0,33.78265556,-118.20531667,8,3,0,0,0,1,0
60383,CALIFORNIA,CA,1,1,0,0,1,1,65,0,CYPRESS,5,3,March,2012,2,Monday,18,8,1,1,1,184,33.91836111,-116.79701111,35,2,0,0,0,1,0
60384,CALIFORNIA,CA,1,1,1,1,2,2,81,3390,AUBURN,14,3,March,2012,4,Wednesday,0,30,1,12,2,141,37.57735000,-122.32133056,8,2,10,0,0,1,1
60385,CALIFORNIA,CA,1,1,0,0,1,1,87,0,ARMSTRONG,14,3,March,2012,4,Wednesday,1,30,0,2,4,0,37.04681944,-122.05883889,42,2,10,0,0,1,0
60386,CALIFORNIA,CA,2,2,0,0,8,8,107,0,CARROLLTON,14,3,March,2012,4,Wednesday,15,10,0,4,4,0,35.88051111,-119.47846944,12,1,0,0,0,1,0
60387,CALIFORNIA,CA,1,1,0,0,1,1,113,4258,COTTONTON,14,3,March,2012,4,Wednesday,17,15,1,11,1,82,38.69483889,-121.76276944,42,1,10,0,0,1,0
60388,CALIFORNIA,CA,1,1,1,1,1,1,37,1980,BRADFORD,14,3,March,2012,4,Wednesday,19,35,0,13,6,0,34.18304722,-118.37032500,8,3,0,0,0,1,0
60389,CALIFORNIA,CA,1,1,0,0,5,5,65,0,CYPRESS,14,3,March,2012,4,Wednesday,23,45,0,2,3,33,33.63208056,-117.42508889,35,2,0,0,0,1,0
60390,CALIFORNIA,CA,2,2,2,2,1,1,1,2480,AUTAUGA,15,3,March,2012,5,Thursday,4,15,0,12,3,73,37.82121111,-122.20706944,8,2,10,0,0,1,0
60391,CALIFORNIA,CA,1,1,1,1,2,2,37,1980,BRADFORD,15,3,March,2012,5,Thursday,22,55,0,13,6,0,34.03257222,-118.33683333,8,3,0,0,0,1,0
60392,CALIFORNIA,CA,1,1,0,0,2,2,37,0,BRADFORD,16,3,March,2012,6,Friday,2,18,0,2,4,0,33.93675000,-118.04158889,33,3,0,0,0,2,1
60393,CALIFORNIA,CA,2,2,0,0,2,2,71,2550,BRIDGEPORT,16,3,March,2012,6,Friday,3,35,1,11,1,81,34.06740278,-117.57614167,12,3,0,0,0,1,1
60394,CALIFORNIA,CA,1,1,0,0,2,2,71,2922,BRIDGEPORT,16,3,March,2012,6,Friday,5,10,1,12,3,56,34.13523889,-117.59953889,30,3,0,0,0,1,0
60395,CALIFORNIA,CA,1,1,0,0,1,1,45,0,ARITON,16,3,March,2012,6,Friday,10,25,0,2,3,260,39.16669167,-122.97283056,43,1,10,0,0,1,0
60396,CALIFORNIA,CA,2,2,0,0,3,3,1,2840,AUTAUGA,16,3,March,2012,6,Friday,15,0,1,11,1,170,37.70140000,-121.85405000,12,1,0,0,0,1,0
60397,CALIFORNIA,CA,1,1,0,0,2,2,13,2090,BOLLING,16,3,March,2012,6,Friday,15,22,0,14,6,0,38.00841667,-122.09585833,30,1,10,0,0,1,0
60398,CALIFORNIA,CA,1,1,0,0,1,1,65,0,CYPRESS,16,3,March,2012,6,Friday,20,55,0,4,4,0,33.57213056,-117.06956111,58,2,0,0,0,1,1
60399,CALIFORNIA,CA,2,2,0,0,2,2,35,0,BROOKLYN,21,3,March,2012,4,Wednesday,12,28,1,2,2,145,39.91221111,-120.01463056,12,1,0,0,0,1,1
60400,CALIFORNIA,CA,2,2,0,0,3,3,37,0,BRADFORD,21,3,March,2012,4,Wednesday,22,25,0,3,4,0,33.94548611,-118.29215278,12,3,0,0,0,1,0
60401,CALIFORNIA,CA,1,1,0,0,1,1,71,0,BRIDGEPORT,30,3,March,2012,6,Friday,8,37,0,4,4,0,34.20818889,-117.45673889,17,1,0,0,0,1,0
60402,CALIFORNIA,CA,2,2,0,0,3,3,73,560,ARGO,30,3,March,2012,6,Friday,17,40,0,13,6,0,33.15172778,-117.30896944,12,1,0,0,0,1,0
60403,CALIFORNIA,CA,3,3,1,1,3,3,73,3260,ARGO,22,3,March,2012,5,Thursday,7,0,0,13,6,0,32.82166944,-117.15922778,9,4,0,0,0,1,0
60404,CALIFORNIA,CA,3,3,0,0,4,4,37,0,BRADFORD,19,3,March,2012,2,Monday,23,25,0,2,4,0,33.90194167,-118.26899444,12,3,0,0,0,1,0
60405,CALIFORNIA,CA,1,1,0,0,1,1,37,804,BRADFORD,30,3,March,2012,6,Friday,23,57,0,13,6,0,33.99967222,-118.15988611,43,3,0,0,0,1,1
60406,CALIFORNIA,CA,2,2,0,0,2,2,37,0,BRADFORD,22,3,March,2012,5,Thursday,14,20,1,1,1,241,34.02761944,-118.17248056,12,1,0,0,0,1,0
60407,CALIFORNIA,CA,2,2,0,0,2,2,67,2934,ABBEVILLE,30,3,March,2012,6,Friday,19,6,0,14,6,0,38.57018889,-121.33631667,5,1,0,0,0,1,0
60408,CALIFORNIA,CA,2,2,0,0,5,5,65,0,CYPRESS,30,3,March,2012,6,Friday,19,15,0,15,4,0,33.58381944,-116.21618889,12,5,0,0,0,1,1
60409,CALIFORNIA,CA,1,1,0,0,1,1,37,1980,BRADFORD,29,1,January,2012,1,Sunday,10,7,0,15,6,0,33.82818056,-118.37766111,30,1,0,0,0,1,0
60410,CALIFORNIA,CA,1,1,0,0,2,2,37,0,BRADFORD,16,3,March,2012,6,Friday,21,50,0,4,4,0,34.51656944,-118.10383056,24,2,0,0,0,1,1
60411,CALIFORNIA,CA,1,1,0,0,3,3,13,0,BOLLING,16,3,March,2012,6,Friday,21,53,0,2,4,0,37.97665000,-121.90680000,25,2,10,0,0,1,0
60412,CALIFORNIA,CA,1,1,1,1,2,2,37,1980,BRADFORD,17,3,March,2012,7,Saturday,2,15,0,13,6,0,34.18665556,-118.45791944,8,3,10,0,0,1,1
60413,CALIFORNIA,CA,1,1,1,1,1,1,73,3260,ARGO,17,3,March,2012,7,Saturday,6,32,0,13,6,0,32.70470278,-117.15810833,33,4,0,0,0,1,0
60414,CALIFORNIA,CA,1,1,1,1,1,1,37,1980,BRADFORD,17,3,March,2012,7,Saturday,6,35,0,14,6,0,34.27518611,-118.41325278,8,4,10,0,0,1,0
60415,CALIFORNIA,CA,1,1,0,0,1,1,99,0,BEATRICE,24,3,March,2012,7,Saturday,0,51,1,2,3,71,37.53991111,-120.89560000,38,2,0,0,0,1,0
60416,CALIFORNIA,CA,1,1,0,0,6,6,107,0,CARROLLTON,24,3,March,2012,7,Saturday,23,48,1,2,3,336,36.26180000,-119.36110000,42,2,0,0,0,3,1
60417,CALIFORNIA,CA,1,1,0,0,1,1,87,0,ARMSTRONG,18,3,March,2012,1,Sunday,0,44,1,12,3,104,36.97746944,-121.91011944,42,3,10,0,0,1,1
60418,CALIFORNIA,CA,1,1,0,0,1,1,17,2810,CHAMBERS,18,3,March,2012,1,Sunday,1,1,0,14,6,0,38.73189722,-120.78315556,32,3,10,0,0,1,1
60419,CALIFORNIA,CA,1,1,1,1,1,1,37,1980,BRADFORD,18,3,March,2012,1,Sunday,1,45,1,11,1,153,34.02218056,-118.19778889,8,2,0,0,0,1,0
60420,CALIFORNIA,CA,1,1,0,0,1,1,37,4030,BRADFORD,18,3,March,2012,1,Sunday,6,0,0,13,6,0,33.99882222,-118.19171111,30,4,0,0,0,1,1
60421,CALIFORNIA,CA,2,2,0,0,6,6,67,0,ABBEVILLE,6,2,February,2012,2,Monday,0,41,1,12,2,168,38.63945000,-121.20028056,12,2,0,0,0,3,1
60422,CALIFORNIA,CA,1,1,0,0,1,1,5,0,BAKER HILL,24,3,March,2012,7,Saturday,99,99,0,4,4,0,38.35151944,-120.74740000,32,2,0,0,0,1,1
60423,CALIFORNIA,CA,3,3,0,0,4,4,1,2840,AUTAUGA,25,3,March,2012,1,Sunday,20,45,1,11,1,190,37.68863889,-121.91813056,12,2,0,0,0,1,0
60424,CALIFORNIA,CA,1,1,0,0,1,1,45,0,ARITON,25,3,March,2012,1,Sunday,99,99,0,2,3,418,38.89811389,-123.21501389,17,2,0,0,0,1,1
60425,CALIFORNIA,CA,1,1,0,0,1,1,79,0,COURTLAND,26,3,March,2012,2,Monday,11,13,0,6,4,0,35.30236111,-120.77628889,42,1,0,0,0,1,1
60426,CALIFORNIA,CA,1,1,0,0,1,1,61,3110,BELLWOOD,26,3,March,2012,2,Monday,20,5,1,11,1,46,38.77441111,-121.24195000,42,2,0,0,0,1,0
60427,CALIFORNIA,CA,4,4,0,0,6,6,87,0,ARMSTRONG,16,3,March,2012,6,Friday,10,43,0,2,3,96,37.10448056,-121.97504722,12,1,10,0,0,1,0
60428,CALIFORNIA,CA,1,1,1,1,1,1,59,80,FRANKLIN,27,3,March,2012,3,Tuesday,11,0,0,14,6,0,33.83517778,-117.91762500,15,1,0,0,0,1,0
60429,CALIFORNIA,CA,1,1,0,0,3,3,23,0,BLADON SPRINGS,27,3,March,2012,3,Tuesday,14,7,0,2,3,6,40.54848889,-124.13423889,30,1,10,0,0,1,0
60430,CALIFORNIA,CA,1,1,0,0,1,1,73,0,ARGO,27,3,March,2012,3,Tuesday,99,99,0,2,3,528,33.42361111,-116.83510000,59,2,0,0,0,1,1
60431,CALIFORNIA,CA,1,1,0,0,1,1,37,11,BRADFORD,28,3,March,2012,4,Wednesday,0,35,0,14,6,0,34.09878889,-118.47298889,33,3,0,0,0,1,0
60432,CALIFORNIA,CA,1,1,1,1,1,1,19,1370,CEDAR BLUFF,28,3,March,2012,4,Wednesday,1,36,1,12,3,239,36.76463889,-119.83403056,8,2,0,0,0,1,0
60433,CALIFORNIA,CA,2,2,0,0,2,2,65,3070,CYPRESS,28,3,March,2012,4,Wednesday,1,58,1,11,1,434,33.99588056,-117.35558056,25,3,0,0,0,1,1
60434,CALIFORNIA,CA,2,2,1,1,2,2,65,2278,CYPRESS,28,3,March,2012,4,Wednesday,20,30,1,12,3,195,33.93935000,-117.17281944,8,2,0,0,0,1,0
60435,CALIFORNIA,CA,1,1,0,0,2,2,107,0,CARROLLTON,29,3,March,2012,5,Thursday,5,0,0,2,3,95,36.44298056,-119.11673889,42,2,0,0,0,1,0
60436,CALIFORNIA,CA,2,2,0,0,3,3,29,0,BORDEN SPRINGS,29,3,March,2012,5,Thursday,13,45,0,2,3,138,35.46346111,-119.26096944,12,1,0,0,0,1,1
60437,CALIFORNIA,CA,1,1,1,1,1,1,37,1980,BRADFORD,29,3,March,2012,5,Thursday,15,35,0,14,6,0,34.00966111,-118.42540833,8,1,0,0,0,1,0
60438,CALIFORNIA,CA,1,1,0,0,4,4,73,3260,ARGO,12,2,February,2012,1,Sunday,3,25,1,11,1,36,32.76183056,-117.16296944,1,3,0,0,0,1,1
60439,CALIFORNIA,CA,1,1,1,1,1,1,19,1370,CEDAR BLUFF,2,3,March,2012,6,Friday,11,53,0,14,6,0,36.79354444,-119.86143611,9,1,0,0,0,1,0
60440,CALIFORNIA,CA,2,2,0,0,3,3,71,0,BRIDGEPORT,28,2,February,2012,3,Tuesday,9,45,0,4,4,0,34.41428056,-117.22878056,12,1,0,0,0,1,0
60441,CALIFORNIA,CA,1,1,0,0,1,1,25,0,BARLOW BEND,2,3,March,2012,6,Friday,99,99,0,5,4,0,32.95628056,-115.52643889,35,2,0,0,0,1,0
60442,CALIFORNIA,CA,2,2,0,0,5,5,37,1980,BRADFORD,3,1,January,2012,3,Tuesday,0,45,0,16,6,0,34.10370556,-118.32671667,12,3,0,0,0,1,1
60443,CALIFORNIA,CA,3,3,0,0,5,5,67,1300,ABBEVILLE,7,1,January,2012,7,Saturday,18,46,0,13,6,0,38.65993611,-121.18325833,12,2,0,0,0,2,0
60444,CALIFORNIA,CA,1,1,2,2,1,1,37,305,BRADFORD,8,1,January,2012,1,Sunday,2,6,0,13,3,67,33.88622778,-118.14266111,8,3,0,0,0,1,0
60445,CALIFORNIA,CA,1,1,1,1,1,1,59,1410,FRANKLIN,13,1,January,2012,6,Friday,19,13,0,14,6,0,33.78631944,-117.90614444,8,3,0,0,0,1,0
60446,CALIFORNIA,CA,1,1,1,1,1,1,65,2650,CYPRESS,14,1,January,2012,7,Saturday,19,49,0,14,6,0,33.81366111,-116.52821667,8,2,0,0,0,1,0
60447,CALIFORNIA,CA,1,1,0,0,1,1,61,0,BELLWOOD,24,3,March,2012,7,Saturday,15,0,0,6,4,0,39.21140000,-120.16668889,42,1,0,0,0,1,1
60448,CALIFORNIA,CA,2,2,0,0,2,2,37,1980,BRADFORD,9,3,March,2012,6,Friday,14,35,0,13,6,0,33.98890278,-118.35062222,1,1,0,0,0,1,0
60449,CALIFORNIA,CA,2,2,0,0,5,5,37,1550,BRADFORD,18,3,March,2012,1,Sunday,8,11,0,13,3,48,33.92363889,-118.36127222,12,1,6,0,0,1,0
60450,CALIFORNIA,CA,2,2,0,0,3,3,37,1980,BRADFORD,23,3,March,2012,6,Friday,5,25,0,13,6,0,34.05808056,-118.23707778,12,3,0,0,0,2,0
60451,CALIFORNIA,CA,2,2,0,0,2,2,71,4040,BRIDGEPORT,20,3,March,2012,3,Tuesday,7,8,0,13,6,0,34.50672500,-117.35120556,12,1,0,0,0,1,0
60452,CALIFORNIA,CA,2,2,0,0,3,3,37,1980,BRADFORD,20,3,March,2012,3,Tuesday,14,55,0,13,6,0,34.03851667,-118.28114444,12,1,0,0,0,1,0
60453,CALIFORNIA,CA,1,1,0,0,3,3,73,3260,ARGO,19,3,March,2012,2,Monday,9,55,1,11,1,84,32.77958056,-117.06598056,52,1,0,0,0,1,0
60454,CALIFORNIA,CA,2,2,0,0,3,3,71,4040,BRIDGEPORT,26,2,February,2012,1,Sunday,2,38,1,12,3,990,34.50670556,-117.36421667,12,3,0,0,0,1,1
60455,CALIFORNIA,CA,1,1,0,0,1,1,107,0,CARROLLTON,30,3,March,2012,6,Friday,22,20,0,4,4,0,36.16740556,-119.29587778,1,2,0,0,0,1,0
60456,CALIFORNIA,CA,2,2,0,0,3,3,107,0,CARROLLTON,30,3,March,2012,6,Friday,18,50,0,6,4,0,36.12359444,-119.10746389,12,1,0,0,0,1,0
60457,CALIFORNIA,CA,2,2,0,0,5,5,37,1600,BRADFORD,31,3,March,2012,7,Saturday,14,59,0,13,6,0,33.86326111,-118.39028889,12,1,0,0,0,1,0
60458,CALIFORNIA,CA,1,1,1,1,3,3,37,1980,BRADFORD,30,3,March,2012,6,Friday,22,20,0,14,6,0,34.10775000,-118.26601389,8,3,0,0,0,1,0
60459,CALIFORNIA,CA,1,1,0,0,2,2,23,0,BLADON SPRINGS,31,3,March,2012,7,Saturday,15,55,0,2,3,157,40.47616667,-123.94043056,16,1,6,0,0,1,1
60460,CALIFORNIA,CA,1,1,0,0,2,2,89,0,BROWNSBORO,26,2,February,2012,1,Sunday,7,0,0,12,3,20,40.69959444,-122.42456944,35,4,0,0,0,1,1
60461,CALIFORNIA,CA,2,2,0,0,4,4,77,0,ANDERSON,26,2,February,2012,1,Sunday,16,32,0,6,4,0,37.92796389,-121.23370000,12,1,0,0,0,1,1
60462,CALIFORNIA,CA,2,2,0,0,3,3,9,0,BLOUNT,23,3,March,2012,6,Friday,14,5,0,4,4,0,38.13866111,-120.66265000,12,1,0,0,0,1,0
60463,CALIFORNIA,CA,2,2,0,0,3,3,67,0,ABBEVILLE,20,3,March,2012,3,Tuesday,18,17,1,2,3,354,38.71427500,-121.54055833,12,5,0,0,0,1,1
60464,CALIFORNIA,CA,1,1,1,1,1,1,71,4290,BRIDGEPORT,2,2,February,2012,5,Thursday,11,17,0,16,6,0,34.03175833,-117.04102500,15,1,0,0,0,1,0
60465,CALIFORNIA,CA,1,1,1,1,1,1,59,3420,FRANKLIN,6,2,February,2012,2,Monday,18,50,0,14,6,0,33.74559167,-117.84583333,8,3,0,0,0,1,0
60466,CALIFORNIA,CA,1,1,1,1,1,1,75,3290,BEAVERTON,15,2,February,2012,4,Wednesday,15,14,0,14,6,0,37.78461389,-122.43130000,8,1,0,0,0,1,0
60467,CALIFORNIA,CA,1,1,0,0,1,1,37,1970,BRADFORD,28,2,February,2012,3,Tuesday,3,31,0,13,6,0,33.75752778,-118.11305556,46,3,0,0,0,1,1
60468,CALIFORNIA,CA,1,1,1,1,1,1,73,3260,ARGO,28,2,February,2012,3,Tuesday,18,35,0,14,6,0,32.69679444,-117.08923611,8,3,0,0,0,1,0
60469,CALIFORNIA,CA,1,1,0,0,3,3,99,0,BEATRICE,29,2,February,2012,4,Wednesday,3,50,1,12,3,145,37.61876111,-120.99383056,24,2,0,0,0,1,1
60470,CALIFORNIA,CA,1,1,0,0,1,1,59,3250,FRANKLIN,29,2,February,2012,4,Wednesday,20,56,1,11,1,46,33.44975000,-117.63880000,42,3,0,0,0,1,1
60472,CALIFORNIA,CA,1,1,0,0,1,1,37,0,BRADFORD,2,4,April,2012,2,Monday,20,25,1,2,3,374,34.44626944,-118.36083889,24,2,0,0,0,1,0
60473,CALIFORNIA,CA,1,1,0,0,1,1,37,1980,BRADFORD,13,3,March,2012,3,Tuesday,22,20,0,16,6,0,34.12704167,-118.31758333,39,3,0,0,0,1,0
60474,CALIFORNIA,CA,2,2,1,1,1,1,65,0,CYPRESS,13,3,March,2012,3,Tuesday,22,45,1,1,1,748,33.67075000,-115.91815000,12,2,0,0,0,1,0
60475,CALIFORNIA,CA,1,1,0,0,1,1,37,639,BRADFORD,14,3,March,2012,4,Wednesday,0,20,1,11,1,39,33.86038889,-118.09686111,33,3,0,0,0,1,1
60476,CALIFORNIA,CA,2,2,0,0,3,3,37,1045,BRADFORD,19,3,March,2012,2,Monday,9,50,0,14,6,0,33.91490278,-118.15177222,12,1,0,0,0,1,0
60477,CALIFORNIA,CA,2,2,1,1,1,1,61,0,BELLWOOD,20,3,March,2012,3,Tuesday,16,10,1,1,1,167,38.88958889,-121.08961111,8,1,0,0,0,1,0
60478,CALIFORNIA,CA,1,1,0,0,1,1,99,0,BEATRICE,25,3,March,2012,1,Sunday,99,99,0,4,4,0,37.31868333,-121.08244444,42,1,0,0,0,1,1
60479,CALIFORNIA,CA,1,1,0,0,1,1,25,0,BARLOW BEND,31,3,March,2012,7,Saturday,16,35,0,4,4,0,33.27391111,-116.04556944,35,1,0,0,0,1,0
60480,CALIFORNIA,CA,2,2,0,0,2,2,37,1970,BRADFORD,31,3,March,2012,7,Saturday,22,7,0,13,3,36,33.78985278,-118.14386389,12,3,2,0,0,1,1
60481,CALIFORNIA,CA,1,1,0,0,2,2,69,0,ASHFORD,13,1,January,2012,6,Friday,2,55,0,6,4,0,36.82773889,-121.40000556,59,3,0,0,0,1,1
60482,CALIFORNIA,CA,2,2,0,0,3,3,65,0,CYPRESS,29,1,January,2012,1,Sunday,3,50,1,2,3,114,33.63846111,-117.08526111,12,2,0,0,0,1,1
60483,CALIFORNIA,CA,2,2,0,0,3,3,37,1840,BRADFORD,26,2,February,2012,1,Sunday,2,26,0,14,6,0,34.68963056,-118.09478056,12,3,0,0,0,2,1
60484,CALIFORNIA,CA,1,1,0,0,2,2,65,0,CYPRESS,3,4,April,2012,3,Tuesday,18,30,0,2,3,101,33.64578056,-117.37453889,1,1,0,0,0,1,0
60485,CALIFORNIA,CA,1,1,1,1,2,2,79,0,COURTLAND,5,4,April,2012,5,Thursday,6,12,0,2,3,343,35.43361111,-120.88558889,8,4,0,0,0,1,0
60486,CALIFORNIA,CA,1,1,0,0,1,1,73,0,ARGO,26,2,February,2012,1,Sunday,14,50,0,2,4,0,32.79611944,-116.10966944,1,1,0,0,0,1,0
60487,CALIFORNIA,CA,1,1,1,1,3,3,1,1364,AUTAUGA,26,2,February,2012,1,Sunday,18,33,0,14,6,0,37.54417222,-121.98381667,8,3,0,0,0,1,0
60488,CALIFORNIA,CA,1,1,0,0,1,1,63,0,BOLIGEE,26,2,February,2012,1,Sunday,20,33,0,6,4,0,40.07484167,-120.84472778,59,2,0,0,0,1,1
60489,CALIFORNIA,CA,2,2,0,0,3,3,61,0,BELLWOOD,7,3,March,2012,4,Wednesday,11,4,0,4,4,0,38.87280000,-121.10636111,12,1,0,0,0,1,0
60490,CALIFORNIA,CA,2,2,0,0,3,3,97,2740,AXIS,7,3,March,2012,4,Wednesday,11,32,0,16,6,0,38.26763889,-122.66820278,12,1,0,0,0,1,0
60491,CALIFORNIA,CA,1,1,0,0,1,1,107,0,CARROLLTON,21,3,March,2012,4,Wednesday,20,45,0,4,4,0,36.09466111,-119.20538056,42,2,0,0,0,1,1
60492,CALIFORNIA,CA,1,1,1,1,1,1,19,0,CEDAR BLUFF,10,3,March,2012,7,Saturday,19,55,1,2,3,780,36.72018056,-119.44273889,8,2,0,0,0,1,0
60493,CALIFORNIA,CA,1,1,1,1,1,1,37,3870,BRADFORD,23,2,February,2012,5,Thursday,17,14,0,13,6,0,33.82030833,-118.32073333,8,1,0,0,0,1,0
60494,CALIFORNIA,CA,2,2,0,0,3,3,75,3290,BEAVERTON,26,2,February,2012,1,Sunday,3,26,0,14,6,0,37.79325556,-122.39998333,12,3,0,0,0,1,0
60495,CALIFORNIA,CA,1,1,0,0,1,1,73,3260,ARGO,10,3,March,2012,7,Saturday,99,99,0,12,3,85,32.83081944,-117.14143889,24,1,0,0,0,1,1
60496,CALIFORNIA,CA,1,1,0,0,1,1,65,0,CYPRESS,11,3,March,2012,1,Sunday,17,48,0,5,4,0,33.64505833,-116.11160278,59,1,0,0,0,1,1
60497,CALIFORNIA,CA,1,1,1,1,1,1,83,3460,ARDMORE,1,4,April,2012,1,Sunday,20,35,0,14,6,0,34.93702500,-120.44471111,9,3,0,0,0,1,0
60498,CALIFORNIA,CA,1,1,0,0,2,2,99,2200,BEATRICE,15,3,March,2012,5,Thursday,21,28,0,13,3,264,37.69343611,-120.99436389,33,3,0,0,0,1,0
60499,CALIFORNIA,CA,2,2,0,0,2,2,37,1980,BRADFORD,2,3,March,2012,6,Friday,18,0,0,13,6,0,34.22133056,-118.49206667,12,3,0,0,0,1,0
60500,CALIFORNIA,CA,1,1,0,0,1,1,73,0,ARGO,1,4,April,2012,1,Sunday,99,99,0,4,4,0,32.77090000,-116.70451944,1,1,0,0,0,1,1
60501,CALIFORNIA,CA,3,3,0,0,5,5,19,0,CEDAR BLUFF,19,3,March,2012,2,Monday,14,4,0,2,3,188,36.25523889,-120.10341944,12,1,0,0,0,1,0
60502,CALIFORNIA,CA,1,1,0,0,2,2,17,0,CHAMBERS,22,3,March,2012,5,Thursday,3,25,0,3,3,125,38.78331944,-120.81216944,32,2,0,0,0,1,1
60503,CALIFORNIA,CA,1,1,0,0,1,1,71,2960,BRIDGEPORT,1,4,April,2012,1,Sunday,22,7,0,3,6,0,34.07033056,-117.22409167,33,2,0,0,0,1,1
60504,CALIFORNIA,CA,2,2,0,0,3,3,1,0,AUTAUGA,2,4,April,2012,2,Monday,17,35,1,1,1,66,37.71926944,-121.67168056,12,1,0,0,0,1,0
60505,CALIFORNIA,CA,3,3,0,0,7,7,59,3558,FRANKLIN,15,1,January,2012,1,Sunday,19,18,1,11,1,211,33.77419722,-118.04883056,12,3,10,0,0,1,1
60506,CALIFORNIA,CA,2,2,0,0,9,9,111,3860,GRAHAM,16,1,January,2012,2,Monday,13,33,0,13,6,0,34.17660000,-118.91118889,12,1,0,0,0,1,0
60507,CALIFORNIA,CA,1,1,0,0,1,1,67,0,ABBEVILLE,19,1,January,2012,5,Thursday,1,10,1,1,1,30,38.29878611,-121.46123056,35,2,0,0,0,1,0
60508,CALIFORNIA,CA,2,2,0,0,5,5,65,0,CYPRESS,5,4,April,2012,5,Thursday,0,5,0,4,4,0,33.83758611,-117.25996944,12,2,0,0,0,1,1
60509,CALIFORNIA,CA,1,1,0,0,2,2,67,712,ABBEVILLE,5,2,February,2012,1,Sunday,6,30,0,13,6,0,38.68349444,-121.27163889,42,3,0,0,0,1,0
60510,CALIFORNIA,CA,3,3,0,0,3,3,37,3445,BRADFORD,12,2,February,2012,1,Sunday,15,56,0,13,6,0,34.42838611,-118.40640278,12,1,0,0,0,1,0
60511,CALIFORNIA,CA,1,1,0,0,2,2,73,2510,ARGO,17,3,March,2012,7,Saturday,0,53,0,12,3,123,33.19293056,-117.37704444,33,3,10,0,0,1,1
60512,CALIFORNIA,CA,1,1,0,0,1,1,57,0,BANKSTON,18,2,February,2012,7,Saturday,8,45,0,4,4,0,39.17704722,-121.08349167,17,1,0,0,0,1,1
60513,CALIFORNIA,CA,4,4,0,0,11,11,53,0,ATMORE,22,2,February,2012,4,Wednesday,20,43,1,2,2,438,36.20930000,-121.16063889,12,2,0,0,0,3,0
60514,CALIFORNIA,CA,2,2,0,0,2,2,37,1980,BRADFORD,5,4,April,2012,5,Thursday,4,55,0,14,6,0,34.24045556,-118.37763889,12,3,0,0,0,1,0
60515,CALIFORNIA,CA,2,2,0,0,2,2,37,1980,BRADFORD,29,3,March,2012,5,Thursday,19,30,0,15,6,0,34.01087500,-118.30018333,12,3,0,0,0,1,0
60516,CALIFORNIA,CA,2,2,0,0,2,2,19,1370,CEDAR BLUFF,5,4,April,2012,5,Thursday,18,29,0,14,6,0,36.71396389,-119.82681944,12,1,0,0,0,1,1
60517,CALIFORNIA,CA,1,1,1,1,2,2,111,2620,GRAHAM,21,3,March,2012,4,Wednesday,11,4,0,15,6,0,34.19509167,-119.18204444,8,1,0,0,0,1,0
60518,CALIFORNIA,CA,1,1,0,0,4,4,59,972,FRANKLIN,14,2,February,2012,3,Tuesday,2,1,0,13,6,0,33.48960833,-117.69775833,42,3,0,0,0,3,1
60519,CALIFORNIA,CA,2,2,0,0,5,5,19,0,CEDAR BLUFF,7,4,April,2012,7,Saturday,9,49,0,2,3,382,36.77853889,-120.06018056,12,1,0,0,0,2,1
60520,CALIFORNIA,CA,1,1,0,0,1,1,85,3340,BENTON,8,4,April,2012,1,Sunday,7,50,1,11,1,58,37.31665000,-121.94596944,33,1,0,0,0,1,0
60521,CALIFORNIA,CA,1,1,0,0,2,2,23,0,BLADON SPRINGS,7,4,April,2012,7,Saturday,13,55,1,2,2,344,40.33543611,-123.93111389,1,1,0,0,0,1,0
60522,CALIFORNIA,CA,1,1,0,0,2,2,7,0,BIBB,7,4,April,2012,7,Saturday,14,50,0,2,3,355,39.74206111,-121.49428056,42,1,0,0,0,1,0
60523,CALIFORNIA,CA,1,1,0,0,1,1,65,1580,CYPRESS,7,4,April,2012,7,Saturday,15,30,0,15,6,0,33.75934722,-116.99790833,1,1,0,0,0,1,0
60524,CALIFORNIA,CA,1,1,1,1,1,1,57,1460,BANKSTON,7,4,April,2012,7,Saturday,21,2,0,15,6,0,39.23690833,-121.03762222,8,3,0,0,0,1,0
60525,CALIFORNIA,CA,2,2,0,0,5,5,19,0,CEDAR BLUFF,1,3,March,2012,5,Thursday,21,30,0,4,4,0,36.72126944,-119.83128056,12,3,0,0,0,1,1