ST_CASE,State Name,State Abbreviation,# of Vehicle involved,Parked_Vehicles_Involved,Pedestrains,Person_Not_in_Motor_Vehicle,Persons_in_motor_vehicle,Total_Persons_in_accident,COUNTY,CITY,City_County_Name,Calendar_DAY,MONTH,Month_name,YEAR,DAY_WEEK,Day_Week_desc,HOUR,MINUTE,NHS_Desc,trafficway,Route,MILEPT,LATITUDE,LONGITUD,First_Crash_event,Light_cond_desc,Weather_condition,School_bus_involved,Crash_cause,FATALS,DRUNK_DR
61694,CALIFORNIA,CA,3,3,0,0,3,3,67,0,ABBEVILLE,8,8,August,2012,4,Wednesday,12,25,0,2,3,80,38.52047500,-121.30371111,12,1,0,0,0,1,0
61695,CALIFORNIA,CA,1,1,1,1,5,5,85,3340,BENTON,14,9,September,2012,6,Friday,19,45,0,16,6,0,37.27970278,-121.87029722,15,5,0,0,0,1,0
61696,CALIFORNIA,CA,1,1,0,0,3,3,93,0,BEAR CREEK,26,8,August,2012,1,Sunday,21,11,1,1,1,618,41.54030000,-122.56611111,43,2,0,0,0,1,0
61697,CALIFORNIA,CA,1,1,0,0,2,2,71,0,BRIDGEPORT,5,10,October,2012,6,Friday,14,0,1,1,1,96,34.84716111,-116.84860000,1,1,0,0,0,2,0
61698,CALIFORNIA,CA,1,1,0,0,2,2,73,0,ARGO,18,6,June,2012,2,Monday,23,50,0,6,4,0,33.13890000,-117.11321944,43,2,0,0,0,1,1
61699,CALIFORNIA,CA,2,2,0,0,4,4,59,3420,FRANKLIN,16,7,July,2012,2,Monday,8,21,0,13,6,0,33.75983611,-117.92260556,12,1,0,0,0,1,0
61700,CALIFORNIA,CA,1,1,0,0,1,1,71,0,BRIDGEPORT,6,10,October,2012,7,Saturday,12,55,0,2,4,0,34.24730000,-115.72391111,5,1,0,0,0,1,0
61701,CALIFORNIA,CA,3,1,0,0,3,3,73,1200,ARGO,6,10,October,2012,7,Saturday,2,36,0,14,6,0,33.14595833,-117.09043611,14,3,0,0,0,2,1
61702,CALIFORNIA,CA,1,1,0,0,1,1,27,0,ASHLAND,8,10,October,2012,2,Monday,7,9,1,2,2,970,37.12326944,-118.26391944,1,4,0,0,0,1,1
61703,CALIFORNIA,CA,2,2,0,0,5,5,103,0,DANVILLE,12,10,October,2012,6,Friday,15,14,1,2,3,198,40.13185000,-122.12368889,12,1,0,0,0,1,0
61704,CALIFORNIA,CA,3,3,0,0,3,3,47,0,BROWNS,16,7,July,2012,2,Monday,18,6,0,4,4,0,37.43388333,-120.75125833,1,1,0,0,0,1,0
61705,CALIFORNIA,CA,1,1,0,0,1,1,37,1980,BRADFORD,21,6,June,2012,5,Thursday,2,35,1,11,1,82,34.03265000,-118.38838889,42,3,0,0,0,1,1
61706,CALIFORNIA,CA,2,2,0,0,2,2,37,1980,BRADFORD,4,10,October,2012,5,Thursday,19,35,0,15,6,0,34.05783889,-118.44328611,1,3,0,0,0,1,0
61707,CALIFORNIA,CA,2,2,1,1,2,2,37,0,BRADFORD,28,7,July,2012,7,Saturday,21,11,0,2,4,0,33.93756944,-118.30906944,8,3,0,0,0,1,0
61708,CALIFORNIA,CA,1,1,0,0,3,3,77,0,ANDERSON,15,9,September,2012,7,Saturday,5,45,1,2,3,133,38.15350278,-121.15598611,42,3,0,0,0,1,1
61709,CALIFORNIA,CA,3,3,0,0,4,4,99,0,BEATRICE,16,8,August,2012,5,Thursday,18,22,1,2,3,84,37.63787500,-121.12215833,12,1,0,0,0,1,0
61710,CALIFORNIA,CA,3,3,0,0,4,4,37,0,BRADFORD,23,8,August,2012,5,Thursday,13,15,1,2,3,117,34.03396944,-118.02743056,12,1,0,0,0,2,0
61711,CALIFORNIA,CA,1,1,1,1,1,1,59,2400,FRANKLIN,15,9,September,2012,7,Saturday,9,47,0,14,6,0,33.59887222,-117.83399167,9,1,0,0,0,1,0
61712,CALIFORNIA,CA,1,1,0,0,1,1,37,1970,BRADFORD,4,9,September,2012,3,Tuesday,0,19,1,11,1,61,33.86106389,-118.20017222,1,3,0,0,0,1,1
61713,CALIFORNIA,CA,1,1,1,1,1,1,13,110,BOLLING,17,8,August,2012,6,Friday,5,20,0,13,6,0,38.00491667,-121.77802778,9,3,0,0,0,1,0
61714,CALIFORNIA,CA,2,2,0,0,2,2,111,3860,GRAHAM,25,9,September,2012,3,Tuesday,15,42,0,12,3,6,34.13411944,-118.85149722,1,1,0,0,0,1,0
61715,CALIFORNIA,CA,1,1,0,0,1,1,111,0,GRAHAM,30,9,September,2012,1,Sunday,7,5,1,2,3,292,34.41110000,-118.78170000,43,1,0,0,0,1,0
61716,CALIFORNIA,CA,2,2,0,0,2,2,37,0,BRADFORD,1,9,September,2012,7,Saturday,18,48,0,3,4,0,34.58720278,-118.15473056,12,5,0,0,0,1,0
61717,CALIFORNIA,CA,3,2,0,0,2,2,73,3260,ARGO,10,10,October,2012,4,Wednesday,12,0,0,15,6,0,32.77189167,-117.20779444,12,1,0,0,0,1,0
61718,CALIFORNIA,CA,1,1,1,1,1,1,85,2311,BENTON,15,9,September,2012,7,Saturday,22,20,0,14,6,0,37.39440278,-122.08818611,8,3,0,0,0,1,0
61719,CALIFORNIA,CA,1,1,1,1,1,1,37,930,BRADFORD,30,6,June,2012,7,Saturday,22,10,0,12,3,28,33.98916944,-118.39928056,8,2,0,0,0,1,0
61720,CALIFORNIA,CA,1,1,0,0,2,2,73,3499,ARGO,8,9,September,2012,7,Saturday,15,1,0,12,3,32,32.84688889,-116.95623889,1,1,0,0,0,1,0
61721,CALIFORNIA,CA,3,3,0,0,6,6,71,4040,BRIDGEPORT,12,10,October,2012,6,Friday,21,45,1,11,1,408,34.50668889,-117.32320000,12,2,0,0,0,1,0
61722,CALIFORNIA,CA,1,1,1,1,2,2,67,0,ABBEVILLE,23,9,September,2012,1,Sunday,20,30,0,4,4,0,38.67909167,-121.39208611,8,2,0,0,0,1,0
61723,CALIFORNIA,CA,1,1,1,1,1,1,65,2278,CYPRESS,20,8,August,2012,2,Monday,14,20,0,15,6,0,33.94469722,-117.25273611,33,1,0,0,0,1,0
61724,CALIFORNIA,CA,1,1,0,0,1,1,1,1560,AUTAUGA,3,9,September,2012,2,Monday,11,30,1,12,3,47,37.62908056,-122.11770000,42,1,0,0,0,1,1
61725,CALIFORNIA,CA,3,3,0,0,3,3,37,306,BRADFORD,19,9,September,2012,4,Wednesday,21,31,0,13,6,0,33.96687500,-118.15498056,12,3,0,0,0,1,2
61726,CALIFORNIA,CA,1,1,0,0,3,3,73,0,ARGO,9,9,September,2012,1,Sunday,16,54,1,1,1,427,33.27678889,-117.15301944,33,1,0,0,0,1,0
61727,CALIFORNIA,CA,1,1,1,1,1,1,81,2980,AUBURN,28,9,September,2012,6,Friday,0,31,1,12,2,43,37.48601111,-122.19263889,8,2,0,0,0,1,0
61728,CALIFORNIA,CA,2,2,0,0,7,7,45,0,ARITON,23,8,August,2012,5,Thursday,11,48,1,2,2,19,38.83620000,-123.02085833,12,1,0,0,0,3,0
61729,CALIFORNIA,CA,1,1,1,1,1,1,65,2278,CYPRESS,27,7,July,2012,6,Friday,23,43,0,13,6,0,33.89843611,-117.22632778,8,3,0,0,0,1,0
61730,CALIFORNIA,CA,2,2,0,0,4,4,65,0,CYPRESS,29,9,September,2012,7,Saturday,23,22,1,2,3,347,33.73978889,-117.06950000,12,2,0,0,0,1,1
61731,CALIFORNIA,CA,3,3,0,0,7,7,65,0,CYPRESS,26,9,September,2012,4,Wednesday,15,36,0,15,4,0,33.90014722,-116.35361944,12,1,0,0,0,2,0
61732,CALIFORNIA,CA,2,2,0,0,2,2,37,1980,BRADFORD,30,9,September,2012,1,Sunday,3,29,1,11,1,186,34.05608056,-118.21426944,12,3,0,0,0,1,1
61733,CALIFORNIA,CA,2,2,0,0,2,2,73,0,ARGO,14,9,September,2012,6,Friday,13,15,0,2,3,523,33.19931944,-116.71021944,12,1,0,0,0,1,0
61734,CALIFORNIA,CA,1,1,1,1,2,2,13,2583,BOLLING,16,9,September,2012,1,Sunday,2,29,1,12,3,22,37.85367778,-122.22110000,8,2,0,0,0,1,0
61735,CALIFORNIA,CA,2,2,0,0,2,2,67,0,ABBEVILLE,12,10,October,2012,6,Friday,6,20,1,1,1,34,38.30229167,-121.46123611,12,2,0,0,0,1,0
61736,CALIFORNIA,CA,6,6,0,0,21,21,71,0,BRIDGEPORT,17,8,August,2012,6,Friday,12,48,1,1,1,874,34.91268889,-116.79643611,12,1,0,0,0,1,0
61737,CALIFORNIA,CA,1,1,0,0,1,1,107,4050,CARROLLTON,27,9,September,2012,5,Thursday,0,35,0,14,6,0,36.31291667,-119.30648611,42,3,0,0,0,1,0
61738,CALIFORNIA,CA,4,4,0,0,6,6,37,639,BRADFORD,5,10,October,2012,6,Friday,18,50,1,12,3,198,33.86953889,-118.05496389,1,5,0,0,0,1,1
61739,CALIFORNIA,CA,1,1,1,1,1,1,73,1876,ARGO,11,8,August,2012,7,Saturday,21,47,0,14,6,0,32.74291667,-117.04814444,9,3,0,0,0,1,1
61740,CALIFORNIA,CA,1,1,3,3,1,1,83,3460,ARDMORE,22,9,September,2012,7,Saturday,20,27,1,12,3,153,34.94670833,-120.43594167,8,3,0,0,0,1,1
61741,CALIFORNIA,CA,1,1,0,0,1,1,13,1779,BOLLING,7,10,October,2012,1,Sunday,13,27,0,14,6,0,37.90682778,-122.10046111,38,1,0,0,0,1,0
61742,CALIFORNIA,CA,2,2,0,0,2,2,71,0,BRIDGEPORT,4,10,October,2012,5,Thursday,18,2,0,4,4,0,34.45541389,-117.57273056,12,1,0,0,0,1,0
61743,CALIFORNIA,CA,1,1,0,0,1,1,115,0,ASHVILLE,16,9,September,2012,1,Sunday,22,44,1,2,3,45,39.17606944,-121.54860000,59,2,0,0,0,1,1
61744,CALIFORNIA,CA,1,1,1,1,1,1,19,1370,CEDAR BLUFF,4,10,October,2012,5,Thursday,19,46,0,12,3,646,36.77306667,-119.83940000,8,3,0,0,0,1,0
61745,CALIFORNIA,CA,2,2,0,0,4,4,19,0,CEDAR BLUFF,12,10,October,2012,6,Friday,8,5,0,4,4,0,36.63416667,-119.57472500,12,1,0,0,0,1,0
61746,CALIFORNIA,CA,1,1,1,1,2,2,83,1950,ARDMORE,7,10,October,2012,1,Sunday,18,16,0,14,6,0,34.65348333,-120.47040000,15,1,0,0,0,1,0
61747,CALIFORNIA,CA,1,1,1,1,1,1,37,2458,BRADFORD,16,9,September,2012,1,Sunday,19,35,0,15,6,0,33.92285000,-118.07719444,8,3,0,0,0,1,0
61748,CALIFORNIA,CA,2,2,0,0,2,2,73,0,ARGO,5,10,October,2012,6,Friday,7,45,0,4,4,0,32.98537222,-117.19638611,12,1,0,0,0,1,0
61749,CALIFORNIA,CA,2,2,0,0,3,3,99,0,BEATRICE,3,9,September,2012,2,Monday,14,48,0,2,3,228,37.58203889,-121.23466111,12,1,0,0,0,1,0
61750,CALIFORNIA,CA,2,2,0,0,3,3,19,0,CEDAR BLUFF,21,9,September,2012,6,Friday,7,35,0,4,4,0,36.66348889,-119.66391389,12,1,0,0,0,1,0
61751,CALIFORNIA,CA,1,1,0,0,1,1,85,2182,BENTON,5,10,October,2012,6,Friday,10,49,1,11,1,80,37.42380278,-121.91621944,52,1,0,0,0,1,0
61752,CALIFORNIA,CA,3,3,0,0,3,3,1,2480,AUTAUGA,10,9,September,2012,2,Monday,22,5,1,11,1,362,37.75189167,-122.15201667,1,2,0,0,0,1,1
61753,CALIFORNIA,CA,1,1,0,0,8,8,23,0,BLADON SPRINGS,12,10,October,2012,6,Friday,21,40,0,3,3,45,40.99661111,-123.62886111,1,2,0,0,0,1,1
61754,CALIFORNIA,CA,2,2,0,0,2,2,29,0,BORDEN SPRINGS,15,10,October,2012,2,Monday,6,30,1,2,3,144,35.02470833,-118.16597778,12,4,0,0,0,1,0
61755,CALIFORNIA,CA,1,1,1,1,1,1,65,2278,CYPRESS,21,9,September,2012,6,Friday,16,58,0,16,6,0,33.94781667,-117.26798056,15,1,0,0,0,1,0
61756,CALIFORNIA,CA,3,3,0,0,4,4,97,0,AXIS,4,10,October,2012,5,Thursday,20,5,0,3,4,0,38.26384722,-122.48636944,12,3,0,0,0,1,1
61757,CALIFORNIA,CA,1,1,0,0,1,1,19,0,CEDAR BLUFF,5,10,October,2012,6,Friday,13,0,0,4,4,0,36.59413889,-119.99006944,38,1,0,0,0,1,0
61758,CALIFORNIA,CA,1,1,1,1,2,2,59,960,FRANKLIN,3,4,April,2012,3,Tuesday,17,42,0,14,6,0,33.81025278,-118.03985833,8,1,0,0,0,1,0
61759,CALIFORNIA,CA,1,1,0,0,4,4,59,0,FRANKLIN,6,10,October,2012,7,Saturday,3,15,0,2,4,0,33.77485000,-117.74401111,31,2,0,0,0,1,0
61760,CALIFORNIA,CA,1,1,0,0,1,1,85,0,BENTON,21,9,September,2012,6,Friday,23,15,0,2,3,0,37.26853056,-122.12093889,42,2,0,0,0,1,0
61761,CALIFORNIA,CA,1,1,0,0,1,1,33,0,CHEROKEE,7,10,October,2012,1,Sunday,14,25,0,4,4,0,38.71236111,-122.48018056,1,1,0,0,0,1,1
61762,CALIFORNIA,CA,2,2,0,0,3,3,67,0,ABBEVILLE,18,9,September,2012,3,Tuesday,15,50,0,2,3,115,38.50582778,-121.24247500,12,1,0,1,0,1,1
61763,CALIFORNIA,CA,1,1,1,1,1,1,83,0,ARDMORE,13,5,May,2012,1,Sunday,0,59,1,12,2,885,34.99498056,-120.43413889,8,3,0,0,0,1,0
61764,CALIFORNIA,CA,2,2,0,0,3,3,19,0,CEDAR BLUFF,7,10,October,2012,1,Sunday,20,23,0,3,4,0,36.70668333,-119.83467222,12,2,0,0,0,1,0
61765,CALIFORNIA,CA,1,1,1,1,1,1,65,2278,CYPRESS,1,10,October,2012,2,Monday,19,56,0,16,6,0,33.94266667,-117.23318889,8,3,0,0,0,1,0
61766,CALIFORNIA,CA,1,1,0,0,4,4,83,0,ARDMORE,6,6,June,2012,4,Wednesday,5,20,0,13,3,108,34.43611111,-119.59792222,5,9,0,0,0,1,1
61767,CALIFORNIA,CA,1,1,0,0,2,2,59,3420,FRANKLIN,17,6,June,2012,1,Sunday,2,16,0,13,6,0,33.72930000,-117.90578889,42,2,0,0,0,1,1
61768,CALIFORNIA,CA,1,1,1,1,2,2,45,0,ARITON,1,10,October,2012,2,Monday,20,0,0,2,3,552,39.36536944,-123.80993056,8,2,0,0,0,1,0
61769,CALIFORNIA,CA,2,2,0,0,4,4,59,3250,FRANKLIN,13,6,June,2012,4,Wednesday,2,39,0,14,6,0,33.45888333,-117.59214444,12,3,0,0,0,1,0
61770,CALIFORNIA,CA,1,1,1,1,1,1,37,1980,BRADFORD,8,10,October,2012,2,Monday,20,55,0,13,6,0,33.97522778,-118.30898056,8,3,0,0,0,1,0
61771,CALIFORNIA,CA,1,1,0,0,3,3,85,2000,BENTON,27,7,July,2012,6,Friday,23,49,0,12,3,72,37.22746944,-121.97447222,5,2,0,0,0,1,0
61772,CALIFORNIA,CA,1,1,1,1,1,1,59,3420,FRANKLIN,4,10,October,2012,5,Thursday,21,34,0,13,6,0,33.75989444,-117.90007222,8,3,0,0,0,1,0
61773,CALIFORNIA,CA,2,2,0,0,5,5,47,0,BROWNS,9,10,October,2012,3,Tuesday,1,7,1,2,3,112,37.05831111,-121.05186944,12,2,0,0,0,2,0
61774,CALIFORNIA,CA,2,2,0,0,3,3,37,1980,BRADFORD,9,10,October,2012,3,Tuesday,1,34,1,11,1,120,34.03578056,-118.32561111,12,3,0,0,0,1,1
61775,CALIFORNIA,CA,1,1,0,0,2,2,111,4027,GRAHAM,9,10,October,2012,3,Tuesday,16,32,0,14,6,0,34.26686389,-119.26846667,24,1,0,0,0,1,1
61776,CALIFORNIA,CA,1,1,0,0,1,1,113,0,COTTONTON,30,9,September,2012,1,Sunday,99,99,0,6,4,0,38.37076111,-121.57965000,42,2,0,0,0,1,1
61777,CALIFORNIA,CA,4,3,0,0,9,9,1,3993,AUTAUGA,6,10,October,2012,7,Saturday,1,4,1,11,1,132,37.60078056,-122.06266111,12,2,0,0,0,1,1
61778,CALIFORNIA,CA,1,1,1,1,1,1,37,1980,BRADFORD,10,10,October,2012,4,Wednesday,14,50,0,16,6,0,34.08561389,-118.28681389,8,1,0,0,0,1,0
61779,CALIFORNIA,CA,2,1,0,0,4,4,37,1980,BRADFORD,26,9,September,2012,4,Wednesday,10,40,0,16,6,0,34.17632500,-118.57706111,33,1,0,0,0,2,0
61780,CALIFORNIA,CA,1,1,0,0,1,1,65,0,CYPRESS,11,10,October,2012,5,Thursday,6,15,0,4,4,0,33.64316944,-116.94026944,17,4,0,0,0,1,0
61781,CALIFORNIA,CA,1,1,1,1,1,1,37,2645,BRADFORD,1,10,October,2012,2,Monday,21,13,1,12,3,468,34.58021944,-118.07581667,9,3,0,0,0,1,0
61782,CALIFORNIA,CA,2,2,0,0,2,2,67,1300,ABBEVILLE,13,10,October,2012,7,Saturday,0,28,0,16,6,0,38.69941111,-121.14434444,12,2,0,0,0,2,2
61783,CALIFORNIA,CA,1,1,0,0,1,1,99,0,BEATRICE,2,10,October,2012,3,Tuesday,3,30,0,4,4,0,37.55141944,-121.00773889,38,2,0,0,0,1,0
61784,CALIFORNIA,CA,1,1,0,0,5,5,73,0,ARGO,13,10,October,2012,7,Saturday,8,15,1,1,1,658,33.33933611,-117.50658611,1,1,0,0,0,1,0
61785,CALIFORNIA,CA,2,1,0,1,1,2,71,681,BRIDGEPORT,28,9,September,2012,6,Friday,23,12,1,12,3,78,33.93286389,-117.66149167,14,3,0,0,0,1,0
61786,CALIFORNIA,CA,2,2,0,0,5,5,13,2090,BOLLING,21,8,August,2012,3,Tuesday,18,53,1,12,3,104,37.99196389,-122.10050556,24,1,0,0,0,1,1
61787,CALIFORNIA,CA,1,1,0,0,1,1,93,0,BEAR CREEK,5,9,September,2012,4,Wednesday,21,20,1,2,2,464,41.91018056,-121.95330000,31,2,0,0,0,1,0
61788,CALIFORNIA,CA,1,1,0,0,1,1,99,0,BEATRICE,6,10,October,2012,7,Saturday,1,46,0,4,4,0,37.55141944,-121.00773889,38,2,0,0,0,1,0
61789,CALIFORNIA,CA,1,1,0,0,1,1,45,0,ARITON,28,9,September,2012,6,Friday,18,45,0,6,4,0,38.97228889,-123.14004167,1,5,0,0,0,1,0
61790,CALIFORNIA,CA,1,1,1,1,1,1,37,1400,BRADFORD,10,10,October,2012,4,Wednesday,5,16,0,14,6,0,33.90916111,-118.31404722,9,4,0,0,0,1,0
61791,CALIFORNIA,CA,1,1,1,1,1,1,47,0,BROWNS,10,10,October,2012,4,Wednesday,2,27,0,3,4,0,37.46188056,-120.81063889,8,2,0,0,0,1,0
61792,CALIFORNIA,CA,1,1,1,1,1,1,1,1560,AUTAUGA,13,10,October,2012,7,Saturday,20,54,0,13,6,0,37.66441111,-122.08311944,8,3,0,0,0,1,1
61793,CALIFORNIA,CA,2,2,0,0,2,2,71,0,BRIDGEPORT,10,9,September,2012,2,Monday,5,55,0,3,4,0,34.20385833,-117.38099167,12,2,0,0,0,1,0
61794,CALIFORNIA,CA,1,1,0,0,1,1,37,1980,BRADFORD,23,8,August,2012,5,Thursday,6,5,1,12,3,5,34.02900556,-118.21716667,23,4,0,0,0,1,0
61795,CALIFORNIA,CA,1,1,0,0,2,2,71,2960,BRIDGEPORT,30,9,September,2012,1,Sunday,19,5,1,11,1,319,34.05351944,-117.16211944,1,2,0,0,0,1,1
61796,CALIFORNIA,CA,2,2,0,0,3,3,9,0,BLOUNT,29,9,September,2012,7,Saturday,12,55,0,2,3,149,38.14223889,-120.63603889,12,1,0,0,0,2,0
61797,CALIFORNIA,CA,1,1,0,0,1,1,67,0,ABBEVILLE,15,10,October,2012,2,Monday,20,40,0,3,3,312,38.43303056,-121.52943889,24,2,0,0,0,1,0
61798,CALIFORNIA,CA,3,3,1,1,4,4,67,3150,ABBEVILLE,16,10,October,2012,3,Tuesday,4,48,1,11,1,244,38.59615556,-121.50355833,8,3,0,0,0,1,0
61799,CALIFORNIA,CA,1,1,2,2,3,3,65,250,CYPRESS,25,8,August,2012,7,Saturday,20,55,0,14,6,0,33.93268889,-116.93406944,8,3,0,0,0,1,0
61800,CALIFORNIA,CA,1,1,0,0,1,1,71,2960,BRIDGEPORT,18,7,July,2012,4,Wednesday,16,29,1,11,1,298,34.06526111,-117.20058889,21,1,0,0,0,1,0
61801,CALIFORNIA,CA,3,3,0,0,5,5,111,4027,GRAHAM,6,10,October,2012,7,Saturday,0,37,0,13,6,0,34.24408611,-119.21503333,12,3,0,0,0,2,1
61802,CALIFORNIA,CA,1,1,1,1,2,2,73,0,ARGO,14,10,October,2012,1,Sunday,19,10,0,2,3,241,33.03973333,-116.87284167,8,3,0,0,0,1,0
61803,CALIFORNIA,CA,2,2,0,0,2,2,25,0,BARLOW BEND,18,10,October,2012,5,Thursday,7,0,0,5,4,0,33.10380000,-115.48613889,12,1,0,0,0,1,0
61804,CALIFORNIA,CA,1,1,0,0,3,3,71,3210,BRIDGEPORT,8,9,September,2012,7,Saturday,23,20,1,11,1,298,34.13513056,-117.30296111,33,3,0,0,0,1,1
61805,CALIFORNIA,CA,2,2,0,0,3,3,19,0,CEDAR BLUFF,19,10,October,2012,6,Friday,15,10,0,3,4,0,36.40201944,-119.85128056,12,1,0,0,0,1,0
61806,CALIFORNIA,CA,1,1,0,0,1,1,37,0,BRADFORD,29,9,September,2012,7,Saturday,14,35,0,2,3,576,34.35041944,-117.92603889,59,1,0,0,0,1,0
61807,CALIFORNIA,CA,1,1,1,1,1,1,59,1786,FRANKLIN,7,9,September,2012,6,Friday,3,48,0,13,6,0,33.52490000,-117.68569444,15,3,0,0,0,1,0
61808,CALIFORNIA,CA,1,1,1,1,2,2,113,4258,COTTONTON,19,10,October,2012,6,Friday,19,26,0,12,3,95,38.66935000,-121.75108889,8,3,0,0,0,1,0
61809,CALIFORNIA,CA,1,1,1,1,1,1,97,3490,AXIS,15,10,October,2012,2,Monday,5,19,0,13,6,0,38.44579722,-122.71783611,8,3,2,0,0,1,0
61810,CALIFORNIA,CA,2,2,1,1,2,2,19,1370,CEDAR BLUFF,11,10,October,2012,5,Thursday,19,16,0,14,6,0,36.77198333,-119.82890000,8,3,0,0,0,1,0
61811,CALIFORNIA,CA,2,2,0,0,2,2,77,0,ANDERSON,13,9,September,2012,5,Thursday,5,58,1,2,3,75,38.11543056,-121.45218889,12,2,0,0,0,1,0
61812,CALIFORNIA,CA,3,3,0,0,6,6,65,3070,CYPRESS,13,10,October,2012,7,Saturday,19,24,1,12,3,160,33.93000833,-117.41533611,12,2,0,0,0,1,0
61813,CALIFORNIA,CA,1,1,0,0,1,1,9,0,BLOUNT,15,10,October,2012,2,Monday,14,0,0,4,4,0,38.19641111,-120.89223889,38,1,0,0,0,1,1
61814,CALIFORNIA,CA,2,2,0,0,3,3,73,3260,ARGO,19,10,October,2012,6,Friday,19,27,0,13,3,231,33.09889444,-117.01609722,18,2,0,0,0,1,0
61815,CALIFORNIA,CA,2,2,1,1,4,4,71,3210,BRIDGEPORT,16,9,September,2012,1,Sunday,0,25,1,12,3,246,34.14498056,-117.27238056,8,2,0,0,0,1,0
61816,CALIFORNIA,CA,2,2,0,0,2,2,37,1980,BRADFORD,7,9,September,2012,6,Friday,13,40,1,11,1,160,34.02788889,-118.21091944,1,1,0,0,0,1,0
61817,CALIFORNIA,CA,1,1,1,1,1,1,37,2054,BRADFORD,13,10,October,2012,7,Saturday,13,50,0,12,3,492,34.03373611,-118.71707778,9,1,0,0,0,1,0
61818,CALIFORNIA,CA,1,1,1,1,4,4,59,2400,FRANKLIN,29,9,September,2012,7,Saturday,19,48,0,12,3,125,33.56741389,-117.83111389,8,2,0,0,0,1,0
61819,CALIFORNIA,CA,2,2,0,0,7,7,37,1840,BRADFORD,19,10,October,2012,6,Friday,20,0,0,14,6,0,34.69690000,-118.09481944,12,3,0,0,0,1,0
61820,CALIFORNIA,CA,1,1,1,1,1,1,73,3260,ARGO,15,10,October,2012,2,Monday,21,28,0,15,6,0,32.96311389,-117.13009722,8,1,0,0,0,2,0
61821,CALIFORNIA,CA,2,2,0,0,5,5,111,0,GRAHAM,7,9,September,2012,6,Friday,19,30,0,2,3,89,34.09891111,-119.07813056,12,2,0,0,0,1,0
61822,CALIFORNIA,CA,1,1,0,0,1,1,29,2080,BORDEN SPRINGS,19,10,October,2012,6,Friday,23,10,0,12,3,121,35.06576111,-119.40175000,30,3,0,0,0,1,1
61823,CALIFORNIA,CA,1,1,0,0,2,2,71,0,BRIDGEPORT,20,10,October,2012,7,Saturday,2,40,1,1,1,431,34.54318056,-117.30271111,43,3,0,0,0,2,1
61824,CALIFORNIA,CA,5,5,1,1,8,8,85,3340,BENTON,5,10,October,2012,6,Friday,20,12,1,12,3,59,37.33158889,-121.89662500,8,3,0,0,0,1,0
61825,CALIFORNIA,CA,2,2,0,0,3,3,37,1980,BRADFORD,14,10,October,2012,1,Sunday,23,45,0,15,6,0,34.24064444,-118.36768333,12,3,0,0,0,1,1
61826,CALIFORNIA,CA,1,1,1,1,1,1,37,1980,BRADFORD,29,9,September,2012,7,Saturday,21,0,0,13,6,0,34.18669167,-118.44650833,8,3,0,0,0,1,0
61827,CALIFORNIA,CA,1,1,0,0,1,1,29,0,BORDEN SPRINGS,20,10,October,2012,7,Saturday,17,0,0,15,4,0,35.78400000,-118.44580000,1,1,0,0,0,1,1
61828,CALIFORNIA,CA,1,1,0,0,1,1,99,0,BEATRICE,7,9,September,2012,6,Friday,23,30,0,4,4,0,37.53015000,-121.17710000,43,3,0,0,0,1,1
61829,CALIFORNIA,CA,2,2,0,0,4,4,107,0,CARROLLTON,15,10,October,2012,2,Monday,10,49,0,4,4,0,36.06570000,-119.19675278,12,1,0,0,0,1,0
61830,CALIFORNIA,CA,1,1,1,1,1,1,97,3490,AXIS,20,10,October,2012,7,Saturday,19,10,0,14,6,0,38.46145000,-122.67628333,8,3,0,0,0,1,0
61831,CALIFORNIA,CA,1,1,1,1,1,1,37,1970,BRADFORD,16,10,October,2012,3,Tuesday,5,35,0,13,3,73,33.78984722,-118.14388333,8,3,0,0,0,1,0
61832,CALIFORNIA,CA,1,1,1,1,1,1,37,720,BRADFORD,15,10,October,2012,2,Monday,15,20,0,13,6,0,34.10697500,-117.73447500,8,1,0,0,0,1,0
61833,CALIFORNIA,CA,1,1,1,1,1,1,37,1980,BRADFORD,22,10,October,2012,2,Monday,5,35,0,16,6,0,34.15449167,-118.59629444,8,2,0,0,0,1,0
61834,CALIFORNIA,CA,1,1,1,1,1,1,59,2800,FRANKLIN,29,9,September,2012,7,Saturday,21,19,0,13,6,0,33.87416944,-117.84324444,8,3,0,0,0,1,0
61835,CALIFORNIA,CA,1,1,0,0,1,1,31,0,COFFEE,24,10,October,2012,4,Wednesday,17,35,0,4,4,0,36.29043056,-119.49210000,30,1,0,0,0,1,1